1771361631006 1.6884405612945557 0
1771361631041 1.3779102563858032 1
1771361631070 1.235305666923523 2
1771361631098 1.3271856307983398 3
1771361631126 1.6481376886367798 4
1771361631155 1.9012874364852905 5
1771361631183 1.1049028635025024 6
1771361631211 0.9695757031440735 7
1771361631240 0.8109543919563293 8
1771361631268 0.8196784257888794 9
1771361631298 0.7116367220878601 10
1771361631328 0.7979029417037964 11
1771361631356 0.7678169012069702 12
1771361631385 0.6958680152893066 13
1771361631413 1.061584711074829 14
1771361631441 1.6381986141204834 15
1771361631469 0.8311285376548767 16
1771361631497 0.7206465601921082 17
1771361631525 1.1524763107299805 18
1771361631554 1.0821932554244995 19
1771361631582 1.060901165008545 20
1771361631610 0.9988428950309753 21
1771361631639 1.3070197105407715 22
1771361631667 1.2606377601623535 23
1771361631695 0.6765766143798828 24
1771361631723 0.720238208770752 25
1771361631751 0.7514479160308838 26
1771361631779 0.9811893701553345 27
1771361631808 0.790020227432251 28
1771361631836 0.600088357925415 29
1771361631864 0.837948203086853 30
1771361631892 0.8136089444160461 31
1771361631921 0.6864690184593201 32
1771361631949 0.763362467288971 33
1771361631977 0.5491311550140381 34
1771361632006 1.0102661848068237 35
1771361632034 0.7677381634712219 36
1771361632061 0.6206318140029907 37
1771361632091 0.5925893783569336 38
1771361632119 0.6624727845191956 39
1771361632148 1.487396240234375 40
1771361632178 1.071431040763855 41
1771361632207 1.3476794958114624 42
1771361632237 1.3764742612838745 43
1771361632265 0.7975387573242188 44
1771361632296 0.6367404460906982 45
1771361632324 0.8945879936218262 46
1771361632352 1.0114284753799438 47
1771361632382 1.2514063119888306 48
1771361632411 0.7383869886398315 49
1771361632440 0.758348822593689 50
1771361632468 0.6528160572052002 51
1771361632496 1.2885359525680542 52
1771361632530 1.2423744201660156 53
1771361632560 0.749017059803009 54
1771361632591 0.7134655714035034 55
1771361632622 0.7635827660560608 56
1771361632653 1.0609042644500732 57
1771361632684 0.7098449468612671 58
1771361632714 1.0234531164169312 59
1771361632744 1.1276605129241943 60
1771361632773 0.7647044658660889 61
1771361632802 1.3903559446334839 62
1771361632832 0.6225774884223938 63
1771361632862 0.7959448099136353 64
1771361632891 0.5860086679458618 65
1771361632921 1.153580904006958 66
1771361632950 1.6352211236953735 67
1771361632981 2.0130863189697266 68
1771361633010 1.3636367321014404 69
1771361633040 0.7449448108673096 70
1771361633070 0.930245578289032 71
1771361633100 0.9006360769271851 72
1771361633129 0.8043156862258911 73
1771361633159 0.9676982164382935 74
1771361633189 0.702515721321106 75
1771361633218 0.9641939997673035 76
1771361633247 0.5949403643608093 77
1771361633277 0.5996017456054688 78
1771361633309 0.8842493295669556 79
1771361633339 0.9785205125808716 80
1771361633369 0.6188997626304626 81
1771361633400 0.7470327615737915 82
1771361633430 0.6516932249069214 83
1771361633458 1.0277565717697144 84
1771361633488 0.6253747344017029 85
1771361633517 0.7442744970321655 86
1771361633546 0.7006360292434692 87
1771361633575 0.7886512279510498 88
1771361633604 0.747348964214325 89
1771361633633 0.6937686800956726 90
1771361633662 0.7669084072113037 91
1771361633691 0.9634071588516235 92
1771361633719 1.435484766960144 93
1771361633748 1.273850679397583 94
1771361633777 0.897703230381012 95
1771361633807 0.7778228521347046 96
1771361633835 0.6735601425170898 97
1771361633863 0.6827878952026367 98
1771361633893 0.9462063908576965 99
1771361633922 0.9799371957778931 100
1771361633951 0.7453916072845459 101
1771361633981 0.8067326545715332 102
1771361634011 0.8445950150489807 103
1771361634039 0.7566903233528137 104
1771361634068 0.6280761361122131 105
1771361634097 0.8126789927482605 106
1771361634126 0.8199989795684814 107
1771361634155 1.321973443031311 108
1771361634184 0.6639165282249451 109
1771361634212 1.6505545377731323 110
1771361634241 0.8325758576393127 111
1771361634270 0.8964456915855408 112
1771361634299 0.6836053729057312 113
1771361634328 0.9288527965545654 114
1771361634357 0.5937869548797607 115
1771361634386 0.7606270909309387 116
1771361634418 0.898537814617157 117
1771361634447 0.6149404048919678 118
1771361634475 0.535001277923584 119
1771361634503 1.0052698850631714 120
1771361634531 0.988487720489502 121
1771361634560 0.7576304078102112 122
1771361634589 0.9359227418899536 123
1771361634619 0.7570323944091797 124
1771361634648 0.7249614000320435 125
1771361634676 0.5777535438537598 126
1771361634705 0.750500500202179 127
1771361634734 0.6887630820274353 128
1771361634763 0.7188447117805481 129
1771361634792 1.5898849964141846 130
1771361634821 0.9678965210914612 131
1771361634849 1.2750753164291382 132
1771361634879 1.656565546989441 133
1771361634907 0.8470778465270996 134
1771361634936 0.7790589332580566 135
1771361634964 0.5692424774169922 136
1771361634992 0.7054997682571411 137
1771361635021 0.6583603620529175 138
1771361635049 0.8668169975280762 139
1771361635077 1.750975251197815 140
1771361635104 1.4826583862304688 141
1771361635132 1.334468960762024 142
1771361635160 1.573284387588501 143
1771361635188 0.7323663234710693 144
1771361635215 0.7711557745933533 145
1771361635243 0.8821583390235901 146
1771361635271 1.0204262733459473 147
1771361635300 0.9555238485336304 148
1771361635327 0.5963143110275269 149
1771361635356 0.5228980183601379 150
1771361635384 0.9516518115997314 151
1771361635411 0.8542119264602661 152
1771361635441 0.7465896606445312 153
1771361635471 0.8432613611221313 154
1771361635499 0.8482905030250549 155
1771361635529 0.7464790940284729 156
1771361635557 0.6264201998710632 157
1771361635585 0.8457625508308411 158
1771361635613 1.438537836074829 159
1771361635640 0.9810938239097595 160
1771361635668 0.4975461959838867 161
1771361635696 0.7028157711029053 162
1771361635723 0.661316990852356 163
1771361635751 0.933473527431488 164
1771361635778 0.962425172328949 165
1771361635806 1.6631814241409302 166
1771361635834 0.7769774794578552 167
1771361635861 0.7046213150024414 168
1771361635889 0.9501054286956787 169
1771361635918 0.7069085836410522 170
1771361635946 1.0675532817840576 171
1771361635975 0.621695876121521 172
1771361636003 1.0658012628555298 173
1771361636032 1.0275895595550537 174
1771361636060 0.7730250358581543 175
1771361636088 0.8751963376998901 176
1771361636118 0.8351544141769409 177
1771361636146 0.7004863023757935 178
1771361636173 0.6150394678115845 179
1771361636202 0.7788199782371521 180
1771361636229 0.7713074684143066 181
1771361636258 0.7596486210823059 182
1771361636286 0.7222305536270142 183
1771361636314 0.8599854111671448 184
1771361636343 0.7161055207252502 185
1771361636371 1.3630880117416382 186
1771361636399 0.716343104839325 187
1771361636427 0.6236492395401001 188
1771361636455 0.9398384690284729 189
1771361636486 0.6679158806800842 190
1771361636517 0.5825940370559692 191
1771361636545 0.6425337791442871 192
1771361636573 0.664637565612793 193
1771361636601 1.0531240701675415 194
1771361636629 0.7477639317512512 195
1771361636657 0.9157964587211609 196
1771361636684 0.5261035561561584 197
1771361636712 0.7786951661109924 198
1771361636739 0.6642363667488098 199
1771361636767 0.8293481469154358 200
1771361636795 0.827820360660553 201
1771361636823 0.7869057655334473 202
1771361636851 0.749354898929596 203
1771361636879 0.5721206665039062 204
1771361636907 0.7667528390884399 205
1771361636934 0.930149257183075 206
1771361636962 0.621871829032898 207
1771361636989 0.845597505569458 208
1771361637018 0.7221797108650208 209
1771361637046 0.6278926730155945 210
1771361637074 0.8439590334892273 211
1771361637102 0.905189573764801 212
1771361637129 0.4945336878299713 213
1771361637157 0.6977314949035645 214
1771361637185 0.6017265319824219 215
1771361637213 0.8176316618919373 216
1771361637241 0.7206590175628662 217
1771361637268 0.7583874464035034 218
1771361637296 0.6137437224388123 219
1771361637324 1.1998889446258545 220
1771361637352 0.8497319221496582 221
1771361637380 0.7874631285667419 222
1771361637408 0.9105656147003174 223
1771361637435 0.7069548964500427 224
1771361637463 1.3454283475875854 225
1771361637491 1.1796478033065796 226
1771361637519 0.659358024597168 227
1771361637547 0.8696727156639099 228
1771361637576 1.1589888334274292 229
1771361637603 0.7670901417732239 230
1771361637631 0.9834491014480591 231
1771361637659 0.7226673364639282 232
1771361637687 0.6637347936630249 233
1771361637715 0.9289403557777405 234
1771361637742 0.7144834995269775 235
1771361637770 0.8802195191383362 236
1771361637798 0.7747886776924133 237
1771361637826 1.0202414989471436 238
1771361637853 1.4139831066131592 239
1771361637881 1.1940197944641113 240
1771361637908 0.8375763297080994 241
1771361637935 0.746768057346344 242
1771361637963 0.6644669771194458 243
1771361637991 0.7946457266807556 244
1771361638019 1.0259079933166504 245
1771361638047 0.4282022714614868 246
1771361638074 0.7372903227806091 247
1771361638101 0.5964590311050415 248
1771361638129 0.8729121088981628 249
1771361638156 0.6342867016792297 250
1771361638183 0.9328992366790771 251
1771361638211 0.5255133509635925 252
1771361638238 0.9560089111328125 253
1771361638265 0.6773248910903931 254
1771361638293 0.5932360291481018 255
1771361638320 0.6409901976585388 256
1771361638347 0.5908178091049194 257
1771361638374 0.5809098482131958 258
1771361638402 0.8910118341445923 259
1771361638430 0.6738937497138977 260
1771361638458 0.6168698072433472 261
1771361638485 0.7612301707267761 262
1771361638513 0.5881251692771912 263
1771361638541 0.9662330150604248 264
1771361638568 1.6404259204864502 265
1771361638596 2.0857279300689697 266
1771361638623 1.119544506072998 267
1771361638650 1.0796568393707275 268
1771361638680 0.7684164643287659 269
1771361638708 0.7365732192993164 270
1771361638735 0.8564680218696594 271
1771361638762 0.8169710636138916 272
1771361638790 0.6744107604026794 273
1771361638818 0.7593262195587158 274
1771361638846 0.7792485356330872 275
1771361638873 0.670881450176239 276
1771361638901 1.08656907081604 277
1771361638928 0.5054610967636108 278
1771361638956 0.6522501707077026 279
1771361638984 1.0478342771530151 280
1771361639012 0.7452284097671509 281
1771361639040 1.0409867763519287 282
1771361639068 0.5653873085975647 283
1771361639096 0.46505996584892273 284
1771361639124 0.7376059293746948 285
1771361639151 0.7161325216293335 286
1771361639180 0.5579036474227905 287
1771361639207 0.523173987865448 288
1771361639235 0.7151842713356018 289
1771361639262 0.7160117030143738 290
1771361639290 0.9454023241996765 291
1771361639318 1.0359958410263062 292
1771361639346 0.7786670327186584 293
1771361639375 0.6228737235069275 294
1771361639403 0.48444703221321106 295
1771361639431 0.7711614966392517 296
1771361639458 0.5632691979408264 297
1771361639486 1.3964378833770752 298
1771361639514 1.6284419298171997 299
1771361639541 0.47788527607917786 300
1771361639569 0.5981503129005432 301
1771361639597 0.5578926801681519 302
1771361639624 0.4448455274105072 303
1771361639652 1.045287847518921 304
1771361639680 0.9991840720176697 305
1771361639708 0.5979796648025513 306
1771361639736 0.9867662191390991 307
1771361639763 0.7360578775405884 308
1771361639791 0.7205912470817566 309
1771361639818 0.5072302222251892 310
1771361639846 0.39321404695510864 311
1771361639874 0.5444848537445068 312
1771361639902 0.7856396436691284 313
1771361639929 0.825751006603241 314
1771361639957 0.8340821862220764 315
1771361639984 0.7320399284362793 316
1771361640012 0.8248091340065002 317
1771361640040 0.6720287799835205 318
1771361640067 0.721293032169342 319
1771361640094 0.8677067160606384 320
1771361640122 1.2462491989135742 321
1771361640150 1.2968714237213135 322
1771361640178 0.8820191025733948 323
1771361640205 0.7843399047851562 324
1771361640232 0.9128067493438721 325
1771361640260 0.6948674917221069 326
1771361640288 1.082849144935608 327
1771361640315 0.9348211884498596 328
1771361640343 0.8829888701438904 329
1771361640371 0.8745322227478027 330
1771361640399 0.8841425776481628 331
1771361640426 0.7385623455047607 332
1771361640454 0.5270052552223206 333
1771361640481 0.44319024682044983 334
1771361640509 0.6584423184394836 335
1771361640537 0.9392750859260559 336
1771361640565 0.6626742482185364 337
1771361640593 1.30540132522583 338
1771361640621 0.6837549805641174 339
1771361640648 0.9189111590385437 340
1771361640677 0.9046247005462646 341
1771361640704 0.9388318061828613 342
1771361640732 0.726093590259552 343
1771361640759 1.062139868736267 344
1771361640787 0.6818351149559021 345
1771361640814 0.6996374130249023 346
1771361640841 1.0201208591461182 347
1771361640869 1.0525151491165161 348
1771361640898 0.5831286311149597 349
1771361640925 0.8436205387115479 350
1771361640953 0.4659791588783264 351
1771361640981 0.7863146662712097 352
1771361641010 1.3703792095184326 353
1771361641037 1.1976999044418335 354
1771361641066 1.6156837940216064 355
1771361641094 1.032572627067566 356
1771361641122 0.854406476020813 357
1771361641151 0.9372084736824036 358
1771361641180 1.5104312896728516 359
1771361641207 0.8825797438621521 360
1771361641234 0.8243920207023621 361
1771361641261 0.9013817310333252 362
1771361641289 0.8390570282936096 363
1771361641317 0.7247681617736816 364
1771361641344 0.5260394811630249 365
1771361641372 0.9959380030632019 366
1771361641399 1.688583254814148 367
1771361641427 1.343420386314392 368
1771361641454 0.7470782399177551 369
1771361641482 0.5428180694580078 370
1771361641510 0.8539164066314697 371
1771361641538 0.8941100835800171 372
1771361641566 0.9686417579650879 373
1771361641593 0.6250994801521301 374
1771361641621 0.8132156133651733 375
1771361641649 1.1227128505706787 376
1771361641679 0.5512293577194214 377
1771361641706 0.38214319944381714 378
1771361641734 0.5519644021987915 379
1771361641763 0.7172461152076721 380
1771361641791 0.9129225611686707 381
1771361641821 0.9157463312149048 382
1771361641849 0.7948397994041443 383
1771361641878 0.805722713470459 384
1771361641905 0.8110300302505493 385
1771361641933 0.7974488139152527 386
1771361641961 0.9893247485160828 387
1771361641988 0.6272225379943848 388
1771361642017 0.6576206684112549 389
1771361642045 0.6803857684135437 390
1771361642073 0.7146002054214478 391
1771361642101 1.0437979698181152 392
1771361642130 0.7595306634902954 393
1771361642158 1.1305952072143555 394
1771361642187 0.7168552875518799 395
1771361642214 0.7236239314079285 396
1771361642242 0.6870692372322083 397
1771361642270 0.8822798728942871 398
1771361642298 1.6055995225906372 399
1771361642326 1.6929042339324951 400
1771361642353 1.0158544778823853 401
1771361642381 0.678691029548645 402
1771361642410 0.8402639627456665 403
1771361642437 0.9519056677818298 404
1771361642464 0.4800182580947876 405
1771361642493 0.5751222968101501 406
1771361642530 0.5704861283302307 407
1771361642561 0.6077057123184204 408
1771361642591 0.9365156888961792 409
1771361642622 0.7385649085044861 410
1771361642651 0.6488242149353027 411
1771361642681 0.9194937348365784 412
1771361642713 0.6883792281150818 413
1771361642742 0.6316789388656616 414
1771361642772 0.7323806881904602 415
1771361642800 0.8540551066398621 416
1771361642828 0.6018523573875427 417
1771361642856 0.4905552268028259 418
1771361642885 0.7531264424324036 419
1771361642913 0.9455374479293823 420
1771361642943 0.9737111926078796 421
1771361642972 0.5802471041679382 422
1771361643001 0.936730146408081 423
1771361643029 0.83379065990448 424
1771361643058 0.7119747400283813 425
1771361643087 0.9195683002471924 426
1771361643116 1.5844388008117676 427
1771361643145 0.8184990882873535 428
1771361643174 0.6199297308921814 429
1771361643203 0.6648082137107849 430
1771361643233 0.8092517256736755 431
1771361643264 1.0033745765686035 432
1771361643295 0.6142506003379822 433
1771361643326 0.7038233280181885 434
1771361643357 0.7961245179176331 435
1771361643384 1.0090501308441162 436
1771361643412 0.7111432552337646 437
1771361643440 0.7323426008224487 438
1771361643468 1.2701423168182373 439
1771361643498 1.0170021057128906 440
1771361643526 0.8139800429344177 441
1771361643555 0.9918014407157898 442
1771361643583 0.8396167159080505 443
1771361643612 0.835412859916687 444
1771361643640 0.7603271007537842 445
1771361643668 0.806780219078064 446
1771361643695 0.8261750936508179 447
1771361643723 0.7787931561470032 448
1771361643751 0.7589265704154968 449
1771361643779 0.5543838739395142 450
1771361643807 0.5585805177688599 451
1771361643835 0.6821509003639221 452
1771361643863 0.9268506169319153 453
1771361643891 0.7238678336143494 454
1771361643919 0.7421169877052307 455
1771361643947 0.4934111535549164 456
1771361643975 0.783443808555603 457
1771361644003 0.7090327739715576 458
1771361644030 1.0469257831573486 459
1771361644059 0.5986146330833435 460
1771361644086 0.6613365411758423 461
1771361644114 0.7979863286018372 462
1771361644142 1.0433447360992432 463
1771361644169 0.5027557015419006 464
1771361644198 0.7004820704460144 465
1771361644226 0.9725700616836548 466
1771361644253 0.6117172837257385 467
1771361644280 0.9690690636634827 468
1771361644319 0.9340389370918274 469
1771361644348 0.6177353858947754 470
1771361644379 0.7533835768699646 471
1771361644406 0.6162554621696472 472
1771361644434 0.7404924631118774 473
1771361644461 0.8810141086578369 474
1771361644489 0.7431981563568115 475
1771361644518 0.5087926387786865 476
1771361644545 0.6317958235740662 477
1771361644573 0.6633597612380981 478
1771361644601 0.956737756729126 479
1771361644628 0.8812764883041382 480
1771361644655 1.5009411573410034 481
1771361644683 1.5821969509124756 482
1771361644710 0.8469027280807495 483
1771361644739 0.5944603681564331 484
1771361644766 0.8455376029014587 485
1771361644794 0.5860527157783508 486
1771361644821 1.1032400131225586 487
1771361644849 0.8912731409072876 488
1771361644877 0.922589123249054 489
1771361644905 0.5521747469902039 490
1771361644932 0.7175546884536743 491
1771361644960 0.612907886505127 492
1771361644990 0.5407113432884216 493
1771361645020 0.7423062920570374 494
1771361645048 0.865267276763916 495
1771361645077 0.7020094394683838 496
1771361645106 0.5309603810310364 497
1771361645134 0.7413403391838074 498
1771361645162 0.7267256379127502 499
1771361645191 1.1036914587020874 500
1771361645220 0.911535382270813 501
1771361645250 0.9458046555519104 502
1771361645279 0.7141702771186829 503
1771361645310 0.6323189735412598 504
1771361645339 1.0498358011245728 505
1771361645368 0.5168539881706238 506
1771361645399 0.7395282983779907 507
1771361645428 0.5693078637123108 508
1771361645456 0.7941411137580872 509
1771361645485 0.49929577112197876 510
1771361645514 0.9978136420249939 511
1771361645542 0.7516727447509766 512
1771361645570 0.8953239321708679 513
1771361645599 0.8424111604690552 514
1771361645627 0.6369639039039612 515
1771361645656 0.7715880870819092 516
1771361645684 0.8743539452552795 517
1771361645713 0.8301748633384705 518
1771361645742 1.157682180404663 519
1771361645771 0.9556371569633484 520
1771361645800 0.5249007940292358 521
1771361645829 0.938287615776062 522
1771361645857 0.6588073372840881 523
1771361645885 0.7518345713615417 524
1771361645914 0.6484516263008118 525
1771361645944 0.848929762840271 526
1771361645973 0.8094834089279175 527
1771361646002 0.6512366533279419 528
1771361646031 0.7180719971656799 529
1771361646059 1.136960506439209 530
1771361646088 0.9644597172737122 531
1771361646116 1.300789713859558 532
1771361646144 0.5656639933586121 533
1771361646172 0.6747600436210632 534
1771361646200 0.49264419078826904 535
1771361646227 0.6261718273162842 536
1771361646256 0.6700231432914734 537
1771361646284 0.7923498153686523 538
1771361646312 0.8117392063140869 539
1771361646340 0.7172262668609619 540
1771361646368 0.8686860203742981 541
1771361646396 0.8660985231399536 542
1771361646427 0.7631474733352661 543
1771361646459 0.7516602873802185 544
1771361646489 0.7374133467674255 545
1771361646518 1.0225085020065308 546
1771361646546 0.6174964904785156 547
1771361646574 0.7726141214370728 548
1771361646602 0.7411081194877625 549
1771361646630 0.7748681306838989 550
1771361646659 0.6897949576377869 551
1771361646686 0.9970971941947937 552
1771361646715 0.5342454314231873 553
1771361646743 1.0313795804977417 554
1771361646771 1.4889440536499023 555
1771361646799 0.7293063998222351 556
1771361646827 0.7575236558914185 557
1771361646855 0.6404099464416504 558
1771361646883 0.8709840178489685 559
1771361646910 0.9025279879570007 560
1771361646938 0.6985071897506714 561
1771361646966 0.6420287489891052 562
1771361646994 0.6725240349769592 563
1771361647022 0.580682635307312 564
1771361647050 1.494024634361267 565
1771361647078 1.4050395488739014 566
1771361647107 0.6991227865219116 567
1771361647135 0.7142372131347656 568
1771361647163 0.9687238335609436 569
1771361647192 0.8651642203330994 570
1771361647220 1.3687152862548828 571
1771361647247 0.9148368835449219 572
1771361647276 0.8978285193443298 573
1771361647304 0.7031830549240112 574
1771361647332 0.5310959219932556 575
1771361647360 0.6403108239173889 576
1771361647388 0.9099452495574951 577
1771361647416 0.6226055026054382 578
1771361647444 0.8775008916854858 579
1771361647472 0.4848947823047638 580
1771361647500 0.7980465888977051 581
1771361647528 0.7764398455619812 582
1771361647555 0.9601449370384216 583
1771361647583 0.8961141705513 584
1771361647611 0.5430086851119995 585
1771361647639 0.8571999073028564 586
1771361647668 1.0643795728683472 587
1771361647696 0.6416807770729065 588
1771361647724 1.0128390789031982 589
1771361647751 1.0766595602035522 590
1771361647779 1.019439697265625 591
1771361647807 0.5487807393074036 592
1771361647834 0.7879644632339478 593
1771361647863 0.5526450872421265 594
1771361647890 0.5784059762954712 595
1771361647919 0.44242024421691895 596
1771361647947 0.5216506123542786 597
1771361647975 0.40237897634506226 598
1771361648003 0.5093595385551453 599
1771361648031 0.843036413192749 600
1771361648059 0.9833554625511169 601
1771361648087 1.1980921030044556 602
1771361648115 0.7116984128952026 603
1771361648144 0.48632195591926575 604
1771361648172 0.6078826189041138 605
1771361648200 0.5706556439399719 606
1771361648227 1.0311076641082764 607
1771361648255 0.6274768710136414 608
1771361648283 1.1180424690246582 609
1771361648312 0.7521893382072449 610
1771361648340 0.7792943716049194 611
1771361648368 0.7892341613769531 612
1771361648397 0.6519715785980225 613
1771361648426 0.5720568299293518 614
1771361648454 0.7157078385353088 615
1771361648483 0.7748377919197083 616
1771361648511 0.8365687727928162 617
1771361648539 1.3445053100585938 618
1771361648568 1.2447251081466675 619
1771361648596 0.5238680839538574 620
1771361648623 0.6398626565933228 621
1771361648651 0.793092668056488 622
1771361648679 0.786473274230957 623
1771361648707 0.6865320801734924 624
1771361648735 0.5876235365867615 625
1771361648763 0.6013702750205994 626
1771361648791 0.5164113640785217 627
1771361648819 0.845013439655304 628
1771361648847 0.7066390514373779 629
1771361648875 0.7181202173233032 630
1771361648902 0.6459720134735107 631
1771361648930 0.6774535179138184 632
1771361648958 0.5019546151161194 633
1771361648986 0.5575023293495178 634
1771361649014 0.8812932968139648 635
1771361649043 1.0947277545928955 636
1771361649071 1.308036208152771 637
1771361649099 1.4984147548675537 638
1771361649128 1.3090938329696655 639
1771361649156 0.6068235039710999 640
1771361649184 0.5080723762512207 641
1771361649212 0.7714176774024963 642
1771361649241 0.7362557649612427 643
1771361649269 0.8036887049674988 644
1771361649297 0.8356677293777466 645
1771361649326 0.6676473617553711 646
1771361649354 0.6212758421897888 647
1771361649382 0.8168579936027527 648
1771361649410 1.1255137920379639 649
1771361649438 1.0985596179962158 650
1771361649466 0.6128148436546326 651
1771361649495 0.9337603449821472 652
1771361649523 1.6578880548477173 653
1771361649550 0.6414123177528381 654
1771361649579 1.3592894077301025 655
1771361649608 1.0596098899841309 656
1771361649636 1.1138206720352173 657
1771361649664 0.6078591346740723 658
1771361649693 0.9712051749229431 659
1771361649721 1.2240715026855469 660
1771361649749 0.5277052521705627 661
1771361649777 0.9116731882095337 662
1771361649805 0.8727716207504272 663
1771361649833 1.1405500173568726 664
1771361649861 1.317838191986084 665
1771361649889 0.8130200505256653 666
1771361649916 0.5154851675033569 667
1771361649944 0.4721207320690155 668
1771361649971 0.678776741027832 669
1771361649999 1.2241466045379639 670
1771361650027 0.8006260395050049 671
1771361650054 0.6391087174415588 672
1771361650082 0.7511208653450012 673
1771361650109 0.6971958875656128 674
1771361650137 1.150212049484253 675
1771361650165 0.675861656665802 676
1771361650193 0.6717405319213867 677
1771361650221 0.4932287931442261 678
1771361650249 0.4405145049095154 679
1771361650277 0.7021384835243225 680
1771361650305 0.8512653708457947 681
1771361650334 0.6688966751098633 682
1771361650362 0.6594202518463135 683
1771361650390 1.0376607179641724 684
1771361650421 0.5293389558792114 685
1771361650448 0.5992342829704285 686
1771361650476 0.6596403121948242 687
1771361650503 0.7362515330314636 688
1771361650531 0.795089602470398 689
1771361650559 0.4491040110588074 690
1771361650586 0.735832691192627 691
1771361650613 0.7129822373390198 692
1771361650641 0.7327659726142883 693
1771361650669 0.7890619039535522 694
1771361650697 0.6476970314979553 695
1771361650724 0.9175280332565308 696
1771361650752 0.5106296539306641 697
1771361650780 0.4286188781261444 698
1771361650807 0.9023191928863525 699
1771361650835 0.9806421399116516 700
1771361650863 1.28389573097229 701
1771361650890 1.10053288936615 702
1771361650917 0.7839319109916687 703
1771361650945 0.7694940567016602 704
1771361650972 0.825506865978241 705
1771361650999 0.7050081491470337 706
1771361651027 1.1271331310272217 707
1771361651054 0.8399384617805481 708
1771361651082 1.334672212600708 709
1771361651109 1.0271217823028564 710
1771361651137 1.1665643453598022 711
1771361651165 0.731373131275177 712
1771361651193 0.7566595673561096 713
1771361651220 0.6992827653884888 714
1771361651248 0.9952678680419922 715
1771361651275 1.144558310508728 716
1771361651303 1.004091739654541 717
1771361651330 0.5323830246925354 718
1771361651359 0.8383088111877441 719
1771361651386 0.5882778763771057 720
1771361651414 1.1318424940109253 721
1771361651442 0.6690329313278198 722
1771361651469 0.9455431699752808 723
1771361651497 0.4076700806617737 724
1771361651526 0.882390558719635 725
1771361651554 0.6799479722976685 726
1771361651582 0.6928720474243164 727
1771361651611 0.7369521260261536 728
1771361651639 0.7734975218772888 729
1771361651668 0.733327329158783 730
1771361651695 0.6226045489311218 731
1771361651723 0.8695297241210938 732
1771361651751 0.42949604988098145 733
1771361651780 0.8693865537643433 734
1771361651808 0.86013263463974 735
1771361651835 0.8136461973190308 736
1771361651864 0.6135665774345398 737
1771361651892 0.8699138760566711 738
1771361651920 0.7514689564704895 739
1771361651947 0.6080001592636108 740
1771361651975 0.6910533905029297 741
1771361652003 0.7420886754989624 742
1771361652031 0.7266381978988647 743
1771361652060 0.5036536455154419 744
1771361652089 0.709130048751831 745
1771361652117 1.032099723815918 746
1771361652146 1.1905276775360107 747
1771361652175 0.5396140813827515 748
1771361652204 0.9330374002456665 749
1771361652231 0.7301571369171143 750
1771361652261 0.36499878764152527 751
1771361652289 0.37747102975845337 752
1771361652319 1.1530039310455322 753
1771361652347 1.0002089738845825 754
1771361652375 0.8964516520500183 755
1771361652404 0.7504392266273499 756
1771361652432 0.5992588996887207 757
1771361652461 0.9800862073898315 758
1771361652490 0.7062100172042847 759
1771361652522 0.7055397033691406 760
1771361652552 0.6309773921966553 761
1771361652581 0.7545953989028931 762
1771361652611 0.5874061584472656 763
1771361652643 0.8336546421051025 764
1771361652673 1.0141305923461914 765
1771361652703 0.6196977496147156 766
1771361652732 0.7730711698532104 767
1771361652762 0.4281432032585144 768
1771361652791 0.6683577299118042 769
1771361652820 0.5262500643730164 770
1771361652850 0.48230108618736267 771
1771361652879 0.7543151378631592 772
1771361652909 0.6586904525756836 773
1771361652938 0.6485925912857056 774
1771361652967 0.7476806640625 775
1771361652997 0.7734463214874268 776
1771361653027 0.8983341455459595 777
1771361653057 0.565240740776062 778
1771361653087 1.0140560865402222 779
1771361653117 0.6009228229522705 780
1771361653146 1.4757506847381592 781
1771361653175 0.7833130955696106 782
1771361653205 0.6807385087013245 783
1771361653234 0.6821700930595398 784
1771361653265 0.9164156317710876 785
1771361653297 0.38116297125816345 786
1771361653328 0.42930006980895996 787
1771361653359 0.6835156083106995 788
1771361653389 0.8252213001251221 789
1771361653418 1.0557094812393188 790
1771361653446 0.9673038125038147 791
1771361653473 0.860711932182312 792
1771361653503 0.7178409695625305 793
1771361653531 0.5108895897865295 794
1771361653559 0.6884011626243591 795
1771361653588 0.5643009543418884 796
1771361653617 0.41092368960380554 797
1771361653645 0.6365407109260559 798
1771361653672 0.5991421341896057 799
1771361653700 0.4578781723976135 800
1771361653729 0.455890417098999 801
1771361653757 0.9077033400535583 802
1771361653786 0.748903214931488 803
1771361653815 0.45117419958114624 804
1771361653844 0.5990540981292725 805
1771361653872 0.7322531342506409 806
1771361653901 0.45682835578918457 807
1771361653930 0.8156222701072693 808
1771361653958 0.686448335647583 809
1771361653986 0.810568630695343 810
1771361654014 0.7809222340583801 811
1771361654042 0.41023626923561096 812
1771361654069 0.8332124352455139 813
1771361654098 1.0933027267456055 814
1771361654126 0.843318521976471 815
1771361654153 0.784227728843689 816
1771361654181 0.8941696882247925 817
1771361654208 0.728808581829071 818
1771361654237 0.7293875813484192 819
1771361654265 0.6032273769378662 820
1771361654294 0.6765778064727783 821
1771361654322 0.9874784350395203 822
1771361654351 0.7684316635131836 823
1771361654383 0.770565390586853 824
1771361654411 1.0272576808929443 825
1771361654440 0.5451765656471252 826
1771361654469 0.412513792514801 827
1771361654498 0.9723126292228699 828
1771361654527 1.0241411924362183 829
1771361654555 1.0468299388885498 830
1771361654585 0.9355954527854919 831
1771361654614 0.8303418755531311 832
1771361654642 0.9035987854003906 833
1771361654671 0.808441698551178 834
1771361654700 0.5633718967437744 835
1771361654729 0.7897944450378418 836
1771361654758 0.5495989322662354 837
1771361654787 0.9314661622047424 838
1771361654816 0.9777968525886536 839
1771361654846 1.0359114408493042 840
1771361654874 1.2280958890914917 841
1771361654902 1.1105740070343018 842
1771361654930 1.211050271987915 843
1771361654959 0.8763058185577393 844
1771361654988 0.8483220934867859 845
1771361655017 0.7009348273277283 846
1771361655045 0.5928986072540283 847
1771361655075 0.8519822359085083 848
1771361655103 0.7811628580093384 849
1771361655132 0.8171184062957764 850
1771361655161 0.8333339095115662 851
1771361655190 0.8524274230003357 852
1771361655220 0.8487368822097778 853
1771361655248 0.5317978262901306 854
1771361655277 0.8022701144218445 855
1771361655306 0.8008604049682617 856
1771361655334 0.753937304019928 857
1771361655363 0.9266677498817444 858
1771361655392 0.6140485405921936 859
1771361655423 1.1253823041915894 860
1771361655452 0.6662766933441162 861
1771361655481 0.4707908630371094 862
1771361655510 0.7962777018547058 863
1771361655539 0.5094354748725891 864
1771361655566 0.8256014585494995 865
1771361655594 0.6816818118095398 866
1771361655622 1.0446001291275024 867
1771361655650 1.2210158109664917 868
1771361655679 0.500019907951355 869
1771361655706 0.8291383981704712 870
1771361655734 0.7801087498664856 871
1771361655761 0.6097234487533569 872
1771361655789 0.6517626643180847 873
1771361655817 0.4309253692626953 874
1771361655844 0.7673652768135071 875
1771361655872 0.8425588011741638 876
1771361655899 0.7068737745285034 877
1771361655926 1.135329008102417 878
1771361655954 0.627253532409668 879
1771361655982 0.6435512900352478 880
1771361656009 0.927798867225647 881
1771361656037 0.6114277243614197 882
1771361656065 0.32979533076286316 883
1771361656093 0.590999186038971 884
1771361656120 0.6340378522872925 885
1771361656148 1.0890355110168457 886
1771361656176 0.44774115085601807 887
1771361656204 0.5902039408683777 888
1771361656231 0.6195698380470276 889
1771361656259 0.669498860836029 890
1771361656287 0.6916061639785767 891
1771361656315 0.8589402437210083 892
1771361656343 0.6096544861793518 893
1771361656371 0.7028558850288391 894
1771361656398 1.0427128076553345 895
1771361656428 0.7018295526504517 896
1771361656459 1.1214770078659058 897
1771361656490 0.6968062520027161 898
1771361656518 0.7065955400466919 899
1771361656546 0.7911790609359741 900
1771361656574 1.13581383228302 901
1771361656602 0.563866913318634 902
1771361656629 0.9819644689559937 903
1771361656658 0.6763360500335693 904
1771361656685 0.5015707612037659 905
1771361656713 0.8190920948982239 906
1771361656741 0.5394559502601624 907
1771361656769 0.6650203466415405 908
1771361656796 0.5486786365509033 909
1771361656824 0.5730034112930298 910
1771361656853 0.9203562140464783 911
1771361656880 0.7886436581611633 912
1771361656908 1.04349684715271 913
1771361656936 0.9806633591651917 914
1771361656963 0.8782287836074829 915
1771361656991 0.8812257647514343 916
1771361657019 0.6365724205970764 917
1771361657046 0.891972005367279 918
1771361657074 0.9255222678184509 919
1771361657102 0.6218087077140808 920
1771361657129 1.10053288936615 921
1771361657157 0.7654085159301758 922
1771361657186 0.6666144132614136 923
1771361657213 0.7096068263053894 924
1771361657241 0.4283098578453064 925
1771361657268 0.7181295156478882 926
1771361657296 0.5738869309425354 927
1771361657323 1.1833630800247192 928
1771361657350 0.6269862055778503 929
1771361657379 1.2855061292648315 930
1771361657408 0.710512101650238 931
1771361657436 0.8943213224411011 932
1771361657464 0.8154965043067932 933
1771361657491 0.8350836038589478 934
1771361657519 0.77491694688797 935
1771361657546 0.7699717283248901 936
1771361657572 1.7112241983413696 937
1771361657608 0.9399520754814148 938
1771361657635 0.5035399794578552 939
1771361657663 0.8976219296455383 940
1771361657691 1.2743216753005981 941
1771361657719 0.9210124611854553 942
1771361657746 0.7831653356552124 943
1771361657774 0.795363187789917 944
1771361657801 0.6376169323921204 945
1771361657829 0.6831055283546448 946
1771361657857 0.9014225602149963 947
1771361657885 2.0195868015289307 948
1771361657912 1.1872713565826416 949
1771361657941 0.4991181492805481 950
1771361657968 0.557769238948822 951
1771361657996 0.6806017756462097 952
1771361658024 0.5602853298187256 953
1771361658051 0.584502100944519 954
1771361658079 0.386084645986557 955
1771361658107 0.525294303894043 956
1771361658135 0.631060779094696 957
1771361658163 0.7885259389877319 958
1771361658191 0.600999116897583 959
1771361658218 0.8658480048179626 960
1771361658246 0.9241843819618225 961
1771361658274 0.9771590232849121 962
1771361658302 0.8483565449714661 963
1771361658329 0.8186721801757812 964
1771361658357 1.2417258024215698 965
1771361658385 1.0150409936904907 966
1771361658413 0.7344009280204773 967
1771361658440 0.6501543521881104 968
1771361658468 0.9543107151985168 969
1771361658495 0.8880248069763184 970
1771361658523 0.5448805093765259 971
1771361658552 0.6186679601669312 972
1771361658580 0.6443246006965637 973
1771361658607 0.3291756808757782 974
1771361658635 0.48335394263267517 975
1771361658664 0.7883526086807251 976
1771361658692 0.6782916784286499 977
1771361658720 0.4986525774002075 978
1771361658748 1.1565965414047241 979
1771361658777 0.7894430756568909 980
1771361658805 0.6215693354606628 981
1771361658833 0.6182146072387695 982
1771361658861 0.7445002794265747 983
1771361658889 0.7802655100822449 984
1771361658917 0.9160618782043457 985
1771361658945 0.3495177626609802 986
1771361658973 0.7272236347198486 987
1771361659002 0.9027255177497864 988
1771361659029 0.6338426470756531 989
1771361659057 0.7671743035316467 990
1771361659085 0.7097026705741882 991
1771361659113 0.4858153462409973 992
1771361659141 0.7036425471305847 993
1771361659169 1.2264361381530762 994
1771361659198 1.481066107749939 995
1771361659226 1.0086276531219482 996
1771361659253 0.8420741558074951 997
1771361659281 0.9703558683395386 998
1771361659309 1.0955244302749634 999
1771361659338 1.1351951360702515 1000
1771361659366 0.7489221692085266 1001
1771361659395 0.8064148426055908 1002
1771361659424 1.005258321762085 1003
1771361659453 0.8105801343917847 1004
1771361659482 0.46973204612731934 1005
1771361659509 0.8153794407844543 1006
1771361659538 0.555663526058197 1007
1771361659566 0.4087909758090973 1008
1771361659595 0.9987623691558838 1009
1771361659623 0.5043017268180847 1010
1771361659651 0.7654852271080017 1011
1771361659680 0.6448872685432434 1012
1771361659708 0.5842618346214294 1013
1771361659736 0.3259909451007843 1014
1771361659764 1.1170493364334106 1015
1771361659793 1.0117703676223755 1016
1771361659821 0.8976435661315918 1017
1771361659850 0.6348157525062561 1018
1771361659878 0.8058207631111145 1019
1771361659907 0.5827426314353943 1020
1771361659935 0.6977550387382507 1021
1771361659963 0.659932553768158 1022
1771361659991 1.056914210319519 1023
1771361660019 1.1027510166168213 1024
1771361660047 0.6669842600822449 1025
1771361660076 0.5860781073570251 1026
1771361660104 0.899118185043335 1027
1771361660131 0.7272173166275024 1028
1771361660160 0.7675026655197144 1029
1771361660188 0.648779571056366 1030
1771361660216 0.7149880528450012 1031
1771361660244 0.6590333580970764 1032
1771361660272 0.7672547698020935 1033
1771361660300 1.126336932182312 1034
1771361660328 0.7454091310501099 1035
1771361660355 0.6180537939071655 1036
1771361660384 1.3174256086349487 1037
1771361660413 1.4603447914123535 1038
1771361660441 1.5513005256652832 1039
1771361660469 0.5327357053756714 1040
1771361660497 0.8892579078674316 1041
1771361660525 0.732136070728302 1042
1771361660553 0.5929491519927979 1043
1771361660581 0.47541406750679016 1044
1771361660610 1.2992479801177979 1045
1771361660638 0.7438929080963135 1046
1771361660666 0.4845963716506958 1047
1771361660694 0.7174099087715149 1048
1771361660722 0.7687027454376221 1049
1771361660750 0.6441625952720642 1050
1771361660779 0.35684242844581604 1051
1771361660807 0.7801870107650757 1052
1771361660837 0.8556639552116394 1053
1771361660865 0.8454036116600037 1054
1771361660894 0.6074376106262207 1055
1771361660922 1.0394353866577148 1056
1771361660950 0.7197990417480469 1057
1771361660980 0.6093999743461609 1058
1771361661008 1.0027300119400024 1059
1771361661037 1.1557351350784302 1060
1771361661066 0.8308858275413513 1061
1771361661095 1.5174331665039062 1062
1771361661124 0.4995172321796417 1063
1771361661152 1.2795460224151611 1064
1771361661181 1.0536571741104126 1065
1771361661210 0.5677387714385986 1066
1771361661238 0.8058252334594727 1067
1771361661267 0.36463648080825806 1068
1771361661296 0.9455461502075195 1069
1771361661325 0.827563464641571 1070
1771361661354 0.7043641805648804 1071
1771361661383 0.689022958278656 1072
1771361661412 0.540081799030304 1073
1771361661440 0.7147142291069031 1074
1771361661469 0.39557620882987976 1075
1771361661497 0.5335113406181335 1076
1771361661525 0.5417282581329346 1077
1771361661555 0.7331035733222961 1078
1771361661583 0.9262305498123169 1079
1771361661611 0.5777904391288757 1080
1771361661639 0.6809860467910767 1081
1771361661668 0.7888350486755371 1082
1771361661696 0.9250015616416931 1083
1771361661723 1.2140549421310425 1084
1771361661751 0.9977417588233948 1085
1771361661778 0.6003962159156799 1086
1771361661806 0.5994763970375061 1087
1771361661834 1.07964026927948 1088
1771361661863 0.6735886931419373 1089
1771361661892 1.3806679248809814 1090
1771361661921 1.0637074708938599 1091
1771361661949 0.6710432767868042 1092
1771361661976 0.4632565975189209 1093
1771361662005 0.8469428420066833 1094
1771361662033 0.5502460598945618 1095
1771361662060 0.6296300292015076 1096
1771361662090 0.6677292585372925 1097
1771361662119 0.6866945624351501 1098
1771361662147 0.7690176367759705 1099
1771361662176 0.6613600254058838 1100
1771361662204 0.8772233724594116 1101
1771361662233 0.9208936095237732 1102
1771361662262 0.6046065092086792 1103
1771361662291 0.8353660106658936 1104
1771361662320 1.5446406602859497 1105
1771361662348 0.9441912770271301 1106
1771361662375 1.0761823654174805 1107
1771361662403 0.8036996722221375 1108
1771361662431 0.8736852407455444 1109
1771361662461 0.6290138363838196 1110
1771361662489 0.8307181596755981 1111
1771361662522 1.0701618194580078 1112
1771361662553 1.2827342748641968 1113
1771361662583 0.5048781037330627 1114
1771361662614 0.8745454549789429 1115
1771361662645 0.620697021484375 1116
1771361662676 0.7732928991317749 1117
1771361662707 0.4757254123687744 1118
1771361662736 0.6282974481582642 1119
1771361662765 0.8384674191474915 1120
1771361662795 0.6467905640602112 1121
1771361662824 0.6503502130508423 1122
1771361662852 0.6882725358009338 1123
1771361662880 0.6559431552886963 1124
1771361662908 0.9691759347915649 1125
1771361662936 0.7711961269378662 1126
1771361662965 0.6872949004173279 1127
1771361662993 0.6409622430801392 1128
1771361663023 1.2218097448349 1129
1771361663051 0.4274064898490906 1130
1771361663079 0.8125452995300293 1131
1771361663109 0.6733064651489258 1132
1771361663137 0.6104772686958313 1133
1771361663165 1.1217015981674194 1134
1771361663193 1.0384842157363892 1135
1771361663221 0.5865643620491028 1136
1771361663250 0.7110145688056946 1137
1771361663280 1.2119114398956299 1138
1771361663310 0.8907919526100159 1139
1771361663339 0.6635971665382385 1140
1771361663369 0.9229879975318909 1141
1771361663398 1.1906696557998657 1142
1771361663427 0.5452050566673279 1143
1771361663455 0.637048065662384 1144
1771361663482 0.8503807187080383 1145
1771361663511 0.43931519985198975 1146
1771361663538 1.409681797027588 1147
1771361663566 0.6649587154388428 1148
1771361663594 0.4593285620212555 1149
1771361663622 0.9048140645027161 1150
1771361663650 0.7975817322731018 1151
1771361663678 0.8567860126495361 1152
1771361663706 0.31104761362075806 1153
1771361663733 0.6558582186698914 1154
1771361663760 0.5763698816299438 1155
1771361663788 0.5631809234619141 1156
1771361663816 0.5926668643951416 1157
1771361663843 0.5432863831520081 1158
1771361663870 1.041062355041504 1159
1771361663899 0.8628032803535461 1160
1771361663926 0.5594006776809692 1161
1771361663954 0.9042555093765259 1162
1771361663982 1.1819032430648804 1163
1771361664010 0.9168088436126709 1164
1771361664037 0.9350636005401611 1165
1771361664065 0.5711408257484436 1166
1771361664092 0.4786752164363861 1167
1771361664121 0.7175493836402893 1168
1771361664148 0.9430578351020813 1169
1771361664176 0.6760421991348267 1170
1771361664204 0.8620861768722534 1171
1771361664231 0.7995508313179016 1172
1771361664259 0.6112056374549866 1173
1771361664288 0.5557782649993896 1174
1771361664315 0.837528645992279 1175
1771361664343 0.711673378944397 1176
1771361664371 0.29329031705856323 1177
1771361664398 0.6559657454490662 1178
1771361664428 0.6197589039802551 1179
1771361664457 0.5149368643760681 1180
1771361664485 0.43187636137008667 1181
1771361664514 0.6216459274291992 1182
1771361664542 0.8714901208877563 1183
1771361664571 1.2045694589614868 1184
1771361664600 0.6360380053520203 1185
1771361664628 0.4573482871055603 1186
1771361664660 0.6571234464645386 1187
1771361664689 0.44214165210723877 1188
1771361664718 0.6869216561317444 1189
1771361664746 0.7539238929748535 1190
1771361664774 0.7002863883972168 1191
1771361664803 0.7751572728157043 1192
1771361664832 0.6274116039276123 1193
1771361664860 1.1713732481002808 1194
1771361664888 1.0260429382324219 1195
1771361664917 1.6648313999176025 1196
1771361664946 1.1629714965820312 1197
1771361664974 0.8588594794273376 1198
1771361665003 0.5665877461433411 1199
1771361665031 1.3879661560058594 1200
1771361665060 0.6615890860557556 1201
1771361665089 0.7931583523750305 1202
1771361665118 0.8582249879837036 1203
1771361665147 0.574200451374054 1204
1771361665175 0.6402571201324463 1205
1771361665205 1.1528784036636353 1206
1771361665233 1.5154316425323486 1207
1771361665262 0.4676358997821808 1208
1771361665291 0.4064955413341522 1209
1771361665320 0.4446347653865814 1210
1771361665349 0.48671969771385193 1211
1771361665379 0.6880817413330078 1212
1771361665409 0.8754017949104309 1213
1771361665438 0.5856197476387024 1214
1771361665469 0.8163971304893494 1215
1771361665499 0.9083209037780762 1216
1771361665527 1.1720798015594482 1217
1771361665555 0.7782911062240601 1218
1771361665582 0.7655097842216492 1219
1771361665611 0.4281564950942993 1220
1771361665639 0.8318148851394653 1221
1771361665667 0.8329836130142212 1222
1771361665695 0.6554077863693237 1223
1771361665724 0.8636158108711243 1224
1771361665753 0.6701329946517944 1225
1771361665781 0.7380263209342957 1226
1771361665808 0.8680396676063538 1227
1771361665837 1.0306583642959595 1228
1771361665864 1.11222243309021 1229
1771361665893 0.9391270875930786 1230
1771361665921 0.8428001403808594 1231
1771361665948 0.6752813458442688 1232
1771361665976 0.597651481628418 1233
1771361666003 1.111340880393982 1234
1771361666031 1.551330804824829 1235
1771361666059 0.48475661873817444 1236
1771361666086 0.9367585182189941 1237
1771361666114 0.8274588584899902 1238
1771361666141 0.8616586923599243 1239
1771361666169 0.5779489278793335 1240
1771361666196 0.8341968655586243 1241
1771361666224 0.9898356795310974 1242
1771361666251 0.718657910823822 1243
1771361666279 0.904266357421875 1244
1771361666306 1.0206975936889648 1245
1771361666335 0.27064305543899536 1246
1771361666362 0.7398908734321594 1247
1771361666390 0.6192843317985535 1248
1771361666417 0.7333903312683105 1249
1771361666446 0.8527535796165466 1250
1771361666474 0.909859299659729 1251
1771361666507 0.8778683543205261 1252
1771361666537 0.5722463726997375 1253
1771361666567 0.5576571822166443 1254
1771361666595 0.821540892124176 1255
1771361666622 0.9918210506439209 1256
1771361666650 0.5386410355567932 1257
1771361666677 0.6760433316230774 1258
1771361666705 0.7915400266647339 1259
1771361666732 0.9369426965713501 1260
1771361666759 1.294165015220642 1261
1771361666787 0.6967920064926147 1262
1771361666815 0.5371450781822205 1263
1771361666843 0.912567138671875 1264
1771361666870 1.797940969467163 1265
1771361666898 1.000454306602478 1266
1771361666926 0.8159673810005188 1267
1771361666954 0.6609447002410889 1268
1771361666981 0.4905109107494354 1269
1771361667009 0.7488996982574463 1270
1771361667037 0.32863086462020874 1271
1771361667064 0.5259257555007935 1272
1771361667092 1.1505130529403687 1273
1771361667119 0.7997545003890991 1274
1771361667147 0.8069600462913513 1275
1771361667175 0.40171247720718384 1276
1771361667203 0.4218780994415283 1277
1771361667231 1.013512372970581 1278
1771361667259 0.9942039847373962 1279
1771361667288 0.9695008993148804 1280
1771361667315 0.7697567939758301 1281
1771361667343 0.39201176166534424 1282
1771361667371 0.9881405830383301 1283
1771361667399 0.45854708552360535 1284
1771361667426 1.0539026260375977 1285
1771361667454 1.004003643989563 1286
1771361667482 0.8752314448356628 1287
1771361667510 0.9650971293449402 1288
1771361667539 0.9552301168441772 1289
1771361667567 0.8966042399406433 1290
1771361667595 0.668298065662384 1291
1771361667624 0.42649319767951965 1292
1771361667652 0.7569794058799744 1293
1771361667680 1.199035406112671 1294
1771361667707 1.1027851104736328 1295
1771361667735 0.7199287414550781 1296
1771361667763 0.8745850324630737 1297
1771361667791 0.37305590510368347 1298
1771361667818 0.47540587186813354 1299
1771361667846 0.707521915435791 1300
1771361667873 0.7222740054130554 1301
1771361667901 0.8917312622070312 1302
1771361667928 1.1236652135849 1303
1771361667955 0.9641317129135132 1304
1771361667983 0.7435518503189087 1305
1771361668011 0.6935306191444397 1306
1771361668038 1.3603535890579224 1307
1771361668066 0.5737828016281128 1308
1771361668094 0.7881788611412048 1309
1771361668121 0.5047892332077026 1310
1771361668148 0.4823988378047943 1311
1771361668177 0.5495032668113708 1312
1771361668204 0.9474226236343384 1313
1771361668232 0.4234071969985962 1314
1771361668259 0.6507148146629333 1315
1771361668286 0.6359724402427673 1316
1771361668314 0.925851047039032 1317
1771361668341 0.5580284595489502 1318
1771361668369 1.134657382965088 1319
1771361668396 1.2377804517745972 1320
1771361668424 0.9119104743003845 1321
1771361668451 0.7324321866035461 1322
1771361668479 0.8138476014137268 1323
1771361668507 0.8579872250556946 1324
1771361668535 1.277160406112671 1325
1771361668563 1.0379515886306763 1326
1771361668590 0.6668925881385803 1327
1771361668618 0.49295100569725037 1328
1771361668645 0.9598299264907837 1329
1771361668674 0.43699365854263306 1330
1771361668703 0.5410420298576355 1331
1771361668732 0.7108481526374817 1332
1771361668760 0.49231499433517456 1333
1771361668789 1.2318438291549683 1334
1771361668818 0.8024265170097351 1335
1771361668846 0.5471503734588623 1336
1771361668875 1.1325469017028809 1337
1771361668904 0.42404499650001526 1338
1771361668932 0.7074206471443176 1339
1771361668959 0.9173697829246521 1340
1771361668989 0.7744573354721069 1341
1771361669018 0.4332335591316223 1342
1771361669046 0.5073229670524597 1343
1771361669074 0.6311066746711731 1344
1771361669102 0.670016884803772 1345
1771361669130 1.052772879600525 1346
1771361669159 0.5906860828399658 1347
1771361669188 0.47789254784584045 1348
1771361669216 0.26341530680656433 1349
1771361669245 0.8385199308395386 1350
1771361669273 0.5427308678627014 1351
1771361669303 0.6978067755699158 1352
1771361669330 0.6969835162162781 1353
1771361669358 1.4024301767349243 1354
1771361669386 0.525438666343689 1355
1771361669414 0.9369065165519714 1356
1771361669443 0.7492334246635437 1357
1771361669471 0.2996465265750885 1358
1771361669499 0.8779844641685486 1359
1771361669527 0.7728931307792664 1360
1771361669556 0.8904390335083008 1361
1771361669584 0.8518198132514954 1362
1771361669611 0.5126858353614807 1363
1771361669639 0.811592161655426 1364
1771361669667 0.4904964566230774 1365
1771361669695 0.7510631680488586 1366
1771361669723 0.5670294165611267 1367
1771361669752 0.6151022911071777 1368
1771361669780 0.7752323150634766 1369
1771361669808 0.6914869546890259 1370
1771361669835 0.5748713612556458 1371
1771361669863 1.110325813293457 1372
1771361669891 0.9548875689506531 1373
1771361669919 0.5624186396598816 1374
1771361669946 0.47149935364723206 1375
1771361669974 0.9708400368690491 1376
1771361670002 0.83477383852005 1377
1771361670029 0.6088630557060242 1378
1771361670057 1.2129781246185303 1379
1771361670085 0.7622471451759338 1380
1771361670112 0.7248224020004272 1381
1771361670140 0.6336426138877869 1382
1771361670168 0.5174747109413147 1383
1771361670196 0.48844900727272034 1384
1771361670224 0.7180609703063965 1385
1771361670251 0.8386635780334473 1386
1771361670279 0.5411633253097534 1387
1771361670306 0.6195034384727478 1388
1771361670334 0.9548597931861877 1389
1771361670362 1.4054964780807495 1390
1771361670389 0.5640177726745605 1391
1771361670417 0.4777854382991791 1392
1771361670445 0.7486018538475037 1393
1771361670472 0.6993029713630676 1394
1771361670500 0.8520809412002563 1395
1771361670528 1.033800721168518 1396
1771361670555 0.7584429383277893 1397
1771361670583 0.5507104992866516 1398
1771361670611 0.7048971056938171 1399
1771361670639 0.656009316444397 1400
1771361670666 0.5188562273979187 1401
1771361670695 0.6887511610984802 1402
1771361670722 0.3943620026111603 1403
1771361670750 0.6084215641021729 1404
1771361670777 0.9460029006004333 1405
1771361670803 1.1567411422729492 1406
1771361670838 1.1468240022659302 1407
1771361670866 0.5878177285194397 1408
1771361670894 0.6265329122543335 1409
1771361670921 0.9109587669372559 1410
1771361670949 0.9981589913368225 1411
1771361670977 0.2535521388053894 1412
1771361671004 0.5035891532897949 1413
1771361671032 0.8497589826583862 1414
1771361671060 0.7659323811531067 1415
1771361671088 0.7061866521835327 1416
1771361671116 0.6152081489562988 1417
1771361671143 0.7624121904373169 1418
1771361671171 0.7414458990097046 1419
1771361671199 0.2877287268638611 1420
1771361671226 0.6209608912467957 1421
1771361671254 0.7316067218780518 1422
1771361671282 0.8176349997520447 1423
1771361671310 1.1460647583007812 1424
1771361671338 0.5663357973098755 1425
1771361671365 0.49679023027420044 1426
1771361671393 0.8556642532348633 1427
1771361671421 0.14109830558300018 1428
1771361671448 1.0635566711425781 1429
1771361671476 1.2079344987869263 1430
1771361671503 1.0778520107269287 1431
1771361671532 0.798851490020752 1432
1771361671559 1.1477807760238647 1433
1771361671587 1.1040349006652832 1434
1771361671614 0.8487054705619812 1435
1771361671642 0.33986249566078186 1436
1771361671670 0.698302686214447 1437
1771361671698 0.5760502219200134 1438
1771361671725 0.9579138159751892 1439
1771361671753 0.5793312191963196 1440
1771361671781 0.7641004323959351 1441
1771361671809 0.5244573354721069 1442
1771361671836 0.6651860475540161 1443
1771361671864 0.6813459396362305 1444
1771361671892 0.6327911615371704 1445
1771361671920 0.5185962915420532 1446
1771361671948 0.6820305585861206 1447
1771361671976 0.721960723400116 1448
1771361672005 0.7896671295166016 1449
1771361672033 0.6666586995124817 1450
1771361672061 0.38061976432800293 1451
1771361672088 1.0930140018463135 1452
1771361672117 0.669878363609314 1453
1771361672145 0.5867455005645752 1454
1771361672174 0.6784076690673828 1455
1771361672202 0.77667635679245 1456
1771361672229 0.2141166478395462 1457
1771361672257 0.8064895272254944 1458
1771361672284 0.45233604311943054 1459
1771361672312 0.9094759821891785 1460
1771361672340 0.29838085174560547 1461
1771361672367 0.7114289402961731 1462
1771361672396 0.46643349528312683 1463
1771361672424 0.4907989203929901 1464
1771361672453 0.743163526058197 1465
1771361672480 1.4907963275909424 1466
1771361672510 0.6573947668075562 1467
1771361672541 0.7957844734191895 1468
1771361672571 1.1896003484725952 1469
1771361672603 1.1556528806686401 1470
1771361672633 0.41801321506500244 1471
1771361672662 0.5667282342910767 1472
1771361672693 1.1500089168548584 1473
1771361672723 0.7752734422683716 1474
1771361672753 0.6982696652412415 1475
1771361672783 0.6350762844085693 1476
1771361672813 0.906439483165741 1477
1771361672842 0.4591926038265228 1478
1771361672871 0.7015523910522461 1479
1771361672900 0.551112711429596 1480
1771361672928 0.9087510108947754 1481
1771361672958 0.8354045748710632 1482
1771361672987 0.6680153012275696 1483
1771361673017 0.5173979997634888 1484
1771361673046 0.8044643998146057 1485
1771361673074 0.7286361455917358 1486
1771361673103 0.6765905618667603 1487
1771361673132 0.6197154521942139 1488
1771361673161 0.4711509048938751 1489
1771361673190 0.8920817375183105 1490
1771361673221 1.164669156074524 1491
1771361673251 0.5986916422843933 1492
1771361673282 0.7062917351722717 1493
1771361673310 0.6841881275177002 1494
1771361673338 0.8823465704917908 1495
1771361673366 1.237091064453125 1496
1771361673395 1.4715049266815186 1497
1771361673423 0.9462404251098633 1498
1771361673451 0.8327797651290894 1499
1771361673479 0.8382397890090942 1500
1771361673507 0.7929374575614929 1501
1771361673535 0.8794520497322083 1502
1771361673563 0.8495493531227112 1503
1771361673591 0.4058205485343933 1504
1771361673618 0.8733853697776794 1505
1771361673646 0.5745205283164978 1506
1771361673673 0.531838059425354 1507
1771361673701 0.5334295630455017 1508
1771361673729 0.7024567723274231 1509
1771361673756 0.8164628148078918 1510
1771361673784 0.780163049697876 1511
1771361673812 0.7241522669792175 1512
1771361673840 1.5536390542984009 1513
1771361673867 1.0328691005706787 1514
1771361673895 0.7381015419960022 1515
1771361673923 0.5612777471542358 1516
1771361673951 0.9279747009277344 1517
1771361673979 0.6517576575279236 1518
1771361674007 0.5913057327270508 1519
1771361674035 0.5580124258995056 1520
1771361674063 0.7535321116447449 1521
1771361674091 0.9171696901321411 1522
1771361674121 0.574921727180481 1523
1771361674149 0.6634229421615601 1524
1771361674178 0.7236510515213013 1525
1771361674206 0.9993909597396851 1526
1771361674235 0.5932807922363281 1527
1771361674263 0.7608040571212769 1528
1771361674292 0.5757535696029663 1529
1771361674322 0.49424976110458374 1530
1771361674350 0.805827260017395 1531
1771361674378 0.8461019992828369 1532
1771361674406 0.5960001945495605 1533
1771361674435 0.926523745059967 1534
1771361674464 0.4956638514995575 1535
1771361674494 0.9001110792160034 1536
1771361674523 0.9762783050537109 1537
1771361674551 0.6756482720375061 1538
1771361674579 0.6417242288589478 1539
1771361674608 0.6245810985565186 1540
1771361674637 0.6972665786743164 1541
1771361674665 0.648418664932251 1542
1771361674693 1.2465046644210815 1543
1771361674722 1.011549711227417 1544
1771361674749 0.6984590291976929 1545
1771361674777 0.7551767230033875 1546
1771361674805 0.9032614231109619 1547
1771361674832 0.3561503291130066 1548
1771361674860 0.45909783244132996 1549
1771361674888 0.8431956171989441 1550
1771361674915 0.6204942464828491 1551
1771361674944 0.757184624671936 1552
1771361674972 0.939733624458313 1553
1771361674999 0.3841816782951355 1554
1771361675027 0.6379554867744446 1555
1771361675054 0.8009536266326904 1556
1771361675082 0.5221802592277527 1557
1771361675110 0.9216183423995972 1558
1771361675137 0.4497777223587036 1559
1771361675165 1.084047794342041 1560
1771361675193 0.6110615730285645 1561
1771361675220 1.0294901132583618 1562
1771361675248 0.9552750587463379 1563
1771361675276 0.6234564185142517 1564
1771361675303 0.3578657805919647 1565
1771361675334 0.6348841786384583 1566
1771361675364 0.3740149140357971 1567
1771361675392 0.6521697640419006 1568
1771361675420 0.7379886507987976 1569
1771361675448 0.5716942548751831 1570
1771361675476 1.1378870010375977 1571
1771361675505 1.001409888267517 1572
1771361675534 0.8511695861816406 1573
1771361675562 0.5682643055915833 1574
1771361675591 0.4520328640937805 1575
1771361675620 1.0195136070251465 1576
1771361675648 0.7881866097450256 1577
1771361675676 0.5383069515228271 1578
1771361675705 0.8268377184867859 1579
1771361675733 0.6082860231399536 1580
1771361675761 0.711147129535675 1581
1771361675789 0.9368590116500854 1582
1771361675819 0.6418636441230774 1583
1771361675847 0.6572706699371338 1584
1771361675876 0.4832247495651245 1585
1771361675904 0.5351682901382446 1586
1771361675932 0.714882493019104 1587
1771361675960 0.4572243094444275 1588
1771361675989 0.9419113993644714 1589
1771361676017 0.9733762145042419 1590
1771361676046 0.6894217729568481 1591
1771361676092 0.47823280096054077 1592
1771361676135 1.002218246459961 1593
1771361676171 0.7783608436584473 1594
1771361676204 0.6171991229057312 1595
1771361676237 1.0533013343811035 1596
1771361676270 0.6126704216003418 1597
1771361676303 0.24175596237182617 1598
1771361676335 0.4277953505516052 1599
1771361676373 0.7636429071426392 1600
1771361676410 0.5263347029685974 1601
1771361676445 0.6792093515396118 1602
1771361676478 0.5667330622673035 1603
1771361676511 0.496545672416687 1604
1771361676544 1.444227933883667 1605
1771361676578 1.2147831916809082 1606
1771361676611 0.811183750629425 1607
1771361676645 0.8279715180397034 1608
1771361676678 0.6323432326316833 1609
1771361676710 0.47178685665130615 1610
1771361676743 0.7149615287780762 1611
1771361676776 0.5662024617195129 1612
1771361676808 0.7721697688102722 1613
1771361676841 0.5082144737243652 1614
1771361676873 0.6644690632820129 1615
1771361676906 0.6437121629714966 1616
1771361676939 0.5435980558395386 1617
1771361676971 0.47467342019081116 1618
1771361677003 0.5899147391319275 1619
1771361677036 0.3226258456707001 1620
1771361677069 0.7784087061882019 1621
1771361677102 0.6920366287231445 1622
1771361677134 0.9350869655609131 1623
1771361677167 0.46243011951446533 1624
1771361677199 0.8363720774650574 1625
1771361677231 0.7793777585029602 1626
1771361677263 1.387650728225708 1627
1771361677295 0.42628246545791626 1628
1771361677330 0.7392646074295044 1629
1771361677362 1.0371248722076416 1630
1771361677394 0.9296560883522034 1631
1771361677426 0.735929012298584 1632
1771361677459 0.6388400793075562 1633
1771361677492 0.25005975365638733 1634
1771361677525 0.35306328535079956 1635
1771361677559 0.9546566009521484 1636
1771361677592 0.5480732917785645 1637
1771361677624 0.9846116304397583 1638
1771361677656 0.9144495725631714 1639
1771361677689 0.7563007473945618 1640
1771361677722 0.5414479374885559 1641
1771361677755 0.6958673596382141 1642
1771361677787 0.9900180101394653 1643
1771361677820 0.7681003212928772 1644
1771361677852 0.6679037809371948 1645
1771361677884 0.7861059904098511 1646
1771361677916 0.713169515132904 1647
1771361677948 0.633007824420929 1648
1771361677980 0.6927862167358398 1649
1771361678013 0.6031161546707153 1650
1771361678045 0.6395148038864136 1651
1771361678077 1.0305637121200562 1652
1771361678109 0.31467708945274353 1653
1771361678142 0.7236843109130859 1654
1771361678174 0.8305965662002563 1655
1771361678206 0.9105719923973083 1656
1771361678239 1.0788918733596802 1657
1771361678271 1.1192195415496826 1658
1771361678304 0.6053400635719299 1659
1771361678337 0.6725201606750488 1660
1771361678370 0.5593055486679077 1661
1771361678402 1.1257792711257935 1662
1771361678434 0.44268012046813965 1663
1771361678467 0.8150286674499512 1664
1771361678499 0.694408655166626 1665
1771361678531 0.663970947265625 1666
1771361678565 0.7951342463493347 1667
1771361678597 0.6160703301429749 1668
1771361678630 0.9382236003875732 1669
1771361678663 0.5287401676177979 1670
1771361678696 0.6020228266716003 1671
1771361678728 0.8830420970916748 1672
1771361678761 0.8831443786621094 1673
1771361678793 0.8361335396766663 1674
1771361678826 0.7004022598266602 1675
1771361678858 0.8109971284866333 1676
1771361678890 1.258305549621582 1677
1771361678923 0.9591251611709595 1678
1771361678955 0.9866237640380859 1679
1771361678988 0.7001057863235474 1680
1771361679020 0.4533495604991913 1681
1771361679053 0.6592901945114136 1682
1771361679085 0.6532815098762512 1683
1771361679118 0.7188176512718201 1684
1771361679150 0.48033246397972107 1685
1771361679182 0.981759786605835 1686
1771361679215 0.9226859211921692 1687
1771361679248 0.7127408385276794 1688
1771361679281 0.6142082214355469 1689
1771361679314 0.5862009525299072 1690
1771361679347 0.6467166543006897 1691
1771361679380 0.6170076131820679 1692
1771361679413 0.4349614679813385 1693
1771361679447 0.39905408024787903 1694
1771361679480 0.7018048763275146 1695
1771361679513 0.6306178569793701 1696
1771361679546 0.5245875716209412 1697
1771361679580 1.1521129608154297 1698
1771361679613 0.7924044132232666 1699
1771361679646 0.9550676345825195 1700
1771361679680 0.6544812917709351 1701
1771361679714 1.6416046619415283 1702
1771361679747 1.233763575553894 1703
1771361679781 0.8297881484031677 1704
1771361679814 0.6277360916137695 1705
1771361679848 0.5969491004943848 1706
1771361679881 0.9411069750785828 1707
1771361679914 0.5181742906570435 1708
1771361679946 1.1554120779037476 1709
1771361679979 0.8587061762809753 1710
1771361680012 0.6650501489639282 1711
1771361680045 1.0110571384429932 1712
1771361680077 0.5246403813362122 1713
1771361680110 0.7479457259178162 1714
1771361680142 0.42542970180511475 1715
1771361680175 1.2806742191314697 1716
1771361680207 0.5335674285888672 1717
1771361680239 0.6171725392341614 1718
1771361680271 0.8210951089859009 1719
1771361680303 0.4855422079563141 1720
1771361680335 0.7575358748435974 1721
1771361680367 0.6439875960350037 1722
1771361680400 0.7719616293907166 1723
1771361680432 0.8021405339241028 1724
1771361680464 0.6927180290222168 1725
1771361680496 0.5974159240722656 1726
1771361680528 1.2877521514892578 1727
1771361680560 0.6465939879417419 1728
1771361680592 0.9307205677032471 1729
1771361680624 0.5447074174880981 1730
1771361680657 0.8501245975494385 1731
1771361680690 0.7784435153007507 1732
1771361680723 0.48587319254875183 1733
1771361680755 0.8958793878555298 1734
1771361680788 0.763252317905426 1735
1771361680822 1.1929912567138672 1736
1771361680854 1.0255988836288452 1737
1771361680887 0.7609841227531433 1738
1771361680920 1.0297194719314575 1739
1771361680953 0.6960247755050659 1740
1771361680987 0.725089430809021 1741
1771361681020 0.9797719120979309 1742
1771361681053 0.8483394384384155 1743
1771361681087 0.7527588605880737 1744
1771361681121 0.3908279240131378 1745
1771361681153 0.4384470582008362 1746
1771361681185 0.579555869102478 1747
1771361681217 1.3277767896652222 1748
1771361681249 1.6726152896881104 1749
1771361681281 0.8630955815315247 1750
1771361681313 0.46571627259254456 1751
1771361681345 0.46866631507873535 1752
1771361681377 0.8685500025749207 1753
1771361681409 0.5867857336997986 1754
1771361681441 0.6249764561653137 1755
1771361681473 1.1708582639694214 1756
1771361681506 0.5288551449775696 1757
1771361681539 0.4076935052871704 1758
1771361681571 0.4868110418319702 1759
1771361681604 1.5919795036315918 1760
1771361681637 1.633036494255066 1761
1771361681669 0.989329993724823 1762
1771361681702 0.799049973487854 1763
1771361681734 0.4701680541038513 1764
1771361681767 0.6936697363853455 1765
1771361681799 0.34924769401550293 1766
1771361681832 0.4519738256931305 1767
1771361681864 0.911073625087738 1768
1771361681896 0.514113187789917 1769
1771361681929 0.5925583839416504 1770
1771361681962 0.6714263558387756 1771
1771361681994 0.7834659218788147 1772
1771361682027 1.1610815525054932 1773
1771361682060 0.7842848896980286 1774
1771361682093 0.7361021041870117 1775
1771361682126 0.6973906755447388 1776
1771361682159 0.9536259174346924 1777
1771361682193 1.0390037298202515 1778
1771361682225 0.7617285847663879 1779
1771361682258 1.184963583946228 1780
1771361682291 0.8261171579360962 1781
1771361682324 0.5671098232269287 1782
1771361682358 0.5493810772895813 1783
1771361682391 0.5895145535469055 1784
1771361682424 0.43588683009147644 1785
1771361682456 0.6628594994544983 1786
1771361682489 1.0068763494491577 1787
1771361682526 0.7923174500465393 1788
1771361682561 0.6379317045211792 1789
1771361682597 0.5465186238288879 1790
1771361682630 0.7583872079849243 1791
1771361682661 0.6239356994628906 1792
1771361682692 0.7549077868461609 1793
1771361682722 0.7293662428855896 1794
1771361682752 0.4241076707839966 1795
1771361682781 0.7851468920707703 1796
1771361682810 0.7520371675491333 1797
1771361682838 0.6682345271110535 1798
1771361682867 0.8701493740081787 1799
1771361682897 1.3559385538101196 1800
1771361682926 1.085742712020874 1801
1771361682956 0.8156265616416931 1802
1771361682985 0.7189688682556152 1803
1771361683015 0.4342404901981354 1804
1771361683044 0.7154646515846252 1805
1771361683073 0.6539183855056763 1806
1771361683102 0.98285311460495 1807
1771361683131 0.6201744079589844 1808
1771361683161 1.4925845861434937 1809
1771361683189 1.4476022720336914 1810
1771361683217 0.7449038028717041 1811
1771361683247 0.9447234869003296 1812
1771361683277 0.933954119682312 1813
1771361683306 0.807528555393219 1814
1771361683336 0.584029495716095 1815
1771361683365 1.0888303518295288 1816
1771361683394 0.8309884667396545 1817
1771361683422 0.7264513969421387 1818
1771361683449 0.6927830576896667 1819
1771361683477 0.6448216438293457 1820
1771361683505 0.8183544874191284 1821
1771361683532 0.9163064360618591 1822
1771361683560 0.5664738416671753 1823
1771361683587 0.7806791663169861 1824
1771361683615 0.672615647315979 1825
1771361683643 0.9033926129341125 1826
1771361683670 0.5315534472465515 1827
1771361683697 0.893581748008728 1828
1771361683726 0.5238577723503113 1829
1771361683754 1.0282769203186035 1830
1771361683783 0.8782781362533569 1831
1771361683812 0.8706051707267761 1832
1771361683840 0.6257677674293518 1833
1771361683868 1.0959771871566772 1834
1771361683895 0.43116363883018494 1835
1771361683925 0.6095567345619202 1836
1771361683954 1.2149807214736938 1837
1771361683982 0.8286676406860352 1838
1771361684010 0.9160634279251099 1839
1771361684039 0.7540330290794373 1840
1771361684067 0.7778531312942505 1841
1771361684096 0.9225821495056152 1842
1771361684125 0.8443148732185364 1843
1771361684153 0.8331723213195801 1844
1771361684182 0.8990473747253418 1845
1771361684211 1.0456507205963135 1846
1771361684238 0.9784729480743408 1847
1771361684267 0.8366954326629639 1848
1771361684294 0.3499881327152252 1849
1771361684323 0.6073476076126099 1850
1771361684352 0.6582925915718079 1851
1771361684382 0.8521060347557068 1852
1771361684411 0.681337833404541 1853
1771361684440 1.0366865396499634 1854
1771361684469 0.8721851110458374 1855
1771361684498 1.3527255058288574 1856
1771361684526 0.8104360699653625 1857
1771361684555 0.36251476407051086 1858
1771361684583 0.6139205694198608 1859
1771361684611 0.775558352470398 1860
1771361684640 0.9131067991256714 1861
1771361684668 1.0228756666183472 1862
1771361684697 0.7675395607948303 1863
1771361684726 0.40943434834480286 1864
1771361684754 0.5819518566131592 1865
1771361684784 1.117976427078247 1866
1771361684812 0.4876725673675537 1867
1771361684841 0.3263530135154724 1868
1771361684870 0.5744540691375732 1869
1771361684899 1.3003307580947876 1870
1771361684927 0.6113361120223999 1871
1771361684956 0.7814606428146362 1872
1771361684985 1.084937334060669 1873
1771361685014 0.6715124845504761 1874
1771361685040 0.5305421948432922 1875
1771361685077 0.8499986529350281 1876
1771361685106 0.7063754200935364 1877
1771361685134 0.858326256275177 1878
1771361685163 0.8744992613792419 1879
1771361685192 0.7763621807098389 1880
1771361685221 0.9684153199195862 1881
1771361685249 0.7283549308776855 1882
1771361685277 0.1341189295053482 1883
1771361685305 0.9618784785270691 1884
1771361685333 0.43256035447120667 1885
1771361685362 0.467183917760849 1886
1771361685392 0.3955802917480469 1887
1771361685423 0.42433351278305054 1888
1771361685451 0.7371131777763367 1889
1771361685479 0.3600357472896576 1890
1771361685507 0.3862248361110687 1891
1771361685535 0.9519834518432617 1892
1771361685564 0.7744146585464478 1893
1771361685593 0.6586126089096069 1894
1771361685622 0.6090057492256165 1895
1771361685649 0.6604719758033752 1896
1771361685678 0.5638704895973206 1897
1771361685706 1.0044257640838623 1898
1771361685735 0.5416245460510254 1899
1771361685763 1.0329413414001465 1900
1771361685790 0.9241845607757568 1901
1771361685818 1.152936577796936 1902
1771361685846 1.5703318119049072 1903
1771361685874 0.5982354283332825 1904
1771361685902 0.6224318742752075 1905
1771361685930 0.5809470415115356 1906
1771361685958 0.4414883852005005 1907
1771361685986 0.5561740398406982 1908
1771361686014 1.1252647638320923 1909
1771361686041 0.6402754187583923 1910
1771361686069 0.9827893376350403 1911
1771361686097 0.289787620306015 1912
1771361686124 0.693466305732727 1913
1771361686152 1.0871520042419434 1914
1771361686179 0.7191259264945984 1915
1771361686208 0.6360890865325928 1916
1771361686236 0.6499519348144531 1917
1771361686263 0.6411423087120056 1918
1771361686290 0.42129048705101013 1919
1771361686318 0.38115227222442627 1920
1771361686345 0.7261400818824768 1921
1771361686373 0.7095610499382019 1922
1771361686401 0.2466655820608139 1923
1771361686429 1.0410270690917969 1924
1771361686460 0.9190860986709595 1925
1771361686491 0.6145881414413452 1926
1771361686519 0.7222466468811035 1927
1771361686548 0.8795414566993713 1928
1771361686575 0.43261241912841797 1929
1771361686603 0.7192633748054504 1930
1771361686632 0.5826096534729004 1931
1771361686660 0.4963880181312561 1932
1771361686689 0.8994418382644653 1933
1771361686719 0.8422730565071106 1934
1771361686749 1.1283130645751953 1935
1771361686778 1.6263039112091064 1936
1771361686805 1.435038447380066 1937
1771361686834 0.6019790172576904 1938
1771361686863 0.7011724710464478 1939
1771361686891 0.5854063630104065 1940
1771361686921 1.0156224966049194 1941
1771361686949 0.46290323138237 1942
1771361686977 0.7191560864448547 1943
1771361687006 0.6963441371917725 1944
1771361687034 0.6363210082054138 1945
1771361687063 0.567649245262146 1946
1771361687092 0.5990080833435059 1947
1771361687120 1.0731288194656372 1948
1771361687147 0.8370237350463867 1949
1771361687177 0.6564594507217407 1950
1771361687206 0.6698063611984253 1951
1771361687235 0.5548713803291321 1952
1771361687263 1.101983904838562 1953
1771361687292 0.7172194719314575 1954
1771361687321 0.5219569206237793 1955
1771361687351 1.1314148902893066 1956
1771361687379 0.8328284621238708 1957
1771361687407 0.500940203666687 1958
1771361687436 0.7235224843025208 1959
1771361687463 0.44328242540359497 1960
1771361687492 0.48386242985725403 1961
1771361687521 0.7328352332115173 1962
1771361687549 0.7004863619804382 1963
1771361687579 0.8308804035186768 1964
1771361687607 0.6791807413101196 1965
1771361687635 0.5997667908668518 1966
1771361687664 0.8201234340667725 1967
1771361687694 1.030888319015503 1968
1771361687722 0.5651300549507141 1969
1771361687751 0.4223407804965973 1970
1771361687779 0.8832303881645203 1971
1771361687807 0.6854230761528015 1972
1771361687835 0.3570006489753723 1973
1771361687864 0.6060323119163513 1974
1771361687893 0.4723125696182251 1975
1771361687921 0.6105331182479858 1976
1771361687950 0.7909807562828064 1977
1771361687978 0.366900235414505 1978
1771361688008 0.6577515006065369 1979
1771361688038 0.4042125344276428 1980
1771361688066 0.9639509916305542 1981
1771361688095 0.6952552199363708 1982
1771361688124 0.8147155046463013 1983
1771361688153 0.8216149806976318 1984
1771361688182 0.6605309844017029 1985
1771361688211 0.8373899459838867 1986
1771361688239 0.6209108233451843 1987
1771361688269 0.38840043544769287 1988
1771361688297 0.5219692587852478 1989
1771361688326 0.7200666069984436 1990
1771361688355 0.6016739010810852 1991
1771361688383 0.6534713506698608 1992
1771361688412 1.2341691255569458 1993
1771361688441 0.9187934994697571 1994
1771361688470 0.33736035227775574 1995
1771361688498 0.33251452445983887 1996
1771361688526 0.3379572927951813 1997
1771361688555 0.7712902426719666 1998
1771361688583 0.7280242443084717 1999
1771361688610 1.1459095478057861 2000
1771361688639 0.8418821692466736 2001
1771361688667 0.4916384816169739 2002
1771361688696 0.8192415833473206 2003
1771361688723 0.8786424994468689 2004
1771361688753 0.7176867127418518 2005
1771361688781 0.5711924433708191 2006
1771361688810 0.7754694223403931 2007
1771361688838 0.5438371300697327 2008
1771361688866 0.9064793586730957 2009
1771361688894 0.9368677139282227 2010
1771361688922 0.6261910796165466 2011
1771361688951 0.6686909198760986 2012
1771361688980 0.7896885871887207 2013
1771361689008 0.65347820520401 2014
1771361689038 0.8987739682197571 2015
1771361689066 1.0058157444000244 2016
1771361689095 0.7099087834358215 2017
1771361689123 0.8509716391563416 2018
1771361689151 0.8580499887466431 2019
1771361689181 0.6241729259490967 2020
1771361689209 1.3619811534881592 2021
1771361689239 1.118196964263916 2022
1771361689268 0.5153428316116333 2023
1771361689297 0.7776069641113281 2024
1771361689325 0.6337049007415771 2025
1771361689354 0.5793883800506592 2026
1771361689383 0.6259527206420898 2027
1771361689411 0.4758089780807495 2028
1771361689440 1.0362337827682495 2029
1771361689467 0.9831211566925049 2030
1771361689495 1.4101675748825073 2031
1771361689524 1.0063049793243408 2032
1771361689551 0.8055132627487183 2033
1771361689579 0.4717038571834564 2034
1771361689607 0.8003936409950256 2035
1771361689635 0.5338571667671204 2036
1771361689662 0.645887553691864 2037
1771361689690 0.740630567073822 2038
1771361689718 0.9232453107833862 2039
1771361689745 0.407347708940506 2040
1771361689773 0.9920068383216858 2041
1771361689800 0.6072896122932434 2042
1771361689828 0.6873160004615784 2043
1771361689856 0.4501100480556488 2044
1771361689884 0.7208926677703857 2045
1771361689914 0.7351105809211731 2046
1771361689942 0.7275779247283936 2047
1771361689969 0.6984130144119263 2048
1771361689996 0.640792965888977 2049
1771361690025 0.6420274376869202 2050
1771361690052 0.8728933930397034 2051
1771361690079 0.8696503639221191 2052
1771361690107 0.5157817006111145 2053
1771361690137 0.6088660359382629 2054
1771361690166 0.42926689982414246 2055
1771361690193 0.5390897393226624 2056
1771361690221 0.609222412109375 2057
1771361690251 0.6608709096908569 2058
1771361690280 0.5807632207870483 2059
1771361690309 0.21759778261184692 2060
1771361690337 0.5639907121658325 2061
1771361690365 0.7771000862121582 2062
1771361690393 0.3966933488845825 2063
1771361690421 1.2126442193984985 2064
1771361690451 1.153074860572815 2065
1771361690480 1.5728683471679688 2066
1771361690509 0.822283923625946 2067
1771361690537 0.6443125009536743 2068
1771361690566 0.6218128800392151 2069
1771361690594 0.6104170680046082 2070
1771361690622 0.5935205221176147 2071
1771361690651 0.7720011472702026 2072
1771361690680 0.45648708939552307 2073
1771361690709 0.5635096430778503 2074
1771361690738 0.8891899585723877 2075
1771361690767 0.6403537392616272 2076
1771361690796 1.1332519054412842 2077
1771361690825 1.4947394132614136 2078
1771361690854 1.3161529302597046 2079
1771361690882 0.7671939134597778 2080
1771361690911 0.9903843402862549 2081
1771361690940 0.967013418674469 2082
1771361690969 0.7287445664405823 2083
1771361690998 0.7156275510787964 2084
1771361691027 0.933250367641449 2085
1771361691055 1.38212251663208 2086
1771361691084 1.029785394668579 2087
1771361691112 1.0299525260925293 2088
1771361691141 0.7425347566604614 2089
1771361691171 0.5796121954917908 2090
1771361691199 0.4747503697872162 2091
1771361691228 0.7740972638130188 2092
1771361691256 0.29877614974975586 2093
1771361691284 0.5076282620429993 2094
1771361691314 0.7283931374549866 2095
1771361691343 1.0722815990447998 2096
1771361691372 0.5686663389205933 2097
1771361691400 0.49902018904685974 2098
1771361691428 0.491709440946579 2099
1771361691457 0.5140239000320435 2100
1771361691485 0.9103142619132996 2101
1771361691513 0.9068207740783691 2102
1771361691541 0.9396917223930359 2103
1771361691570 0.25377288460731506 2104
1771361691599 1.0182675123214722 2105
1771361691628 0.7912701368331909 2106
1771361691656 1.3346916437149048 2107
1771361691684 1.5089954137802124 2108
1771361691713 1.24611496925354 2109
1771361691742 1.1962140798568726 2110
1771361691771 1.0506982803344727 2111
1771361691800 0.5293498635292053 2112
1771361691829 0.946229100227356 2113
1771361691859 0.5349695682525635 2114
1771361691887 0.8390277624130249 2115
1771361691915 0.8337116837501526 2116
1771361691944 0.6971397995948792 2117
1771361691973 1.0217996835708618 2118
1771361692003 0.5619360208511353 2119
1771361692031 0.7551220655441284 2120
1771361692060 0.9341962337493896 2121
1771361692090 0.7901592254638672 2122
1771361692119 0.9322670102119446 2123
1771361692147 1.348602533340454 2124
1771361692176 0.4856826364994049 2125
1771361692205 0.5627971291542053 2126
1771361692235 0.5459361672401428 2127
1771361692263 0.4973091185092926 2128
1771361692292 0.8065708875656128 2129
1771361692321 0.6542699337005615 2130
1771361692350 0.6730061173439026 2131
1771361692380 0.6720281839370728 2132
1771361692409 0.7651838660240173 2133
1771361692438 0.6109235882759094 2134
1771361692466 0.9217010140419006 2135
1771361692495 1.0645159482955933 2136
1771361692526 0.5618883967399597 2137
1771361692556 0.5982117056846619 2138
1771361692587 1.2593140602111816 2139
1771361692617 0.7767088413238525 2140
1771361692648 0.8884013891220093 2141
1771361692678 0.9122344851493835 2142
1771361692707 0.3651001751422882 2143
1771361692737 0.5538801550865173 2144
1771361692767 0.7735795378684998 2145
1771361692796 0.5943524837493896 2146
1771361692826 0.6904257535934448 2147
1771361692856 0.8999725580215454 2148
1771361692885 0.8700999021530151 2149
1771361692915 0.6830344200134277 2150
1771361692945 0.49055731296539307 2151
1771361692975 1.2578067779541016 2152
1771361693004 1.0522189140319824 2153
1771361693033 0.9296698570251465 2154
1771361693062 0.6072245240211487 2155
1771361693092 0.5226469039916992 2156
1771361693121 0.4088095724582672 2157
1771361693151 0.4516877830028534 2158
1771361693181 1.2381480932235718 2159
1771361693211 0.8069782257080078 2160
1771361693240 0.9451103210449219 2161
1771361693268 1.0866738557815552 2162
1771361693298 0.6383377313613892 2163
1771361693328 0.5990713834762573 2164
1771361693359 0.83381187915802 2165
1771361693389 0.864944577217102 2166
1771361693419 0.7480952143669128 2167
1771361693448 1.0169564485549927 2168
1771361693477 0.6083863973617554 2169
1771361693505 0.9203735589981079 2170
1771361693533 0.7400356531143188 2171
1771361693561 0.8021562099456787 2172
1771361693589 0.8821133971214294 2173
1771361693616 0.9113070964813232 2174
1771361693644 0.7275330424308777 2175
1771361693672 0.8774468898773193 2176
1771361693699 0.7057130336761475 2177
1771361693727 0.9413723349571228 2178
1771361693755 0.3179354965686798 2179
1771361693784 0.8135416507720947 2180
1771361693812 0.4870634377002716 2181
1771361693840 1.5657659769058228 2182
1771361693868 0.8497185707092285 2183
1771361693895 1.1901830434799194 2184
1771361693923 0.6675094366073608 2185
1771361693952 0.4980529248714447 2186
1771361693981 0.8389958143234253 2187
1771361694010 0.42997491359710693 2188
1771361694039 0.8372077941894531 2189
1771361694067 0.8249933123588562 2190
1771361694096 0.6356931328773499 2191
1771361694125 0.5982955694198608 2192
1771361694153 0.8110576868057251 2193
1771361694183 1.053198218345642 2194
1771361694212 0.7335522174835205 2195
1771361694240 0.5918139219284058 2196
1771361694268 0.6766549944877625 2197
1771361694297 1.4752233028411865 2198
1771361694325 0.6766209006309509 2199
1771361694354 0.9376276135444641 2200
1771361694382 0.7448941469192505 2201
1771361694409 0.7593933343887329 2202
1771361694440 0.6524052619934082 2203
1771361694469 0.49408385157585144 2204
1771361694497 0.5272578001022339 2205
1771361694526 0.8182007074356079 2206
1771361694555 0.3250860571861267 2207
1771361694584 0.8129522204399109 2208
1771361694612 0.7665120959281921 2209
1771361694640 0.4944245219230652 2210
1771361694669 0.8091928958892822 2211
1771361694697 0.3801637589931488 2212
1771361694726 0.6857674717903137 2213
1771361694754 0.3447410762310028 2214
1771361694782 0.6765435934066772 2215
1771361694810 0.8990424871444702 2216
1771361694838 0.2390216439962387 2217
1771361694867 0.6944273710250854 2218
1771361694896 0.30126282572746277 2219
1771361694924 1.0822279453277588 2220
1771361694953 0.8477604389190674 2221
1771361694980 1.3128396272659302 2222
1771361695010 1.3371325731277466 2223
1771361695037 0.7390909194946289 2224
1771361695065 0.4403946101665497 2225
1771361695093 0.8724191188812256 2226
1771361695122 0.6447181105613708 2227
1771361695150 0.6498643755912781 2228
1771361695180 0.7102358341217041 2229
1771361695207 0.3428540527820587 2230
1771361695236 0.6927536725997925 2231
1771361695264 0.8913333415985107 2232
1771361695292 0.48353713750839233 2233
1771361695320 0.5981252789497375 2234
1771361695348 0.8611944317817688 2235
1771361695376 0.8643346428871155 2236
1771361695405 0.5641523599624634 2237
1771361695434 0.7730758190155029 2238
1771361695465 1.1356762647628784 2239
1771361695496 0.6705642938613892 2240
1771361695526 0.3815719187259674 2241
1771361695555 0.4081408679485321 2242
1771361695583 0.39080652594566345 2243
1771361695611 0.9340453147888184 2244
1771361695640 0.4504854381084442 2245
1771361695669 0.8569031357765198 2246
1771361695698 0.7874739170074463 2247
1771361695727 0.45962265133857727 2248
1771361695755 0.804426372051239 2249
1771361695783 1.078883409500122 2250
1771361695811 0.9177476167678833 2251
1771361695840 0.8207529187202454 2252
1771361695868 0.3889144957065582 2253
1771361695896 0.7457219362258911 2254
1771361695924 0.7253905534744263 2255
1771361695952 0.8481113314628601 2256
1771361695981 0.44460922479629517 2257
1771361696011 0.5928362011909485 2258
1771361696039 0.7343628406524658 2259
1771361696068 0.6288133859634399 2260
1771361696096 0.6023166179656982 2261
1771361696125 0.9597680568695068 2262
1771361696153 0.6725112795829773 2263
1771361696180 0.4838298261165619 2264
1771361696209 0.9985361099243164 2265
1771361696237 1.1389204263687134 2266
1771361696265 0.995572030544281 2267
1771361696292 0.45812323689460754 2268
1771361696320 0.8058587312698364 2269
1771361696348 0.6456155776977539 2270
1771361696376 0.9513900876045227 2271
1771361696404 0.5050519108772278 2272
1771361696432 0.465040385723114 2273
1771361696459 1.0141838788986206 2274
1771361696487 0.6670553684234619 2275
1771361696518 1.020595908164978 2276
1771361696549 0.947342574596405 2277
1771361696579 0.631127119064331 2278
1771361696607 0.861808180809021 2279
1771361696635 0.5929792523384094 2280
1771361696663 0.5685443878173828 2281
1771361696691 0.7350553870201111 2282
1771361696719 0.739174485206604 2283
1771361696747 0.5917683243751526 2284
1771361696775 0.5301445722579956 2285
1771361696804 0.7506274580955505 2286
1771361696831 0.4941600263118744 2287
1771361696859 0.5431987643241882 2288
1771361696888 0.35948872566223145 2289
1771361696916 0.5819777250289917 2290
1771361696945 0.489263653755188 2291
1771361696973 0.5585179328918457 2292
1771361697003 0.843096911907196 2293
1771361697031 0.7452056407928467 2294
1771361697059 0.5126746892929077 2295
1771361697088 0.8795235753059387 2296
1771361697116 0.9033812284469604 2297
1771361697145 0.8916019797325134 2298
1771361697175 1.3623496294021606 2299
1771361697204 0.759480357170105 2300
1771361697233 0.8782843351364136 2301
1771361697262 0.632236659526825 2302
1771361697290 0.6108577251434326 2303
1771361697318 0.9930943846702576 2304
1771361697346 0.30035319924354553 2305
1771361697373 0.7081021666526794 2306
1771361697402 0.8113574385643005 2307
1771361697430 0.6649289131164551 2308
1771361697458 0.8556683659553528 2309
1771361697486 0.8770090341567993 2310
1771361697514 0.4270200729370117 2311
1771361697544 0.8683951497077942 2312
1771361697572 0.8309643864631653 2313
1771361697600 0.692808210849762 2314
1771361697628 0.38747480511665344 2315
1771361697657 0.3882811963558197 2316
1771361697685 1.0936981439590454 2317
1771361697713 1.1098881959915161 2318
1771361697741 0.7564383149147034 2319
1771361697769 1.1575640439987183 2320
1771361697798 0.5777397155761719 2321
1771361697826 0.8160644173622131 2322
1771361697854 0.5494187474250793 2323
1771361697883 1.0908963680267334 2324
1771361697913 0.6964834928512573 2325
1771361697941 0.8242332339286804 2326
1771361697969 0.4095615744590759 2327
1771361697999 0.5838848948478699 2328
1771361698028 1.164591670036316 2329
1771361698056 0.8663607835769653 2330
1771361698085 0.8773853778839111 2331
1771361698114 0.5658021569252014 2332
1771361698143 0.6311792731285095 2333
1771361698172 0.5406835675239563 2334
1771361698201 0.974850058555603 2335
1771361698229 1.1864813566207886 2336
1771361698257 0.4179474413394928 2337
1771361698285 1.2415242195129395 2338
1771361698312 0.8245375752449036 2339
1771361698341 1.0553550720214844 2340
1771361698369 0.5881174206733704 2341
1771361698397 1.2110987901687622 2342
1771361698426 0.8148187398910522 2343
1771361698453 0.4349767863750458 2344
1771361698491 0.476799875497818 2345
1771361698520 0.5926288366317749 2346
1771361698548 0.31703805923461914 2347
1771361698577 0.5477150678634644 2348
1771361698606 0.4167308807373047 2349
1771361698634 0.49649369716644287 2350
1771361698662 0.7155827879905701 2351
1771361698690 0.4109550416469574 2352
1771361698719 0.3717670440673828 2353
1771361698747 0.61482834815979 2354
1771361698776 0.9196813106536865 2355
1771361698805 0.4694361686706543 2356
1771361698833 0.30982255935668945 2357
1771361698863 1.0308345556259155 2358
1771361698891 0.6726614832878113 2359
1771361698919 0.8600162267684937 2360
1771361698947 0.655937135219574 2361
1771361698976 0.6920598745346069 2362
1771361699005 0.8204150795936584 2363
1771361699034 1.251542091369629 2364
1771361699062 1.221112608909607 2365
1771361699090 0.4592536389827728 2366
1771361699119 0.7349099516868591 2367
1771361699146 0.6606054902076721 2368
1771361699174 0.3589980900287628 2369
1771361699202 0.6433749198913574 2370
1771361699230 1.0801368951797485 2371
1771361699258 0.6002107262611389 2372
1771361699286 0.53861403465271 2373
1771361699314 0.4782748818397522 2374
1771361699342 0.41665899753570557 2375
1771361699370 0.7392503023147583 2376
1771361699397 0.6118058562278748 2377
1771361699427 1.0229465961456299 2378
1771361699455 0.547778308391571 2379
1771361699483 0.7945626974105835 2380
1771361699512 1.3860304355621338 2381
1771361699540 0.6413865089416504 2382
1771361699568 1.026058554649353 2383
1771361699596 0.8113953471183777 2384
1771361699623 0.47257113456726074 2385
1771361699652 0.4127033054828644 2386
1771361699680 1.0017287731170654 2387
1771361699708 1.2549406290054321 2388
1771361699737 0.6281415820121765 2389
1771361699765 0.6669905185699463 2390
1771361699793 0.9989529252052307 2391
1771361699821 0.49139469861984253 2392
1771361699849 0.9720907807350159 2393
1771361699877 0.33768755197525024 2394
1771361699904 0.26090899109840393 2395
1771361699932 0.68606036901474 2396
1771361699960 0.753923773765564 2397
1771361699988 0.5435273051261902 2398
1771361700017 0.5116552114486694 2399
1771361700044 0.7415869235992432 2400
1771361700072 0.5126811861991882 2401
1771361700101 1.0695191621780396 2402
1771361700128 0.9073520302772522 2403
1771361700156 0.6010255217552185 2404
1771361700184 0.3967079222202301 2405
1771361700212 1.3390781879425049 2406
1771361700239 0.6383129358291626 2407
1771361700268 0.4270840287208557 2408
1771361700296 0.5695726871490479 2409
1771361700325 0.7668212652206421 2410
1771361700353 0.8474887609481812 2411
1771361700380 0.4732142388820648 2412
1771361700408 0.4334075450897217 2413
1771361700436 0.6299152374267578 2414
1771361700465 0.6359087228775024 2415
1771361700492 0.5882212519645691 2416
1771361700520 0.5105302333831787 2417
1771361700548 0.4279802143573761 2418
1771361700575 0.6409714221954346 2419
1771361700603 0.6295493245124817 2420
1771361700630 0.9126134514808655 2421
1771361700659 0.7343940138816833 2422
1771361700688 0.6586397886276245 2423
1771361700715 0.40288931131362915 2424
1771361700743 0.68727046251297 2425
1771361700770 0.5541573762893677 2426
1771361700798 0.4210210144519806 2427
1771361700826 0.5413657426834106 2428
1771361700854 0.6015120148658752 2429
1771361700881 0.8506806492805481 2430
1771361700909 0.5391451120376587 2431
1771361700937 0.8633240461349487 2432
1771361700964 0.3902159035205841 2433
1771361700993 0.6838122606277466 2434
1771361701022 0.47960859537124634 2435
1771361701050 0.6237887144088745 2436
1771361701078 0.9446135759353638 2437
1771361701107 0.86404949426651 2438
1771361701134 0.9545140266418457 2439
1771361701163 0.8416649103164673 2440
1771361701190 0.4898437559604645 2441
1771361701218 0.4641270339488983 2442
1771361701245 0.25000736117362976 2443
1771361701274 0.7022957801818848 2444
1771361701301 1.1041316986083984 2445
1771361701329 0.48209333419799805 2446
1771361701356 1.5888844728469849 2447
1771361701384 1.0991747379302979 2448
1771361701412 0.4596126079559326 2449
1771361701440 1.022281527519226 2450
1771361701469 0.864874541759491 2451
1771361701497 0.40421900153160095 2452
1771361701526 0.8599771857261658 2453
1771361701554 0.48148033022880554 2454
1771361701583 1.4913734197616577 2455
1771361701610 1.3332817554473877 2456
1771361701638 0.40693968534469604 2457
1771361701665 0.7609826326370239 2458
1771361701693 0.6537510752677917 2459
1771361701720 0.6246166825294495 2460
1771361701748 0.5488544702529907 2461
1771361701775 0.42655396461486816 2462
1771361701803 0.8547235131263733 2463
1771361701831 1.252121090888977 2464
1771361701859 0.8110651969909668 2465
1771361701886 0.4894414246082306 2466
1771361701914 1.0713112354278564 2467
1771361701941 0.648675262928009 2468
1771361701969 0.6064921617507935 2469
1771361701996 0.8957955837249756 2470
1771361702025 1.2774797677993774 2471
1771361702052 0.8412532806396484 2472
1771361702079 0.33389613032341003 2473
1771361702108 0.6992537379264832 2474
1771361702135 0.4348255395889282 2475
1771361702163 0.7086402773857117 2476
1771361702191 0.6017404794692993 2477
1771361702219 0.6782894730567932 2478
1771361702246 0.7507519721984863 2479
1771361702273 0.6490952372550964 2480
1771361702301 1.0654096603393555 2481
1771361702328 0.7973898649215698 2482
1771361702355 0.9081019163131714 2483
1771361702383 0.7804785966873169 2484
1771361702410 0.4956343173980713 2485
1771361702437 0.5810570120811462 2486
1771361702464 0.8800029158592224 2487
1771361702492 0.8150914907455444 2488
1771361702522 0.8522945642471313 2489
1771361702551 0.9165915846824646 2490
1771361702580 1.0200963020324707 2491
1771361702611 0.47775998711586 2492
1771361702642 0.6995227336883545 2493
1771361702673 0.6501062512397766 2494
1771361702703 1.1855915784835815 2495
1771361702732 0.6557487845420837 2496
1771361702761 0.34366360306739807 2497
1771361702790 0.9201552271842957 2498
1771361702819 0.49540644884109497 2499
1771361702846 0.3044283390045166 2500
1771361702875 0.6039071083068848 2501
1771361702903 0.6746212244033813 2502
1771361702931 0.5250388979911804 2503
1771361702959 0.590343177318573 2504
1771361702989 0.4591246545314789 2505
1771361703018 0.533686101436615 2506
1771361703046 0.7499047517776489 2507
1771361703075 0.594305157661438 2508
1771361703104 0.6603565216064453 2509
1771361703133 0.7911798357963562 2510
1771361703162 0.4176892638206482 2511
1771361703190 0.5769409537315369 2512
1771361703219 0.7589598894119263 2513
1771361703248 0.7494214773178101 2514
1771361703277 0.5823094844818115 2515
1771361703309 1.1300536394119263 2516
1771361703337 0.5592284202575684 2517
1771361703367 0.3248640298843384 2518
1771361703397 1.3758352994918823 2519
1771361703427 1.1083685159683228 2520
1771361703456 0.7301153540611267 2521
1771361703485 0.8145726323127747 2522
1771361703513 0.4404439926147461 2523
1771361703541 0.46193116903305054 2524
1771361703569 0.4678179621696472 2525
1771361703597 0.6048449873924255 2526
1771361703624 0.8232408165931702 2527
1771361703652 1.0265474319458008 2528
1771361703680 1.3626972436904907 2529
1771361703708 0.6759531497955322 2530
1771361703735 0.6663790345191956 2531
1771361703763 0.45717883110046387 2532
1771361703791 0.6640293002128601 2533
1771361703819 0.5387021899223328 2534
1771361703846 1.0367474555969238 2535
1771361703874 0.5797382593154907 2536
1771361703901 0.42173832654953003 2537
1771361703930 1.0001944303512573 2538
1771361703957 1.4716298580169678 2539
1771361703986 0.31709232926368713 2540
1771361704015 0.8481699824333191 2541
1771361704044 0.8969407677650452 2542
1771361704073 1.0389503240585327 2543
1771361704101 0.5387654900550842 2544
1771361704130 0.6843687891960144 2545
1771361704158 0.5056045055389404 2546
1771361704185 0.7946066856384277 2547
1771361704213 0.9167770147323608 2548
1771361704242 0.265433669090271 2549
1771361704269 0.7108629941940308 2550
1771361704298 0.6335290670394897 2551
1771361704326 1.2014025449752808 2552
1771361704353 0.8073707818984985 2553
1771361704381 1.1760929822921753 2554
1771361704410 0.840592622756958 2555
1771361704442 1.2176320552825928 2556
1771361704471 0.43791139125823975 2557
1771361704499 0.20406189560890198 2558
1771361704526 0.9965591430664062 2559
1771361704554 0.852281928062439 2560
1771361704581 0.9130542278289795 2561
1771361704610 0.8873735666275024 2562
1771361704637 0.5344982743263245 2563
1771361704666 0.5801425576210022 2564
1771361704694 1.1665996313095093 2565
1771361704722 0.956641674041748 2566
1771361704750 0.5907294750213623 2567
1771361704778 0.9332296848297119 2568
1771361704806 1.0224854946136475 2569
1771361704834 0.8963074088096619 2570
1771361704862 0.9853335618972778 2571
1771361704889 0.4544554352760315 2572
1771361704917 0.7044875621795654 2573
1771361704945 1.2042031288146973 2574
1771361704972 1.1296838521957397 2575
1771361705000 0.974305272102356 2576
1771361705028 1.0260043144226074 2577
1771361705056 1.0434077978134155 2578
1771361705084 0.45135441422462463 2579
1771361705111 0.7559080719947815 2580
1771361705139 0.8137059211730957 2581
1771361705167 1.2877849340438843 2582
1771361705195 0.6753736734390259 2583
1771361705222 1.0689765214920044 2584
1771361705250 0.8118759989738464 2585
1771361705278 1.0268540382385254 2586
1771361705305 1.6828571557998657 2587
1771361705333 1.4485965967178345 2588
1771361705362 0.8845158815383911 2589
1771361705390 0.48751768469810486 2590
1771361705419 0.4926825165748596 2591
1771361705449 0.5501068830490112 2592
1771361705480 0.635753333568573 2593
1771361705509 0.2069641500711441 2594
1771361705537 1.2340726852416992 2595
1771361705566 0.6456596255302429 2596
1771361705595 0.4810267388820648 2597
1771361705624 0.44265222549438477 2598
1771361705653 1.3287242650985718 2599
1771361705682 0.735986590385437 2600
1771361705710 0.2139361947774887 2601
1771361705740 1.0784553289413452 2602
1771361705768 0.6937035322189331 2603
1771361705797 0.6240807771682739 2604
1771361705826 0.5545777082443237 2605
1771361705854 0.7330354452133179 2606
1771361705883 0.5781852602958679 2607
1771361705912 1.1892942190170288 2608
1771361705941 0.5048224329948425 2609
1771361705969 0.5403624176979065 2610
1771361705997 0.5249953269958496 2611
1771361706026 0.6026791930198669 2612
1771361706055 0.8002541065216064 2613
1771361706083 0.7309442162513733 2614
1771361706111 0.3849790096282959 2615
1771361706139 0.6564595103263855 2616
1771361706167 1.166735053062439 2617
1771361706194 0.8708390593528748 2618
1771361706222 1.5830557346343994 2619
1771361706249 1.8728716373443604 2620
1771361706278 0.7113271951675415 2621
1771361706307 0.878333330154419 2622
1771361706336 0.8094367980957031 2623
1771361706366 0.6055123209953308 2624
1771361706394 0.5497466921806335 2625
1771361706423 1.318851351737976 2626
1771361706452 1.2950317859649658 2627
1771361706484 0.8746138215065002 2628
1771361706515 0.9738268256187439 2629
1771361706545 0.7839524745941162 2630
1771361706574 1.1160378456115723 2631
1771361706603 0.49116289615631104 2632
1771361706631 0.655389666557312 2633
1771361706659 0.9504485130310059 2634
1771361706686 0.8849980235099792 2635
1771361706714 0.46472737193107605 2636
1771361706742 0.3617871105670929 2637
1771361706771 0.8780550360679626 2638
1771361706798 0.7058334350585938 2639
1771361706826 1.0704602003097534 2640
1771361706853 0.9560947418212891 2641
1771361706882 0.9066442251205444 2642
1771361706910 0.507817268371582 2643
1771361706938 1.010453701019287 2644
1771361706966 0.8986418843269348 2645
1771361706994 0.7042526602745056 2646
1771361707023 0.8242753744125366 2647
1771361707052 0.7004454731941223 2648
1771361707080 0.8306799530982971 2649
1771361707110 0.4346364736557007 2650
1771361707138 0.6909812092781067 2651
1771361707166 0.821306586265564 2652
1771361707193 0.7049914598464966 2653
1771361707221 0.5912573933601379 2654
1771361707248 0.8740878701210022 2655
1771361707276 0.9629438519477844 2656
1771361707304 0.5692943930625916 2657
1771361707332 0.6734651923179626 2658
1771361707359 0.9816710352897644 2659
1771361707387 0.7419363856315613 2660
1771361707415 0.6853291392326355 2661
1771361707442 0.8508584499359131 2662
1771361707470 0.8747899532318115 2663
1771361707498 0.9919102787971497 2664
1771361707526 0.6498205661773682 2665
1771361707554 0.5787948369979858 2666
1771361707583 0.761255145072937 2667
1771361707611 0.7862889766693115 2668
1771361707638 0.6899857521057129 2669
1771361707666 1.052323579788208 2670
1771361707694 1.0497995615005493 2671
1771361707721 0.41061681509017944 2672
1771361707748 0.8303887248039246 2673
1771361707776 1.4073984622955322 2674
1771361707804 1.1133068799972534 2675
1771361707831 0.982050359249115 2676
1771361707859 0.7706506252288818 2677
1771361707887 1.02586829662323 2678
1771361707915 1.103864312171936 2679
1771361707942 1.2657228708267212 2680
1771361707969 0.8132721185684204 2681
1771361707997 0.48525476455688477 2682
1771361708026 0.5934425592422485 2683
1771361708053 0.7601033449172974 2684
1771361708082 0.5322590470314026 2685
1771361708109 0.41672608256340027 2686
1771361708137 0.42469269037246704 2687
1771361708165 0.9487364292144775 2688
1771361708193 0.5196446180343628 2689
1771361708221 0.6069832444190979 2690
1771361708248 0.6676725149154663 2691
1771361708276 0.33115819096565247 2692
1771361708304 0.37232816219329834 2693
1771361708331 1.3752162456512451 2694
1771361708359 0.4948565363883972 2695
1771361708387 0.6111283302307129 2696
1771361708415 0.8763387799263 2697
1771361708443 0.3757414221763611 2698
1771361708471 0.6665784120559692 2699
1771361708499 0.15252605080604553 2700
1771361708528 0.8546116948127747 2701
1771361708555 0.6890684962272644 2702
1771361708584 0.7782338261604309 2703
1771361708612 0.5544914603233337 2704
1771361708641 0.440032035112381 2705
1771361708669 0.5618356466293335 2706
1771361708697 0.9593498110771179 2707
1771361708726 0.9990890026092529 2708
1771361708754 1.0663115978240967 2709
1771361708782 1.253185749053955 2710
1771361708810 0.8206545114517212 2711
1771361708838 0.5796955227851868 2712
1771361708867 0.5433252453804016 2713
1771361708894 0.6137961149215698 2714
1771361708922 0.6069558262825012 2715
1771361708950 0.4986523985862732 2716
1771361708978 0.36635324358940125 2717
1771361709006 0.6783071756362915 2718
1771361709034 0.6997476816177368 2719
1771361709062 0.7309045195579529 2720
1771361709090 0.7603073120117188 2721
1771361709118 1.0255845785140991 2722
1771361709145 1.0440444946289062 2723
1771361709173 0.7954542636871338 2724
1771361709200 0.596713125705719 2725
1771361709228 0.6124876141548157 2726
1771361709256 0.5007995367050171 2727
1771361709283 0.4095906913280487 2728
1771361709311 0.7233600616455078 2729
1771361709339 0.9784510731697083 2730
1771361709366 0.5507465600967407 2731
1771361709394 0.8616734743118286 2732
1771361709422 0.668988823890686 2733
1771361709450 0.5557671189308167 2734
1771361709478 0.523739755153656 2735
1771361709505 0.7399057149887085 2736
1771361709533 0.8915730714797974 2737
1771361709560 0.5116071105003357 2738
1771361709589 0.6290835738182068 2739
1771361709617 1.107526183128357 2740
1771361709645 0.5143511891365051 2741
1771361709672 0.7626153826713562 2742
1771361709700 0.46680307388305664 2743
1771361709728 0.968673050403595 2744
1771361709755 0.5324720144271851 2745
1771361709784 1.4350743293762207 2746
1771361709811 1.1538504362106323 2747
1771361709838 0.5801540613174438 2748
1771361709866 0.9083395004272461 2749
1771361709895 1.0150245428085327 2750
1771361709923 0.9937904477119446 2751
1771361709951 0.734113335609436 2752
1771361709978 0.39024776220321655 2753
1771361710006 0.5474485754966736 2754
1771361710034 0.8670626282691956 2755
1771361710062 0.6764851808547974 2756
1771361710090 0.999077558517456 2757
1771361710117 0.24752411246299744 2758
1771361710145 0.6519985795021057 2759
1771361710173 0.6687521934509277 2760
1771361710201 0.7671591639518738 2761
1771361710228 0.9714035987854004 2762
1771361710257 0.7632921934127808 2763
1771361710284 1.3212498426437378 2764
1771361710312 0.8939421772956848 2765
1771361710340 0.5115321278572083 2766
1771361710368 0.7391167879104614 2767
1771361710395 0.631371796131134 2768
1771361710423 0.2132401019334793 2769
1771361710450 0.6749281883239746 2770
1771361710478 0.9830753207206726 2771
1771361710506 1.0724985599517822 2772
1771361710533 1.33828604221344 2773
1771361710561 0.8156247735023499 2774
1771361710589 0.6128942966461182 2775
1771361710617 0.43906369805336 2776
1771361710644 1.008675456047058 2777
1771361710672 0.5067912340164185 2778
1771361710700 0.9400124549865723 2779
1771361710727 1.0302224159240723 2780
1771361710755 1.000144362449646 2781
1771361710783 0.7349184155464172 2782
1771361710811 0.6574061512947083 2783
1771361710839 0.6820828914642334 2784
1771361710866 0.9174827337265015 2785
1771361710895 0.840605616569519 2786
1771361710923 0.5513115525245667 2787
1771361710950 1.4784506559371948 2788
1771361710978 1.3523064851760864 2789
1771361711006 0.582247793674469 2790
1771361711034 0.9197797775268555 2791
1771361711062 0.7329451441764832 2792
1771361711089 0.6861246228218079 2793
1771361711117 0.5529882907867432 2794
1771361711144 0.5287930965423584 2795
1771361711173 0.8220453262329102 2796
1771361711201 0.2968824803829193 2797
1771361711229 0.38435739278793335 2798
1771361711256 0.729362428188324 2799
1771361711284 0.6108052134513855 2800
1771361711311 0.7355725169181824 2801
1771361711339 0.5149498581886292 2802
1771361711366 0.8162291049957275 2803
1771361711393 0.967592179775238 2804
1771361711421 0.9035239219665527 2805
1771361711449 1.2121487855911255 2806
1771361711476 1.0411702394485474 2807
1771361711504 1.141475796699524 2808
1771361711532 0.7202682495117188 2809
1771361711559 0.51603764295578 2810
1771361711587 0.47878482937812805 2811
1771361711615 0.2963615655899048 2812
1771361711640 0.7539506554603577 2813
1771361711676 0.30733707547187805 2814
1771361711705 0.19514046609401703 2815
1771361711733 0.23459778726100922 2816
1771361711761 0.5001393556594849 2817
1771361711789 0.6492601633071899 2818
1771361711816 0.6424751877784729 2819
1771361711844 0.2574543058872223 2820
1771361711872 1.0337868928909302 2821
1771361711900 0.8070831298828125 2822
1771361711928 0.5004845261573792 2823
1771361711955 0.6495929956436157 2824
1771361711983 0.46798866987228394 2825
1771361712011 0.9829406142234802 2826
1771361712038 0.7727934122085571 2827
1771361712066 0.6711298227310181 2828
1771361712094 0.7324255108833313 2829
1771361712122 0.861992359161377 2830
1771361712150 0.5596297383308411 2831
1771361712178 1.0278940200805664 2832
1771361712205 0.43424004316329956 2833
1771361712233 0.3460109233856201 2834
1771361712260 0.4786103069782257 2835
1771361712288 0.7623449563980103 2836
1771361712315 0.7734848856925964 2837
1771361712343 0.4871613085269928 2838
1771361712370 0.5169843435287476 2839
1771361712398 0.630248486995697 2840
1771361712426 0.3823857605457306 2841
1771361712453 0.2690003216266632 2842
1771361712481 0.9167398810386658 2843
1771361712510 0.5296045541763306 2844
1771361712540 0.5661988258361816 2845
1771361712569 0.7409207820892334 2846
1771361712598 1.5000945329666138 2847
1771361712629 1.1507906913757324 2848
1771361712659 0.2844390571117401 2849
1771361712690 0.956845760345459 2850
1771361712719 0.5312111377716064 2851
1771361712749 0.8623730540275574 2852
1771361712778 1.1177698373794556 2853
1771361712807 0.8180422186851501 2854
1771361712835 1.4399276971817017 2855
1771361712864 0.6526078581809998 2856
1771361712892 0.4073459506034851 2857
1771361712921 0.610350489616394 2858
1771361712950 1.0385313034057617 2859
1771361712979 1.0553128719329834 2860
1771361713007 0.6733533143997192 2861
1771361713036 0.6153164505958557 2862
1771361713064 0.6262328624725342 2863
1771361713094 0.9693665504455566 2864
1771361713123 0.9612281918525696 2865
1771361713152 0.9075900316238403 2866
1771361713182 1.2740260362625122 2867
1771361713211 0.75784832239151 2868
1771361713240 0.6302712559700012 2869
1771361713269 0.9815863966941833 2870
1771361713300 0.5090519785881042 2871
1771361713330 0.36673933267593384 2872
1771361713360 0.3561754524707794 2873
1771361713389 0.912958562374115 2874
1771361713435 0.9239882826805115 2875
1771361713473 0.4975394010543823 2876
1771361713508 0.5082097053527832 2877
1771361713541 0.8536550402641296 2878
1771361713575 0.9397827982902527 2879
1771361713608 0.9649019837379456 2880
1771361713641 0.7649497389793396 2881
1771361713675 0.7818853259086609 2882
1771361713708 0.7513341903686523 2883
1771361713741 0.3906314969062805 2884
1771361713774 0.8215985894203186 2885
1771361713807 0.8286431431770325 2886
1771361713841 0.763577401638031 2887
1771361713874 0.38079461455345154 2888
1771361713908 0.5347526669502258 2889
1771361713940 0.8007147908210754 2890
1771361713973 0.7133575677871704 2891
1771361714007 0.5844183564186096 2892
1771361714041 0.47013768553733826 2893
1771361714075 1.0782029628753662 2894
1771361714109 1.622877836227417 2895
1771361714141 0.7962086796760559 2896
1771361714174 0.7654659748077393 2897
1771361714207 0.36904868483543396 2898
1771361714240 0.8225359916687012 2899
1771361714273 0.6994531750679016 2900
1771361714305 0.8930349946022034 2901
1771361714337 0.8567535281181335 2902
1771361714370 0.632212221622467 2903
1771361714406 0.7714062333106995 2904
1771361714439 0.3774636387825012 2905
1771361714472 0.9131504893302917 2906
1771361714506 0.31606271862983704 2907
1771361714539 0.6755207180976868 2908
1771361714572 0.1346966177225113 2909
1771361714604 0.9306727051734924 2910
1771361714636 0.2916950583457947 2911
1771361714670 0.40548068284988403 2912
1771361714702 0.7454242706298828 2913
1771361714734 1.277173399925232 2914
1771361714766 0.29251378774642944 2915
1771361714798 0.8678205013275146 2916
1771361714831 0.8419918417930603 2917
1771361714863 0.5785455703735352 2918
1771361714896 0.49105754494667053 2919
1771361714929 0.8234537243843079 2920
1771361714961 0.7523636817932129 2921
1771361714993 0.6664419770240784 2922
1771361715026 0.9380397200584412 2923
1771361715058 0.3180678188800812 2924
1771361715091 0.6628895998001099 2925
1771361715123 0.44320088624954224 2926
1771361715156 0.6973410844802856 2927
1771361715189 0.41877293586730957 2928
1771361715221 0.6126044392585754 2929
1771361715254 0.7781733870506287 2930
1771361715286 0.6656340956687927 2931
1771361715319 1.2217705249786377 2932
1771361715352 0.7071294784545898 2933
1771361715384 1.1584078073501587 2934
1771361715419 0.8194776177406311 2935
1771361715454 0.6665191054344177 2936
1771361715487 0.410449743270874 2937
1771361715519 0.7123695611953735 2938
1771361715552 0.8646372556686401 2939
1771361715584 1.5871427059173584 2940
1771361715616 0.7817313075065613 2941
1771361715649 0.6546039581298828 2942
1771361715682 0.9558032751083374 2943
1771361715716 0.9102943539619446 2944
1771361715748 0.4283296763896942 2945
1771361715781 0.5630890727043152 2946
1771361715814 1.0971211194992065 2947
1771361715846 0.5818500518798828 2948
1771361715878 0.9149712324142456 2949
1771361715910 2.2301154136657715 2950
1771361715942 1.8966008424758911 2951
1771361715975 0.3596225380897522 2952
1771361716008 0.42054715752601624 2953
1771361716040 0.5424683690071106 2954
1771361716073 0.7308279275894165 2955
1771361716107 1.0453894138336182 2956
1771361716140 0.6531253457069397 2957
1771361716172 0.8279522061347961 2958
1771361716205 1.271584391593933 2959
1771361716238 0.6592755913734436 2960
1771361716270 0.4167340397834778 2961
1771361716303 0.5533024072647095 2962
1771361716336 0.7109870314598083 2963
1771361716370 0.6472797989845276 2964
1771361716404 1.176724910736084 2965
1771361716437 0.7724111676216125 2966
1771361716475 0.5545541048049927 2967
1771361716511 0.7375848293304443 2968
1771361716545 0.7988696694374084 2969
1771361716578 0.36004650592803955 2970
1771361716611 0.803935706615448 2971
1771361716645 0.8327420353889465 2972
1771361716678 0.606769323348999 2973
1771361716711 0.9122239947319031 2974
1771361716744 0.9511948823928833 2975
1771361716778 0.40717121958732605 2976
1771361716812 0.6933398842811584 2977
1771361716846 0.5359961986541748 2978
1771361716879 0.7727970480918884 2979
1771361716912 1.0621304512023926 2980
1771361716945 0.783778727054596 2981
1771361716977 0.3160610795021057 2982
1771361717009 0.8516407012939453 2983
1771361717042 0.5636175870895386 2984
1771361717074 0.592200517654419 2985
1771361717107 0.5976304411888123 2986
1771361717141 0.6409933567047119 2987
1771361717174 0.4318515360355377 2988
1771361717207 0.5170363187789917 2989
1771361717239 0.5549202561378479 2990
1771361717272 0.859320342540741 2991
1771361717306 1.1261224746704102 2992
1771361717339 0.7972605228424072 2993
1771361717372 0.3784152567386627 2994
1771361717406 0.4976246654987335 2995
1771361717439 0.6141728758811951 2996
1771361717473 0.7055877447128296 2997
1771361717506 0.4354715049266815 2998
1771361717541 1.124959945678711 2999
1771361717574 0.6726157069206238 3000
1771361717609 0.8915050625801086 3001
1771361717642 1.5485749244689941 3002
1771361717677 0.9519245028495789 3003
1771361717710 0.6740311980247498 3004
1771361717743 1.4597604274749756 3005
1771361717777 0.8527560830116272 3006
1771361717810 0.5493451356887817 3007
1771361717844 0.1723954975605011 3008
1771361717878 0.8559988141059875 3009
1771361717911 0.9120532274246216 3010
1771361717944 0.6265352368354797 3011
1771361717976 0.8514065146446228 3012
1771361718009 1.0574028491973877 3013
1771361718041 0.5783221125602722 3014
1771361718074 0.4309788942337036 3015
1771361718107 0.35861271619796753 3016
1771361718140 0.4886285066604614 3017
1771361718173 0.5254024863243103 3018
1771361718207 0.9484252333641052 3019
1771361718240 0.528412938117981 3020
1771361718273 0.28608351945877075 3021
1771361718305 0.823427677154541 3022
1771361718338 0.3869299590587616 3023
1771361718371 0.7834264636039734 3024
1771361718404 0.30675795674324036 3025
1771361718436 0.6377555727958679 3026
1771361718469 0.46162980794906616 3027
1771361718502 0.8200043439865112 3028
1771361718535 0.5439373254776001 3029
1771361718568 0.6211153864860535 3030
1771361718601 0.2526729702949524 3031
1771361718633 0.6265318393707275 3032
1771361718666 0.3348497748374939 3033
1771361718699 0.9805938005447388 3034
1771361718732 1.0245853662490845 3035
1771361718764 0.3306160271167755 3036
1771361718796 1.0528595447540283 3037
1771361718829 0.30763497948646545 3038
1771361718862 0.5654378533363342 3039
1771361718897 0.6812655925750732 3040
1771361718929 0.5235180854797363 3041
1771361718963 1.1228313446044922 3042
1771361718997 0.5372161269187927 3043
1771361719031 0.6160748600959778 3044
1771361719063 0.3359515368938446 3045
1771361719096 0.5191092491149902 3046
1771361719129 0.623824417591095 3047
1771361719161 0.5989177823066711 3048
1771361719194 0.5789675116539001 3049
1771361719227 0.4581080675125122 3050
1771361719260 0.8651371002197266 3051
1771361719294 1.2010315656661987 3052
1771361719327 0.8419583439826965 3053
1771361719360 0.5749908685684204 3054
1771361719393 0.5286151170730591 3055
1771361719427 0.534412145614624 3056
1771361719460 0.5876604914665222 3057
1771361719492 0.683181643486023 3058
1771361719526 0.43264254927635193 3059
1771361719559 0.7321394085884094 3060
1771361719591 0.5533779859542847 3061
1771361719625 0.5906522274017334 3062
1771361719658 0.5778000950813293 3063
1771361719691 0.5826544165611267 3064
1771361719724 0.8715919256210327 3065
1771361719756 0.819911777973175 3066
1771361719788 0.5310143828392029 3067
1771361719821 0.740854799747467 3068
1771361719853 0.8185428977012634 3069
1771361719886 0.7067078351974487 3070
1771361719919 0.7734802961349487 3071
1771361719951 0.43957966566085815 3072
1771361719984 0.9959834814071655 3073
1771361720016 0.7457388639450073 3074
1771361720050 0.33983591198921204 3075
1771361720083 0.5843749046325684 3076
1771361720116 0.9722274541854858 3077
1771361720150 0.68707674741745 3078
1771361720183 0.48462751507759094 3079
1771361720215 0.8115858435630798 3080
1771361720248 1.0884705781936646 3081
1771361720282 0.8184178471565247 3082
1771361720316 0.5690019130706787 3083
1771361720349 1.2062196731567383 3084
1771361720381 0.8086690902709961 3085
1771361720416 0.5470681190490723 3086
1771361720448 0.8685089945793152 3087
1771361720481 0.7883909940719604 3088
1771361720514 0.606017529964447 3089
1771361720548 0.635953426361084 3090
1771361720581 0.6710209846496582 3091
1771361720614 1.0058649778366089 3092
1771361720647 0.36899659037590027 3093
1771361720680 0.7692772150039673 3094
1771361720712 0.19704380631446838 3095
1771361720746 0.5834439992904663 3096
1771361720780 0.6822992563247681 3097
1771361720812 0.700264036655426 3098
1771361720844 0.3540346622467041 3099
1771361720877 0.9148017168045044 3100
1771361720910 0.7913481593132019 3101
1771361720943 1.4021633863449097 3102
1771361720976 2.077622890472412 3103
1771361721009 1.1507214307785034 3104
1771361721042 0.474455863237381 3105
1771361721076 0.30758044123649597 3106
1771361721110 0.9733179211616516 3107
1771361721143 0.6441686153411865 3108
1771361721176 0.45517146587371826 3109
1771361721209 0.5715033411979675 3110
1771361721241 0.878942608833313 3111
1771361721275 0.8351062536239624 3112
1771361721308 0.9917874336242676 3113
1771361721342 1.2351632118225098 3114
1771361721374 1.258731722831726 3115
1771361721408 1.1493149995803833 3116
1771361721440 0.7658190727233887 3117
1771361721473 0.5087366700172424 3118
1771361721507 1.3859448432922363 3119
1771361721539 0.600140392780304 3120
1771361721572 0.4201822876930237 3121
1771361721606 0.8641592264175415 3122
1771361721640 0.841740071773529 3123
1771361721672 0.5389289259910583 3124
1771361721706 0.6387195587158203 3125
1771361721739 0.3783668279647827 3126
1771361721771 0.47174838185310364 3127
1771361721805 0.4147762656211853 3128
1771361721838 0.5725377202033997 3129
1771361721872 0.6459743976593018 3130
1771361721904 0.8804642558097839 3131
1771361721937 0.6491397619247437 3132
1771361721970 0.5559170246124268 3133
1771361722003 1.1001965999603271 3134
1771361722035 0.6841610670089722 3135
1771361722068 1.0260707139968872 3136
1771361722100 0.7707343697547913 3137
1771361722132 0.565808117389679 3138
1771361722165 0.5016661882400513 3139
1771361722197 0.5713323950767517 3140
1771361722229 0.21261712908744812 3141
1771361722261 0.6560205817222595 3142
1771361722293 0.3604603111743927 3143
1771361722325 0.7133335471153259 3144
1771361722357 0.5579781532287598 3145
1771361722389 0.6452838778495789 3146
1771361722421 0.8137279748916626 3147
1771361722453 0.7136471271514893 3148
1771361722486 0.7363684773445129 3149
1771361722521 0.588878333568573 3150
1771361722556 0.4439764618873596 3151
1771361722591 0.7683289051055908 3152
1771361722627 0.4762836694717407 3153
1771361722662 0.7955683469772339 3154
1771361722696 0.6721545457839966 3155
1771361722731 0.30674853920936584 3156
1771361722766 0.7215732336044312 3157
1771361722799 0.9552817344665527 3158
1771361722833 0.7228078842163086 3159
1771361722866 0.6124369502067566 3160
1771361722900 0.5275171995162964 3161
1771361722933 0.969429612159729 3162
1771361722966 1.7703635692596436 3163
1771361723000 0.7087503671646118 3164
1771361723034 0.7617753148078918 3165
1771361723068 0.9067777395248413 3166
1771361723103 0.9535450339317322 3167
1771361723137 1.1119831800460815 3168
1771361723171 0.5641371011734009 3169
1771361723204 0.5357485413551331 3170
1771361723238 0.6979472041130066 3171
1771361723274 0.6805594563484192 3172
1771361723308 0.42920738458633423 3173
1771361723343 0.9775620102882385 3174
1771361723378 1.33695650100708 3175
1771361723411 0.5182912349700928 3176
1771361723444 1.016847014427185 3177
1771361723478 0.5026742815971375 3178
1771361723513 0.806184709072113 3179
1771361723546 1.0537230968475342 3180
1771361723580 0.5093138217926025 3181
1771361723612 0.6147315502166748 3182
1771361723645 0.5721958875656128 3183
1771361723678 0.49614229798316956 3184
1771361723712 0.6527010202407837 3185
1771361723745 0.5382099747657776 3186
1771361723779 0.6505337357521057 3187
1771361723812 1.2672662734985352 3188
1771361723845 1.9056792259216309 3189
1771361723879 0.867639422416687 3190
1771361723913 0.8692765235900879 3191
1771361723946 0.8634684681892395 3192
1771361723979 0.8388781547546387 3193
1771361724014 0.8635780811309814 3194
1771361724047 1.1166372299194336 3195
1771361724081 0.7057438492774963 3196
1771361724113 1.0800286531448364 3197
1771361724147 1.0444302558898926 3198
1771361724181 0.6079582571983337 3199
1771361724214 1.0921860933303833 3200
1771361724248 0.4105410575866699 3201
1771361724281 0.8117273449897766 3202
1771361724313 0.6834237575531006 3203
1771361724347 0.6064558625221252 3204
1771361724384 0.6073614954948425 3205
1771361724420 0.8063178062438965 3206
1771361724453 0.9829776883125305 3207
1771361724487 1.3475325107574463 3208
1771361724520 0.676061749458313 3209
1771361724553 0.7066676616668701 3210
1771361724586 0.8319502472877502 3211
1771361724620 0.793157160282135 3212
1771361724653 0.674014151096344 3213
1771361724686 0.9788148403167725 3214
1771361724720 0.5657476186752319 3215
1771361724753 0.5291008949279785 3216
1771361724785 0.35775601863861084 3217
1771361724818 0.5441502928733826 3218
1771361724851 1.0922123193740845 3219
1771361724886 0.8311405777931213 3220
1771361724918 0.5261833071708679 3221
1771361724952 0.5158690810203552 3222
1771361724985 0.6557712554931641 3223
1771361725018 0.34748950600624084 3224
1771361725051 1.1316735744476318 3225
1771361725085 1.0028260946273804 3226
1771361725118 0.7408607006072998 3227
1771361725150 0.8816535472869873 3228
1771361725183 0.8392744064331055 3229
1771361725217 0.5179145932197571 3230
1771361725250 0.8286842107772827 3231
1771361725283 1.079017162322998 3232
1771361725316 0.698051929473877 3233
1771361725348 0.6112419366836548 3234
1771361725381 0.7262287139892578 3235
1771361725417 0.7364628314971924 3236
1771361725452 0.6458776593208313 3237
1771361725486 0.7082458734512329 3238
1771361725520 0.6875403523445129 3239
1771361725553 0.5833061933517456 3240
1771361725586 0.49649351835250854 3241
1771361725620 0.9297816753387451 3242
1771361725654 0.9263910055160522 3243
1771361725688 0.7748578190803528 3244
1771361725722 0.9777402281761169 3245
1771361725754 0.21459101140499115 3246
1771361725787 0.7023389935493469 3247
1771361725819 0.6272169351577759 3248
1771361725853 0.6025267243385315 3249
1771361725885 0.9021877646446228 3250
1771361725919 0.8544150590896606 3251
1771361725952 0.23156839609146118 3252
1771361725985 0.7348982095718384 3253
1771361726020 0.5095374584197998 3254
1771361726053 0.8978192806243896 3255
1771361726087 0.699666440486908 3256
1771361726121 0.7585243582725525 3257
1771361726154 1.1867080926895142 3258
1771361726187 1.2142871618270874 3259
1771361726221 0.371777206659317 3260
1771361726255 0.6629123091697693 3261
1771361726289 0.5810710191726685 3262
1771361726323 0.43563365936279297 3263
1771361726355 0.8368788361549377 3264
1771361726390 0.37508144974708557 3265
1771361726424 0.8006808161735535 3266
1771361726460 0.7153118252754211 3267
1771361726495 0.5669891238212585 3268
1771361726529 0.8758876919746399 3269
1771361726562 0.7224761843681335 3270
1771361726596 0.8796311020851135 3271
1771361726630 1.5186090469360352 3272
1771361726664 1.0343589782714844 3273
1771361726697 0.9182946085929871 3274
1771361726731 0.6201384663581848 3275
1771361726764 0.6597741842269897 3276
1771361726797 0.8695768713951111 3277
1771361726830 0.8275195956230164 3278
1771361726864 0.7255072593688965 3279
1771361726897 1.1271193027496338 3280
1771361726931 0.9549809694290161 3281
1771361726962 0.5418881177902222 3282
1771361727003 0.8174607753753662 3283
1771361727037 0.9086211919784546 3284
1771361727070 1.1162127256393433 3285
1771361727103 1.1429002285003662 3286
1771361727136 0.9781960844993591 3287
1771361727168 1.0528405904769897 3288
1771361727201 0.34535354375839233 3289
1771361727233 0.4301207661628723 3290
1771361727265 0.6738314032554626 3291
1771361727298 0.5960294604301453 3292
1771361727330 0.7879577875137329 3293
1771361727363 0.8408271074295044 3294
1771361727395 0.7971850633621216 3295
1771361727428 0.5961319208145142 3296
1771361727462 0.9404116868972778 3297
1771361727495 0.8086256384849548 3298
1771361727530 0.8012805581092834 3299
1771361727563 0.8956301212310791 3300
1771361727596 0.7456973195075989 3301
1771361727630 0.9098281860351562 3302
1771361727664 0.3720715045928955 3303
1771361727698 0.4300571382045746 3304
1771361727731 0.5051495432853699 3305
1771361727765 0.5761386156082153 3306
1771361727800 0.5658528208732605 3307
1771361727832 0.4569358825683594 3308
1771361727866 0.7459062933921814 3309
1771361727899 0.4945693612098694 3310
1771361727931 0.6509051322937012 3311
1771361727965 1.237251877784729 3312
1771361727998 1.218717336654663 3313
1771361728031 0.47743257880210876 3314
1771361728064 0.6926807165145874 3315
1771361728097 0.6401432156562805 3316
1771361728129 0.4305024743080139 3317
1771361728163 0.9751930832862854 3318
1771361728196 1.1063255071640015 3319
1771361728230 1.3499815464019775 3320
1771361728262 0.7170347571372986 3321
1771361728295 0.432670533657074 3322
1771361728329 1.1101562976837158 3323
1771361728361 0.8484798669815063 3324
1771361728395 0.5860022902488708 3325
1771361728428 0.7009853720664978 3326
1771361728462 0.30098649859428406 3327
1771361728496 0.7357200384140015 3328
1771361728528 0.7933060526847839 3329
1771361728561 1.095873475074768 3330
1771361728594 0.43616798520088196 3331
1771361728627 0.9117109775543213 3332
1771361728659 0.625117301940918 3333
1771361728692 0.5745137333869934 3334
1771361728725 0.3912373185157776 3335
1771361728758 0.5015444159507751 3336
1771361728790 0.8256182074546814 3337
1771361728824 0.33992043137550354 3338
1771361728857 0.5777300000190735 3339
1771361728889 0.7688301801681519 3340
1771361728922 0.9014837145805359 3341
1771361728955 0.45039376616477966 3342
1771361728987 1.0569709539413452 3343
1771361729021 1.5250540971755981 3344
1771361729053 1.9666557312011719 3345
1771361729086 0.7361869215965271 3346
1771361729119 0.19613388180732727 3347
1771361729151 1.337908387184143 3348
1771361729183 0.9609114527702332 3349
1771361729217 0.4751949906349182 3350
1771361729250 0.9496660232543945 3351
1771361729283 0.5290241241455078 3352
1771361729316 0.38274264335632324 3353
1771361729350 0.6695249676704407 3354
1771361729383 0.7038687467575073 3355
1771361729416 1.072238564491272 3356
1771361729449 0.9340159296989441 3357
1771361729482 0.914570152759552 3358
1771361729515 0.9095929265022278 3359
1771361729547 0.6791965365409851 3360
1771361729580 0.3570903241634369 3361
1771361729613 0.9098318219184875 3362
1771361729646 0.616218626499176 3363
1771361729680 0.8182615637779236 3364
1771361729713 0.7650258541107178 3365
1771361729746 0.8271888494491577 3366
1771361729779 0.888178825378418 3367
1771361729813 0.7988167405128479 3368
1771361729845 0.6835594177246094 3369
1771361729878 1.3234196901321411 3370
1771361729911 0.3112640976905823 3371
1771361729944 0.7913505434989929 3372
1771361729977 0.8781061768531799 3373
1771361730009 0.6229374408721924 3374
1771361730042 0.4898691475391388 3375
1771361730075 0.8535444736480713 3376
1771361730108 0.5123178362846375 3377
1771361730141 0.2658069133758545 3378
1771361730174 0.7723996043205261 3379
1771361730207 1.0287697315216064 3380
1771361730241 0.5575873255729675 3381
1771361730275 1.1516680717468262 3382
1771361730310 0.8604927659034729 3383
1771361730343 0.7655190825462341 3384
1771361730377 0.6169883012771606 3385
1771361730409 0.6023644208908081 3386
1771361730443 0.8665866851806641 3387
1771361730476 0.46800488233566284 3388
1771361730509 0.5055621266365051 3389
1771361730542 0.897227942943573 3390
1771361730575 0.9697614908218384 3391
1771361730609 0.42003652453422546 3392
1771361730642 0.558378279209137 3393
1771361730676 1.0107731819152832 3394
1771361730709 0.16411924362182617 3395
1771361730742 0.7818397879600525 3396
1771361730776 0.4169822037220001 3397
1771361730810 0.477801650762558 3398
1771361730843 0.6656293272972107 3399
1771361730877 0.4448314607143402 3400
1771361730911 0.6429175138473511 3401
1771361730944 0.6507370471954346 3402
1771361730977 0.6976869702339172 3403
1771361731011 0.9562444686889648 3404
1771361731044 0.3595524728298187 3405
1771361731078 0.9882339239120483 3406
1771361731112 0.9615360498428345 3407
1771361731145 0.9047538042068481 3408
1771361731179 0.7641797065734863 3409
1771361731212 0.702487051486969 3410
1771361731244 0.6482239365577698 3411
1771361731278 0.7021949291229248 3412
1771361731312 0.966097891330719 3413
1771361731346 0.964468777179718 3414
1771361731378 0.5513302087783813 3415
1771361731411 0.44754964113235474 3416
1771361731444 0.609393835067749 3417
1771361731478 1.2008131742477417 3418
1771361731512 0.9427191615104675 3419
1771361731545 0.7440245747566223 3420
1771361731578 0.5945720076560974 3421
1771361731612 0.4877685606479645 3422
1771361731645 0.43652984499931335 3423
1771361731679 0.5516312718391418 3424
1771361731711 0.4371817708015442 3425
1771361731744 0.9781180620193481 3426
1771361731778 0.6524519920349121 3427
1771361731811 0.8740485906600952 3428
1771361731845 0.432708203792572 3429
1771361731878 0.7140305638313293 3430
1771361731911 1.0608047246932983 3431
1771361731946 0.6067590713500977 3432
1771361731979 0.5861180424690247 3433
1771361732012 0.6662974953651428 3434
1771361732045 0.7558749318122864 3435
1771361732079 0.5761826634407043 3436
1771361732112 0.595091700553894 3437
1771361732144 0.7368204593658447 3438
1771361732178 0.594160795211792 3439
1771361732211 0.4275195598602295 3440
1771361732244 0.5347384214401245 3441
1771361732278 0.9127010703086853 3442
1771361732312 1.204155683517456 3443
1771361732345 0.6404495239257812 3444
1771361732378 1.0135377645492554 3445
1771361732411 0.8907026052474976 3446
1771361732444 0.7887150049209595 3447
1771361732477 0.6203985810279846 3448
1771361732514 0.9232318997383118 3449
1771361732550 0.7714424729347229 3450
1771361732586 0.7069705128669739 3451
1771361732623 0.8828229904174805 3452
1771361732659 0.4693793058395386 3453
1771361732694 0.7920393943786621 3454
1771361732729 0.7748101353645325 3455
1771361732763 0.5417861938476562 3456
1771361732798 0.914124071598053 3457
1771361732832 0.6922355890274048 3458
1771361732867 0.5112250447273254 3459
1771361732902 0.6606450080871582 3460
1771361732935 1.0181002616882324 3461
1771361732969 0.829854428768158 3462
1771361733004 2.0322961807250977 3463
1771361733039 0.8382288217544556 3464
1771361733073 1.2797328233718872 3465
1771361733108 0.7226405143737793 3466
1771361733142 0.35103726387023926 3467
1771361733176 0.28086379170417786 3468
1771361733210 0.7303813695907593 3469
1771361733246 0.2821994423866272 3470
1771361733281 0.5485835671424866 3471
1771361733315 0.7128185033798218 3472
1771361733351 0.8978725075721741 3473
1771361733385 0.8477561473846436 3474
1771361733419 0.6308485269546509 3475
1771361733455 1.3225315809249878 3476
1771361733488 1.006052017211914 3477
1771361733521 0.5418398976325989 3478
1771361733554 0.7842304706573486 3479
1771361733587 0.7378548979759216 3480
1771361733620 0.369721919298172 3481
1771361733652 0.6954555511474609 3482
1771361733686 0.5704708099365234 3483
1771361733719 0.6905748248100281 3484
1771361733751 0.4681608974933624 3485
1771361733786 0.6308391094207764 3486
1771361733819 0.7046059966087341 3487
1771361733852 0.6357648968696594 3488
1771361733885 0.7284897565841675 3489
1771361733918 0.558276355266571 3490
1771361733952 0.7063190340995789 3491
1771361733985 1.0694552659988403 3492
1771361734019 0.7710902690887451 3493
1771361734052 0.5735456943511963 3494
1771361734085 0.3094148635864258 3495
1771361734118 0.9012565612792969 3496
1771361734151 1.0427677631378174 3497
1771361734185 0.35589316487312317 3498
1771361734218 0.721045970916748 3499
1771361734251 0.8196206092834473 3500
1771361734284 0.7916635870933533 3501
1771361734317 1.281017541885376 3502
1771361734351 1.0200163125991821 3503
1771361734387 0.9495939016342163 3504
1771361734420 0.6901308298110962 3505
1771361734454 0.6208698749542236 3506
1771361734488 0.6102918982505798 3507
1771361734521 0.6848442554473877 3508
1771361734554 0.9281315803527832 3509
1771361734587 0.41051217913627625 3510
1771361734621 0.8611894845962524 3511
1771361734654 1.0215532779693604 3512
1771361734687 1.1145292520523071 3513
1771361734720 1.1339389085769653 3514
1771361734753 0.7903316020965576 3515
1771361734787 0.7251055240631104 3516
1771361734821 0.5498687028884888 3517
1771361734854 0.813733696937561 3518
1771361734888 0.21599861979484558 3519
1771361734922 0.2608140707015991 3520
1771361734954 0.4689309298992157 3521
1771361734987 0.5579004883766174 3522
1771361735020 0.3591490387916565 3523
1771361735052 0.8607363700866699 3524
1771361735084 0.553716778755188 3525
1771361735116 0.3592357039451599 3526
1771361735150 0.674664318561554 3527
1771361735182 0.5690256357192993 3528
1771361735214 0.3302682042121887 3529
1771361735246 0.5032612681388855 3530
1771361735278 0.8908084630966187 3531
1771361735311 0.49040424823760986 3532
1771361735344 0.5725786089897156 3533
1771361735376 0.2579120397567749 3534
1771361735413 1.043869972229004 3535
1771361735448 0.32402026653289795 3536
1771361735480 1.0517008304595947 3537
1771361735514 0.5723485350608826 3538
1771361735546 1.0066685676574707 3539
1771361735578 0.998460054397583 3540
1771361735610 0.8288977742195129 3541
1771361735643 0.6489531993865967 3542
1771361735675 0.34623831510543823 3543
1771361735708 0.5971179008483887 3544
1771361735740 1.235184907913208 3545
1771361735772 1.1978758573532104 3546
1771361735805 1.3442702293395996 3547
1771361735837 1.4918264150619507 3548
1771361735870 0.6886091828346252 3549
1771361735902 1.0711157321929932 3550
1771361735935 0.6776662468910217 3551
1771361735968 0.9587116837501526 3552
1771361736000 0.6798967719078064 3553
1771361736033 0.3909534215927124 3554
1771361736065 0.8716404438018799 3555
1771361736099 0.47305527329444885 3556
1771361736131 0.6909862160682678 3557
1771361736163 0.8862794041633606 3558
1771361736197 0.4106783866882324 3559
1771361736230 0.9731875658035278 3560
1771361736263 0.6820710301399231 3561
1771361736296 0.8911618590354919 3562
1771361736329 0.9492588043212891 3563
1771361736363 1.022995948791504 3564
1771361736396 0.5379511117935181 3565
1771361736431 0.1950932741165161 3566
1771361736467 0.6261175870895386 3567
1771361736502 1.3104748725891113 3568
1771361736535 1.4130321741104126 3569
1771361736569 1.1170368194580078 3570
1771361736602 0.3028171956539154 3571
1771361736635 0.25491899251937866 3572
1771361736668 0.5807056427001953 3573
1771361736701 0.7005724310874939 3574
1771361736733 0.41196897625923157 3575
1771361736766 1.2124145030975342 3576
1771361736799 0.5902459025382996 3577
1771361736832 0.5468630790710449 3578
1771361736865 0.25496312975883484 3579
1771361736898 0.5975021719932556 3580
1771361736931 0.3250925540924072 3581
1771361736963 0.7025863528251648 3582
1771361736996 0.6956867575645447 3583
1771361737029 0.7500337958335876 3584
1771361737062 0.5172135233879089 3585
1771361737096 1.2619739770889282 3586
1771361737128 1.5809814929962158 3587
1771361737161 0.6035174131393433 3588
1771361737194 0.8701657056808472 3589
1771361737227 0.5079132318496704 3590
1771361737259 0.519491970539093 3591
1771361737292 0.42689481377601624 3592
1771361737326 0.682428777217865 3593
1771361737360 0.7050498127937317 3594
1771361737394 0.9956207275390625 3595
1771361737427 0.9972342848777771 3596
1771361737459 0.7019367814064026 3597
1771361737492 0.4919526278972626 3598
1771361737525 0.9027067422866821 3599
1771361737557 0.7866129279136658 3600
1771361737590 0.7751476168632507 3601
1771361737623 0.42548805475234985 3602
1771361737655 0.7240383625030518 3603
1771361737687 0.9728533625602722 3604
1771361737720 0.96457439661026 3605
1771361737752 0.7922722697257996 3606
1771361737785 0.6157306432723999 3607
1771361737817 0.7656222581863403 3608
1771361737850 0.8222997188568115 3609
1771361737882 0.5190915465354919 3610
1771361737914 1.467628836631775 3611
1771361737946 0.9010263085365295 3612
1771361737979 0.8546223640441895 3613
1771361738013 0.22351454198360443 3614
1771361738045 0.8761777281761169 3615
1771361738077 0.6252918243408203 3616
1771361738109 0.45395568013191223 3617
1771361738142 0.8792335987091064 3618
1771361738174 0.7544692158699036 3619
1771361738207 0.488558292388916 3620
1771361738239 0.14568497240543365 3621
1771361738272 0.6329878568649292 3622
1771361738305 0.49795788526535034 3623
1771361738337 0.8178653120994568 3624
1771361738369 0.7832300662994385 3625
1771361738402 0.5446501970291138 3626
1771361738434 0.5434344410896301 3627
1771361738467 0.9482861161231995 3628
1771361738499 0.37796398997306824 3629
1771361738531 0.8700029253959656 3630
1771361738564 0.8261524438858032 3631
1771361738597 0.5111691951751709 3632
1771361738629 0.652705729007721 3633
1771361738661 0.8566221594810486 3634
1771361738694 1.077963948249817 3635
1771361738726 0.8428831696510315 3636
1771361738759 0.8336278200149536 3637
1771361738792 0.7066976428031921 3638
1771361738824 0.5249888896942139 3639
1771361738856 0.4065365791320801 3640
1771361738889 0.6260367035865784 3641
1771361738921 0.6283532381057739 3642
1771361738954 0.9702103137969971 3643
1771361738987 0.4556618630886078 3644
1771361739022 0.6432541012763977 3645
1771361739054 0.4729817807674408 3646
1771361739088 0.5638302564620972 3647
1771361739120 0.7813031077384949 3648
1771361739153 0.8083232641220093 3649
1771361739186 1.2103670835494995 3650
1771361739218 0.9801905155181885 3651
1771361739251 0.7907562851905823 3652
1771361739284 0.662884533405304 3653
1771361739316 0.6448376774787903 3654
1771361739349 0.7533208131790161 3655
1771361739381 0.47882503271102905 3656
1771361739414 0.36534473299980164 3657
1771361739448 0.5863141417503357 3658
1771361739480 0.4423801302909851 3659
1771361739514 0.6176220178604126 3660
1771361739546 1.0514543056488037 3661
1771361739578 0.6036570072174072 3662
1771361739611 1.057489275932312 3663
1771361739644 0.6651296019554138 3664
1771361739676 0.9105156660079956 3665
1771361739709 0.44368118047714233 3666
1771361739742 0.5445244908332825 3667
1771361739776 0.7638435363769531 3668
1771361739810 0.2430756837129593 3669
1771361739843 0.31606435775756836 3670
1771361739876 0.48036351799964905 3671
1771361739910 0.8217986226081848 3672
1771361739943 0.9638203978538513 3673
1771361739977 0.5742707848548889 3674
1771361740010 0.7167313098907471 3675
1771361740044 0.4060106873512268 3676
1771361740077 0.5390828251838684 3677
1771361740111 0.38355910778045654 3678
1771361740143 0.869604766368866 3679
1771361740176 0.546858549118042 3680
1771361740210 0.5261589288711548 3681
1771361740244 0.5546703338623047 3682
1771361740277 0.8469246029853821 3683
1771361740310 0.7692197561264038 3684
1771361740343 0.8796544075012207 3685
1771361740376 0.7144370079040527 3686
1771361740410 0.8101319670677185 3687
1771361740442 0.2579951584339142 3688
1771361740476 0.7592577338218689 3689
1771361740509 0.6309448480606079 3690
1771361740541 0.4211137890815735 3691
1771361740575 1.4481450319290161 3692
1771361740608 0.9585398435592651 3693
1771361740641 0.7968765497207642 3694
1771361740674 0.4112083613872528 3695
1771361740707 0.4612724184989929 3696
1771361740741 0.5022876262664795 3697
1771361740773 0.5973085165023804 3698
1771361740806 0.3556077480316162 3699
1771361740839 0.36180317401885986 3700
1771361740873 0.42646780610084534 3701
1771361740906 0.5907226204872131 3702
1771361740938 0.5507245659828186 3703
1771361740970 0.4164496064186096 3704
1771361741003 0.3663822114467621 3705
1771361741035 0.3504672050476074 3706
1771361741068 0.5867668390274048 3707
1771361741101 0.8043168783187866 3708
1771361741134 0.6007987856864929 3709
1771361741166 0.8941104412078857 3710
1771361741198 0.6029154062271118 3711
1771361741230 1.0944736003875732 3712
1771361741263 0.46998533606529236 3713
1771361741296 1.1171802282333374 3714
1771361741329 0.8086994290351868 3715
1771361741362 0.6560307741165161 3716
1771361741394 0.9560944437980652 3717
1771361741428 0.6188337802886963 3718
1771361741461 0.9060429334640503 3719
1771361741494 0.6125038862228394 3720
1771361741527 0.9987387657165527 3721
1771361741560 0.45274364948272705 3722
1771361741592 0.45934009552001953 3723
1771361741626 0.8681925535202026 3724
1771361741658 0.4717962443828583 3725
1771361741690 0.2437364161014557 3726
1771361741723 0.8471494913101196 3727
1771361741756 0.5921342372894287 3728
1771361741788 0.7229039072990417 3729
1771361741821 0.621189296245575 3730
1771361741854 0.5375393033027649 3731
1771361741886 1.1881200075149536 3732
1771361741918 1.0165715217590332 3733
1771361741950 1.071000576019287 3734
1771361741982 0.6807084083557129 3735
1771361742016 0.8162888884544373 3736
1771361742048 0.2216336727142334 3737
1771361742080 0.7743778824806213 3738
1771361742113 0.6908876299858093 3739
1771361742145 0.6841362714767456 3740
1771361742177 0.5493232607841492 3741
1771361742209 0.8386717438697815 3742
1771361742243 1.0758097171783447 3743
1771361742276 0.7916299700737 3744
1771361742310 0.8161912560462952 3745
1771361742343 0.9157794117927551 3746
1771361742376 0.8989356756210327 3747
1771361742410 0.5080000162124634 3748
1771361742444 0.755270779132843 3749
1771361742477 0.8872213959693909 3750
1771361742508 0.4649876654148102 3751
1771361742552 0.11867835372686386 3752
1771361742588 0.8682247996330261 3753
1771361742624 1.0884209871292114 3754
1771361742659 0.5511645078659058 3755
1771361742693 0.5503733158111572 3756
1771361742728 1.378441333770752 3757
1771361742763 1.027086615562439 3758
1771361742796 0.6487916111946106 3759
1771361742829 0.6304353475570679 3760
1771361742862 0.3369464874267578 3761
1771361742896 0.6915419697761536 3762
1771361742930 0.6908190846443176 3763
1771361742964 0.6449736952781677 3764
1771361742998 0.7067438960075378 3765
1771361743034 0.5188180208206177 3766
1771361743067 0.5603033900260925 3767
1771361743100 0.643171489238739 3768
1771361743133 0.40641626715660095 3769
1771361743168 0.4304887354373932 3770
1771361743201 0.3028557300567627 3771
1771361743234 0.8986039757728577 3772
1771361743270 0.5911111235618591 3773
1771361743306 0.5400950908660889 3774
1771361743341 0.5510038137435913 3775
1771361743374 0.4580129086971283 3776
1771361743407 1.1329267024993896 3777
1771361743439 0.39147284626960754 3778
1771361743471 0.49882078170776367 3779
1771361743504 0.45926570892333984 3780
1771361743537 0.5489974021911621 3781
1771361743570 1.3036388158798218 3782
1771361743602 0.8070905804634094 3783
1771361743634 0.9231122136116028 3784
1771361743667 0.5234295725822449 3785
1771361743699 1.0857152938842773 3786
1771361743731 0.6116056442260742 3787
1771361743764 0.5430945158004761 3788
1771361743797 0.4274822771549225 3789
1771361743831 0.633004367351532 3790
1771361743864 0.751591682434082 3791
1771361743896 0.21120627224445343 3792
1771361743929 0.5188603401184082 3793
1771361743961 0.9340895414352417 3794
1771361743994 0.6480442881584167 3795
1771361744026 0.4909211993217468 3796
1771361744058 0.2801405191421509 3797
1771361744091 0.6628082990646362 3798
1771361744123 0.35416269302368164 3799
1771361744156 0.43437889218330383 3800
1771361744188 1.3147467374801636 3801
1771361744221 0.6284262537956238 3802
1771361744254 0.977155327796936 3803
1771361744287 0.8437287211418152 3804
1771361744321 0.6104748249053955 3805
1771361744356 1.1393463611602783 3806
1771361744391 0.8710917234420776 3807
1771361744424 0.5880893468856812 3808
1771361744459 0.6611252427101135 3809
1771361744492 0.26090413331985474 3810
1771361744525 0.39207836985588074 3811
1771361744558 0.3732655346393585 3812
1771361744591 0.45994603633880615 3813
1771361744623 1.1562652587890625 3814
1771361744655 0.9974437952041626 3815
1771361744686 0.5982111692428589 3816
1771361744718 1.4330401420593262 3817
1771361744751 1.5689046382904053 3818
1771361744783 0.7433208227157593 3819
1771361744816 0.8271197080612183 3820
1771361744848 0.7122992873191833 3821
1771361744880 0.2702391445636749 3822
1771361744913 0.4584694504737854 3823
1771361744945 0.8065127730369568 3824
1771361744980 0.6006763577461243 3825
1771361745013 0.31361958384513855 3826
1771361745046 0.6927506327629089 3827
1771361745078 0.44711124897003174 3828
1771361745112 0.9150267243385315 3829
1771361745144 0.7157108187675476 3830
1771361745177 0.30331140756607056 3831
1771361745209 0.8015643954277039 3832
1771361745243 0.7609230875968933 3833
1771361745277 0.6018242835998535 3834
1771361745310 0.5136938095092773 3835
1771361745343 0.7585569620132446 3836
1771361745376 0.9606385231018066 3837
1771361745413 0.4554581642150879 3838
1771361745446 0.5267059206962585 3839
1771361745479 0.7289565205574036 3840
1771361745513 0.9433529376983643 3841
1771361745546 0.2284223437309265 3842
1771361745580 0.34296807646751404 3843
1771361745612 0.6324366331100464 3844
1771361745646 0.7914153933525085 3845
1771361745680 0.8860800862312317 3846
1771361745713 0.7626646161079407 3847
1771361745746 0.8472479581832886 3848
1771361745779 0.749732494354248 3849
1771361745813 0.31434303522109985 3850
1771361745846 0.7203318476676941 3851
1771361745879 0.5390125513076782 3852
1771361745913 0.5372915863990784 3853
1771361745946 0.560499370098114 3854
1771361745979 0.34257233142852783 3855
1771361746012 0.5357478857040405 3856
1771361746046 0.41817307472229004 3857
1771361746080 0.5613074898719788 3858
1771361746112 0.8141257166862488 3859
1771361746145 0.8324337601661682 3860
1771361746177 0.6126344799995422 3861
1771361746210 0.7773953676223755 3862
1771361746242 0.5568242073059082 3863
1771361746275 0.6549458503723145 3864
1771361746307 0.27337583899497986 3865
1771361746340 0.698743999004364 3866
1771361746373 0.8324992060661316 3867
1771361746405 0.4994272291660309 3868
1771361746441 0.6211940050125122 3869
1771361746478 0.4326309859752655 3870
1771361746512 0.5749133229255676 3871
1771361746544 0.25676608085632324 3872
1771361746579 0.7390475869178772 3873
1771361746611 0.38580089807510376 3874
1771361746644 0.7633460760116577 3875
1771361746677 0.622647225856781 3876
1771361746709 0.8588847517967224 3877
1771361746742 0.35761499404907227 3878
1771361746775 0.43492287397384644 3879
1771361746807 0.26584747433662415 3880
1771361746840 0.34270936250686646 3881
1771361746874 0.8666622042655945 3882
1771361746906 0.5935196876525879 3883
1771361746938 0.29226505756378174 3884
1771361746970 0.9768083691596985 3885
1771361747003 0.24326513707637787 3886
1771361747035 0.7943809628486633 3887
1771361747068 0.9093306660652161 3888
1771361747101 0.6044466495513916 3889
1771361747133 0.3876568078994751 3890
1771361747165 0.6586633920669556 3891
1771361747198 0.9434603452682495 3892
1771361747231 0.752343475818634 3893
1771361747263 0.7392140030860901 3894
1771361747295 0.19109193980693817 3895
1771361747328 0.7791913151741028 3896
1771361747360 0.5818766951560974 3897
1771361747392 0.4591202735900879 3898
1771361747424 1.1066913604736328 3899
1771361747456 0.8756759166717529 3900
1771361747489 0.8497459888458252 3901
1771361747521 0.8983741998672485 3902
1771361747555 0.7598810791969299 3903
1771361747587 0.6631783246994019 3904
1771361747619 0.6479578018188477 3905
1771361747651 0.5816497802734375 3906
1771361747684 0.6946436762809753 3907
1771361747717 0.7638581395149231 3908
1771361747749 0.5539788007736206 3909
1771361747781 0.9771944880485535 3910
1771361747814 0.8176510334014893 3911
1771361747847 0.35799935460090637 3912
1771361747881 1.2776079177856445 3913
1771361747914 0.6863821148872375 3914
1771361747948 0.6327751874923706 3915
1771361747981 0.5178232789039612 3916
1771361748014 1.0995980501174927 3917
1771361748048 0.6176227331161499 3918
1771361748080 1.1140862703323364 3919
1771361748113 0.9159913063049316 3920
1771361748146 0.8409556150436401 3921
1771361748178 0.5640483498573303 3922
1771361748210 0.16454601287841797 3923
1771361748243 0.7258389592170715 3924
1771361748275 0.8928521275520325 3925
1771361748308 0.9956924319267273 3926
1771361748341 0.5399094223976135 3927
1771361748374 1.3912036418914795 3928
1771361748407 0.48398861289024353 3929
1771361748440 0.9833478331565857 3930
1771361748472 0.9377474188804626 3931
1771361748504 0.331829309463501 3932
1771361748537 0.20597589015960693 3933
1771361748570 0.39341750741004944 3934
1771361748602 0.27384865283966064 3935
1771361748635 0.8204713463783264 3936
1771361748668 0.5558732151985168 3937
1771361748700 0.6261550784111023 3938
1771361748734 0.7567387223243713 3939
1771361748766 0.7785887122154236 3940
1771361748798 1.3730045557022095 3941
1771361748832 0.7464338541030884 3942
1771361748864 1.0383970737457275 3943
1771361748897 0.74849534034729 3944
1771361748930 0.6516183614730835 3945
1771361748963 0.8046839237213135 3946
1771361748995 0.2994568645954132 3947
1771361749029 0.826574444770813 3948
1771361749061 0.3175564408302307 3949
1771361749094 0.8492875695228577 3950
1771361749128 0.998796284198761 3951
1771361749161 0.5241914987564087 3952
1771361749195 0.7135761380195618 3953
1771361749228 0.46627816557884216 3954
1771361749261 0.42539122700691223 3955
1771361749294 0.8527923822402954 3956
1771361749329 0.7944889664649963 3957
1771361749362 0.683218777179718 3958
1771361749396 0.8752315640449524 3959
1771361749429 0.7786809802055359 3960
1771361749463 0.6400855183601379 3961
1771361749497 0.8657696843147278 3962
1771361749529 0.9751420021057129 3963
1771361749563 1.2366653680801392 3964
1771361749596 0.3602254390716553 3965
1771361749628 0.652069628238678 3966
1771361749660 0.9386576414108276 3967
1771361749694 0.20409512519836426 3968
1771361749727 0.7980074882507324 3969
1771361749761 0.7902305722236633 3970
1771361749793 0.7441030740737915 3971
1771361749827 0.8550527691841125 3972
1771361749860 0.6723009347915649 3973
1771361749893 0.6868966817855835 3974
1771361749927 0.5266740918159485 3975
1771361749961 0.7110288143157959 3976
1771361749994 0.26790961623191833 3977
1771361750028 0.3799523711204529 3978
1771361750062 0.6452435255050659 3979
1771361750096 0.5839868783950806 3980
1771361750129 0.8749647736549377 3981
1771361750162 0.6343972086906433 3982
1771361750196 0.5824590921401978 3983
1771361750228 0.6047543883323669 3984
1771361750261 0.8028818964958191 3985
1771361750295 1.0360270738601685 3986
1771361750327 0.7608206272125244 3987
1771361750360 0.7617578506469727 3988
1771361750394 0.8091902732849121 3989
1771361750428 0.7375935912132263 3990
1771361750461 0.8474714159965515 3991
1771361750495 0.9309003353118896 3992
1771361750529 0.5425983667373657 3993
1771361750563 0.6895226240158081 3994
1771361750597 0.8704400062561035 3995
1771361750630 0.5670104026794434 3996
1771361750662 1.1276789903640747 3997
1771361750696 0.96529221534729 3998
1771361750728 0.6805272102355957 3999
1771361750762 0.6137508153915405 4000
1771361750794 0.9025680422782898 4001
1771361750828 0.27224186062812805 4002
1771361750862 0.7115095853805542 4003
1771361750895 0.3950284421443939 4004
1771361750928 0.6046610474586487 4005
1771361750961 0.4944609999656677 4006
1771361750994 0.9287012815475464 4007
1771361751028 0.9188501238822937 4008
1771361751061 0.9453688263893127 4009
1771361751094 0.41199058294296265 4010
1771361751128 0.6130372285842896 4011
1771361751162 0.8055862188339233 4012
1771361751194 0.36730876564979553 4013
1771361751227 0.5673588514328003 4014
1771361751260 0.9160376787185669 4015
1771361751294 1.5121538639068604 4016
1771361751328 0.6029604077339172 4017
1771361751361 0.7563565969467163 4018
1771361751395 0.8199802041053772 4019
1771361751427 0.8212692737579346 4020
1771361751460 0.5195463299751282 4021
1771361751494 0.9876416325569153 4022
1771361751527 0.3510057032108307 4023
1771361751560 0.25429245829582214 4024
1771361751594 0.7405296564102173 4025
1771361751628 0.8144692182540894 4026
1771361751662 1.0200835466384888 4027
1771361751696 1.4651590585708618 4028
1771361751729 0.9716446399688721 4029
1771361751763 1.2184158563613892 4030
1771361751795 1.3919588327407837 4031
1771361751829 0.584057092666626 4032
1771361751862 0.45448994636535645 4033
1771361751895 0.7178061604499817 4034
1771361751929 0.7269421815872192 4035
1771361751961 0.6890775561332703 4036
1771361751996 0.7299131751060486 4037
1771361752029 0.7365894317626953 4038
1771361752061 0.46682798862457275 4039
1771361752095 0.4170015752315521 4040
1771361752127 1.0340807437896729 4041
1771361752160 0.9731659293174744 4042
1771361752194 0.35321635007858276 4043
1771361752228 0.6997560262680054 4044
1771361752260 0.6383551359176636 4045
1771361752293 0.5464084148406982 4046
1771361752326 0.521178126335144 4047
1771361752360 0.858052670955658 4048
1771361752394 0.6638219952583313 4049
1771361752427 0.623048722743988 4050
1771361752459 0.9822864532470703 4051
1771361752493 1.147570013999939 4052
1771361752531 0.5887483954429626 4053
1771361752567 1.169354796409607 4054
1771361752603 1.4699187278747559 4055
1771361752639 1.4084752798080444 4056
1771361752675 1.2157117128372192 4057
1771361752710 0.99138343334198 4058
1771361752745 1.0457886457443237 4059
1771361752780 0.24384871125221252 4060
1771361752815 0.40899205207824707 4061
1771361752848 0.9104062914848328 4062
1771361752881 0.818236231803894 4063
1771361752914 0.6652202606201172 4064
1771361752948 0.22123008966445923 4065
1771361752981 0.444511353969574 4066
1771361753015 0.7188838720321655 4067
1771361753049 0.46508270502090454 4068
1771361753082 0.2802656888961792 4069
1771361753116 0.5728427767753601 4070
1771361753149 0.3754107356071472 4071
1771361753182 0.9946864247322083 4072
1771361753215 0.6706988215446472 4073
1771361753249 0.7421858310699463 4074
1771361753283 0.79042649269104 4075
1771361753335 0.7214166522026062 4076
1771361753374 0.6089397072792053 4077
1771361753408 0.44036632776260376 4078
1771361753446 0.2052316665649414 4079
1771361753479 0.7141328454017639 4080
1771361753515 1.0068172216415405 4081
1771361753553 0.9307166934013367 4082
1771361753585 0.4744272530078888 4083
1771361753617 0.986972987651825 4084
1771361753649 1.001318335533142 4085
1771361753682 0.6283712983131409 4086
1771361753715 0.7652896642684937 4087
1771361753747 0.6958200931549072 4088
1771361753779 0.43781182169914246 4089
1771361753816 0.4772116243839264 4090
1771361753849 1.1211689710617065 4091
1771361753888 0.4349936544895172 4092
1771361753920 0.41761696338653564 4093
1771361753958 0.8787843585014343 4094
1771361753990 0.6877138614654541 4095
1771361754046 0.4699200987815857 4096
1771361754082 1.19503915309906 4097
1771361754115 0.8126041293144226 4098
1771361754147 0.6946086287498474 4099
1771361754183 0.26505109667778015 4100
1771361754216 0.3447851836681366 4101
1771361754254 0.5615454316139221 4102
1771361754286 0.3851798474788666 4103
1771361754321 0.7698189616203308 4104
1771361754357 0.4892381727695465 4105
1771361754390 0.7445792555809021 4106
1771361754422 1.1434954404830933 4107
1771361754457 0.4797002971172333 4108
1771361754490 0.762704074382782 4109
1771361754522 0.5619893670082092 4110
1771361754555 0.23625291883945465 4111
1771361754587 1.665138840675354 4112
1771361754621 1.3427399396896362 4113
1771361754653 0.6916809678077698 4114
1771361754686 0.5158360004425049 4115
1771361754719 0.6881037354469299 4116
1771361754751 1.0291534662246704 4117
1771361754788 0.5213004946708679 4118
1771361754820 0.8491849899291992 4119
1771361754852 0.7372890710830688 4120
1771361754909 0.9694405198097229 4121
1771361754941 0.8534157872200012 4122
1771361754973 0.805695652961731 4123
1771361755009 0.1787416785955429 4124
1771361755042 0.7969915866851807 4125
1771361755094 1.0708996057510376 4126
1771361755126 0.813126802444458 4127
1771361755161 0.9220134019851685 4128
1771361755194 1.0086561441421509 4129
1771361755226 0.9459818601608276 4130
1771361755263 1.1947691440582275 4131
1771361755296 1.0350756645202637 4132
1771361755328 0.9063472747802734 4133
1771361755363 0.5910164713859558 4134
1771361755395 1.3527675867080688 4135
1771361755428 0.6847190856933594 4136
1771361755462 0.29358479380607605 4137
1771361755500 0.16562728583812714 4138
1771361755537 1.0328986644744873 4139
1771361755569 0.7722117900848389 4140
1771361755602 0.5837375521659851 4141
1771361755637 0.8510443568229675 4142
1771361755670 0.5030428767204285 4143
1771361755702 0.5009871125221252 4144
1771361755742 0.7366878390312195 4145
1771361755774 0.8395304083824158 4146
1771361755812 0.7295234203338623 4147
1771361755846 0.23238533735275269 4148
1771361755878 0.5573621988296509 4149
1771361755914 0.28123968839645386 4150
1771361755951 0.5916644930839539 4151
1771361755983 1.1244456768035889 4152
1771361756018 0.759129524230957 4153
1771361756050 0.640572190284729 4154
1771361756118 0.510815441608429 4155
1771361756151 0.8518077731132507 4156
1771361756187 0.3725486695766449 4157
1771361756220 0.7819317579269409 4158
1771361756252 1.0288177728652954 4159
1771361756285 0.6045284271240234 4160
1771361756324 0.36977657675743103 4161
1771361756356 0.4830057919025421 4162
1771361756389 0.14624877274036407 4163
1771361756421 0.6236729621887207 4164
1771361756453 0.6923935413360596 4165
1771361756485 0.44998976588249207 4166
1771361756521 0.7401949763298035 4167
1771361756557 0.4591963291168213 4168
1771361756592 0.8746023178100586 4169
1771361756627 0.5711431503295898 4170
1771361756661 0.6193644404411316 4171
1771361756693 0.30622315406799316 4172
1771361756730 1.100821852684021 4173
1771361756763 0.8457223773002625 4174
1771361756799 1.0101547241210938 4175
1771361756831 1.5348429679870605 4176
1771361756871 1.06400465965271 4177
1771361756909 0.6215495467185974 4178
1771361756942 0.8966589570045471 4179
1771361756980 0.9365521669387817 4180
1771361757015 0.9017940163612366 4181
1771361757047 0.22388076782226562 4182
1771361757081 0.7054380178451538 4183
1771361757123 1.0058537721633911 4184
1771361757162 0.424980491399765 4185
1771361757200 0.5128589272499084 4186
1771361757232 0.5944027304649353 4187
1771361757265 1.0477405786514282 4188
1771361757302 0.7100628018379211 4189
1771361757334 0.3784276843070984 4190
1771361757366 0.9159615635871887 4191
1771361757398 0.6297053098678589 4192
1771361757432 0.5386264324188232 4193
1771361757464 0.9426902532577515 4194
1771361757517 0.717606782913208 4195
1771361757550 0.5995782017707825 4196
1771361757581 0.6263476610183716 4197
1771361757609 0.602550745010376 4198
1771361757637 0.9120991230010986 4199
1771361757665 1.2113827466964722 4200
1771361757694 1.0475612878799438 4201
1771361757721 0.6552017331123352 4202
1771361757750 0.7579644322395325 4203
1771361757778 0.3514196574687958 4204
1771361757806 0.5271083116531372 4205
1771361757834 0.9040876626968384 4206
1771361757861 1.0253170728683472 4207
1771361757890 0.7106265425682068 4208
1771361757919 0.4491821527481079 4209
1771361757947 0.5467491745948792 4210
1771361757976 0.699378490447998 4211
1771361758005 0.8940132260322571 4212
1771361758034 0.6892768740653992 4213
1771361758062 0.40767326951026917 4214
1771361758091 0.6189417243003845 4215
1771361758119 0.2463388442993164 4216
1771361758148 0.6043422222137451 4217
1771361758176 0.7316216230392456 4218
1771361758204 0.6747344136238098 4219
1771361758231 0.9145784378051758 4220
1771361758269 0.7128097414970398 4221
1771361758298 0.41509944200515747 4222
1771361758327 0.6669590473175049 4223
1771361758355 0.8656450510025024 4224
1771361758383 0.7328149676322937 4225
1771361758411 1.268871545791626 4226
1771361758439 0.3327314257621765 4227
1771361758467 0.7597842812538147 4228
1771361758496 0.8897102475166321 4229
1771361758524 0.5064507126808167 4230
1771361758552 0.6016559600830078 4231
1771361758580 0.7999882698059082 4232
1771361758609 0.6676161885261536 4233
1771361758637 0.46841853857040405 4234
1771361758665 0.5913223624229431 4235
1771361758694 0.3961312472820282 4236
1771361758724 0.902328610420227 4237
1771361758753 0.17976011335849762 4238
1771361758781 0.47868695855140686 4239
1771361758810 0.6705852150917053 4240
1771361758839 0.9141294360160828 4241
1771361758867 0.5476750731468201 4242
1771361758896 0.14601963758468628 4243
1771361758926 0.5076421499252319 4244
1771361758955 0.33558735251426697 4245
1771361758984 0.839723527431488 4246
1771361759013 0.514531672000885 4247
1771361759042 0.7136445641517639 4248
1771361759071 0.8101519346237183 4249
1771361759099 0.9739162921905518 4250
1771361759127 0.8590632677078247 4251
1771361759157 0.7828636169433594 4252
1771361759185 0.4723232090473175 4253
1771361759213 0.6488717198371887 4254
1771361759243 0.5699385404586792 4255
1771361759272 0.9923383593559265 4256
1771361759300 1.1779098510742188 4257
1771361759328 0.7921872138977051 4258
1771361759357 0.4664861559867859 4259
1771361759387 0.8149144053459167 4260
1771361759416 0.5611615180969238 4261
1771361759445 0.19491368532180786 4262
1771361759473 0.7071706652641296 4263
1771361759502 0.46564385294914246 4264
1771361759530 0.6466929912567139 4265
1771361759558 0.5583401322364807 4266
1771361759587 0.35455992817878723 4267
1771361759615 0.41918042302131653 4268
1771361759644 0.5315498113632202 4269
1771361759673 1.1296738386154175 4270
1771361759700 0.6464391350746155 4271
1771361759729 0.8783226013183594 4272
1771361759757 0.3757050931453705 4273
1771361759786 0.5765315294265747 4274
1771361759814 0.48774299025535583 4275
1771361759843 0.8406909704208374 4276
1771361759870 0.6533796191215515 4277
1771361759898 0.2759972810745239 4278
1771361759926 0.9743070006370544 4279
1771361759954 0.4946586787700653 4280
1771361759982 1.4106473922729492 4281
1771361760010 1.2116115093231201 4282
1771361760039 0.42109373211860657 4283
1771361760066 0.9210858345031738 4284
1771361760095 0.800414502620697 4285
1771361760124 0.37202975153923035 4286
1771361760153 0.5412864685058594 4287
1771361760181 0.6273733973503113 4288
1771361760209 0.7776535749435425 4289
1771361760237 0.8091306686401367 4290
1771361760266 0.27244269847869873 4291
1771361760295 0.7852638363838196 4292
1771361760324 0.8269834518432617 4293
1771361760353 0.7996950149536133 4294
1771361760383 0.7237094640731812 4295
1771361760411 0.539716362953186 4296
1771361760441 0.7709090113639832 4297
1771361760470 0.34672853350639343 4298
1771361760498 0.4431689381599426 4299
1771361760527 0.33902913331985474 4300
1771361760555 0.4680989384651184 4301
1771361760584 0.6077538132667542 4302
1771361760613 0.7477737069129944 4303
1771361760642 0.5112354755401611 4304
1771361760671 0.27559763193130493 4305
1771361760700 0.7386647462844849 4306
1771361760729 0.39190608263015747 4307
1771361760758 0.5177797675132751 4308
1771361760786 0.748296856880188 4309
1771361760815 0.7187650799751282 4310
1771361760844 0.7437651753425598 4311
1771361760873 0.2955078184604645 4312
1771361760901 0.4985615313053131 4313
1771361760929 0.44258949160575867 4314
1771361760958 0.5461325645446777 4315
1771361760986 0.842124342918396 4316
1771361761014 0.5147212147712708 4317
1771361761042 0.538832426071167 4318
1771361761069 0.5149720311164856 4319
1771361761097 0.971893846988678 4320
1771361761125 1.2736328840255737 4321
1771361761153 0.7275487780570984 4322
1771361761181 0.45646145939826965 4323
1771361761208 0.5666131973266602 4324
1771361761236 0.6215687990188599 4325
1771361761263 0.5046535730361938 4326
1771361761291 0.24245254695415497 4327
1771361761319 0.5725849270820618 4328
1771361761347 0.5779587626457214 4329
1771361761374 0.7613837718963623 4330
1771361761402 0.39627042412757874 4331
1771361761429 0.7321826815605164 4332
1771361761457 0.758979082107544 4333
1771361761484 0.8736942410469055 4334
1771361761512 0.9230329394340515 4335
1771361761540 0.2882469594478607 4336
1771361761568 0.7121680974960327 4337
1771361761595 0.9156835079193115 4338
1771361761622 0.9886192083358765 4339
1771361761650 0.6653718948364258 4340
1771361761677 0.48757341504096985 4341
1771361761705 1.1828159093856812 4342
1771361761732 1.6325401067733765 4343
1771361761761 0.7271307110786438 4344
1771361761790 0.6433167457580566 4345
1771361761820 0.7460840940475464 4346
1771361761847 0.8632767796516418 4347
1771361761875 0.4858649969100952 4348
1771361761903 0.5270759463310242 4349
1771361761931 0.8786820769309998 4350
1771361761960 1.1929399967193604 4351
1771361761988 0.520494282245636 4352
1771361762017 0.5995537042617798 4353
1771361762045 0.47683030366897583 4354
1771361762073 0.3525562882423401 4355
1771361762102 0.6639825701713562 4356
1771361762130 1.8803826570510864 4357
1771361762158 1.4347211122512817 4358
1771361762186 0.6285622119903564 4359
1771361762215 0.6809405088424683 4360
1771361762243 0.3328891098499298 4361
1771361762272 1.4512803554534912 4362
1771361762300 0.6870509386062622 4363
1771361762328 0.6134654879570007 4364
1771361762356 0.6475523114204407 4365
1771361762383 0.4040495753288269 4366
1771361762411 0.6404213905334473 4367
1771361762439 0.8281222581863403 4368
1771361762466 0.7491098046302795 4369
1771361762494 0.17105138301849365 4370
1771361762528 0.6715317964553833 4371
1771361762559 0.6172632575035095 4372
1771361762589 0.5253350734710693 4373
1771361762620 0.7415655851364136 4374
1771361762649 0.5329428911209106 4375
1771361762679 1.1238806247711182 4376
1771361762708 0.6845604777336121 4377
1771361762737 0.7891033887863159 4378
1771361762766 0.9891093969345093 4379
1771361762794 0.3179791569709778 4380
1771361762822 0.9484122395515442 4381
1771361762850 0.6765801906585693 4382
1771361762879 0.5541841983795166 4383
1771361762908 0.7069115042686462 4384
1771361762937 0.6040142178535461 4385
1771361762966 0.47541794180870056 4386
1771361762996 0.6251268982887268 4387
1771361763025 0.6725404858589172 4388
1771361763054 0.6578943133354187 4389
1771361763088 0.7226094603538513 4390
1771361763122 0.3614622950553894 4391
1771361763156 0.39481082558631897 4392
1771361763190 0.7474818825721741 4393
1771361763226 0.578936755657196 4394
1771361763261 0.4107947051525116 4395
1771361763296 0.8407679796218872 4396
1771361763330 0.5553783178329468 4397
1771361763365 0.8512966632843018 4398
1771361763398 0.3798646032810211 4399
1771361763430 1.2936720848083496 4400
1771361763464 0.2267385572195053 4401
1771361763497 0.7291240692138672 4402
1771361763530 0.6248369812965393 4403
1771361763563 0.7888364791870117 4404
1771361763595 0.5457444190979004 4405
1771361763627 0.8171243667602539 4406
1771361763660 0.4730221629142761 4407
1771361763692 0.5995902419090271 4408
1771361763724 0.9665910005569458 4409
1771361763756 1.2408925294876099 4410
1771361763788 0.6866317391395569 4411
1771361763820 1.3955307006835938 4412
1771361763852 0.31880590319633484 4413
1771361763884 0.7077083587646484 4414
1771361763917 0.62325119972229 4415
1771361763949 1.02047860622406 4416
1771361763982 1.1760379076004028 4417
1771361764014 0.6139258742332458 4418
1771361764047 0.6570925712585449 4419
1771361764081 0.321749210357666 4420
1771361764113 0.8809448480606079 4421
1771361764146 0.8154214024543762 4422
1771361764178 1.1591826677322388 4423
1771361764210 0.6524287462234497 4424
1771361764242 0.6324558854103088 4425
1771361764277 0.6493346691131592 4426
1771361764309 0.6879199743270874 4427
1771361764343 0.7443466186523438 4428
1771361764380 0.7605935335159302 4429
1771361764414 0.40701425075531006 4430
1771361764446 0.44126397371292114 4431
1771361764479 0.5922688841819763 4432
1771361764513 0.7220398783683777 4433
1771361764546 0.8713734745979309 4434
1771361764579 0.6494519114494324 4435
1771361764612 0.9084340333938599 4436
1771361764646 0.47629523277282715 4437
1771361764679 0.16337084770202637 4438
1771361764712 0.7120919823646545 4439
1771361764746 0.35644587874412537 4440
1771361764778 0.6145331263542175 4441
1771361764811 0.7298550605773926 4442
1771361764845 0.7127987146377563 4443
1771361764878 0.9584903120994568 4444
1771361764910 0.732020378112793 4445
1771361764943 0.4035201966762543 4446
1771361764976 0.5671421885490417 4447
1771361765010 1.4030206203460693 4448
1771361765043 0.8246266841888428 4449
1771361765077 0.9034329652786255 4450
1771361765110 1.3789294958114624 4451
1771361765143 0.721135675907135 4452
1771361765176 0.6918193101882935 4453
1771361765209 0.6709441542625427 4454
1771361765243 0.9972452521324158 4455
1771361765276 0.37335965037345886 4456
1771361765310 0.6041432023048401 4457
1771361765343 0.41920554637908936 4458
1771361765376 0.6373834609985352 4459
1771361765412 0.415817528963089 4460
1771361765446 0.2664242088794708 4461
1771361765478 1.2151840925216675 4462
1771361765511 0.5927994251251221 4463
1771361765543 0.7242859601974487 4464
1771361765575 1.11846125125885 4465
1771361765607 1.0933820009231567 4466
1771361765641 0.6206672787666321 4467
1771361765674 0.8185224533081055 4468
1771361765707 0.9529043436050415 4469
1771361765740 0.8381906747817993 4470
1771361765772 0.9800872206687927 4471
1771361765804 0.8316537141799927 4472
1771361765836 1.0657703876495361 4473
1771361765868 0.40010130405426025 4474
1771361765901 0.7724077701568604 4475
1771361765933 1.2960227727890015 4476
1771361765967 0.4689982831478119 4477
1771361765999 1.3601866960525513 4478
1771361766032 1.005140781402588 4479
1771361766065 0.6084412336349487 4480
1771361766099 0.4686658978462219 4481
1771361766132 0.882864773273468 4482
1771361766164 0.8642205595970154 4483
1771361766198 0.677552342414856 4484
1771361766231 0.4469911456108093 4485
1771361766263 0.3930720388889313 4486
1771361766296 0.22557152807712555 4487
1771361766328 0.7274492383003235 4488
1771361766362 0.15774522721767426 4489
1771361766395 0.6692886352539062 4490
1771361766429 0.2820127606391907 4491
1771361766467 0.554507851600647 4492
1771361766503 0.4335406422615051 4493
1771361766536 0.6350470781326294 4494
1771361766569 0.36119982600212097 4495
1771361766602 0.6462609171867371 4496
1771361766634 0.6528939604759216 4497
1771361766668 1.051552176475525 4498
1771361766701 1.0350090265274048 4499
1771361766733 0.7590964436531067 4500
1771361766765 0.416666179895401 4501
1771361766800 0.5880998373031616 4502
1771361766833 0.8468805551528931 4503
1771361766867 0.9144466519355774 4504
1771361766900 0.18482032418251038 4505
1771361766932 0.5870794653892517 4506
1771361766965 0.7014199495315552 4507
1771361766999 1.2390475273132324 4508
1771361767032 0.6967962384223938 4509
1771361767065 0.8220157027244568 4510
1771361767097 0.9236272573471069 4511
1771361767130 1.3133134841918945 4512
1771361767163 0.5758147835731506 4513
1771361767195 0.42124196887016296 4514
1771361767228 0.5828137993812561 4515
1771361767261 0.30704623460769653 4516
1771361767295 0.9548776745796204 4517
1771361767327 1.459890365600586 4518
1771361767360 0.5183624625205994 4519
1771361767393 0.49449077248573303 4520
1771361767426 1.301587462425232 4521
1771361767459 1.0559183359146118 4522
1771361767491 0.7997334599494934 4523
1771361767525 1.2090108394622803 4524
1771361767557 0.5965459942817688 4525
1771361767590 0.6271225810050964 4526
1771361767623 0.8796621561050415 4527
1771361767656 0.4145817756652832 4528
1771361767689 0.5184665322303772 4529
1771361767722 0.39936256408691406 4530
1771361767754 0.8278372883796692 4531
1771361767787 0.35850661993026733 4532
1771361767821 0.695711612701416 4533
1771361767854 0.5308442115783691 4534
1771361767886 0.6729233860969543 4535
1771361767920 0.27751660346984863 4536
1771361767953 1.0580476522445679 4537
1771361767985 0.7868781685829163 4538
1771361768018 0.4869409501552582 4539
1771361768051 0.5561443567276001 4540
1771361768083 0.6238929629325867 4541
1771361768116 0.7456536889076233 4542
1771361768149 0.8089572191238403 4543
1771361768182 0.8035607933998108 4544
1771361768215 0.5571475028991699 4545
1771361768248 0.5433647036552429 4546
1771361768281 0.7162092924118042 4547
1771361768313 0.6383317708969116 4548
1771361768347 1.0268855094909668 4549
1771361768379 0.5981605648994446 4550
1771361768412 0.5691366195678711 4551
1771361768445 0.2939737141132355 4552
1771361768479 0.605405330657959 4553
1771361768512 0.5150777101516724 4554
1771361768546 0.6293458342552185 4555
1771361768578 0.9190060496330261 4556
1771361768611 0.5824937224388123 4557
1771361768644 0.680616021156311 4558
1771361768677 0.28197330236434937 4559
1771361768710 1.1072168350219727 4560
1771361768743 0.9107893705368042 4561
1771361768776 0.6131188869476318 4562
1771361768809 0.7702383399009705 4563
1771361768842 0.5778050422668457 4564
1771361768876 0.7543128728866577 4565
1771361768909 0.6277565956115723 4566
1771361768942 0.7804800271987915 4567
1771361768975 0.8652165532112122 4568
1771361769009 0.8809612393379211 4569
1771361769042 1.0276379585266113 4570
1771361769075 0.791820228099823 4571
1771361769109 1.0388368368148804 4572
1771361769143 1.2976009845733643 4573
1771361769176 0.4488276243209839 4574
1771361769211 1.3130030632019043 4575
1771361769244 1.158043622970581 4576
1771361769277 0.5381854772567749 4577
1771361769311 0.5793758034706116 4578
1771361769344 1.006659746170044 4579
1771361769377 0.7042251825332642 4580
1771361769411 0.7554234266281128 4581
1771361769445 0.4188343584537506 4582
1771361769479 1.0758388042449951 4583
1771361769513 0.7501834034919739 4584
1771361769545 1.0618990659713745 4585
1771361769578 0.795785665512085 4586
1771361769611 0.6944335103034973 4587
1771361769644 0.5407389402389526 4588
1771361769677 0.8021057844161987 4589
1771361769710 0.8772194981575012 4590
1771361769743 0.4615708887577057 4591
1771361769775 0.46042126417160034 4592
1771361769808 1.1035104990005493 4593
1771361769842 0.11832462251186371 4594
1771361769876 1.1838622093200684 4595
1771361769908 1.2320374250411987 4596
1771361769941 0.7778546214103699 4597
1771361769974 0.5309723615646362 4598
1771361770008 1.5077736377716064 4599
1771361770041 0.9992946982383728 4600
1771361770075 0.33451029658317566 4601
1771361770108 0.9414796233177185 4602
1771361770142 0.8049910664558411 4603
1771361770175 0.5985215902328491 4604
1771361770209 0.9200605154037476 4605
1771361770242 0.50249844789505 4606
1771361770276 0.2642359435558319 4607
1771361770310 0.40215492248535156 4608
1771361770342 0.6068716049194336 4609
1771361770374 0.5163504481315613 4610
1771361770407 0.22532644867897034 4611
1771361770440 0.6694830060005188 4612
1771361770474 0.6461854577064514 4613
1771361770506 0.5808984041213989 4614
1771361770539 0.9118303060531616 4615
1771361770573 0.5430655479431152 4616
1771361770606 0.6889103651046753 4617
1771361770639 1.0288890600204468 4618
1771361770671 1.2457568645477295 4619
1771361770705 0.7724524736404419 4620
1771361770738 1.200425386428833 4621
1771361770771 1.2996324300765991 4622
1771361770803 1.109680414199829 4623
1771361770836 0.5487156510353088 4624
1771361770868 0.4555610120296478 4625
1771361770900 0.3396776616573334 4626
1771361770932 1.0575273036956787 4627
1771361770965 0.4626563489437103 4628
1771361770998 0.39057299494743347 4629
1771361771031 0.34465381503105164 4630
1771361771063 0.7270761728286743 4631
1771361771097 0.7387646436691284 4632
1771361771130 0.41584640741348267 4633
1771361771164 0.9174283146858215 4634
1771361771197 1.2211356163024902 4635
1771361771231 0.6435189843177795 4636
1771361771263 0.34019991755485535 4637
1771361771295 0.4415646195411682 4638
1771361771329 0.4420686364173889 4639
1771361771362 0.1800825446844101 4640
1771361771394 0.7659075856208801 4641
1771361771427 0.7549168467521667 4642
1771361771460 0.9536751508712769 4643
1771361771492 0.8969348669052124 4644
1771361771525 0.8529133796691895 4645
1771361771559 0.7401873469352722 4646
1771361771592 0.5959246158599854 4647
1771361771625 0.6936565041542053 4648
1771361771659 0.6882737278938293 4649
1771361771693 1.1618059873580933 4650
1771361771726 1.1153444051742554 4651
1771361771759 0.7571189403533936 4652
1771361771791 0.7043043971061707 4653
1771361771824 0.49914848804473877 4654
1771361771857 1.1030688285827637 4655
1771361771891 0.5120387673377991 4656
1771361771924 0.6439422965049744 4657
1771361771956 0.9239708781242371 4658
1771361771988 0.7495862245559692 4659
1771361772021 0.9414970278739929 4660
1771361772053 0.9261777400970459 4661
1771361772087 0.542522668838501 4662
1771361772121 1.3351783752441406 4663
1771361772153 1.267595887184143 4664
1771361772185 0.526637077331543 4665
1771361772218 0.5131178498268127 4666
1771361772252 0.6674732565879822 4667
1771361772285 1.419072151184082 4668
1771361772317 0.9293950200080872 4669
1771361772349 0.7622907757759094 4670
1771361772382 0.4595525562763214 4671
1771361772414 0.43889716267585754 4672
1771361772447 0.5683689713478088 4673
1771361772480 1.0787039995193481 4674
1771361772517 0.7933886051177979 4675
1771361772552 0.9802144169807434 4676
1771361772587 0.6646298170089722 4677
1771361772624 0.6968990564346313 4678
1771361772660 0.7001975178718567 4679
1771361772695 0.5871844291687012 4680
1771361772730 0.6735561490058899 4681
1771361772765 1.0337694883346558 4682
1771361772798 0.8300601840019226 4683
1771361772832 0.4844169318675995 4684
1771361772866 0.759280800819397 4685
1771361772900 0.6236700415611267 4686
1771361772933 1.0959954261779785 4687
1771361772966 0.8441694974899292 4688
1771361772997 1.8471252918243408 4689
1771361773040 0.42142951488494873 4690
1771361773076 0.3147450089454651 4691
1771361773110 0.5912852883338928 4692
1771361773143 0.7988213300704956 4693
1771361773178 0.8378264904022217 4694
1771361773211 0.8848857283592224 4695
1771361773246 0.24527673423290253 4696
1771361773281 0.6012845635414124 4697
1771361773316 0.6639325022697449 4698
1771361773351 0.8466849327087402 4699
1771361773384 0.4639362096786499 4700
1771361773416 0.7051365971565247 4701
1771361773448 0.7259753942489624 4702
1771361773482 0.4588797986507416 4703
1771361773516 0.7169195413589478 4704
1771361773548 0.6265335083007812 4705
1771361773581 0.7206669449806213 4706
1771361773614 0.6604561805725098 4707
1771361773647 0.35121360421180725 4708
1771361773680 0.9873323440551758 4709
1771361773712 0.5359355807304382 4710
1771361773746 0.5802050232887268 4711
1771361773778 0.9437552690505981 4712
1771361773811 0.5778732299804688 4713
1771361773844 0.8323622345924377 4714
1771361773877 0.44447994232177734 4715
1771361773910 0.2994515597820282 4716
1771361773942 0.47968360781669617 4717
1771361773974 0.7208741307258606 4718
1771361774007 0.3825621008872986 4719
1771361774040 0.6441523432731628 4720
1771361774072 0.3898773193359375 4721
1771361774106 1.1064239740371704 4722
1771361774138 0.571443498134613 4723
1771361774170 0.7697324752807617 4724
1771361774202 1.3957781791687012 4725
1771361774235 1.4450833797454834 4726
1771361774267 0.5176822543144226 4727
1771361774300 1.1827057600021362 4728
1771361774332 1.2002742290496826 4729
1771361774367 0.3927411437034607 4730
1771361774400 0.48436516523361206 4731
1771361774431 0.7296933531761169 4732
1771361774464 0.6205636858940125 4733
1771361774496 0.36795273423194885 4734
1771361774529 0.42742109298706055 4735
1771361774561 0.8322789072990417 4736
1771361774594 0.7723811268806458 4737
1771361774627 0.8924296498298645 4738
1771361774660 0.5235358476638794 4739
1771361774693 0.6586465239524841 4740
1771361774726 0.4153304696083069 4741
1771361774758 0.653168797492981 4742
1771361774792 1.0740139484405518 4743
1771361774825 1.0326528549194336 4744
1771361774857 0.559091329574585 4745
1771361774890 0.5133141875267029 4746
1771361774923 0.9663008451461792 4747
1771361774956 0.8021582961082458 4748
1771361774988 0.7655304670333862 4749
1771361775021 0.8683719038963318 4750
1771361775053 0.8655610680580139 4751
1771361775086 0.5222086310386658 4752
1771361775120 0.6316460371017456 4753
1771361775152 0.5794790387153625 4754
1771361775184 0.5502673387527466 4755
1771361775216 0.5853961706161499 4756
1771361775248 0.38484612107276917 4757
1771361775281 0.5913059115409851 4758
1771361775314 0.7081020474433899 4759
1771361775346 0.34678828716278076 4760
1771361775380 0.667156457901001 4761
1771361775416 0.30504298210144043 4762
1771361775449 0.8372579216957092 4763
1771361775481 0.21148672699928284 4764
1771361775514 0.8957107067108154 4765
1771361775547 0.7782778739929199 4766
1771361775579 0.13460998237133026 4767
1771361775613 0.5042697787284851 4768
1771361775645 0.754854142665863 4769
1771361775678 0.497196227312088 4770
1771361775710 0.6254329085350037 4771
1771361775744 0.5119240283966064 4772
1771361775777 0.6291834712028503 4773
1771361775809 0.7899127006530762 4774
1771361775842 0.3864392936229706 4775
1771361775875 1.1927235126495361 4776
1771361775909 0.7000583410263062 4777
1771361775943 0.7874125242233276 4778
1771361775975 0.9025660157203674 4779
1771361776008 0.9494604468345642 4780
1771361776041 0.9646154046058655 4781
1771361776075 0.2852303981781006 4782
1771361776108 0.7792022228240967 4783
1771361776142 0.7910175919532776 4784
1771361776174 0.9399017095565796 4785
1771361776207 0.7991904020309448 4786
1771361776239 0.3304571211338043 4787
1771361776273 1.0493382215499878 4788
1771361776305 0.444872111082077 4789
1771361776338 0.45188108086586 4790
1771361776371 0.6591588854789734 4791
1771361776404 0.5040813684463501 4792
1771361776441 0.4117796719074249 4793
1771361776477 1.018783688545227 4794
1771361776510 0.5104579925537109 4795
1771361776543 0.8077735900878906 4796
1771361776576 1.2138574123382568 4797
1771361776610 0.8131052255630493 4798
1771361776642 0.45735225081443787 4799
1771361776675 0.48091134428977966 4800
1771361776709 0.46752026677131653 4801
1771361776742 0.6716518998146057 4802
1771361776775 0.8825736045837402 4803
1771361776808 0.5852730870246887 4804
1771361776841 0.24985557794570923 4805
1771361776875 0.47514402866363525 4806
1771361776908 0.310824453830719 4807
1771361776941 0.8878321647644043 4808
1771361776974 0.8121293783187866 4809
1771361777008 0.4718160927295685 4810
1771361777040 0.6661955118179321 4811
1771361777073 0.6900880336761475 4812
1771361777105 0.29660555720329285 4813
1771361777137 0.8746148347854614 4814
1771361777169 0.7572749257087708 4815
1771361777203 0.7741369605064392 4816
1771361777235 0.49254554510116577 4817
1771361777268 0.4889675974845886 4818
1771361777301 0.3346799314022064 4819
1771361777333 0.3525434136390686 4820
1771361777365 0.9120146036148071 4821
1771361777398 0.692753791809082 4822
1771361777430 0.5541035532951355 4823
1771361777462 0.8389613032341003 4824
1771361777494 0.8148905038833618 4825
1771361777528 0.8456313610076904 4826
1771361777561 0.41001832485198975 4827
1771361777594 0.5496624708175659 4828
1771361777627 0.5416224002838135 4829
1771361777659 0.42417633533477783 4830
1771361777693 0.11428869515657425 4831
1771361777726 0.7643346190452576 4832
1771361777760 0.8082031011581421 4833
1771361777793 0.7072655558586121 4834
1771361777827 0.6267020106315613 4835
1771361777860 0.9333152770996094 4836
1771361777894 0.6709532141685486 4837
1771361777925 0.4454934000968933 4838
1771361777958 0.8884568810462952 4839
1771361777990 1.195534348487854 4840
1771361778023 0.7306379079818726 4841
1771361778055 1.0185755491256714 4842
1771361778088 0.595526397228241 4843
1771361778120 0.8347171545028687 4844
1771361778153 0.9089075922966003 4845
1771361778186 0.8761155009269714 4846
1771361778218 0.7605844140052795 4847
1771361778250 0.7647901177406311 4848
1771361778284 0.28414225578308105 4849
1771361778316 0.4620167911052704 4850
1771361778349 0.594897985458374 4851
1771361778381 0.6271783113479614 4852
1771361778413 0.6027855277061462 4853
1771361778443 0.5395307540893555 4854
1771361778472 0.846035361289978 4855
1771361778500 0.5384398698806763 4856
1771361778528 0.3834192156791687 4857
1771361778556 0.4898625314235687 4858
1771361778584 0.8108766674995422 4859
1771361778612 0.5599002838134766 4860
1771361778640 0.2543148398399353 4861
1771361778668 0.8057959675788879 4862
1771361778697 1.0454803705215454 4863
1771361778724 0.4478803873062134 4864
1771361778753 0.8451388478279114 4865
1771361778781 0.7707995772361755 4866
1771361778808 0.5253891944885254 4867
1771361778836 0.8311334252357483 4868
1771361778864 0.7837268710136414 4869
1771361778893 0.16784167289733887 4870
1771361778920 0.650093674659729 4871
1771361778949 0.8119496703147888 4872
1771361778978 0.2820182740688324 4873
1771361779006 0.7019246816635132 4874
1771361779034 0.7462961673736572 4875
1771361779063 0.2598775029182434 4876
1771361779091 0.9203879833221436 4877
1771361779118 0.9763306379318237 4878
1771361779146 1.0581445693969727 4879
1771361779174 0.9133517742156982 4880
1771361779201 0.5860869884490967 4881
1771361779229 0.8882468938827515 4882
1771361779257 0.8262616991996765 4883
1771361779284 0.340146005153656 4884
1771361779313 0.5140396952629089 4885
1771361779341 0.6239614486694336 4886
1771361779368 0.5445148348808289 4887
1771361779396 0.7096236348152161 4888
1771361779424 0.6877652406692505 4889
1771361779452 0.5957129597663879 4890
1771361779481 1.4711658954620361 4891
1771361779508 0.2685486078262329 4892
1771361779536 1.1780670881271362 4893
1771361779564 0.7114033102989197 4894
1771361779592 0.894054114818573 4895
1771361779620 0.7400327920913696 4896
1771361779648 0.44767093658447266 4897
1771361779677 0.336541086435318 4898
1771361779706 0.9449154138565063 4899
1771361779736 0.6541557312011719 4900
1771361779765 0.6284781694412231 4901
1771361779792 0.7768346667289734 4902
1771361779820 0.3361242711544037 4903
1771361779848 1.0541300773620605 4904
1771361779877 0.3815922439098358 4905
1771361779905 0.4996432960033417 4906
1771361779933 0.6813676953315735 4907
1771361779960 0.37876778841018677 4908
1771361779988 0.8571662306785583 4909
1771361780017 0.43651124835014343 4910
1771361780045 0.5685999393463135 4911
1771361780073 0.7317436337471008 4912
1771361780102 0.8020013570785522 4913
1771361780131 0.5413243174552917 4914
1771361780160 0.600019633769989 4915
1771361780188 0.28094977140426636 4916
1771361780217 0.5385950207710266 4917
1771361780246 0.7506951093673706 4918
1771361780275 0.39050614833831787 4919
1771361780305 1.074515700340271 4920
1771361780333 0.8708715438842773 4921
1771361780363 0.8554143309593201 4922
1771361780393 0.6536537408828735 4923
1771361780421 0.7490527033805847 4924
1771361780449 1.0623348951339722 4925
1771361780477 0.7717299461364746 4926
1771361780505 0.70006263256073 4927
1771361780534 0.6907438635826111 4928
1771361780563 0.6630321741104126 4929
1771361780591 0.42378121614456177 4930
1771361780619 0.591258704662323 4931
1771361780647 1.0782487392425537 4932
1771361780676 0.8502314686775208 4933
1771361780704 0.9348032474517822 4934
1771361780731 0.630604088306427 4935
1771361780759 1.161747694015503 4936
1771361780788 0.6788824200630188 4937
1771361780817 0.46279630064964294 4938
1771361780845 0.6598148941993713 4939
1771361780873 0.2688768208026886 4940
1771361780902 0.4605540335178375 4941
1771361780930 0.3848753571510315 4942
1771361780958 0.5387402176856995 4943
1771361780986 0.406017005443573 4944
1771361781015 0.32261326909065247 4945
1771361781043 0.7718976140022278 4946
1771361781070 0.7535842061042786 4947
1771361781098 0.7455308437347412 4948
1771361781126 1.1641744375228882 4949
1771361781154 0.18061916530132294 4950
1771361781182 0.6306543350219727 4951
1771361781210 0.2553543150424957 4952
1771361781239 0.7878361344337463 4953
1771361781268 0.9583348035812378 4954
1771361781296 0.39658159017562866 4955
1771361781325 0.6132282018661499 4956
1771361781353 0.5046103596687317 4957
1771361781382 0.44256195425987244 4958
1771361781410 0.724425733089447 4959
1771361781438 0.4398021697998047 4960
1771361781466 0.5960410833358765 4961
1771361781494 0.5172581672668457 4962
1771361781522 1.3671785593032837 4963
1771361781550 0.6801081895828247 4964
1771361781579 0.5933235883712769 4965
1771361781607 0.31156477332115173 4966
1771361781636 0.439586341381073 4967
1771361781664 0.3221377730369568 4968
1771361781693 0.7576767206192017 4969
1771361781722 0.741308331489563 4970
1771361781750 0.6679581999778748 4971
1771361781779 0.6920517086982727 4972
1771361781808 1.167840838432312 4973
1771361781837 0.20958073437213898 4974
1771361781865 0.21796418726444244 4975
1771361781894 1.0433194637298584 4976
1771361781922 0.7754236459732056 4977
1771361781950 0.660357654094696 4978
1771361781978 0.5842303037643433 4979
1771361782007 1.0959988832473755 4980
1771361782036 0.7283437848091125 4981
1771361782066 0.9283047318458557 4982
1771361782094 0.6961942315101624 4983
1771361782124 0.976012110710144 4984
1771361782152 0.6547502279281616 4985
1771361782181 0.511581540107727 4986
1771361782209 0.30815747380256653 4987
1771361782238 0.7789724469184875 4988
1771361782266 1.2571477890014648 4989
1771361782294 0.6295347809791565 4990
1771361782324 0.15080027282238007 4991
1771361782352 0.6906529664993286 4992
1771361782380 0.8498659729957581 4993
1771361782408 0.3857831656932831 4994
1771361782437 0.7456244230270386 4995
1771361782467 0.6309144496917725 4996
1771361782495 0.752845823764801 4997
1771361782528 0.44469860196113586 4998
1771361782559 0.6075571775436401 4999
1771361782591 0.4966667592525482 5000
1771361782623 0.44790148735046387 5001
1771361782654 0.679290771484375 5002
1771361782686 0.8364377617835999 5003
1771361782717 0.5687768459320068 5004
1771361782747 0.21652498841285706 5005
1771361782778 0.11675485968589783 5006
1771361782807 0.8513396382331848 5007
1771361782836 0.598430335521698 5008
1771361782868 0.5413800477981567 5009
1771361782898 0.42109665274620056 5010
1771361782927 0.6153580546379089 5011
1771361782956 0.22520118951797485 5012
1771361782986 0.4833099842071533 5013
1771361783018 0.6644136309623718 5014
1771361783048 0.9118261933326721 5015
1771361783079 0.8720645904541016 5016
1771361783108 0.3233373463153839 5017
1771361783143 0.33132314682006836 5018
1771361783176 0.5926461815834045 5019
1771361783209 0.8997663259506226 5020
1771361783241 0.9927846193313599 5021
1771361783274 1.1614956855773926 5022
1771361783306 1.2071971893310547 5023
1771361783339 0.27586379647254944 5024
1771361783371 0.8874564170837402 5025
1771361783404 0.38243603706359863 5026
1771361783436 0.5466353893280029 5027
1771361783468 0.8941315412521362 5028
1771361783500 0.896204948425293 5029
1771361783532 0.9196861982345581 5030
1771361783565 0.8166903257369995 5031
1771361783597 0.4825766384601593 5032
1771361783629 0.6319788694381714 5033
1771361783662 0.6614721417427063 5034
1771361783695 0.5298909544944763 5035
1771361783728 1.2271676063537598 5036
1771361783760 1.2546876668930054 5037
1771361783792 0.4685665965080261 5038
1771361783826 0.7625141739845276 5039
1771361783858 1.2609620094299316 5040
1771361783890 0.12045235931873322 5041
1771361783923 0.5997615456581116 5042
1771361783956 0.8142160773277283 5043
1771361783988 1.0967793464660645 5044
1771361784021 0.6532154083251953 5045
1771361784053 1.12261164188385 5046
1771361784086 0.8482872247695923 5047
1771361784122 0.75697922706604 5048
1771361784155 0.8694972395896912 5049
1771361784188 1.2411513328552246 5050
1771361784221 1.5728299617767334 5051
1771361784253 0.8829573392868042 5052
1771361784285 1.4605149030685425 5053
1771361784319 0.5997655391693115 5054
1771361784352 0.878614604473114 5055
1771361784385 0.685802698135376 5056
1771361784418 0.5875763297080994 5057
1771361784452 1.20786714553833 5058
1771361784485 0.9130302667617798 5059
1771361784520 0.5364633798599243 5060
1771361784552 0.7545438408851624 5061
1771361784584 0.36441031098365784 5062
1771361784617 0.825494647026062 5063
1771361784650 1.0167144536972046 5064
1771361784684 0.9765587449073792 5065
1771361784718 0.3479529917240143 5066
1771361784752 0.6232731342315674 5067
1771361784784 0.6772411465644836 5068
1771361784819 0.6872010231018066 5069
1771361784851 0.5332416296005249 5070
1771361784884 0.8744140863418579 5071
1771361784918 0.8977981805801392 5072
1771361784951 0.2608658969402313 5073
1771361784983 0.7809755802154541 5074
1771361785016 0.9411108493804932 5075
1771361785048 0.5001037120819092 5076
1771361785081 0.8852220177650452 5077
1771361785114 0.8455854654312134 5078
1771361785152 0.5176483392715454 5079
1771361785185 0.8499935865402222 5080
1771361785218 0.7417313456535339 5081
1771361785250 0.7288747429847717 5082
1771361785284 0.6964924931526184 5083
1771361785316 0.39789241552352905 5084
1771361785348 0.5608654022216797 5085
1771361785381 0.5265834927558899 5086
1771361785414 0.30586087703704834 5087
1771361785447 0.4199202358722687 5088
1771361785480 0.8390048146247864 5089
1771361785512 0.3999282419681549 5090
1771361785546 0.7648028135299683 5091
1771361785579 0.549927294254303 5092
1771361785612 0.795329213142395 5093
1771361785646 0.41880670189857483 5094
1771361785679 0.28180617094039917 5095
1771361785711 0.5400580763816833 5096
1771361785744 0.7669169902801514 5097
1771361785777 0.88053297996521 5098
1771361785810 0.619336724281311 5099
1771361785843 0.7873406410217285 5100
1771361785876 0.9169414043426514 5101
1771361785910 0.46667763590812683 5102
1771361785943 0.8473905324935913 5103
1771361785977 0.9160506725311279 5104
1771361786011 0.5396003127098083 5105
1771361786043 1.001249074935913 5106
1771361786076 0.7297859191894531 5107
1771361786109 0.4239552915096283 5108
1771361786142 0.6585355997085571 5109
1771361786178 0.4872397780418396 5110
1771361786215 0.6767112016677856 5111
1771361786247 0.9018893837928772 5112
1771361786280 0.6889374852180481 5113
1771361786312 1.1274763345718384 5114
1771361786345 0.8344003558158875 5115
1771361786377 1.0142107009887695 5116
1771361786409 0.2340269833803177 5117
1771361786442 1.1645594835281372 5118
1771361786474 0.7737520337104797 5119
1771361786507 0.6757930517196655 5120
1771361786539 0.7916430830955505 5121
1771361786571 0.7206475138664246 5122
1771361786603 0.4903670847415924 5123
1771361786636 1.0597079992294312 5124
1771361786668 1.6096593141555786 5125
1771361786701 0.8954275250434875 5126
1771361786733 0.3574012517929077 5127
1771361786766 0.41552069783210754 5128
1771361786799 0.986417293548584 5129
1771361786832 0.6788093447685242 5130
1771361786864 0.9216895699501038 5131
1771361786897 0.9582236409187317 5132
1771361786929 0.7992914915084839 5133
1771361786962 0.5902892351150513 5134
1771361786994 0.8082175254821777 5135
1771361787027 0.6624085307121277 5136
1771361787060 0.7980968356132507 5137
1771361787092 0.7494773864746094 5138
1771361787124 0.6870704889297485 5139
1771361787157 0.7047110199928284 5140
1771361787189 0.40900182723999023 5141
1771361787222 1.4100048542022705 5142
1771361787255 0.7181252241134644 5143
1771361787287 0.3304264545440674 5144
1771361787320 0.8442893028259277 5145
1771361787352 0.7180535197257996 5146
1771361787384 0.7510619163513184 5147
1771361787417 0.8098867535591125 5148
1771361787449 0.7742236852645874 5149
1771361787481 0.5835152268409729 5150
1771361787514 0.4740203320980072 5151
1771361787547 0.7908554673194885 5152
1771361787579 0.32367098331451416 5153
1771361787613 0.4496651291847229 5154
1771361787646 0.44756197929382324 5155
1771361787680 0.33410102128982544 5156
1771361787714 0.5559719800949097 5157
1771361787743 0.40906909108161926 5158
1771361787784 0.6129310727119446 5159
1771361787818 0.6219968199729919 5160
1771361787850 0.814032793045044 5161
1771361787883 0.4028409719467163 5162
1771361787917 0.692392885684967 5163
1771361787950 0.8899807333946228 5164
1771361787982 0.15916649997234344 5165
1771361788015 0.9313814043998718 5166
1771361788048 0.5125117301940918 5167
1771361788080 0.6745997667312622 5168
1771361788113 0.7409903407096863 5169
1771361788145 0.9890822172164917 5170
1771361788178 0.9062032699584961 5171
1771361788210 0.3154428005218506 5172
1771361788242 0.2833597958087921 5173
1771361788274 0.5627308487892151 5174
1771361788307 0.4495008885860443 5175
1771361788340 0.6832661032676697 5176
1771361788373 0.4874395430088043 5177
1771361788405 0.6865155696868896 5178
1771361788437 0.746567964553833 5179
1771361788469 1.1077039241790771 5180
1771361788501 0.23786653578281403 5181
1771361788533 0.6475585103034973 5182
1771361788565 0.5044465065002441 5183
1771361788597 0.2904672622680664 5184
1771361788629 0.5716342329978943 5185
1771361788661 0.3980174660682678 5186
1771361788694 0.4537953734397888 5187
1771361788727 1.2976748943328857 5188
1771361788760 0.9152597188949585 5189
1771361788793 0.38043412566185 5190
1771361788825 0.36029282212257385 5191
1771361788858 0.6132987141609192 5192
1771361788890 0.4408598244190216 5193
1771361788923 0.6224846839904785 5194
1771361788955 0.47593966126441956 5195
1771361788988 0.5038296580314636 5196
1771361789021 0.17412644624710083 5197
1771361789053 0.5896855592727661 5198
1771361789085 0.4409388303756714 5199
1771361789118 0.561025857925415 5200
1771361789150 0.5356257557868958 5201
1771361789182 0.7793397307395935 5202
1771361789214 0.8971554636955261 5203
1771361789248 0.9473060369491577 5204
1771361789280 0.42920753359794617 5205
1771361789312 0.9166813492774963 5206
1771361789345 0.6844155192375183 5207
1771361789377 1.003348708152771 5208
1771361789409 0.5469702482223511 5209
1771361789442 0.5051451325416565 5210
1771361789474 0.7391591668128967 5211
1771361789506 0.502843976020813 5212
1771361789539 0.9581359624862671 5213
1771361789571 0.5803150534629822 5214
1771361789604 0.45126593112945557 5215
1771361789636 0.6354362964630127 5216
1771361789669 0.5033613443374634 5217
1771361789701 0.832577645778656 5218
1771361789733 0.37945473194122314 5219
1771361789766 0.6038476228713989 5220
1771361789798 0.4521164298057556 5221
1771361789831 0.5282242894172668 5222
1771361789863 0.3085732161998749 5223
1771361789895 0.2287953495979309 5224
1771361789927 0.5633391737937927 5225
1771361789960 0.8424264788627625 5226
1771361789992 0.7152979969978333 5227
1771361790025 0.5371344089508057 5228
1771361790057 0.46406224370002747 5229
1771361790089 0.630689263343811 5230
1771361790122 0.6807337999343872 5231
1771361790154 0.43369826674461365 5232
1771361790187 0.4089215397834778 5233
1771361790220 0.5945183634757996 5234
1771361790252 0.3465968072414398 5235
1771361790285 0.6880271434783936 5236
1771361790317 1.1606268882751465 5237
1771361790351 0.638050377368927 5238
1771361790383 0.8447356820106506 5239
1771361790415 0.5187708735466003 5240
1771361790448 0.44724130630493164 5241
1771361790480 0.719778835773468 5242
1771361790513 1.526165246963501 5243
1771361790545 1.6751364469528198 5244
1771361790579 0.22193415462970734 5245
1771361790612 1.7086273431777954 5246
1771361790645 1.0672388076782227 5247
1771361790678 0.913184404373169 5248
1771361790711 0.5865542888641357 5249
1771361790744 0.4206063449382782 5250
1771361790778 0.6190606951713562 5251
1771361790813 0.2796505391597748 5252
1771361790845 0.7672801613807678 5253
1771361790879 0.49048563838005066 5254
1771361790912 0.5291237235069275 5255
1771361790945 1.0166003704071045 5256
1771361790978 1.0982475280761719 5257
1771361791012 0.7928715944290161 5258
1771361791046 0.3180277347564697 5259
1771361791080 0.7219221591949463 5260
1771361791113 0.7700026035308838 5261
1771361791147 0.32096901535987854 5262
1771361791180 0.34114333987236023 5263
1771361791213 0.44331473112106323 5264
1771361791246 1.0872015953063965 5265
1771361791279 0.668912410736084 5266
1771361791313 0.29253387451171875 5267
1771361791346 1.116298794746399 5268
1771361791379 0.9067233204841614 5269
1771361791412 0.7755373120307922 5270
1771361791445 0.8662063479423523 5271
1771361791479 0.6141554713249207 5272
1771361791512 0.700592577457428 5273
1771361791546 0.38422054052352905 5274
1771361791579 0.45127469301223755 5275
1771361791613 0.4587765634059906 5276
1771361791646 0.5012564063072205 5277
1771361791680 0.6750698685646057 5278
1771361791713 0.826744019985199 5279
1771361791747 0.3979097306728363 5280
1771361791781 0.900051474571228 5281
1771361791814 0.5825235247612 5282
1771361791847 0.8128865361213684 5283
1771361791881 0.2723224461078644 5284
1771361791915 0.768338680267334 5285
1771361791948 0.49331870675086975 5286
1771361791982 0.5276686549186707 5287
1771361792015 0.8149579763412476 5288
1771361792049 0.7561171650886536 5289
1771361792081 0.426758736371994 5290
1771361792114 0.5638118386268616 5291
1771361792147 0.9694019556045532 5292
1771361792181 1.0471916198730469 5293
1771361792215 0.32664021849632263 5294
1771361792249 0.5336663126945496 5295
1771361792283 0.7354356050491333 5296
1771361792317 0.8643155097961426 5297
1771361792350 0.20578427612781525 5298
1771361792382 0.18847490847110748 5299
1771361792417 0.6649659276008606 5300
1771361792450 0.7400612235069275 5301
1771361792483 0.8035243153572083 5302
1771361792520 0.6813237071037292 5303
1771361792555 0.5822242498397827 5304
1771361792591 0.24133805930614471 5305
1771361792625 0.8479657769203186 5306
1771361792659 0.5691410899162292 5307
1771361792693 0.2916613221168518 5308
1771361792728 0.5525892376899719 5309
1771361792761 0.826094925403595 5310
1771361792795 0.6106020212173462 5311
1771361792829 0.6307583451271057 5312
1771361792862 0.6595975756645203 5313
1771361792896 1.257145643234253 5314
1771361792929 1.2513864040374756 5315
1771361792963 0.5949493050575256 5316
1771361792997 0.7677209377288818 5317
1771361793032 0.4966573715209961 5318
1771361793065 0.809211790561676 5319
1771361793100 0.8214119076728821 5320
1771361793132 0.9149597883224487 5321
1771361793166 0.5286750197410583 5322
1771361793199 0.5598534345626831 5323
1771361793234 0.37855324149131775 5324
1771361793269 0.6361415982246399 5325
1771361793303 0.5724174380302429 5326
1771361793338 0.7592079639434814 5327
1771361793372 0.3371259272098541 5328
1771361793404 0.49052396416664124 5329
1771361793436 0.6772430539131165 5330
1771361793468 0.6118401885032654 5331
1771361793500 0.7158865332603455 5332
1771361793532 0.7878969311714172 5333
1771361793564 0.37528857588768005 5334
1771361793596 0.3703247904777527 5335
1771361793628 0.4445701837539673 5336
1771361793661 0.8806551098823547 5337
1771361793693 0.972346842288971 5338
1771361793725 0.7491356730461121 5339
1771361793757 0.8706908822059631 5340
1771361793790 0.3128691613674164 5341
1771361793822 1.0687307119369507 5342
1771361793854 0.911462128162384 5343
1771361793887 0.8080939054489136 5344
1771361793919 0.873805820941925 5345
1771361793952 0.8113909363746643 5346
1771361793984 0.9307378530502319 5347
1771361794017 0.24545268714427948 5348
1771361794049 0.5225624442100525 5349
1771361794082 0.948327898979187 5350
1771361794114 0.3926564157009125 5351
1771361794147 0.5771879553794861 5352
1771361794179 0.8113421201705933 5353
1771361794212 0.5448552370071411 5354
1771361794244 0.5230568051338196 5355
1771361794276 0.49770018458366394 5356
1771361794309 0.5821142792701721 5357
1771361794342 0.969830334186554 5358
1771361794376 0.5867435932159424 5359
1771361794410 1.0216554403305054 5360
1771361794442 0.7003064751625061 5361
1771361794474 0.24281109869480133 5362
1771361794507 0.7273873090744019 5363
1771361794539 0.8379787802696228 5364
1771361794572 0.7139715552330017 5365
1771361794604 0.684515655040741 5366
1771361794637 0.4196699261665344 5367
1771361794669 0.8526853919029236 5368
1771361794702 0.6649165749549866 5369
1771361794734 0.5938363671302795 5370
1771361794767 0.15306489169597626 5371
1771361794800 0.47866326570510864 5372
1771361794832 0.6342893838882446 5373
1771361794865 0.21355420351028442 5374
1771361794897 0.40948647260665894 5375
1771361794930 0.9005318284034729 5376
1771361794963 1.2624917030334473 5377
1771361794996 1.123395323753357 5378
1771361795029 0.2502978444099426 5379
1771361795062 0.9090019464492798 5380
1771361795094 0.7133318781852722 5381
1771361795127 0.685451865196228 5382
1771361795160 0.7817221283912659 5383
1771361795192 0.5622163414955139 5384
1771361795225 0.6127815842628479 5385
1771361795258 0.5779284238815308 5386
1771361795290 0.7019110918045044 5387
1771361795322 0.7065564393997192 5388
1771361795354 0.7787567973136902 5389
1771361795389 0.8310536742210388 5390
1771361795424 1.2315361499786377 5391
1771361795456 0.696968674659729 5392
1771361795489 0.7244746685028076 5393
1771361795521 0.830452561378479 5394
1771361795553 0.7372764945030212 5395
1771361795586 0.4133800268173218 5396
1771361795617 0.7174615263938904 5397
1771361795650 0.7810415625572205 5398
1771361795682 0.7730992436408997 5399
1771361795714 0.7358113527297974 5400
1771361795745 0.7709993720054626 5401
1771361795777 0.7294501662254333 5402
1771361795810 0.3763403296470642 5403
1771361795842 0.5127801299095154 5404
1771361795874 0.6689963936805725 5405
1771361795907 0.698859453201294 5406
1771361795941 0.7689394354820251 5407
1771361795974 0.7647873163223267 5408
1771361796006 0.28022992610931396 5409
1771361796038 0.523135781288147 5410
1771361796071 1.1301016807556152 5411
1771361796103 0.6707742810249329 5412
1771361796136 0.5340782999992371 5413
1771361796168 0.6196239590644836 5414
1771361796201 0.4673619866371155 5415
1771361796233 0.6017780900001526 5416
1771361796266 0.4516136646270752 5417
1771361796300 0.6978345513343811 5418
1771361796332 0.7676133513450623 5419
1771361796364 0.7622206807136536 5420
1771361796397 1.1627296209335327 5421
1771361796433 0.5052119493484497 5422
1771361796469 0.6491657495498657 5423
1771361796502 1.0156676769256592 5424
1771361796534 0.5408785343170166 5425
1771361796567 0.2479025423526764 5426
1771361796600 0.6766787171363831 5427
1771361796633 0.617954432964325 5428
1771361796665 0.4489634037017822 5429
1771361796698 0.5818260908126831 5430
1771361796730 0.6687598824501038 5431
1771361796763 1.1947441101074219 5432
1771361796796 0.9301010370254517 5433
1771361796828 0.974744439125061 5434
1771361796861 0.4392364025115967 5435
1771361796894 1.1024104356765747 5436
1771361796926 1.1606913805007935 5437
1771361796959 0.759648323059082 5438
1771361796992 0.9833422899246216 5439
1771361797024 0.09576693922281265 5440
1771361797057 0.2728535532951355 5441
1771361797091 0.48955535888671875 5442
1771361797124 0.3500690460205078 5443
1771361797157 0.6457215547561646 5444
1771361797190 0.6709457039833069 5445
1771361797222 0.644487738609314 5446
1771361797254 0.47604942321777344 5447
1771361797286 0.8272581100463867 5448
1771361797320 0.7631882429122925 5449
1771361797352 0.4134727716445923 5450
1771361797384 0.5135244131088257 5451
1771361797417 0.6756198406219482 5452
1771361797450 0.7579104900360107 5453
1771361797482 1.0042247772216797 5454
1771361797515 0.7155641913414001 5455
1771361797548 0.5802291631698608 5456
1771361797580 0.2472173422574997 5457
1771361797613 0.48183539509773254 5458
1771361797645 0.42113128304481506 5459
1771361797678 0.7438455820083618 5460
1771361797710 0.9197301864624023 5461
1771361797743 0.4562733471393585 5462
1771361797775 0.6495272517204285 5463
1771361797807 0.7174838781356812 5464
1771361797839 0.7065179347991943 5465
1771361797872 0.6753333806991577 5466
1771361797905 0.3839416801929474 5467
1771361797937 0.9291107058525085 5468
1771361797970 0.2579924762248993 5469
1771361798002 0.5261573195457458 5470
1771361798034 0.8289737701416016 5471
1771361798067 1.14595365524292 5472
1771361798099 1.224697232246399 5473
1771361798132 0.7906292676925659 5474
1771361798165 0.7976915836334229 5475
1771361798197 1.1095852851867676 5476
1771361798229 1.1579769849777222 5477
1771361798262 0.7713353037834167 5478
1771361798295 0.5701035857200623 5479
1771361798327 0.8954915404319763 5480
1771361798360 0.19172494113445282 5481
1771361798393 1.0406190156936646 5482
1771361798425 0.9464527368545532 5483
1771361798458 0.6718093752861023 5484
1771361798490 0.6519040465354919 5485
1771361798523 1.0279560089111328 5486
1771361798555 0.9427239894866943 5487
1771361798588 0.8263986110687256 5488
1771361798620 0.4167059659957886 5489
1771361798652 0.6612026691436768 5490
1771361798685 0.4434807300567627 5491
1771361798718 0.7496547698974609 5492
1771361798751 0.8991142511367798 5493
1771361798783 0.5064286589622498 5494
1771361798816 0.9232746958732605 5495
1771361798849 0.8616169691085815 5496
1771361798882 0.45586198568344116 5497
1771361798915 0.43050235509872437 5498
1771361798948 0.5914671421051025 5499
1771361798982 0.644567608833313 5500
1771361799016 0.5687309503555298 5501
1771361799048 1.1096433401107788 5502
1771361799081 0.417341411113739 5503
1771361799115 0.4262690544128418 5504
1771361799149 0.8008806705474854 5505
1771361799182 0.7230443358421326 5506
1771361799214 0.37749022245407104 5507
1771361799248 0.7598996758460999 5508
1771361799281 0.6939665079116821 5509
1771361799314 0.29176846146583557 5510
1771361799347 0.7180659174919128 5511
1771361799381 0.728385865688324 5512
1771361799414 0.7337005734443665 5513
1771361799447 0.37749868631362915 5514
1771361799480 1.1380743980407715 5515
1771361799513 0.41286373138427734 5516
1771361799544 0.8964517116546631 5517
1771361799577 0.36503058671951294 5518
1771361799610 0.5710931420326233 5519
1771361799643 0.5217540860176086 5520
1771361799676 0.5807756185531616 5521
1771361799710 0.46663355827331543 5522
1771361799742 0.5589805245399475 5523
1771361799776 0.17671702802181244 5524
1771361799808 0.7406079769134521 5525
1771361799840 0.9949515461921692 5526
1771361799872 1.1972999572753906 5527
1771361799905 0.6898714900016785 5528
1771361799938 1.6734089851379395 5529
1771361799970 0.8137645721435547 5530
1771361800003 0.3632504940032959 5531
1771361800036 0.5009011626243591 5532
1771361800069 1.0422755479812622 5533
1771361800101 0.8347203135490417 5534
1771361800133 0.5470821261405945 5535
1771361800166 0.8616430163383484 5536
1771361800198 0.2963845729827881 5537
1771361800231 0.8123920559883118 5538
1771361800263 0.46595773100852966 5539
1771361800295 0.24254924058914185 5540
1771361800329 0.5663267374038696 5541
1771361800362 0.35486453771591187 5542
1771361800395 0.4127696752548218 5543
1771361800429 0.7576490640640259 5544
1771361800461 0.982650101184845 5545
1771361800493 0.9869771003723145 5546
1771361800526 0.8252379894256592 5547
1771361800558 0.8822402358055115 5548
1771361800592 1.039889931678772 5549
1771361800624 1.081648588180542 5550
1771361800657 0.23965829610824585 5551
1771361800690 0.42329901456832886 5552
1771361800723 0.4083625376224518 5553
1771361800755 0.7705046534538269 5554
1771361800790 0.6108277440071106 5555
1771361800822 0.49735164642333984 5556
1771361800854 0.6757667660713196 5557
1771361800887 0.8021768927574158 5558
1771361800920 0.5836890935897827 5559
1771361800954 0.5126550197601318 5560
1771361800986 0.7491841912269592 5561
1771361801018 0.9501634836196899 5562
1771361801051 0.9266914129257202 5563
1771361801084 1.386660099029541 5564
1771361801117 0.9193224906921387 5565
1771361801150 0.7305569648742676 5566
1771361801183 0.9185861349105835 5567
1771361801217 0.6492178440093994 5568
1771361801250 0.6894021034240723 5569
1771361801282 1.05929434299469 5570
1771361801315 0.4748563766479492 5571
1771361801348 0.708721935749054 5572
1771361801380 0.36946746706962585 5573
1771361801412 0.44783666729927063 5574
1771361801444 0.9555897116661072 5575
1771361801476 0.5772098898887634 5576
1771361801509 0.6489242315292358 5577
1771361801541 0.9966576099395752 5578
1771361801575 0.7858397364616394 5579
1771361801607 0.23034322261810303 5580
1771361801639 0.3601221442222595 5581
1771361801672 0.8611892461776733 5582
1771361801705 0.9448882937431335 5583
1771361801740 0.8024076819419861 5584
1771361801772 1.049212098121643 5585
1771361801806 0.9726405739784241 5586
1771361801838 0.8850733637809753 5587
1771361801871 0.633273184299469 5588
1771361801903 0.5856898427009583 5589
1771361801937 0.7227670550346375 5590
1771361801970 0.7384547591209412 5591
1771361802002 0.6508063077926636 5592
1771361802034 0.6167213320732117 5593
1771361802068 1.0703762769699097 5594
1771361802102 0.9502942562103271 5595
1771361802135 0.8664764165878296 5596
1771361802168 0.8320162892341614 5597
1771361802201 0.5428311824798584 5598
1771361802233 0.25789129734039307 5599
1771361802266 0.9156468510627747 5600
1771361802300 0.5528554320335388 5601
1771361802333 0.3648066818714142 5602
1771361802367 0.6388903856277466 5603
1771361802401 0.9552000761032104 5604
1771361802433 0.43983399868011475 5605
1771361802466 0.46624264121055603 5606
1771361802500 0.4628044366836548 5607
1771361802532 1.5409411191940308 5608
1771361802561 0.6025786399841309 5609
1771361802589 0.7559771537780762 5610
1771361802618 0.380985289812088 5611
1771361802648 0.5799282193183899 5612
1771361802677 0.4763302803039551 5613
1771361802705 0.7194799184799194 5614
1771361802734 0.5380140542984009 5615
1771361802763 0.5995316505432129 5616
1771361802790 1.3028554916381836 5617
1771361802818 0.7791639566421509 5618
1771361802846 0.95805823802948 5619
1771361802874 0.16368667781352997 5620
1771361802901 0.5005390048027039 5621
1771361802929 0.38330236077308655 5622
1771361802958 0.5582641959190369 5623
1771361802986 0.9245027899742126 5624
1771361803014 0.23065511882305145 5625
1771361803042 0.25396740436553955 5626
1771361803068 0.30409783124923706 5627
1771361803104 0.8052017688751221 5628
1771361803132 0.5777674317359924 5629
1771361803161 0.4982917308807373 5630
1771361803189 0.34340640902519226 5631
1771361803216 0.2711803615093231 5632
1771361803245 0.40199917554855347 5633
1771361803275 0.8012444376945496 5634
1771361803304 0.6954666972160339 5635
1771361803332 0.157051220536232 5636
1771361803361 0.6254445910453796 5637
1771361803388 0.4826242923736572 5638
1771361803415 1.0169706344604492 5639
1771361803441 0.23032121360301971 5640
1771361803468 0.531200110912323 5641
1771361803495 0.5976338386535645 5642
1771361803521 0.21651814877986908 5643
1771361803547 0.6725590825080872 5644
1771361803573 1.0118502378463745 5645
1771361803600 0.4840749204158783 5646
1771361803626 1.038080096244812 5647
1771361803652 0.49441057443618774 5648
1771361803679 0.690405547618866 5649
1771361803706 0.47076788544654846 5650
1771361803734 0.9377874135971069 5651
1771361803761 0.6982513666152954 5652
1771361803788 0.34213531017303467 5653
1771361803815 0.3994012773036957 5654
1771361803842 0.44950437545776367 5655
1771361803869 0.6557331681251526 5656
1771361803896 0.49646690487861633 5657
1771361803923 0.8934797048568726 5658
1771361803949 0.8558886051177979 5659
1771361803977 0.3832706809043884 5660
1771361804004 0.8483586311340332 5661
1771361804030 0.3785824179649353 5662
1771361804058 0.6481399536132812 5663
1771361804084 0.6181730031967163 5664
1771361804112 0.7800469994544983 5665
1771361804139 0.7374156713485718 5666
1771361804166 0.6964302062988281 5667
1771361804194 0.6229307055473328 5668
1771361804222 0.41114291548728943 5669
1771361804250 0.8126113414764404 5670
1771361804278 0.5333058834075928 5671
1771361804306 0.597565770149231 5672
1771361804335 0.4798484146595001 5673
1771361804363 0.16478560864925385 5674
1771361804391 0.38624250888824463 5675
1771361804419 0.4552951753139496 5676
1771361804446 0.6804938912391663 5677
1771361804474 0.12634198367595673 5678
1771361804501 0.5510178208351135 5679
1771361804528 0.5603059530258179 5680
1771361804556 0.6634042859077454 5681
1771361804584 0.8499768972396851 5682
1771361804612 0.5831916928291321 5683
1771361804639 0.5041904449462891 5684
1771361804667 0.5078616142272949 5685
1771361804694 0.36899569630622864 5686
1771361804722 1.1388938426971436 5687
1771361804750 0.9445353150367737 5688
1771361804778 0.6682263016700745 5689
1771361804806 0.22152943909168243 5690
1771361804835 0.7455253601074219 5691
1771361804862 0.7441967725753784 5692
1771361804890 0.6149307489395142 5693
1771361804917 0.7959690690040588 5694
1771361804944 0.9501197338104248 5695
1771361804972 0.1084582582116127 5696
1771361805000 0.22457341849803925 5697
1771361805027 1.2286968231201172 5698
1771361805054 1.5009721517562866 5699
1771361805082 0.5909839272499084 5700
1771361805109 0.5934305787086487 5701
1771361805137 0.5898850560188293 5702
1771361805164 0.7035230994224548 5703
1771361805191 0.4232648015022278 5704
1771361805220 0.43000084161758423 5705
1771361805249 0.972925066947937 5706
1771361805276 1.1201101541519165 5707
1771361805303 0.730883002281189 5708
1771361805330 1.0579487085342407 5709
1771361805358 0.25744929909706116 5710
1771361805385 0.6026021242141724 5711
1771361805417 0.5322911739349365 5712
1771361805446 0.5996475219726562 5713
1771361805474 1.0391803979873657 5714
1771361805501 0.6701638102531433 5715
1771361805528 0.5989975333213806 5716
1771361805555 0.42933738231658936 5717
1771361805584 0.37126556038856506 5718
1771361805611 0.3519662618637085 5719
1771361805638 0.1501058042049408 5720
1771361805666 1.0404489040374756 5721
1771361805692 0.6494048833847046 5722
1771361805720 0.6451041102409363 5723
1771361805748 0.6989453434944153 5724
1771361805775 0.6230509281158447 5725
1771361805803 0.5479305386543274 5726
1771361805829 0.7984061241149902 5727
1771361805858 0.3208049535751343 5728
1771361805885 0.48686733841896057 5729
1771361805912 0.7309356331825256 5730
1771361805939 0.5651156902313232 5731
1771361805966 0.7713338136672974 5732
1771361805994 0.5031373500823975 5733
1771361806021 0.12831450998783112 5734
1771361806049 0.573069155216217 5735
1771361806075 1.2315574884414673 5736
1771361806103 0.6973821520805359 5737
1771361806129 1.0585078001022339 5738
1771361806157 0.978809654712677 5739
1771361806184 0.7120267152786255 5740
1771361806211 0.628382682800293 5741
1771361806238 0.4335838258266449 5742
1771361806265 0.6467729210853577 5743
1771361806292 1.3329416513442993 5744
1771361806320 0.4390813112258911 5745
1771361806346 0.31898215413093567 5746
1771361806373 0.8976315259933472 5747
1771361806399 0.8019261956214905 5748
1771361806426 0.566419780254364 5749
1771361806457 0.674279510974884 5750
1771361806488 1.0577198266983032 5751
1771361806517 0.5862002968788147 5752
1771361806543 0.8675180673599243 5753
1771361806570 0.35879266262054443 5754
1771361806597 0.6529044508934021 5755
1771361806624 0.5112171173095703 5756
1771361806650 0.3644268214702606 5757
1771361806677 0.6648966073989868 5758
1771361806704 0.5716314911842346 5759
1771361806730 0.8971861004829407 5760
1771361806756 0.4569995701313019 5761
1771361806783 0.9782347083091736 5762
1771361806809 0.8260857462882996 5763
1771361806837 0.7409670948982239 5764
1771361806864 0.7805081605911255 5765
1771361806891 0.5568748116493225 5766
1771361806919 0.7172706127166748 5767
1771361806945 0.5544634461402893 5768
1771361806973 0.6042682528495789 5769
1771361806999 0.4650662839412689 5770
1771361807027 0.5422934293746948 5771
1771361807054 0.4375581741333008 5772
1771361807080 0.4420068860054016 5773
1771361807107 0.4163132607936859 5774
1771361807134 0.42545345425605774 5775
1771361807161 0.6345444321632385 5776
1771361807188 0.4864518940448761 5777
1771361807215 0.8403272032737732 5778
1771361807241 0.6993842720985413 5779
1771361807267 0.875818133354187 5780
1771361807294 0.14386984705924988 5781
1771361807320 1.3185369968414307 5782
1771361807346 1.019184947013855 5783
1771361807373 0.382423996925354 5784
1771361807401 0.7532137036323547 5785
1771361807427 0.617110013961792 5786
1771361807455 0.5917659997940063 5787
1771361807482 0.5500452518463135 5788
1771361807510 0.2672821581363678 5789
1771361807537 0.17730455100536346 5790
1771361807565 0.7211369872093201 5791
1771361807591 0.7026137709617615 5792
1771361807618 0.38050997257232666 5793
1771361807645 0.1898166388273239 5794
1771361807672 0.8386091589927673 5795
1771361807700 0.25807464122772217 5796
1771361807729 0.616263747215271 5797
1771361807756 0.670316755771637 5798
1771361807784 0.5513801574707031 5799
1771361807812 0.45267048478126526 5800
1771361807838 0.6886480450630188 5801
1771361807867 0.7371863722801208 5802
1771361807895 0.6333736777305603 5803
1771361807923 0.6872724890708923 5804
1771361807950 1.2641414403915405 5805
1771361807978 0.6890171766281128 5806
1771361808005 0.3352188169956207 5807
1771361808035 0.5094320178031921 5808
1771361808062 0.4794476628303528 5809
1771361808090 0.692588746547699 5810
1771361808117 0.47010883688926697 5811
1771361808145 0.7891286611557007 5812
1771361808172 0.9929850697517395 5813
1771361808200 0.48056986927986145 5814
1771361808227 0.9853183627128601 5815
1771361808254 0.8706150650978088 5816
1771361808281 0.38934946060180664 5817
1771361808309 0.7215487957000732 5818
1771361808337 0.3220866620540619 5819
1771361808363 0.9130846261978149 5820
1771361808391 0.33087557554244995 5821
1771361808419 0.7540160417556763 5822
1771361808446 0.375676691532135 5823
1771361808473 0.8559488654136658 5824
1771361808501 0.8261606693267822 5825
1771361808528 0.46363818645477295 5826
1771361808555 0.8164631128311157 5827
1771361808583 0.9568939208984375 5828
1771361808611 0.7867591977119446 5829
1771361808638 1.150726079940796 5830
1771361808665 0.30697953701019287 5831
1771361808691 0.6160217523574829 5832
1771361808717 0.4040120244026184 5833
1771361808744 1.4019938707351685 5834
1771361808771 0.9552330374717712 5835
1771361808798 0.7502468824386597 5836
1771361808825 0.6851785778999329 5837
1771361808853 0.4844343662261963 5838
1771361808880 0.5254364013671875 5839
1771361808907 0.4286942481994629 5840
1771361808934 0.7318029403686523 5841
1771361808961 0.9452874064445496 5842
1771361808989 0.5208684206008911 5843
1771361809017 0.9127402305603027 5844
1771361809044 0.5848166942596436 5845
1771361809071 0.8432791233062744 5846
1771361809098 0.8899781107902527 5847
1771361809125 0.8277289867401123 5848
1771361809152 0.7154600620269775 5849
1771361809180 1.0176981687545776 5850
1771361809207 1.0221247673034668 5851
1771361809235 1.5016893148422241 5852
1771361809263 1.8528563976287842 5853
1771361809291 0.8072357773780823 5854
1771361809319 0.5437069535255432 5855
1771361809346 0.1477472186088562 5856
1771361809374 0.48748013377189636 5857
1771361809401 0.17368292808532715 5858
1771361809428 1.1595429182052612 5859
1771361809457 0.5622473955154419 5860
1771361809484 0.2360483855009079 5861
1771361809513 0.468089759349823 5862
1771361809539 0.5732656717300415 5863
1771361809567 0.20075157284736633 5864
1771361809595 0.6534109711647034 5865
1771361809622 0.7565807104110718 5866
1771361809649 0.6818490624427795 5867
1771361809677 0.26240527629852295 5868
1771361809705 1.2659964561462402 5869
1771361809732 0.9080725312232971 5870
1771361809759 0.7478504180908203 5871
1771361809788 0.6485829949378967 5872
1771361809816 0.7517861723899841 5873
1771361809843 0.509909987449646 5874
1771361809871 0.7502245903015137 5875
1771361809898 0.5986119508743286 5876
1771361809926 0.5578992366790771 5877
1771361809952 0.6550908088684082 5878
1771361809980 0.6870750188827515 5879
1771361810009 0.31344181299209595 5880
1771361810036 0.8698640465736389 5881
1771361810062 1.2368656396865845 5882
1771361810090 0.7173451781272888 5883
1771361810118 0.43533703684806824 5884
1771361810146 0.3143290579319 5885
1771361810172 0.45472314953804016 5886
1771361810199 0.4386819899082184 5887
1771361810226 0.5641126036643982 5888
1771361810253 0.33047184348106384 5889
1771361810281 0.785814106464386 5890
1771361810308 0.5595157146453857 5891
1771361810336 0.2800862491130829 5892
1771361810364 0.4960832893848419 5893
1771361810391 0.6275514364242554 5894
1771361810418 0.48873862624168396 5895
1771361810445 0.8372799158096313 5896
1771361810471 1.4809764623641968 5897
1771361810499 0.8449174165725708 5898
1771361810526 0.5560088753700256 5899
1771361810554 0.6970911622047424 5900
1771361810582 0.50734543800354 5901
1771361810608 0.861662745475769 5902
1771361810635 0.6958150863647461 5903
1771361810662 0.5439050793647766 5904
1771361810689 0.8548723459243774 5905
1771361810717 0.6986912488937378 5906
1771361810744 0.6432554125785828 5907
1771361810771 0.45282700657844543 5908
1771361810798 0.19333338737487793 5909
1771361810825 0.7927367091178894 5910
1771361810852 0.4300185441970825 5911
1771361810879 0.5219888091087341 5912
1771361810907 0.7139958143234253 5913
1771361810935 0.5150334239006042 5914
1771361810961 0.550452470779419 5915
1771361810988 0.30020415782928467 5916
1771361811016 0.6918818354606628 5917
1771361811043 0.6163790822029114 5918
1771361811071 0.5605944395065308 5919
1771361811097 0.5876930356025696 5920
1771361811125 0.597312867641449 5921
1771361811152 0.7084939479827881 5922
1771361811179 0.4908362329006195 5923
1771361811207 0.5756877660751343 5924
1771361811235 0.6801178455352783 5925
1771361811263 0.6698376536369324 5926
1771361811292 1.0293444395065308 5927
1771361811320 1.2100998163223267 5928
1771361811346 0.4310530722141266 5929
1771361811373 0.73109370470047 5930
1771361811400 1.1513780355453491 5931
1771361811427 0.7908118367195129 5932
1771361811453 0.8363516330718994 5933
1771361811480 0.4681004583835602 5934
1771361811506 0.2894419729709625 5935
1771361811533 0.5244224667549133 5936
1771361811559 0.8186912536621094 5937
1771361811585 0.7423140406608582 5938
1771361811613 0.8372370004653931 5939
1771361811639 0.994723379611969 5940
1771361811665 0.5617628693580627 5941
1771361811692 0.5643464922904968 5942
1771361811718 1.0316369533538818 5943
1771361811746 0.5966585874557495 5944
1771361811774 0.509937584400177 5945
1771361811801 0.5994333624839783 5946
1771361811828 0.7597368955612183 5947
1771361811855 0.4562564194202423 5948
1771361811883 0.5681841373443604 5949
1771361811910 0.25759756565093994 5950
1771361811937 0.826232373714447 5951
1771361811965 1.0249388217926025 5952
1771361811992 0.5785457491874695 5953
1771361812020 0.6065008044242859 5954
1771361812047 0.8492825627326965 5955
1771361812075 0.8034980893135071 5956
1771361812102 0.6857261061668396 5957
1771361812129 0.5828498601913452 5958
1771361812156 0.6726701855659485 5959
1771361812184 0.33809515833854675 5960
1771361812211 0.5825496912002563 5961
1771361812237 0.610870361328125 5962
1771361812265 0.9709523320198059 5963
1771361812291 0.8283982872962952 5964
1771361812318 1.0070209503173828 5965
1771361812344 0.567196249961853 5966
1771361812371 0.9403484463691711 5967
1771361812397 0.6391503214836121 5968
1771361812424 1.283450961112976 5969
1771361812450 0.6623134613037109 5970
1771361812478 0.9231554865837097 5971
1771361812505 0.8219066858291626 5972
1771361812535 0.4716170132160187 5973
1771361812565 0.6808189749717712 5974
1771361812594 0.5923645496368408 5975
1771361812625 0.8244333863258362 5976
1771361812657 0.8698427081108093 5977
1771361812688 0.3093718886375427 5978
1771361812718 0.4330722391605377 5979
1771361812747 1.254424810409546 5980
1771361812776 0.7998228669166565 5981
1771361812804 0.6973995566368103 5982
1771361812833 0.7468993663787842 5983
1771361812860 0.8143979907035828 5984
1771361812888 0.5303559899330139 5985
1771361812916 0.46289771795272827 5986
1771361812944 0.5626413226127625 5987
1771361812971 0.4434233605861664 5988
1771361813002 0.22514577209949493 5989
1771361813030 0.688569962978363 5990
1771361813058 0.3320911228656769 5991
1771361813086 0.2086590826511383 5992
1771361813114 0.4288731813430786 5993
1771361813142 0.6775031089782715 5994
1771361813170 0.6202795505523682 5995
1771361813198 0.4997449517250061 5996
1771361813226 0.7430942058563232 5997
1771361813266 0.872186005115509 5998
1771361813300 0.7954418063163757 5999
1771361813331 0.8959851264953613 6000
1771361813366 0.9920759201049805 6001
1771361813400 1.9049583673477173 6002
1771361813432 0.4926711916923523 6003
1771361813465 0.9673800468444824 6004
1771361813499 0.4503763020038605 6005
1771361813532 0.322442889213562 6006
1771361813566 0.827633261680603 6007
1771361813599 0.7426792979240417 6008
1771361813633 0.6374385356903076 6009
1771361813667 0.6683879494667053 6010
1771361813700 0.5588012933731079 6011
1771361813733 0.6045939326286316 6012
1771361813766 0.3779098689556122 6013
1771361813799 0.501724898815155 6014
1771361813832 0.434625506401062 6015
1771361813865 0.5189478993415833 6016
1771361813897 0.3857431411743164 6017
1771361813930 0.9613685607910156 6018
1771361813963 0.56270831823349 6019
1771361813996 1.0198557376861572 6020
1771361814028 1.0358970165252686 6021
1771361814060 0.32306599617004395 6022
1771361814094 1.1715238094329834 6023
1771361814127 0.8153871893882751 6024
1771361814159 0.27789580821990967 6025
1771361814193 0.40246930718421936 6026
1771361814225 0.3872688412666321 6027
1771361814259 1.2455583810806274 6028
1771361814292 0.6429060101509094 6029
1771361814325 0.6244947910308838 6030
1771361814362 0.9064584970474243 6031
1771361814397 0.7270824313163757 6032
1771361814431 0.7113330960273743 6033
1771361814464 0.7606568932533264 6034
1771361814497 0.4918076992034912 6035
1771361814531 0.48029622435569763 6036
1771361814564 0.5382593274116516 6037
1771361814597 0.7322999835014343 6038
1771361814631 0.4537315368652344 6039
1771361814664 0.23934584856033325 6040
1771361814698 0.8404708504676819 6041
1771361814732 0.7557541131973267 6042
1771361814766 1.346234917640686 6043
1771361814800 0.7361809611320496 6044
1771361814833 0.9200850129127502 6045
1771361814866 0.46023496985435486 6046
1771361814899 0.44618746638298035 6047
1771361814933 0.6044047474861145 6048
1771361814967 1.0159388780593872 6049
1771361815001 0.5075028538703918 6050
1771361815035 0.8383247256278992 6051
1771361815069 0.4581044018268585 6052
1771361815102 1.3819948434829712 6053
1771361815134 1.133143424987793 6054
1771361815169 0.41079601645469666 6055
1771361815202 0.5393152832984924 6056
1771361815235 0.9719312191009521 6057
1771361815268 0.6455156207084656 6058
1771361815301 0.9139001369476318 6059
1771361815335 0.6529951095581055 6060
1771361815368 0.9479478001594543 6061
1771361815404 0.5347327589988708 6062
1771361815438 0.5911322832107544 6063
1771361815472 0.31597307324409485 6064
1771361815505 0.4972285032272339 6065
1771361815537 0.9097498059272766 6066
1771361815572 0.5035392045974731 6067
1771361815605 0.9917879104614258 6068
1771361815637 0.5203996896743774 6069
1771361815670 0.4992140829563141 6070
1771361815704 0.8551957011222839 6071
1771361815737 0.9327539205551147 6072
1771361815771 0.8937857747077942 6073
1771361815804 0.6708428263664246 6074
1771361815837 0.6475886702537537 6075
1771361815869 0.8656464219093323 6076
1771361815904 0.3434942960739136 6077
1771361815937 0.5063438415527344 6078
1771361815970 0.7012751698493958 6079
1771361816004 0.9852349162101746 6080
1771361816037 0.9467610120773315 6081
1771361816071 0.9103937745094299 6082
1771361816104 0.8696592450141907 6083
1771361816137 0.7200202941894531 6084
1771361816169 1.1273572444915771 6085
1771361816203 0.7805931568145752 6086
1771361816237 0.5209421515464783 6087
1771361816271 0.5263621807098389 6088
1771361816304 0.6850032806396484 6089
1771361816338 0.7845150828361511 6090
1771361816372 1.0851373672485352 6091
1771361816404 1.7538836002349854 6092
1771361816441 1.0755969285964966 6093
1771361816478 0.5585125088691711 6094
1771361816511 0.7295024991035461 6095
1771361816543 0.38256824016571045 6096
1771361816586 0.6983718872070312 6097
1771361816620 0.5502986311912537 6098
1771361816653 0.1893686056137085 6099
1771361816686 0.6539463400840759 6100
1771361816721 0.25728651881217957 6101
1771361816754 0.3645765781402588 6102
1771361816788 0.4890458881855011 6103
1771361816821 0.7046186923980713 6104
1771361816854 0.5609038472175598 6105
1771361816888 0.6151500344276428 6106
1771361816922 0.40372833609580994 6107
1771361816954 0.2578086853027344 6108
1771361816987 0.4719685912132263 6109
1771361817021 0.6714026927947998 6110
1771361817055 0.586432158946991 6111
1771361817088 0.5100703239440918 6112
1771361817122 0.49240124225616455 6113
1771361817155 0.4524191617965698 6114
1771361817188 0.49123257398605347 6115
1771361817221 0.9414893984794617 6116
1771361817254 0.11495615541934967 6117
1771361817287 0.1604802906513214 6118
1771361817320 0.7791457772254944 6119
1771361817353 0.6211398839950562 6120
1771361817388 0.2476963847875595 6121
1771361817421 0.28189533948898315 6122
1771361817455 0.5924108624458313 6123
1771361817488 0.6404221653938293 6124
1771361817522 0.42111480236053467 6125
1771361817557 0.35875919461250305 6126
1771361817591 0.6504349112510681 6127
1771361817623 0.9580095410346985 6128
1771361817657 0.7515196204185486 6129
1771361817690 0.9105516672134399 6130
1771361817723 1.268189787864685 6131
1771361817757 0.6899551153182983 6132
1771361817790 0.6408687829971313 6133
1771361817824 1.9604887962341309 6134
1771361817859 1.3982794284820557 6135
1771361817893 0.4894722104072571 6136
1771361817927 0.1605570912361145 6137
1771361817962 0.20148025453090668 6138
1771361817995 0.5778508186340332 6139
1771361818029 1.2339638471603394 6140
1771361818062 0.6947795152664185 6141
1771361818097 0.36260083317756653 6142
1771361818129 0.7162048816680908 6143
1771361818163 0.5805882215499878 6144
1771361818197 0.2909972667694092 6145
1771361818230 0.4136456847190857 6146
1771361818264 0.55784672498703 6147
1771361818298 0.7242026329040527 6148
1771361818333 0.1775100827217102 6149
1771361818366 0.5864735245704651 6150
1771361818399 0.9533995389938354 6151
1771361818432 0.5293291211128235 6152
1771361818466 0.8816745281219482 6153
1771361818500 1.3158143758773804 6154
1771361818533 1.1142454147338867 6155
1771361818567 0.6360594630241394 6156
1771361818601 0.6069017052650452 6157
1771361818633 0.20847870409488678 6158
1771361818666 0.7185131311416626 6159
1771361818698 0.693930983543396 6160
1771361818731 0.7073150873184204 6161
1771361818766 0.5711128115653992 6162
1771361818799 0.40038639307022095 6163
1771361818833 0.778677761554718 6164
1771361818865 0.6059961915016174 6165
1771361818898 0.4519408941268921 6166
1771361818930 0.6687549948692322 6167
1771361818963 0.6366789937019348 6168
1771361818995 0.28106603026390076 6169
1771361819028 0.43479570746421814 6170
1771361819061 0.40471363067626953 6171
1771361819094 0.9511412978172302 6172
1771361819127 0.4693019986152649 6173
1771361819161 0.18259933590888977 6174
1771361819194 0.6415322422981262 6175
1771361819227 0.6431182026863098 6176
1771361819260 0.18411242961883545 6177
1771361819292 0.5132409930229187 6178
1771361819325 0.19214946031570435 6179
1771361819357 0.20612271130084991 6180
1771361819390 0.4515426456928253 6181
1771361819422 0.8658851385116577 6182
1771361819455 0.564104437828064 6183
1771361819487 0.7427592277526855 6184
1771361819519 0.9637823700904846 6185
1771361819551 0.4189799427986145 6186
1771361819583 1.5440435409545898 6187
1771361819616 2.0373313426971436 6188
1771361819649 0.6350610852241516 6189
1771361819681 1.0433573722839355 6190
1771361819714 0.2985045313835144 6191
1771361819747 0.6981265544891357 6192
1771361819779 1.0812820196151733 6193
1771361819813 0.7127920985221863 6194
1771361819845 0.9233043789863586 6195
1771361819877 0.5616840720176697 6196
1771361819909 0.4505702257156372 6197
1771361819941 0.46518200635910034 6198
1771361819973 0.5579901933670044 6199
1771361820006 0.680202841758728 6200
1771361820039 0.9437650442123413 6201
1771361820072 0.8664121627807617 6202
1771361820106 0.9894415140151978 6203
1771361820139 1.1028474569320679 6204
1771361820171 0.6404802799224854 6205
1771361820204 0.673410177230835 6206
1771361820237 0.9435234665870667 6207
1771361820270 0.733232319355011 6208
1771361820304 0.8971450328826904 6209
1771361820336 0.809639036655426 6210
1771361820369 0.6739916801452637 6211
1771361820402 0.4331567585468292 6212
1771361820434 0.23287412524223328 6213
1771361820467 1.0077741146087646 6214
1771361820500 0.3916362524032593 6215
1771361820532 0.407787561416626 6216
1771361820566 0.3014703392982483 6217
1771361820598 0.4025471806526184 6218
1771361820632 0.5053277611732483 6219
1771361820665 0.6296638250350952 6220
1771361820699 0.7432040572166443 6221
1771361820732 0.8097763657569885 6222
1771361820764 0.9255644083023071 6223
1771361820798 0.7003929018974304 6224
1771361820832 1.001341462135315 6225
1771361820865 0.8114553689956665 6226
1771361820899 0.6335071921348572 6227
1771361820931 0.44070571660995483 6228
1771361820964 0.7262150049209595 6229
1771361820998 0.38805609941482544 6230
1771361821032 0.6950331330299377 6231
1771361821064 0.4582756757736206 6232
1771361821097 0.8159899115562439 6233
1771361821129 0.2993137538433075 6234
1771361821163 0.8455024361610413 6235
1771361821196 0.8465394973754883 6236
1771361821230 0.7067890763282776 6237
1771361821263 0.33820003271102905 6238
1771361821297 0.6212784647941589 6239
1771361821330 0.29534202814102173 6240
1771361821363 0.3941790759563446 6241
1771361821397 0.26089709997177124 6242
1771361821429 0.39314505457878113 6243
1771361821462 0.30762165784835815 6244
1771361821496 0.5775527358055115 6245
1771361821529 0.4642527103424072 6246
1771361821562 0.25603756308555603 6247
1771361821596 0.9899763464927673 6248
1771361821628 0.6674119830131531 6249
1771361821662 0.41597673296928406 6250
1771361821695 0.9010303616523743 6251
1771361821727 0.6501702666282654 6252
1771361821761 0.48137882351875305 6253
1771361821795 0.8189688324928284 6254
1771361821829 0.5337533354759216 6255
1771361821862 0.6001221537590027 6256
1771361821895 0.5243303179740906 6257
1771361821927 0.575849711894989 6258
1771361821961 0.7060663104057312 6259
1771361821994 1.2331006526947021 6260
1771361822027 1.0232089757919312 6261
1771361822059 0.8333763480186462 6262
1771361822092 0.7373359203338623 6263
1771361822125 0.5278024077415466 6264
1771361822157 1.2094082832336426 6265
1771361822190 1.0909448862075806 6266
1771361822223 0.6145707964897156 6267
1771361822256 0.99415123462677 6268
1771361822289 1.4438551664352417 6269
1771361822321 1.0765931606292725 6270
1771361822354 0.30131855607032776 6271
1771361822386 0.79038006067276 6272
1771361822419 0.4423023760318756 6273
1771361822451 0.677119255065918 6274
1771361822483 0.40161770582199097 6275
1771361822519 0.1857171356678009 6276
1771361822554 0.6013088822364807 6277
1771361822588 0.5959490537643433 6278
1771361822621 0.5453538298606873 6279
1771361822654 0.48171567916870117 6280
1771361822687 0.5674253702163696 6281
1771361822720 0.7097819447517395 6282
1771361822753 0.49341121315956116 6283
1771361822788 0.5905506610870361 6284
1771361822820 0.6179114580154419 6285
1771361822853 0.641839861869812 6286
1771361822886 0.8486924171447754 6287
1771361822918 0.34235408902168274 6288
1771361822951 0.4891451597213745 6289
1771361822984 1.0131220817565918 6290
1771361823018 0.7233657836914062 6291
1771361823051 0.4022757411003113 6292
1771361823085 0.9178333878517151 6293
1771361823117 0.7704616189002991 6294
1771361823151 0.8488959670066833 6295
1771361823184 0.6709948182106018 6296
1771361823216 0.5533680319786072 6297
1771361823249 0.31634068489074707 6298
1771361823284 0.700799822807312 6299
1771361823317 0.8062198162078857 6300
1771361823353 0.7257248163223267 6301
1771361823388 0.6157917380332947 6302
1771361823425 0.27646955847740173 6303
1771361823460 0.6779278516769409 6304
1771361823495 0.5740144848823547 6305
1771361823526 1.071907639503479 6306
1771361823558 1.1463866233825684 6307
1771361823590 0.6517234444618225 6308
1771361823622 0.45257994532585144 6309
1771361823655 0.7963566184043884 6310
1771361823689 0.8501884937286377 6311
1771361823721 0.661806046962738 6312
1771361823753 1.1602262258529663 6313
1771361823786 0.9821235537528992 6314
1771361823818 0.39902836084365845 6315
1771361823850 0.5082516670227051 6316
1771361823882 0.9426984786987305 6317
1771361823914 0.6776973009109497 6318
1771361823947 0.7412065267562866 6319
1771361823980 0.8386648893356323 6320
1771361824012 0.5429795980453491 6321
1771361824044 0.5748395323753357 6322
1771361824076 0.7152623534202576 6323
1771361824109 0.6332942247390747 6324
1771361824142 0.8016728758811951 6325
1771361824173 0.6868627071380615 6326
1771361824206 0.30549702048301697 6327
1771361824238 0.2962140440940857 6328
1771361824270 0.39463600516319275 6329
1771361824302 0.7336858510971069 6330
1771361824334 0.7175251245498657 6331
1771361824366 0.47522225975990295 6332
1771361824399 0.41839489340782166 6333
1771361824432 0.32599297165870667 6334
1771361824467 0.6400496959686279 6335
1771361824501 0.3888722062110901 6336
1771361824533 0.9060172438621521 6337
1771361824566 0.7698196768760681 6338
1771361824598 0.8517345786094666 6339
1771361824630 1.199363112449646 6340
1771361824662 0.48149573802948 6341
1771361824695 0.6063016653060913 6342
1771361824727 0.890789270401001 6343
1771361824760 1.1153709888458252 6344
1771361824793 0.6367278099060059 6345
1771361824825 0.8569825887680054 6346
1771361824858 0.44125896692276 6347
1771361824891 0.5545896887779236 6348
1771361824923 0.6617525219917297 6349
1771361824956 0.2332361340522766 6350
1771361824989 0.7759649157524109 6351
1771361825023 0.7874302864074707 6352
1771361825056 0.36085131764411926 6353
1771361825088 0.7794077396392822 6354
1771361825122 0.5293934345245361 6355
1771361825155 1.1077661514282227 6356
1771361825187 1.0542670488357544 6357
1771361825221 0.9003250598907471 6358
1771361825254 0.9885380268096924 6359
1771361825287 0.22590380907058716 6360
1771361825321 0.23056453466415405 6361
1771361825353 0.7200208902359009 6362
1771361825387 0.7678475975990295 6363
1771361825420 0.5729708671569824 6364
1771361825453 0.8907129764556885 6365
1771361825490 0.46856793761253357 6366
1771361825523 0.7412800192832947 6367
1771361825556 0.8714520931243896 6368
1771361825590 0.8652245402336121 6369
1771361825623 0.7832144498825073 6370
1771361825656 0.7965016961097717 6371
1771361825689 0.9398380517959595 6372
1771361825723 0.3658149540424347 6373
1771361825757 0.9001011252403259 6374
1771361825789 0.14139050245285034 6375
1771361825822 0.6992922425270081 6376
1771361825854 0.5552626848220825 6377
1771361825887 0.6907092928886414 6378
1771361825920 0.3207957446575165 6379
1771361825952 0.689413845539093 6380
1771361825986 0.5835968255996704 6381
1771361826019 0.44017669558525085 6382
1771361826052 0.5571420788764954 6383
1771361826083 0.28663206100463867 6384
1771361826117 0.5545324683189392 6385
1771361826150 0.5494739413261414 6386
1771361826183 0.8283374905586243 6387
1771361826216 0.7411925792694092 6388
1771361826249 0.46653953194618225 6389
1771361826281 0.9645942449569702 6390
1771361826313 0.4960213899612427 6391
1771361826345 0.3392086923122406 6392
1771361826377 0.7387486696243286 6393
1771361826409 0.42276060581207275 6394
1771361826441 0.6200471520423889 6395
1771361826474 0.8310154676437378 6396
1771361826509 0.7275824546813965 6397
1771361826546 0.36738091707229614 6398
1771361826581 0.5245421528816223 6399
1771361826614 0.5839112401008606 6400
1771361826647 0.8167001008987427 6401
1771361826680 0.5920245051383972 6402
1771361826714 0.2306809276342392 6403
1771361826747 0.19952908158302307 6404
1771361826780 0.30677682161331177 6405
1771361826813 0.28707605600357056 6406
1771361826846 0.29650482535362244 6407
1771361826878 0.7341055870056152 6408
1771361826912 0.9055336117744446 6409
1771361826943 0.4968802034854889 6410
1771361826975 0.7982470393180847 6411
1771361827009 0.6520363688468933 6412
1771361827041 0.7048680186271667 6413
1771361827074 0.7617431282997131 6414
1771361827108 0.49330681562423706 6415
1771361827140 0.7500081658363342 6416
1771361827174 0.5632002353668213 6417
1771361827208 0.6936701536178589 6418
1771361827241 1.2906897068023682 6419
1771361827273 0.32298704981803894 6420
1771361827307 0.5588747262954712 6421
1771361827340 1.0810900926589966 6422
1771361827373 0.791939377784729 6423
1771361827407 0.41121241450309753 6424
1771361827439 0.36017200350761414 6425
1771361827471 0.20334240794181824 6426
1771361827503 0.6283495426177979 6427
1771361827535 0.6389802098274231 6428
1771361827568 0.6527215838432312 6429
1771361827600 0.4865681529045105 6430
1771361827632 0.8056486248970032 6431
1771361827665 1.3160455226898193 6432
1771361827698 1.0186529159545898 6433
1771361827731 1.030641794204712 6434
1771361827763 0.473899245262146 6435
1771361827796 0.7918688058853149 6436
1771361827829 0.2888347804546356 6437
1771361827862 0.9783013463020325 6438
1771361827895 1.6084535121917725 6439
1771361827928 1.3449310064315796 6440
1771361827960 0.6093441247940063 6441
1771361827993 0.5455304384231567 6442
1771361828027 0.44843852519989014 6443
1771361828059 0.48832595348358154 6444
1771361828092 1.152855396270752 6445
1771361828124 0.7434659004211426 6446
1771361828157 0.5348981618881226 6447
1771361828191 0.8027392625808716 6448
1771361828224 0.45620179176330566 6449
1771361828256 0.7040895819664001 6450
1771361828289 0.7584958672523499 6451
1771361828323 0.6910456418991089 6452
1771361828357 0.8121856451034546 6453
1771361828390 0.7484095692634583 6454
1771361828423 0.7222014665603638 6455
1771361828456 0.9040602445602417 6456
1771361828490 0.5397951602935791 6457
1771361828524 0.8284825086593628 6458
1771361828558 0.4746442437171936 6459
1771361828590 0.7308734655380249 6460
1771361828623 0.6811386942863464 6461
1771361828656 0.5574220418930054 6462
1771361828689 0.9360187649726868 6463
1771361828722 0.7511176466941833 6464
1771361828754 0.8193363547325134 6465
1771361828787 0.21073150634765625 6466
1771361828820 0.7057494521141052 6467
1771361828852 0.8693625926971436 6468
1771361828886 1.1590626239776611 6469
1771361828918 1.1962215900421143 6470
1771361828950 0.4277358055114746 6471
1771361828983 0.3794611394405365 6472
1771361829016 0.34176620841026306 6473
1771361829049 0.9550862312316895 6474
1771361829081 0.7918311357498169 6475
1771361829113 0.8169154524803162 6476
1771361829146 0.6255162358283997 6477
1771361829178 0.6522029638290405 6478
1771361829210 0.3645673394203186 6479
1771361829243 0.3465768098831177 6480
1771361829276 0.8294625282287598 6481
1771361829308 0.6950191259384155 6482
1771361829340 0.5473273396492004 6483
1771361829373 0.24182671308517456 6484
1771361829405 0.7577265501022339 6485
1771361829438 0.8473690748214722 6486
1771361829470 0.4089938998222351 6487
1771361829503 0.8317989706993103 6488
1771361829536 0.43754449486732483 6489
1771361829568 0.6581944823265076 6490
1771361829600 0.2822187840938568 6491
1771361829632 0.626270055770874 6492
1771361829665 0.420558899641037 6493
1771361829697 0.2370360642671585 6494
1771361829729 0.5884929895401001 6495
1771361829763 0.9410352110862732 6496
1771361829796 0.6528064012527466 6497
1771361829828 0.7484289407730103 6498
1771361829861 1.2250920534133911 6499
1771361829894 1.19684898853302 6500
1771361829927 0.3592396676540375 6501
1771361829960 0.2342664748430252 6502
1771361829992 0.652623176574707 6503
1771361830025 0.3295573890209198 6504
1771361830057 0.9447163939476013 6505
1771361830091 0.7930537462234497 6506
1771361830124 0.7225052714347839 6507
1771361830156 0.25981828570365906 6508
1771361830189 0.812073826789856 6509
1771361830222 0.43254902958869934 6510
1771361830256 0.1225612461566925 6511
1771361830288 1.2847353219985962 6512
1771361830321 0.626666784286499 6513
1771361830353 0.29737192392349243 6514
1771361830387 0.4904463589191437 6515
1771361830421 0.7112160325050354 6516
1771361830454 0.6914259195327759 6517
1771361830486 0.7582467198371887 6518
1771361830519 0.22036577761173248 6519
1771361830551 0.577575147151947 6520
1771361830584 0.5265520215034485 6521
1771361830616 0.7110375165939331 6522
1771361830648 0.8809212446212769 6523
1771361830681 0.9110475778579712 6524
1771361830715 0.8851115107536316 6525
1771361830748 0.5745858550071716 6526
1771361830781 0.6786637902259827 6527
1771361830813 1.1398766040802002 6528
1771361830846 0.7877050638198853 6529
1771361830878 0.7232615351676941 6530
1771361830910 0.7806442975997925 6531
1771361830942 0.39728763699531555 6532
1771361830975 1.6935579776763916 6533
1771361831009 1.578639030456543 6534
1771361831042 0.40512722730636597 6535
1771361831075 0.608720600605011 6536
1771361831107 0.6762377619743347 6537
1771361831140 0.3241257965564728 6538
1771361831174 0.35451218485832214 6539
1771361831207 0.4642135798931122 6540
1771361831241 0.2929028868675232 6541
1771361831275 0.43483132123947144 6542
1771361831309 0.26045456528663635 6543
1771361831343 0.9037580490112305 6544
1771361831375 0.4759303331375122 6545
1771361831408 0.5641375780105591 6546
1771361831441 0.7646069526672363 6547
1771361831475 0.2869078516960144 6548
1771361831508 0.5175155401229858 6549
1771361831541 0.7670726180076599 6550
1771361831574 0.7799175977706909 6551
1771361831608 0.43688082695007324 6552
1771361831643 0.6013588309288025 6553
1771361831675 0.4610041677951813 6554
1771361831709 0.42523765563964844 6555
1771361831742 0.6436683535575867 6556
1771361831776 1.464711308479309 6557
1771361831808 0.9890130162239075 6558
1771361831842 0.5097087621688843 6559
1771361831874 1.2424839735031128 6560
1771361831906 1.5884954929351807 6561
1771361831939 0.15949125587940216 6562
1771361831972 0.47005224227905273 6563
1771361832007 0.6669682264328003 6564
1771361832036 1.0851969718933105 6565
1771361832079 0.2796575725078583 6566
1771361832112 0.7491515874862671 6567
1771361832146 0.3632785677909851 6568
1771361832180 0.6181294918060303 6569
1771361832213 0.4121001660823822 6570
1771361832246 0.5956501960754395 6571
1771361832278 0.750636100769043 6572
1771361832310 0.3410353362560272 6573
1771361832343 0.5624709725379944 6574
1771361832374 0.5271824598312378 6575
1771361832407 0.5820223093032837 6576
1771361832439 0.6243859529495239 6577
1771361832471 0.28407034277915955 6578
1771361832505 0.670388400554657 6579
1771361832541 0.6380389332771301 6580
1771361832577 0.5236409902572632 6581
1771361832613 0.3945392072200775 6582
1771361832649 0.41459032893180847 6583
1771361832685 0.297948956489563 6584
1771361832720 0.3229367434978485 6585
1771361832754 0.588758111000061 6586
1771361832788 0.9512816071510315 6587
1771361832823 1.323989748954773 6588
1771361832856 0.5355553030967712 6589
1771361832890 0.4424940347671509 6590
1771361832926 0.7308120727539062 6591
1771361832960 0.2824937701225281 6592
1771361832994 0.9839909672737122 6593
1771361833029 0.523748517036438 6594
1771361833065 0.5669230222702026 6595
1771361833100 0.6214095950126648 6596
1771361833136 0.7520489692687988 6597
1771361833171 0.7286632061004639 6598
1771361833205 0.5063869953155518 6599
1771361833237 0.3114408552646637 6600
1771361833269 0.553419291973114 6601
1771361833303 0.6483036279678345 6602
1771361833336 0.7444366216659546 6603
1771361833369 0.8430581092834473 6604
1771361833402 0.6829859018325806 6605
1771361833435 0.7863507866859436 6606
1771361833468 0.8369199633598328 6607
1771361833501 0.855535626411438 6608
1771361833533 0.5665507912635803 6609
1771361833566 0.5931073427200317 6610
1771361833599 0.23125016689300537 6611
1771361833633 0.500683069229126 6612
1771361833666 0.8288123607635498 6613
1771361833699 0.5868944525718689 6614
1771361833732 0.4936290979385376 6615
1771361833764 0.5247752070426941 6616
1771361833797 0.3833455741405487 6617
1771361833830 0.6569311618804932 6618
1771361833862 0.2271430641412735 6619
1771361833895 0.6696794033050537 6620
1771361833928 0.3256952166557312 6621
1771361833960 0.7177108526229858 6622
1771361833994 0.7942303419113159 6623
1771361834028 0.46900999546051025 6624
1771361834061 0.5302975177764893 6625
1771361834095 0.8471932411193848 6626
1771361834127 1.0702978372573853 6627
1771361834163 0.9332444071769714 6628
1771361834197 0.7598415017127991 6629
1771361834229 0.8307301998138428 6630
1771361834261 0.28759250044822693 6631
1771361834293 0.7294299006462097 6632
1771361834325 0.449448823928833 6633
1771361834358 0.7186285853385925 6634
1771361834391 0.5653884410858154 6635
1771361834424 0.6053525805473328 6636
1771361834457 0.622377872467041 6637
1771361834490 0.455036461353302 6638
1771361834524 0.6422147154808044 6639
1771361834557 0.22571222484111786 6640
1771361834591 0.7085626125335693 6641
1771361834625 0.7953211069107056 6642
1771361834659 1.1629908084869385 6643
1771361834693 0.5324894189834595 6644
1771361834727 0.36367398500442505 6645
1771361834761 0.5019402503967285 6646
1771361834794 0.8410601019859314 6647
1771361834827 0.47366800904273987 6648
1771361834860 0.5586433410644531 6649
1771361834894 0.3421493470668793 6650
1771361834927 0.7882740497589111 6651
1771361834961 0.9399360418319702 6652
1771361834993 0.8743341565132141 6653
1771361835027 0.5244811177253723 6654
1771361835060 0.49107253551483154 6655
1771361835093 0.6786484122276306 6656
1771361835127 0.47887516021728516 6657
1771361835161 0.5937702059745789 6658
1771361835198 0.684819221496582 6659
1771361835231 0.792411208152771 6660
1771361835265 0.47223910689353943 6661
1771361835298 0.4214124381542206 6662
1771361835331 0.5194606184959412 6663
1771361835365 0.8181847333908081 6664
1771361835399 0.21897970139980316 6665
1771361835432 0.841556191444397 6666
1771361835464 0.3811663091182709 6667
1771361835498 0.9286339282989502 6668
1771361835531 0.4948740601539612 6669
1771361835564 0.7413291931152344 6670
1771361835596 0.20929905772209167 6671
1771361835630 0.32127511501312256 6672
1771361835662 0.6519181728363037 6673
1771361835697 1.0153038501739502 6674
1771361835730 0.41415196657180786 6675
1771361835763 0.5698975920677185 6676
1771361835796 0.38314181566238403 6677
1771361835828 0.5131925940513611 6678
1771361835861 0.5684805512428284 6679
1771361835895 0.4491153955459595 6680
1771361835927 0.688347339630127 6681
1771361835960 1.3485722541809082 6682
1771361835994 1.0248783826828003 6683
1771361836026 0.32861781120300293 6684
1771361836059 0.7658155560493469 6685
1771361836092 0.86701500415802 6686
1771361836126 0.8773778676986694 6687
1771361836160 0.6786615252494812 6688
1771361836194 0.3279901146888733 6689
1771361836230 0.4678080081939697 6690
1771361836267 0.9722204208374023 6691
1771361836301 0.2664521336555481 6692
1771361836333 0.48735499382019043 6693
1771361836367 0.5304697155952454 6694
1771361836400 0.7819712162017822 6695
1771361836433 1.3515238761901855 6696
1771361836466 1.0916948318481445 6697
1771361836499 0.7377897500991821 6698
1771361836532 0.5746235847473145 6699
1771361836565 0.45323967933654785 6700
1771361836599 1.0130577087402344 6701
1771361836631 0.17501601576805115 6702
1771361836664 0.5161925554275513 6703
1771361836698 0.14991627633571625 6704
1771361836731 0.8274595737457275 6705
1771361836764 0.699211061000824 6706
1771361836797 0.44024574756622314 6707
1771361836830 0.4204532206058502 6708
1771361836864 0.49172455072402954 6709
1771361836897 0.5787072777748108 6710
1771361836930 0.8440952301025391 6711
1771361836962 0.615705132484436 6712
1771361836995 0.5898987054824829 6713
1771361837028 0.5337784290313721 6714
1771361837062 0.30344095826148987 6715
1771361837096 1.3174772262573242 6716
1771361837128 1.019608736038208 6717
1771361837161 0.9459054470062256 6718
1771361837195 0.5858556628227234 6719
1771361837228 0.37772369384765625 6720
1771361837262 0.24573412537574768 6721
1771361837295 1.063156008720398 6722
1771361837330 1.302150845527649 6723
1771361837364 0.6651816964149475 6724
1771361837397 0.8163866400718689 6725
1771361837431 0.7564764022827148 6726
1771361837464 1.005119800567627 6727
1771361837496 0.2766800820827484 6728
1771361837529 0.5812651515007019 6729
1771361837563 0.43001556396484375 6730
1771361837597 0.8988532423973083 6731
1771361837630 0.6489053964614868 6732
1771361837663 0.7001684308052063 6733
1771361837697 0.885292649269104 6734
1771361837730 0.6009385585784912 6735
1771361837763 0.43938761949539185 6736
1771361837796 0.5367457866668701 6737
1771361837828 1.072757601737976 6738
1771361837861 0.23892928659915924 6739
1771361837895 0.31877103447914124 6740
1771361837928 1.0725773572921753 6741
1771361837961 0.6696350574493408 6742
1771361837993 0.6149807572364807 6743
1771361838027 0.269881933927536 6744
1771361838060 0.6577650308609009 6745
1771361838093 0.6126441359519958 6746
1771361838125 0.9823775291442871 6747
1771361838157 0.8065469264984131 6748
1771361838190 0.7702013254165649 6749
1771361838222 0.5940536260604858 6750
1771361838254 0.2848212420940399 6751
1771361838286 0.7322587370872498 6752
1771361838319 1.5417958498001099 6753
1771361838351 0.6605451703071594 6754
1771361838384 0.6949442028999329 6755
1771361838417 1.2473969459533691 6756
1771361838449 1.2417635917663574 6757
1771361838482 0.6185118556022644 6758
1771361838514 0.7498846054077148 6759
1771361838547 0.31173762679100037 6760
1771361838580 0.7246330976486206 6761
1771361838612 0.3976568281650543 6762
1771361838645 0.8856012225151062 6763
1771361838678 0.21947099268436432 6764
1771361838710 0.8260297775268555 6765
1771361838743 0.958527147769928 6766
1771361838775 0.7894278168678284 6767
1771361838807 0.6175128221511841 6768
1771361838839 0.8050591945648193 6769
1771361838871 0.5199127197265625 6770
1771361838903 0.8569433689117432 6771
1771361838936 0.5423434972763062 6772
1771361838969 0.7218794226646423 6773
1771361839001 0.3107605278491974 6774
1771361839034 0.7014519572257996 6775
1771361839068 1.040725588798523 6776
1771361839101 0.5307642817497253 6777
1771361839134 0.5803183913230896 6778
1771361839167 1.016046166419983 6779
1771361839200 0.5153681635856628 6780
1771361839232 0.6123946905136108 6781
1771361839264 0.6867448687553406 6782
1771361839298 0.8382501602172852 6783
1771361839331 0.896000862121582 6784
1771361839365 0.7206214666366577 6785
1771361839397 0.17830975353717804 6786
1771361839430 0.2371070235967636 6787
1771361839463 0.30811524391174316 6788
1771361839496 0.510333240032196 6789
1771361839528 0.8530387878417969 6790
1771361839560 0.7178236246109009 6791
1771361839594 0.5292006134986877 6792
1771361839628 0.8066055178642273 6793
1771361839661 0.8057618141174316 6794
1771361839694 0.6204968690872192 6795
1771361839726 0.633377194404602 6796
1771361839758 0.9410215020179749 6797
1771361839791 0.7686083316802979 6798
1771361839824 0.26501965522766113 6799
1771361839858 0.7297800779342651 6800
1771361839890 0.34636563062667847 6801
1771361839923 0.3685339391231537 6802
1771361839956 0.7690227627754211 6803
1771361839990 0.7113003134727478 6804
1771361840022 0.5270864963531494 6805
1771361840054 0.7320928573608398 6806
1771361840086 0.5947227478027344 6807
1771361840120 0.6819912791252136 6808
1771361840153 0.46632659435272217 6809
1771361840186 0.3256460130214691 6810
1771361840220 0.5908139944076538 6811
1771361840254 0.6206436157226562 6812
1771361840287 0.29584911465644836 6813
1771361840320 0.5083980560302734 6814
1771361840352 0.21465469896793365 6815
1771361840386 0.5302433371543884 6816
1771361840418 0.6074308753013611 6817
1771361840452 0.8063217401504517 6818
1771361840485 0.8724488615989685 6819
1771361840519 0.3518083393573761 6820
1771361840552 0.3139323592185974 6821
1771361840586 0.8259083032608032 6822
1771361840619 0.21448658406734467 6823
1771361840653 0.5552228689193726 6824
1771361840686 0.770469069480896 6825
1771361840719 0.17259787023067474 6826
1771361840754 0.4540197551250458 6827
1771361840787 1.504361629486084 6828
1771361840821 0.7778040766716003 6829
1771361840855 1.3046616315841675 6830
1771361840888 0.4039647579193115 6831
1771361840920 0.9458043575286865 6832
1771361840954 0.5114948749542236 6833
1771361840987 0.40612414479255676 6834
1771361841020 0.35091760754585266 6835
1771361841053 0.8484359979629517 6836
1771361841085 0.5085785984992981 6837
1771361841120 0.44390004873275757 6838
1771361841154 0.7024081945419312 6839
1771361841187 0.3996218740940094 6840
1771361841221 0.8049910068511963 6841
1771361841254 0.9530495405197144 6842
1771361841289 0.48520487546920776 6843
1771361841323 0.5126299858093262 6844
1771361841356 0.18594416975975037 6845
1771361841390 0.5484715104103088 6846
1771361841424 0.9261415600776672 6847
1771361841457 0.8279064297676086 6848
1771361841491 0.3497098386287689 6849
1771361841524 0.6438053250312805 6850
1771361841558 0.9776173233985901 6851
1771361841591 0.6002277135848999 6852
1771361841624 0.5025885701179504 6853
1771361841657 0.6438264846801758 6854
1771361841690 1.2784650325775146 6855
1771361841723 1.269052267074585 6856
1771361841756 0.524394154548645 6857
1771361841788 0.8102619051933289 6858
1771361841821 0.6820655465126038 6859
1771361841855 0.6617597341537476 6860
1771361841888 0.8321824073791504 6861
1771361841921 0.7173029184341431 6862
1771361841953 0.2530123293399811 6863
1771361841985 0.4713640809059143 6864
1771361842019 0.4169042408466339 6865
1771361842051 0.47516345977783203 6866
1771361842084 0.46557214856147766 6867
1771361842115 0.30934515595436096 6868
1771361842148 0.5752716660499573 6869
1771361842180 0.45047128200531006 6870
1771361842213 1.0345252752304077 6871
1771361842245 0.4857540726661682 6872
1771361842278 1.1650047302246094 6873
1771361842310 0.6229477524757385 6874
1771361842342 0.6221356987953186 6875
1771361842375 1.077444314956665 6876
1771361842407 0.42077893018722534 6877
1771361842439 0.8922348022460938 6878
1771361842472 0.5977171659469604 6879
1771361842507 0.6173275113105774 6880
1771361842543 0.7733919620513916 6881
1771361842579 1.0415129661560059 6882
1771361842615 0.6620454788208008 6883
1771361842651 0.4138767421245575 6884
1771361842687 0.7044750452041626 6885
1771361842722 0.572572648525238 6886
1771361842758 0.6374600529670715 6887
1771361842792 0.837303638458252 6888
1771361842827 0.519123375415802 6889
1771361842862 0.4065408408641815 6890
1771361842895 0.7718977332115173 6891
1771361842929 0.7398342490196228 6892
1771361842963 0.35549476742744446 6893
1771361842997 1.369115948677063 6894
1771361843032 0.22132787108421326 6895
1771361843066 0.7952327728271484 6896
1771361843099 1.4193781614303589 6897
1771361843133 1.2925634384155273 6898
1771361843168 0.5591129064559937 6899
1771361843202 0.7104579210281372 6900
1771361843235 0.1525474488735199 6901
1771361843271 0.7306079268455505 6902
1771361843307 0.7374712824821472 6903
1771361843343 0.7915478348731995 6904
1771361843377 0.46229204535484314 6905
1771361843411 0.2879171371459961 6906
1771361843445 0.9157713651657104 6907
1771361843478 0.25865888595581055 6908
1771361843510 0.828851044178009 6909
1771361843543 0.9649195671081543 6910
1771361843576 0.7955813407897949 6911
1771361843609 0.9527376294136047 6912
1771361843642 0.8937830328941345 6913
1771361843674 0.3651413321495056 6914
1771361843706 0.24317841231822968 6915
1771361843739 0.8536555171012878 6916
1771361843772 0.6566370725631714 6917
1771361843804 0.3630736172199249 6918
1771361843837 0.7268511056900024 6919
1771361843871 1.350679636001587 6920
1771361843904 1.195790410041809 6921
1771361843937 0.39390960335731506 6922
1771361843969 0.8606399297714233 6923
1771361844003 0.7113676071166992 6924
1771361844037 0.7403479218482971 6925
1771361844070 0.6556572318077087 6926
1771361844103 0.5056056380271912 6927
1771361844135 0.9320036768913269 6928
1771361844169 0.2868848145008087 6929
1771361844202 1.0627015829086304 6930
1771361844234 0.6748498678207397 6931
1771361844268 0.7138859629631042 6932
1771361844302 1.3897535800933838 6933
1771361844335 0.6181511878967285 6934
1771361844367 0.40126898884773254 6935
1771361844400 0.7996408939361572 6936
1771361844437 0.4935476779937744 6937
1771361844469 0.45336341857910156 6938
1771361844500 0.8848339319229126 6939
1771361844533 0.40758100152015686 6940
1771361844565 0.6630082726478577 6941
1771361844597 0.8644393682479858 6942
1771361844631 1.0142014026641846 6943
1771361844665 0.839019775390625 6944
1771361844697 0.7158620357513428 6945
1771361844729 0.3940868079662323 6946
1771361844762 0.6509675979614258 6947
1771361844795 0.7322207689285278 6948
1771361844828 0.4456213116645813 6949
1771361844862 0.7172476649284363 6950
1771361844894 1.0310273170471191 6951
1771361844926 0.27951592206954956 6952
1771361844958 0.2160067856311798 6953
1771361844991 0.7746659517288208 6954
1771361845024 0.8898653388023376 6955
1771361845056 0.2784292697906494 6956
1771361845088 0.744773268699646 6957
1771361845121 0.6733672618865967 6958
1771361845153 0.6825776696205139 6959
1771361845185 0.7195135354995728 6960
1771361845218 0.545765221118927 6961
1771361845250 0.7723579406738281 6962
1771361845282 0.9797093272209167 6963
1771361845316 0.43935108184814453 6964
1771361845348 0.4579000473022461 6965
1771361845381 1.0089750289916992 6966
1771361845415 1.248064637184143 6967
1771361845450 1.0176032781600952 6968
1771361845483 0.47007229924201965 6969
1771361845517 0.6126986145973206 6970
1771361845550 0.9359556436538696 6971
1771361845582 0.5260136723518372 6972
1771361845614 0.5363371968269348 6973
1771361845647 0.6994589567184448 6974
1771361845679 0.6855214834213257 6975
1771361845713 0.7282372117042542 6976
1771361845745 0.863373339176178 6977
1771361845778 0.9673149585723877 6978
1771361845811 1.1104741096496582 6979
1771361845844 0.8885378837585449 6980
1771361845877 0.9022160172462463 6981
1771361845909 1.10224449634552 6982
1771361845942 0.372697114944458 6983
1771361845975 0.7301552891731262 6984
1771361846009 0.3620198369026184 6985
1771361846041 0.35808610916137695 6986
1771361846075 0.43528738617897034 6987
1771361846108 0.7881524562835693 6988
1771361846142 0.8037939667701721 6989
1771361846176 1.0187214612960815 6990
1771361846209 0.5668261051177979 6991
1771361846241 0.5544726252555847 6992
1771361846275 0.42607077956199646 6993
1771361846307 1.0008680820465088 6994
1771361846341 0.4148636758327484 6995
1771361846374 0.5466435551643372 6996
1771361846406 0.9859967827796936 6997
1771361846439 0.3664024770259857 6998
1771361846475 0.6479002237319946 6999
1771361846512 0.4950803220272064 7000
1771361846547 0.3168906271457672 7001
1771361846580 0.7821347713470459 7002
1771361846614 0.8636175394058228 7003
1771361846646 0.6116480231285095 7004
1771361846679 0.6588441133499146 7005
1771361846711 0.3904835879802704 7006
1771361846744 0.40707919001579285 7007
1771361846778 0.6590057015419006 7008
1771361846810 0.43995681405067444 7009
1771361846842 0.6274096369743347 7010
1771361846875 0.5666373372077942 7011
1771361846908 0.6928690075874329 7012
1771361846940 0.48172658681869507 7013
1771361846973 0.9837278127670288 7014
1771361847007 0.7226402163505554 7015
1771361847039 0.272611141204834 7016
1771361847072 0.9551830887794495 7017
1771361847105 1.1591445207595825 7018
1771361847138 0.7463897466659546 7019
1771361847172 0.5646845698356628 7020
1771361847205 0.8528715968132019 7021
1771361847237 0.5337816476821899 7022
1771361847270 0.8204079270362854 7023
1771361847302 0.2499210387468338 7024
1771361847335 1.0448578596115112 7025
1771361847368 0.7521925568580627 7026
1771361847402 0.30620720982551575 7027
1771361847435 0.6570480465888977 7028
1771361847468 0.6374834775924683 7029
1771361847501 1.218921422958374 7030
1771361847534 0.8054285645484924 7031
1771361847568 0.5919947028160095 7032
1771361847601 0.5343051552772522 7033
1771361847630 0.2786811292171478 7034
1771361847672 0.6125697493553162 7035
1771361847704 0.47471269965171814 7036
1771361847737 0.2982565462589264 7037
1771361847769 0.8129416108131409 7038
1771361847802 0.3294777572154999 7039
1771361847836 0.6263781189918518 7040
1771361847868 0.16512396931648254 7041
1771361847901 0.2792208790779114 7042
1771361847933 0.7981584668159485 7043
1771361847966 0.4621308445930481 7044
1771361847999 0.8628830909729004 7045
1771361848031 0.6858627200126648 7046
1771361848065 0.20350858569145203 7047
1771361848097 0.5152513384819031 7048
1771361848129 0.5362045168876648 7049
1771361848162 0.7932716608047485 7050
1771361848194 0.8920011520385742 7051
1771361848227 0.28619518876075745 7052
1771361848259 0.43480822443962097 7053
1771361848292 0.34375354647636414 7054
1771361848325 0.484385222196579 7055
1771361848358 0.6700043082237244 7056
1771361848392 0.8109472393989563 7057
1771361848424 0.4618752896785736 7058
1771361848456 0.7987391948699951 7059
1771361848489 0.7435427904129028 7060
1771361848522 0.4644705653190613 7061
1771361848555 0.22600683569908142 7062
1771361848588 0.34542906284332275 7063
1771361848621 0.3101336658000946 7064
1771361848654 0.6207846403121948 7065
1771361848687 0.7023934721946716 7066
1771361848719 0.4752807915210724 7067
1771361848752 0.6794265508651733 7068
1771361848785 0.9632543325424194 7069
1771361848818 0.8705453872680664 7070
1771361848850 0.7380545735359192 7071
1771361848883 0.5187764763832092 7072
1771361848916 1.3000084161758423 7073
1771361848948 0.7524851560592651 7074
1771361848980 0.3468021750450134 7075
1771361849012 1.044219970703125 7076
1771361849045 0.9264094829559326 7077
1771361849078 0.6684697866439819 7078
1771361849111 0.7509141564369202 7079
1771361849145 1.0531649589538574 7080
1771361849179 0.361268013715744 7081
1771361849211 0.5644536018371582 7082
1771361849244 0.373278945684433 7083
1771361849277 0.6613247990608215 7084
1771361849310 0.42496323585510254 7085
1771361849344 0.41807621717453003 7086
1771361849377 0.5324934720993042 7087
1771361849409 1.0069876909255981 7088
1771361849444 0.5295225977897644 7089
1771361849477 1.0470575094223022 7090
1771361849511 0.8293643593788147 7091
1771361849543 0.2461245208978653 7092
1771361849577 0.359731525182724 7093
1771361849610 0.40604376792907715 7094
1771361849642 0.4252997934818268 7095
1771361849675 0.30082249641418457 7096
1771361849708 0.634719729423523 7097
1771361849742 0.5190989375114441 7098
1771361849774 0.8277952671051025 7099
1771361849807 0.734709620475769 7100
1771361849840 0.8934310078620911 7101
1771361849873 0.3153785169124603 7102
1771361849906 0.5980915427207947 7103
1771361849938 0.849388837814331 7104
1771361849971 0.6002742648124695 7105
1771361850005 0.7310567498207092 7106
1771361850037 0.7462365031242371 7107
1771361850071 0.567213773727417 7108
1771361850104 0.4475710391998291 7109
1771361850136 0.6982455253601074 7110
1771361850169 0.17246413230895996 7111
1771361850202 0.48276323080062866 7112
1771361850235 0.8450427651405334 7113
1771361850267 0.6876382231712341 7114
1771361850301 0.5720018148422241 7115
1771361850334 0.19546641409397125 7116
1771361850367 0.8106878399848938 7117
1771361850400 0.6557255387306213 7118
1771361850433 0.8837342262268066 7119
1771361850465 1.3304625749588013 7120
1771361850498 0.4676531255245209 7121
1771361850530 0.5439711809158325 7122
1771361850563 0.8200150728225708 7123
1771361850597 0.3492560386657715 7124
1771361850629 0.7399400472640991 7125
1771361850662 0.510815441608429 7126
1771361850695 0.5063584446907043 7127
1771361850729 0.6136311292648315 7128
1771361850761 0.9977372884750366 7129
1771361850794 0.8714017868041992 7130
1771361850827 0.4060831069946289 7131
1771361850860 0.5577422380447388 7132
1771361850894 0.32505500316619873 7133
1771361850927 0.6613776087760925 7134
1771361850960 0.6122122406959534 7135
1771361850993 1.1665091514587402 7136
1771361851026 0.333577424287796 7137
1771361851060 0.5618650913238525 7138
1771361851094 0.6115214228630066 7139
1771361851127 0.18030227720737457 7140
1771361851160 0.8228375315666199 7141
1771361851193 0.5925320386886597 7142
1771361851227 0.2378401905298233 7143
1771361851259 0.3403792977333069 7144
1771361851293 0.3763018846511841 7145
1771361851326 0.8224402070045471 7146
1771361851359 1.3025606870651245 7147
1771361851391 0.2560460865497589 7148
1771361851424 0.7117464542388916 7149
1771361851457 0.49359628558158875 7150
1771361851491 0.9265928864479065 7151
1771361851524 0.40374642610549927 7152
1771361851557 0.9528963565826416 7153
1771361851590 0.7376033067703247 7154
1771361851624 0.8156755566596985 7155
1771361851657 0.4700862169265747 7156
1771361851689 0.937086820602417 7157
1771361851721 0.4902564585208893 7158
1771361851754 0.5157555341720581 7159
1771361851787 0.8188009858131409 7160
1771361851820 0.5299282073974609 7161
1771361851852 0.8707258701324463 7162
1771361851884 0.7354774475097656 7163
1771361851917 0.5169531106948853 7164
1771361851949 0.4152849316596985 7165
1771361851981 0.15783493220806122 7166
1771361852014 0.6690660119056702 7167
1771361852046 0.8150745630264282 7168
1771361852079 0.8454313278198242 7169
1771361852112 0.3962479531764984 7170
1771361852145 0.6872227787971497 7171
1771361852177 0.9393423795700073 7172
1771361852209 1.0921493768692017 7173
1771361852241 0.5342771410942078 7174
1771361852273 0.18626359105110168 7175
1771361852305 0.2237248718738556 7176
1771361852337 0.43281492590904236 7177
1771361852371 0.31223616003990173 7178
1771361852404 0.380815327167511 7179
1771361852437 1.2358436584472656 7180
1771361852470 0.9324588179588318 7181
1771361852505 0.23787587881088257 7182
1771361852541 0.4329804480075836 7183
1771361852576 1.0532326698303223 7184
1771361852612 0.482474684715271 7185
1771361852648 0.5256354212760925 7186
1771361852683 0.442231148481369 7187
1771361852718 0.4064111113548279 7188
1771361852753 0.9627078175544739 7189
1771361852787 1.0465329885482788 7190
1771361852821 0.596389651298523 7191
1771361852856 0.9437344670295715 7192
1771361852890 0.7935710549354553 7193
1771361852925 0.5271617770195007 7194
1771361852959 0.5190590620040894 7195
1771361852994 0.12064860016107559 7196
1771361853029 0.3013971447944641 7197
1771361853062 0.28555038571357727 7198
1771361853096 0.5814733505249023 7199
1771361853130 1.2868849039077759 7200
1771361853164 0.8189927339553833 7201
1771361853200 0.2504381835460663 7202
1771361853235 0.7437647581100464 7203
1771361853270 1.149566888809204 7204
1771361853306 0.7294716835021973 7205
1771361853341 0.6389644145965576 7206
1771361853374 0.7371994256973267 7207
1771361853408 0.6470057368278503 7208
1771361853441 0.38869452476501465 7209
1771361853474 0.4376565217971802 7210
1771361853507 0.6108265519142151 7211
1771361853541 0.22358573973178864 7212
1771361853574 0.2798636257648468 7213
1771361853607 0.6762939095497131 7214
1771361853641 0.4077686369419098 7215
1771361853674 0.5293906927108765 7216
1771361853707 0.4906175136566162 7217
1771361853740 0.2705482244491577 7218
1771361853773 0.6417719721794128 7219
1771361853808 0.7341911196708679 7220
1771361853841 0.661654531955719 7221
1771361853875 0.18599645793437958 7222
1771361853907 0.6995421648025513 7223
1771361853941 0.5541596412658691 7224
1771361853975 1.1644337177276611 7225
1771361854008 0.6629009246826172 7226
1771361854041 1.0990887880325317 7227
1771361854075 0.7629106044769287 7228
1771361854108 0.5409046411514282 7229
1771361854140 0.9666938185691833 7230
1771361854174 1.0477231740951538 7231
1771361854208 0.7191706299781799 7232
1771361854241 0.6094753742218018 7233
1771361854275 0.6407092809677124 7234
1771361854308 0.9504308104515076 7235
1771361854343 0.5218015909194946 7236
1771361854378 0.8785902261734009 7237
1771361854411 0.5949050784111023 7238
1771361854445 0.4633244574069977 7239
1771361854477 0.7398273348808289 7240
1771361854510 0.388303279876709 7241
1771361854543 0.7208898663520813 7242
1771361854577 0.4600587785243988 7243
1771361854611 0.5513250231742859 7244
1771361854645 0.9171667695045471 7245
1771361854677 0.7977421879768372 7246
1771361854709 0.2784358263015747 7247
1771361854742 0.6000081896781921 7248
1771361854774 0.3277295231819153 7249
1771361854807 0.34741345047950745 7250
1771361854840 0.5462237596511841 7251
1771361854873 0.1464899480342865 7252
1771361854906 0.25814568996429443 7253
1771361854939 1.8392506837844849 7254
1771361854973 1.5010782480239868 7255
1771361855007 0.7004009485244751 7256
1771361855041 0.15287552773952484 7257
1771361855073 0.5109334588050842 7258
1771361855107 0.5537458658218384 7259
1771361855141 0.6530678868293762 7260
1771361855174 0.6080009937286377 7261
1771361855207 0.40409618616104126 7262
1771361855242 0.5606604814529419 7263
1771361855274 0.30328333377838135 7264
1771361855307 0.9613161683082581 7265
1771361855339 0.539953887462616 7266
1771361855374 0.5099789500236511 7267
1771361855409 0.9576468467712402 7268
1771361855443 0.696245014667511 7269
1771361855477 0.825471043586731 7270
1771361855509 0.5044063925743103 7271
1771361855543 0.7151949405670166 7272
1771361855575 0.3002009987831116 7273
1771361855610 0.17794564366340637 7274
1771361855643 0.7619187831878662 7275
1771361855675 0.5154845118522644 7276
1771361855710 0.21112389862537384 7277
1771361855742 1.0570789575576782 7278
1771361855775 0.652117133140564 7279
1771361855807 0.7091012597084045 7280
1771361855840 0.7533507347106934 7281
1771361855873 0.7112177014350891 7282
1771361855906 1.103598952293396 7283
1771361855938 0.6693820953369141 7284
1771361855971 0.34489205479621887 7285
1771361856003 0.7681422233581543 7286
1771361856035 0.6402141451835632 7287
1771361856067 1.1339972019195557 7288
1771361856100 0.7404370307922363 7289
1771361856132 0.8805956840515137 7290
1771361856164 0.6916729807853699 7291
1771361856197 0.7968832850456238 7292
1771361856230 0.8230181336402893 7293
1771361856262 0.9953718185424805 7294
1771361856295 0.6359780430793762 7295
1771361856327 0.8146197199821472 7296
1771361856359 0.7016820311546326 7297
1771361856391 0.6478545069694519 7298
1771361856429 0.51365727186203 7299
1771361856465 0.4800962507724762 7300
1771361856498 0.37730637192726135 7301
1771361856530 0.6879774928092957 7302
1771361856562 0.29355567693710327 7303
1771361856595 0.8156680464744568 7304
1771361856627 0.7010006904602051 7305
1771361856659 0.4197569489479065 7306
1771361856691 0.5106452703475952 7307
1771361856724 0.6729459762573242 7308
1771361856756 0.2305968552827835 7309
1771361856789 0.5393778085708618 7310
1771361856821 0.8577408790588379 7311
1771361856853 0.11542348563671112 7312
1771361856885 0.4225598871707916 7313
1771361856917 0.6941062808036804 7314
1771361856950 0.9953817129135132 7315
1771361856983 0.6092483401298523 7316
1771361857015 0.3691617250442505 7317
1771361857047 1.0017104148864746 7318
1771361857080 0.5276170372962952 7319
1771361857112 0.3781385123729706 7320
1771361857144 0.670616090297699 7321
1771361857176 1.3880083560943604 7322
1771361857208 0.9072155952453613 7323
1771361857240 0.4102519154548645 7324
1771361857273 0.2769968807697296 7325
1771361857305 0.3199395537376404 7326
1771361857337 0.3721246123313904 7327
1771361857369 0.4803139865398407 7328
1771361857401 0.6338857412338257 7329
1771361857433 0.6574835777282715 7330
1771361857466 0.5634652972221375 7331
1771361857498 0.45816534757614136 7332
1771361857531 0.7688453793525696 7333
1771361857563 0.30499231815338135 7334
1771361857595 0.7156023383140564 7335
1771361857628 0.3910149335861206 7336
1771361857661 0.524690568447113 7337
1771361857695 0.35239818692207336 7338
1771361857728 0.3920465111732483 7339
1771361857760 0.427534818649292 7340
1771361857793 0.3341134786605835 7341
1771361857825 0.47769832611083984 7342
1771361857858 0.8983314037322998 7343
1771361857891 0.9673659205436707 7344
1771361857923 0.5637171864509583 7345
1771361857956 0.29407018423080444 7346
1771361857988 0.7186314463615417 7347
1771361858022 0.9067495465278625 7348
1771361858055 0.6643338799476624 7349
1771361858087 0.4592115879058838 7350
1771361858120 0.3108880817890167 7351
1771361858152 0.2487572282552719 7352
1771361858184 0.34632405638694763 7353
1771361858218 0.5638872981071472 7354
1771361858251 0.37016618251800537 7355
1771361858284 0.19074271619319916 7356
1771361858317 0.35318008065223694 7357
1771361858351 0.7597653865814209 7358
1771361858383 0.6246961951255798 7359
1771361858415 0.915276825428009 7360
1771361858449 0.8165420889854431 7361
1771361858481 0.624038815498352 7362
1771361858514 1.0939956903457642 7363
1771361858546 0.753921627998352 7364
1771361858578 0.5191015601158142 7365
1771361858611 0.7817597985267639 7366
1771361858644 0.6665257811546326 7367
1771361858676 1.0244053602218628 7368
1771361858708 0.8790070414543152 7369
1771361858741 1.1344921588897705 7370
1771361858774 0.9973956346511841 7371
1771361858806 0.6132852435112 7372
1771361858839 0.6122971177101135 7373
1771361858871 0.8702254295349121 7374
1771361858904 0.2947802245616913 7375
1771361858936 0.6035742163658142 7376
1771361858969 0.10394863784313202 7377
1771361859001 0.6907979249954224 7378
1771361859034 0.6801499724388123 7379
1771361859067 0.7911916375160217 7380
1771361859099 0.5761457085609436 7381
1771361859132 0.743196964263916 7382
1771361859164 0.3794046640396118 7383
1771361859196 0.47594088315963745 7384
1771361859229 1.5279834270477295 7385
1771361859262 0.842525839805603 7386
1771361859295 0.5909242033958435 7387
1771361859328 0.6651945114135742 7388
1771361859360 0.9734635353088379 7389
1771361859393 0.6080417633056641 7390
1771361859426 0.2979694604873657 7391
1771361859459 0.8307722210884094 7392
1771361859491 0.580264151096344 7393
1771361859524 0.8738667964935303 7394
1771361859560 0.7511284947395325 7395
1771361859594 0.5422655940055847 7396
1771361859627 0.5687848329544067 7397
1771361859660 0.6074633598327637 7398
1771361859693 0.7900455594062805 7399
1771361859724 0.6983118057250977 7400
1771361859753 0.9746142625808716 7401
1771361859783 0.4355829060077667 7402
1771361859811 0.5819355845451355 7403
1771361859840 1.027003288269043 7404
1771361859868 1.3051390647888184 7405
1771361859896 0.8135777115821838 7406
1771361859924 0.15928922593593597 7407
1771361859952 0.6697373986244202 7408
1771361859981 0.373002290725708 7409
1771361860010 0.9257676005363464 7410
1771361860039 1.0835143327713013 7411
1771361860068 0.5206345915794373 7412
1771361860097 0.5676624774932861 7413
1771361860126 1.1315873861312866 7414
1771361860154 1.1481621265411377 7415
1771361860184 1.2393893003463745 7416
1771361860214 0.6174658536911011 7417
1771361860244 1.216526985168457 7418
1771361860273 0.818949818611145 7419
1771361860302 0.7869215607643127 7420
1771361860330 0.6478814482688904 7421
1771361860359 0.6194642782211304 7422
1771361860389 0.6487345099449158 7423
1771361860417 1.0070551633834839 7424
1771361860448 0.5546291470527649 7425
1771361860476 0.7965917587280273 7426
1771361860505 0.49525946378707886 7427
1771361860534 0.4834827482700348 7428
1771361860564 0.5762128233909607 7429
1771361860593 0.5868715643882751 7430
1771361860622 0.4752899408340454 7431
1771361860652 0.530602753162384 7432
1771361860682 0.34543004631996155 7433
1771361860712 0.6633428335189819 7434
1771361860741 0.36584508419036865 7435
1771361860769 0.7416311502456665 7436
1771361860798 0.10243222117424011 7437
1771361860827 0.550836980342865 7438
1771361860856 0.28091961145401 7439
1771361860884 0.6040047407150269 7440
1771361860913 0.8157786130905151 7441
1771361860941 0.9782788157463074 7442
1771361860969 0.7453362941741943 7443
1771361860997 0.9482374787330627 7444
1771361861025 1.0167696475982666 7445
1771361861054 0.6062802672386169 7446
1771361861082 0.4800412952899933 7447
1771361861111 0.6207895278930664 7448
1771361861139 0.33984777331352234 7449
1771361861168 0.4317626357078552 7450
1771361861196 0.3342771530151367 7451
1771361861225 0.4253200590610504 7452
1771361861252 0.3702985346317291 7453
1771361861281 0.35537421703338623 7454
1771361861310 1.46622896194458 7455
1771361861339 0.7887861132621765 7456
1771361861367 0.968207597732544 7457
1771361861396 0.6177595853805542 7458
1771361861425 0.5314657688140869 7459
1771361861454 0.18676897883415222 7460
1771361861483 0.6077135801315308 7461
1771361861511 1.0048519372940063 7462
1771361861539 0.8987426161766052 7463
1771361861567 1.1925499439239502 7464
1771361861595 0.33255529403686523 7465
1771361861625 0.5956129431724548 7466
1771361861653 0.24204815924167633 7467
1771361861682 0.7697030901908875 7468
1771361861710 0.6432907581329346 7469
1771361861738 0.9791227579116821 7470
1771361861766 1.279999852180481 7471
1771361861795 1.2673628330230713 7472
1771361861823 0.7850452661514282 7473
1771361861851 0.5109878182411194 7474
1771361861880 0.4098775386810303 7475
1771361861908 1.0018144845962524 7476
1771361861937 0.5898097157478333 7477
1771361861965 0.2805349826812744 7478
1771361861993 0.5733970999717712 7479
1771361862021 0.2572711706161499 7480
1771361862049 0.44839388132095337 7481
1771361862078 0.9316021800041199 7482
1771361862107 0.6589483022689819 7483
1771361862134 0.5406906604766846 7484
1771361862163 0.24858567118644714 7485
1771361862191 0.492453008890152 7486
1771361862219 0.727270245552063 7487
1771361862248 0.32650426030158997 7488
1771361862277 0.801960825920105 7489
1771361862305 0.9217802882194519 7490
1771361862334 0.4199979901313782 7491
1771361862362 0.5890966057777405 7492
1771361862391 0.7560133934020996 7493
1771361862420 1.1150444746017456 7494
1771361862448 0.7539551258087158 7495
1771361862477 0.5094180107116699 7496
1771361862508 0.22075612843036652 7497
1771361862539 0.6564149856567383 7498
1771361862569 0.5805334448814392 7499
1771361862599 0.5184222459793091 7500
1771361862630 0.398153156042099 7501
1771361862660 0.5454463362693787 7502
1771361862689 0.9120529890060425 7503
1771361862728 0.6370094418525696 7504
1771361862757 0.8560922145843506 7505
1771361862787 0.2965928316116333 7506
1771361862817 0.6329077482223511 7507
1771361862846 0.35226279497146606 7508
1771361862875 0.835642397403717 7509
1771361862904 0.44751396775245667 7510
1771361862933 0.7223148941993713 7511
1771361862963 0.6845582723617554 7512
1771361862992 0.2390633076429367 7513
1771361863021 0.7856798768043518 7514
1771361863050 0.2943894863128662 7515
1771361863079 0.5104722380638123 7516
1771361863107 0.659626305103302 7517
1771361863137 1.075922966003418 7518
1771361863165 0.6152153015136719 7519
1771361863194 0.3092455565929413 7520
1771361863223 0.8073050379753113 7521
1771361863253 0.8152459263801575 7522
1771361863284 0.307300865650177 7523
1771361863314 0.858323872089386 7524
1771361863344 0.5758179426193237 7525
1771361863374 0.5641706585884094 7526
1771361863402 0.6020346879959106 7527
1771361863430 0.6510492563247681 7528
1771361863459 0.617489218711853 7529
1771361863488 0.4317990243434906 7530
1771361863516 0.23463642597198486 7531
1771361863545 1.1888686418533325 7532
1771361863573 0.3892390727996826 7533
1771361863601 1.055676817893982 7534
1771361863629 0.3422733545303345 7535
1771361863656 0.30260223150253296 7536
1771361863685 0.4721088409423828 7537
1771361863715 0.506318986415863 7538
1771361863746 0.26323410868644714 7539
1771361863775 0.5849627256393433 7540
1771361863805 0.4432239830493927 7541
1771361863834 0.670044481754303 7542
1771361863863 0.7614348530769348 7543
1771361863891 0.2792072892189026 7544
1771361863920 0.6246204972267151 7545
1771361863948 0.6108819246292114 7546
1771361863976 0.7934986352920532 7547
1771361864004 0.6703343391418457 7548
1771361864032 0.5219247937202454 7549
1771361864061 0.4392033815383911 7550
1771361864089 1.0698060989379883 7551
1771361864117 0.6434248089790344 7552
1771361864146 0.3693173825740814 7553
1771361864175 0.39741215109825134 7554
1771361864203 0.7872819304466248 7555
1771361864231 0.6084256172180176 7556
1771361864259 0.2989802658557892 7557
1771361864287 0.5696529746055603 7558
1771361864315 0.43131235241889954 7559
1771361864343 1.0256097316741943 7560
1771361864373 0.35347408056259155 7561
1771361864402 0.37204915285110474 7562
1771361864431 0.12917250394821167 7563
1771361864459 0.9905297160148621 7564
1771361864487 0.8121492862701416 7565
1771361864515 0.4193027913570404 7566
1771361864544 0.8878305554389954 7567
1771361864571 0.19815783202648163 7568
1771361864600 0.2884990870952606 7569
1771361864628 0.5170451402664185 7570
1771361864657 0.21140986680984497 7571
1771361864684 0.40361395478248596 7572
1771361864713 0.3315933644771576 7573
1771361864741 0.5596377849578857 7574
1771361864770 0.7814328074455261 7575
1771361864800 0.5547916293144226 7576
1771361864829 0.31852272152900696 7577
1771361864858 0.7736055850982666 7578
1771361864886 0.6377858519554138 7579
1771361864914 1.1659852266311646 7580
1771361864942 0.35024750232696533 7581
1771361864970 0.5021459460258484 7582
1771361864998 0.9113052487373352 7583
1771361865026 0.8110120892524719 7584
1771361865054 0.8140916228294373 7585
1771361865082 0.5572507977485657 7586
1771361865110 0.6016297340393066 7587
1771361865139 0.9606080055236816 7588
1771361865167 1.0256320238113403 7589
1771361865195 0.7551679015159607 7590
1771361865222 0.5440087914466858 7591
1771361865250 0.2254304736852646 7592
1771361865279 0.2649298310279846 7593
1771361865309 0.15448667109012604 7594
1771361865337 0.9139479994773865 7595
1771361865366 0.25365227460861206 7596
1771361865395 0.5148078203201294 7597
1771361865427 0.6223830580711365 7598
1771361865456 0.3200010657310486 7599
1771361865485 0.5003839731216431 7600
1771361865514 0.2855537533760071 7601
1771361865542 0.5694147944450378 7602
1771361865571 0.39064499735832214 7603
1771361865600 0.3650359809398651 7604
1771361865627 0.8213286399841309 7605
1771361865656 0.4754117429256439 7606
1771361865684 0.403996080160141 7607
1771361865713 0.8081902265548706 7608
1771361865741 0.6794599890708923 7609
1771361865769 1.1439690589904785 7610
1771361865797 1.0520707368850708 7611
1771361865826 0.5864911079406738 7612
1771361865854 0.3711356222629547 7613
1771361865882 0.8975532650947571 7614
1771361865911 1.7233152389526367 7615
1771361865940 0.7252417802810669 7616
1771361865968 1.1656763553619385 7617
1771361865997 0.2785634994506836 7618
1771361866026 0.8781264424324036 7619
1771361866055 0.48813775181770325 7620
1771361866084 0.1797458678483963 7621
1771361866114 1.1706726551055908 7622
1771361866142 2.3714680671691895 7623
1771361866171 1.4504802227020264 7624
1771361866200 0.31956416368484497 7625
1771361866227 0.7891971468925476 7626
1771361866256 0.1911918669939041 7627
1771361866285 0.1402687281370163 7628
1771361866313 0.2645305395126343 7629
1771361866343 0.21867311000823975 7630
1771361866372 1.0740015506744385 7631
1771361866400 0.7563136219978333 7632
1771361866427 0.2738495171070099 7633
1771361866461 0.5212219953536987 7634
1771361866492 0.21287284791469574 7635
1771361866522 0.5669726729393005 7636
1771361866552 0.8166512250900269 7637
1771361866581 0.6739967465400696 7638
1771361866609 0.7097041010856628 7639
1771361866638 0.9982909560203552 7640
1771361866667 0.4068082273006439 7641
1771361866696 0.47265851497650146 7642
1771361866726 0.5459091067314148 7643
1771361866754 0.13553327322006226 7644
1771361866783 0.3789485991001129 7645
1771361866813 0.5507511496543884 7646
1771361866842 0.48743700981140137 7647
1771361866870 0.3711335361003876 7648
1771361866900 0.5333443880081177 7649
1771361866928 0.26396575570106506 7650
1771361866958 0.3877970278263092 7651
1771361866987 0.4787927269935608 7652
1771361867015 0.989780068397522 7653
1771361867044 0.2783891558647156 7654
1771361867073 0.564703106880188 7655
1771361867101 0.8257812857627869 7656
1771361867128 0.6558144688606262 7657
1771361867158 0.6235504746437073 7658
1771361867187 0.49582362174987793 7659
1771361867216 0.7947540283203125 7660
1771361867246 0.7627261281013489 7661
1771361867275 1.0722447633743286 7662
1771361867304 0.25112470984458923 7663
1771361867332 0.6620411276817322 7664
1771361867361 0.6266921758651733 7665
1771361867390 0.2395039051771164 7666
1771361867419 0.6173936128616333 7667
1771361867447 0.5459849834442139 7668
1771361867476 0.36679360270500183 7669
1771361867505 0.8778012990951538 7670
1771361867534 0.39068931341171265 7671
1771361867563 0.817702054977417 7672
1771361867592 0.6536624431610107 7673
1771361867621 0.4050291180610657 7674
1771361867649 0.3637602925300598 7675
1771361867677 0.6328672766685486 7676
1771361867706 0.22981569170951843 7677
1771361867735 0.1627347469329834 7678
1771361867763 0.42794719338417053 7679
1771361867791 0.3964710533618927 7680
1771361867819 0.22050875425338745 7681
1771361867848 0.643399715423584 7682
1771361867876 0.8027390837669373 7683
1771361867904 0.09598016738891602 7684
1771361867933 0.16021603345870972 7685
1771361867962 1.1780586242675781 7686
1771361867990 0.2844521701335907 7687
1771361868019 1.034467339515686 7688
1771361868047 2.2268593311309814 7689
1771361868077 0.28392279148101807 7690
1771361868106 0.9623671174049377 7691
1771361868135 1.028223991394043 7692
1771361868164 0.7473240494728088 7693
1771361868193 0.5139524936676025 7694
1771361868222 0.6311051845550537 7695
1771361868250 0.6273341178894043 7696
1771361868279 0.694965660572052 7697
1771361868307 0.71424800157547 7698
1771361868336 0.5281977653503418 7699
1771361868364 0.39894625544548035 7700
1771361868392 0.21398338675498962 7701
1771361868422 0.8188323974609375 7702
1771361868451 1.0339409112930298 7703
1771361868481 0.7828173637390137 7704
1771361868510 0.5813344120979309 7705
1771361868539 0.7502074241638184 7706
1771361868568 0.7460913062095642 7707
1771361868597 0.25398018956184387 7708
1771361868626 1.100876808166504 7709
1771361868656 0.8583085536956787 7710
1771361868684 0.8316938877105713 7711
1771361868713 1.5125179290771484 7712
1771361868742 1.5755504369735718 7713
1771361868771 1.5956839323043823 7714
1771361868800 1.0061765909194946 7715
1771361868829 1.5081428289413452 7716
1771361868858 1.1600149869918823 7717
1771361868886 0.3319779634475708 7718
1771361868914 0.603320837020874 7719
1771361868943 1.2701081037521362 7720
1771361868972 0.19692999124526978 7721
1771361869000 0.5688257813453674 7722
1771361869029 0.6501179933547974 7723
1771361869058 0.9397030472755432 7724
1771361869087 0.2351788431406021 7725
1771361869115 0.22927497327327728 7726
1771361869143 1.0120232105255127 7727
1771361869171 0.3822234272956848 7728
1771361869199 0.4948776364326477 7729
1771361869227 0.404695987701416 7730
1771361869255 0.44384652376174927 7731
1771361869283 0.31990712881088257 7732
1771361869312 0.5107338428497314 7733
1771361869342 0.1576247364282608 7734
1771361869370 0.6032856702804565 7735
1771361869398 0.9427045583724976 7736
1771361869426 0.5681321024894714 7737
1771361869453 0.5425638556480408 7738
1771361869481 0.6036342978477478 7739
1771361869509 0.3620004951953888 7740
1771361869537 0.40613600611686707 7741
1771361869566 0.40130504965782166 7742
1771361869594 0.48066794872283936 7743
1771361869623 0.8448115587234497 7744
1771361869651 0.7211868166923523 7745
1771361869678 0.6132626533508301 7746
1771361869706 0.11525040119886398 7747
1771361869734 0.8868839144706726 7748
1771361869763 0.3800514340400696 7749
1771361869791 0.4774613082408905 7750
1771361869819 0.34273451566696167 7751
1771361869847 0.617613673210144 7752
1771361869875 1.1406667232513428 7753
1771361869903 0.39765945076942444 7754
1771361869930 1.6092172861099243 7755
1771361869959 0.5270238518714905 7756
1771361869989 0.6347429156303406 7757
1771361870017 0.23825356364250183 7758
1771361870046 0.7427595853805542 7759
1771361870075 0.4862567186355591 7760
1771361870103 0.5799095034599304 7761
1771361870131 0.6432940363883972 7762
1771361870159 0.2723948359489441 7763
1771361870187 0.358641654253006 7764
1771361870216 1.0168044567108154 7765
1771361870244 0.49904993176460266 7766
1771361870271 0.1693693846464157 7767
1771361870299 0.28233450651168823 7768
1771361870327 0.49974867701530457 7769
1771361870355 0.32580286264419556 7770
1771361870383 0.652475118637085 7771
1771361870411 0.9768807888031006 7772
1771361870440 1.6833124160766602 7773
1771361870469 0.7756535410881042 7774
1771361870497 1.0628424882888794 7775
1771361870525 0.706043004989624 7776
1771361870554 0.4629264175891876 7777
1771361870582 0.5249572396278381 7778
1771361870610 0.68247389793396 7779
1771361870638 0.6492412090301514 7780
1771361870668 0.6073537468910217 7781
1771361870696 0.4426322877407074 7782
1771361870725 0.9402487874031067 7783
1771361870753 0.29456546902656555 7784
1771361870782 0.8934460282325745 7785
1771361870811 0.4451909363269806 7786
1771361870840 0.1441083401441574 7787
1771361870869 0.21711917221546173 7788
1771361870898 0.33216261863708496 7789
1771361870927 0.1715269237756729 7790
1771361870955 1.0328081846237183 7791
1771361870984 1.090326189994812 7792
1771361871013 0.8385556936264038 7793
1771361871041 0.9269330501556396 7794
1771361871069 0.6187718510627747 7795
1771361871096 0.8819582462310791 7796
1771361871125 0.6752356290817261 7797
1771361871152 0.5872988700866699 7798
1771361871180 0.5019291639328003 7799
1771361871208 0.990538477897644 7800
1771361871236 0.3149203360080719 7801
1771361871264 0.7329777479171753 7802
1771361871292 0.20150309801101685 7803
1771361871321 0.8101054430007935 7804
1771361871349 0.3095531463623047 7805
1771361871376 0.27868756651878357 7806
1771361871405 0.5599709153175354 7807
1771361871433 0.42326587438583374 7808
1771361871460 0.7214462757110596 7809
1771361871488 0.8969510197639465 7810
1771361871517 0.3688022196292877 7811
1771361871544 0.9391228556632996 7812
1771361871573 0.5516979098320007 7813
1771361871600 0.6104297041893005 7814
1771361871627 0.22097496688365936 7815
1771361871655 0.7520576119422913 7816
1771361871683 0.8067828416824341 7817
1771361871711 0.44117116928100586 7818
1771361871738 0.3238948881626129 7819
1771361871766 0.9016737341880798 7820
1771361871794 0.6019371747970581 7821
1771361871823 0.9427387118339539 7822
1771361871850 0.3945505619049072 7823
1771361871878 0.7177841663360596 7824
1771361871907 0.9509900212287903 7825
1771361871935 0.793249785900116 7826
1771361871963 0.35723474621772766 7827
1771361871993 0.36825114488601685 7828
1771361872021 0.7660189867019653 7829
1771361872050 1.5325273275375366 7830
1771361872079 0.9120726585388184 7831
1771361872107 0.5125260949134827 7832
1771361872136 0.5714759230613708 7833
1771361872164 0.9765099287033081 7834
1771361872194 0.5237885117530823 7835
1771361872222 0.48638543486595154 7836
1771361872251 0.5127264857292175 7837
1771361872280 0.30920854210853577 7838
1771361872308 0.8412627577781677 7839
1771361872336 1.266452431678772 7840
1771361872365 0.4200960695743561 7841
1771361872393 1.1369035243988037 7842
1771361872422 0.5961140990257263 7843
1771361872450 0.6342058777809143 7844
1771361872480 0.3391374349594116 7845
1771361872511 0.5329917669296265 7846
1771361872541 0.5544640421867371 7847
1771361872570 0.1953532099723816 7848
1771361872599 0.7189136743545532 7849
1771361872630 0.8539831638336182 7850
1771361872659 0.6785611510276794 7851
1771361872688 0.3825787901878357 7852
1771361872718 0.32003462314605713 7853
1771361872747 0.4672771990299225 7854
1771361872776 0.5356634855270386 7855
1771361872805 0.4256882071495056 7856
1771361872833 1.081189751625061 7857
1771361872862 0.35951751470565796 7858
1771361872891 0.8185123205184937 7859
1771361872920 0.4346023499965668 7860
1771361872948 0.7134869694709778 7861
1771361872977 0.37369707226753235 7862
1771361873006 0.19863365590572357 7863
1771361873034 0.6923680305480957 7864
1771361873062 1.1294745206832886 7865
1771361873091 0.687059223651886 7866
1771361873120 0.9210218191146851 7867
1771361873148 0.4519219398498535 7868
1771361873177 1.0923047065734863 7869
1771361873205 0.5582465529441833 7870
1771361873235 1.1144219636917114 7871
1771361873265 0.2536834180355072 7872
1771361873296 0.6036524176597595 7873
1771361873327 0.43277183175086975 7874
1771361873357 0.776215136051178 7875
1771361873387 0.5927254557609558 7876
1771361873416 0.6302929520606995 7877
1771361873453 0.5543027520179749 7878
1771361873485 0.8797296285629272 7879
1771361873519 1.1912649869918823 7880
1771361873553 0.8713247179985046 7881
1771361873587 1.1433004140853882 7882
1771361873621 0.7566124200820923 7883
1771361873654 0.4493863880634308 7884
1771361873688 0.7954564094543457 7885
1771361873721 0.6845990419387817 7886
1771361873754 0.7624295353889465 7887
1771361873786 0.5816004872322083 7888
1771361873819 0.7292027473449707 7889
1771361873852 0.5158224701881409 7890
1771361873885 0.39845243096351624 7891
1771361873919 0.9628223180770874 7892
1771361873951 0.9125195741653442 7893
1771361873985 1.0076040029525757 7894
1771361874017 0.9691786766052246 7895
1771361874051 0.2557143270969391 7896
1771361874085 0.49016696214675903 7897
1771361874119 0.5792269110679626 7898
1771361874152 0.5375722050666809 7899
1771361874185 0.4401389956474304 7900
1771361874218 0.6439591646194458 7901
1771361874251 0.8545389771461487 7902
1771361874284 0.7198013067245483 7903
1771361874317 0.5989846587181091 7904
1771361874350 0.7831568717956543 7905
1771361874384 0.603577196598053 7906
1771361874419 0.45412638783454895 7907
1771361874452 0.7722023725509644 7908
1771361874485 0.19754382967948914 7909
1771361874520 0.4667331278324127 7910
1771361874553 0.19409777224063873 7911
1771361874586 0.5949046611785889 7912
1771361874620 0.38027334213256836 7913
1771361874653 0.6513502597808838 7914
1771361874687 0.5115959644317627 7915
1771361874721 1.239677906036377 7916
1771361874753 1.2824267148971558 7917
1771361874787 1.3161309957504272 7918
1771361874821 0.6965034604072571 7919
1771361874854 0.6584122776985168 7920
1771361874888 0.6737513542175293 7921
1771361874921 0.9960055947303772 7922
1771361874955 0.34399765729904175 7923
1771361874988 1.0376638174057007 7924
1771361875021 0.9780951738357544 7925
1771361875053 0.7409051060676575 7926
1771361875085 0.44352805614471436 7927
1771361875118 0.6538764238357544 7928
1771361875151 0.7057048678398132 7929
1771361875184 0.7902601361274719 7930
1771361875217 0.578294575214386 7931
1771361875250 0.5770850777626038 7932
1771361875284 0.5106558799743652 7933
1771361875317 0.3513776957988739 7934
1771361875349 1.0219355821609497 7935
1771361875381 1.2151182889938354 7936
1771361875416 0.66884446144104 7937
1771361875450 0.7275802493095398 7938
1771361875484 0.09700850397348404 7939
1771361875516 0.8755394220352173 7940
1771361875548 0.7042667865753174 7941
1771361875580 0.9848465323448181 7942
1771361875613 0.8010223507881165 7943
1771361875645 1.156998634338379 7944
1771361875678 0.7464705109596252 7945
1771361875710 0.4238607585430145 7946
1771361875742 0.7665154337882996 7947
1771361875775 0.5648747086524963 7948
1771361875808 0.14693260192871094 7949
1771361875841 0.9657831788063049 7950
1771361875874 0.91531902551651 7951
1771361875906 0.5738290548324585 7952
1771361875938 0.7059358954429626 7953
1771361875970 0.6212409138679504 7954
1771361876003 0.8344413042068481 7955
1771361876036 1.112962007522583 7956
1771361876070 1.2547540664672852 7957
1771361876103 0.41198092699050903 7958
1771361876136 1.0136771202087402 7959
1771361876168 0.8820227980613708 7960
1771361876201 0.8639481067657471 7961
1771361876233 0.5985006093978882 7962
1771361876265 0.5476086735725403 7963
1771361876297 1.0116046667099 7964
1771361876329 0.7775365710258484 7965
1771361876361 0.4640825390815735 7966
1771361876393 0.33916863799095154 7967
1771361876425 0.3564448058605194 7968
1771361876462 0.4864736497402191 7969
1771361876498 0.5139514207839966 7970
1771361876533 0.4341411292552948 7971
1771361876562 1.0490714311599731 7972
1771361876603 0.5385861992835999 7973
1771361876636 0.697504997253418 7974
1771361876671 0.571644127368927 7975
1771361876704 0.3719891309738159 7976
1771361876737 0.4573315382003784 7977
1771361876769 0.7114303112030029 7978
1771361876803 0.9548383951187134 7979
1771361876837 0.4134563207626343 7980
1771361876870 0.7488328814506531 7981
1771361876904 0.46194279193878174 7982
1771361876937 0.5693283081054688 7983
1771361876971 0.2857681214809418 7984
1771361877004 0.2693102955818176 7985
1771361877037 0.41493964195251465 7986
1771361877070 0.3701823949813843 7987
1771361877103 0.18765835464000702 7988
1771361877135 0.7097116708755493 7989
1771361877167 0.41230809688568115 7990
1771361877199 0.44845089316368103 7991
1771361877231 0.5992249250411987 7992
1771361877265 0.7734746336936951 7993
1771361877298 0.6838138103485107 7994
1771361877330 1.0346689224243164 7995
1771361877363 0.5893641710281372 7996
1771361877398 0.37110498547554016 7997
1771361877432 0.5821864604949951 7998
1771361877466 0.5374630093574524 7999
1771361877499 0.7276132106781006 8000
1771361877532 0.8734678626060486 8001
1771361877565 0.3003349006175995 8002
1771361877598 0.9082616567611694 8003
1771361877631 0.3414771854877472 8004
1771361877663 0.7052234411239624 8005
1771361877695 0.9870781302452087 8006
1771361877728 0.8416602611541748 8007
1771361877761 0.9060013890266418 8008
1771361877793 0.16648609936237335 8009
1771361877827 0.4731106162071228 8010
1771361877859 0.4920389652252197 8011
1771361877891 0.8105586171150208 8012
1771361877923 0.3303355276584625 8013
1771361877955 0.3255944550037384 8014
1771361877988 0.7265151739120483 8015
1771361878023 0.4142453074455261 8016
1771361878056 0.6734762787818909 8017
1771361878088 0.23407702147960663 8018
1771361878121 0.8024232983589172 8019
1771361878153 0.3584418296813965 8020
1771361878185 0.3867979943752289 8021
1771361878219 0.6259352564811707 8022
1771361878252 0.7888593673706055 8023
1771361878285 0.752017617225647 8024
1771361878318 0.7161142826080322 8025
1771361878353 0.4182627499103546 8026
1771361878386 0.3477124869823456 8027
1771361878420 0.6652848124504089 8028
1771361878453 0.21998469531536102 8029
1771361878485 0.3223171532154083 8030
1771361878518 0.4917110204696655 8031
1771361878552 1.001763105392456 8032
1771361878584 1.0861402750015259 8033
1771361878617 0.20573100447654724 8034
1771361878649 1.2165253162384033 8035
1771361878682 0.8436195850372314 8036
1771361878714 0.5755614042282104 8037
1771361878747 0.5794214010238647 8038
1771361878781 0.1893637478351593 8039
1771361878814 0.5773541927337646 8040
1771361878848 0.2236214578151703 8041
1771361878881 1.0098702907562256 8042
1771361878913 0.5066256523132324 8043
1771361878948 1.1250196695327759 8044
1771361878982 0.23948810994625092 8045
1771361879016 0.889249861240387 8046
1771361879050 0.4122597575187683 8047
1771361879084 0.4700285792350769 8048
1771361879116 0.1576698273420334 8049
1771361879150 0.2851504385471344 8050
1771361879184 0.7098472118377686 8051
1771361879218 0.46107620000839233 8052
1771361879252 0.8414558172225952 8053
1771361879285 0.7407782077789307 8054
1771361879317 0.3465743064880371 8055
1771361879350 0.42746707797050476 8056
1771361879383 0.38692328333854675 8057
1771361879417 0.9249923229217529 8058
1771361879450 1.0576540231704712 8059
1771361879482 1.2965337038040161 8060
1771361879515 0.735451877117157 8061
1771361879547 0.45517656207084656 8062
1771361879580 0.8690018057823181 8063
1771361879613 0.5669804215431213 8064
1771361879646 0.335931658744812 8065
1771361879680 0.7791004776954651 8066
1771361879712 0.7691431641578674 8067
1771361879744 1.121600866317749 8068
1771361879777 1.2270647287368774 8069
1771361879810 0.8237185478210449 8070
1771361879842 0.5118747353553772 8071
1771361879875 0.6468685865402222 8072
1771361879908 1.125209927558899 8073
1771361879941 0.6795228719711304 8074
1771361879974 0.24978235363960266 8075
1771361880008 0.3989638090133667 8076
1771361880040 1.1799101829528809 8077
1771361880073 0.7707076668739319 8078
1771361880106 0.824601948261261 8079
1771361880138 0.10949801653623581 8080
1771361880170 0.5761243104934692 8081
1771361880203 0.7429952621459961 8082
1771361880235 0.5782698392868042 8083
1771361880267 0.22779472172260284 8084
1771361880300 0.1497269719839096 8085
1771361880332 0.4197067320346832 8086
1771361880361 0.5996173024177551 8087
1771361880389 0.8869337439537048 8088
1771361880417 0.41467586159706116 8089
1771361880445 0.22561119496822357 8090
1771361880472 0.30267712473869324 8091
1771361880499 0.146689310669899 8092
1771361880527 0.7687543034553528 8093
1771361880555 0.3378000557422638 8094
1771361880583 0.9070766568183899 8095
1771361880611 0.7601209878921509 8096
1771361880638 0.6577127575874329 8097
1771361880666 0.40168946981430054 8098
1771361880694 0.5674102306365967 8099
1771361880722 0.8587210774421692 8100
1771361880750 0.6268592476844788 8101
1771361880777 0.18544624745845795 8102
1771361880805 1.0291829109191895 8103
1771361880833 0.3835306763648987 8104
1771361880861 0.7489596009254456 8105
1771361880888 0.7509944438934326 8106
1771361880918 0.860487699508667 8107
1771361880946 0.5528755187988281 8108
1771361880973 0.7546619772911072 8109
1771361881001 0.651022732257843 8110
1771361881028 0.23160338401794434 8111
1771361881056 1.141255497932434 8112
1771361881083 1.0062562227249146 8113
1771361881111 0.29366186261177063 8114
1771361881138 0.6541954278945923 8115
1771361881166 0.649366557598114 8116
1771361881193 0.48701539635658264 8117
1771361881220 0.8862981200218201 8118
1771361881248 0.3577267825603485 8119
1771361881276 0.3540222644805908 8120
1771361881303 0.4163401126861572 8121
1771361881330 1.2466570138931274 8122
1771361881359 1.1548517942428589 8123
1771361881387 0.5634779930114746 8124
1771361881415 0.37808090448379517 8125
1771361881444 0.40954017639160156 8126
1771361881472 0.2611631155014038 8127
1771361881500 0.3071878254413605 8128
1771361881528 0.3712746500968933 8129
1771361881555 0.4766581058502197 8130
1771361881583 0.6160946488380432 8131
1771361881611 0.7979303002357483 8132
1771361881639 0.7007277011871338 8133
1771361881668 0.33469870686531067 8134
1771361881696 0.7072771787643433 8135
1771361881723 0.6306545734405518 8136
1771361881751 0.5076402425765991 8137
1771361881778 0.7719851732254028 8138
1771361881807 0.41290292143821716 8139
1771361881835 0.49122992157936096 8140
1771361881862 0.22494982182979584 8141
1771361881890 0.1871686428785324 8142
1771361881918 1.0986374616622925 8143
1771361881945 0.2509371340274811 8144
1771361881973 0.28030186891555786 8145
1771361882001 0.48553287982940674 8146
1771361882029 0.8431020379066467 8147
1771361882056 0.39367738366127014 8148
1771361882084 0.9173595309257507 8149
1771361882112 0.6144298315048218 8150
1771361882140 0.17773766815662384 8151
1771361882168 0.5467318892478943 8152
1771361882196 0.9406057000160217 8153
1771361882225 0.2983154058456421 8154
1771361882253 1.085636019706726 8155
1771361882281 0.723500669002533 8156
1771361882309 0.9005670547485352 8157
1771361882336 0.48843124508857727 8158
1771361882364 0.5029073357582092 8159
1771361882392 0.6672700047492981 8160
1771361882420 0.21263587474822998 8161
1771361882448 0.32131922245025635 8162
1771361882476 0.5487331748008728 8163
1771361882504 0.8757269382476807 8164
1771361882535 0.8855818510055542 8165
1771361882564 0.463014155626297 8166
1771361882594 0.4388171434402466 8167
1771361882624 0.31181085109710693 8168
1771361882653 0.5129051208496094 8169
1771361882682 0.7883965373039246 8170
1771361882711 0.6550052762031555 8171
1771361882739 1.2728466987609863 8172
1771361882768 1.016688585281372 8173
1771361882796 0.21145513653755188 8174
1771361882825 0.9606605768203735 8175
1771361882853 0.92958003282547 8176
1771361882882 1.0839260816574097 8177
1771361882910 0.536715567111969 8178
1771361882938 0.7789978981018066 8179
1771361882967 0.7577347159385681 8180
1771361882995 0.6680547595024109 8181
1771361883025 0.7517035007476807 8182
1771361883054 0.5088474154472351 8183
1771361883083 0.5844916701316833 8184
1771361883112 0.8110895156860352 8185
1771361883141 0.2763104736804962 8186
1771361883169 1.1071221828460693 8187
1771361883198 0.766478419303894 8188
1771361883228 0.7477679252624512 8189
1771361883258 0.3735068142414093 8190
1771361883289 0.23291876912117004 8191
1771361883318 0.5780085921287537 8192
1771361883349 0.5272881388664246 8193
1771361883377 1.2673791646957397 8194
1771361883405 0.5343117713928223 8195
1771361883433 0.5593222379684448 8196
1771361883461 0.46531158685684204 8197
1771361883489 0.46009060740470886 8198
1771361883517 0.748333215713501 8199
1771361883545 0.681911051273346 8200
1771361883572 0.7076486945152283 8201
1771361883600 0.32930123805999756 8202
1771361883627 0.8401831388473511 8203
1771361883655 0.5388094186782837 8204
1771361883682 0.3037162125110626 8205
1771361883710 0.8516990542411804 8206
1771361883737 0.2617996335029602 8207
1771361883765 0.4682005047798157 8208
1771361883793 1.0278911590576172 8209
1771361883820 1.4636313915252686 8210
1771361883848 0.39153003692626953 8211
1771361883876 0.39552903175354004 8212
1771361883903 0.48232653737068176 8213
1771361883930 0.5083901286125183 8214
1771361883958 0.42947104573249817 8215
1771361883986 0.6712164282798767 8216
1771361884013 0.8002209067344666 8217
1771361884041 0.8151313066482544 8218
1771361884069 0.5300451517105103 8219
1771361884096 0.30733996629714966 8220
1771361884124 0.6356781125068665 8221
1771361884152 0.7072575092315674 8222
1771361884180 0.8089089393615723 8223
1771361884208 1.3717877864837646 8224
1771361884235 0.5057266354560852 8225
1771361884263 0.3934673070907593 8226
1771361884291 0.5895447134971619 8227
1771361884318 0.46040210127830505 8228
1771361884348 0.37770071625709534 8229
1771361884377 0.6433321833610535 8230
1771361884405 0.7374622225761414 8231
1771361884433 0.5260385870933533 8232
1771361884460 0.629946231842041 8233
1771361884488 0.9980704188346863 8234
1771361884516 0.9700245261192322 8235
1771361884543 0.6086397171020508 8236
1771361884571 0.41910141706466675 8237
1771361884598 0.6659324765205383 8238
1771361884627 0.32566526532173157 8239
1771361884654 0.696698009967804 8240
1771361884682 0.39590224623680115 8241
1771361884710 0.2022177278995514 8242
1771361884738 0.18129006028175354 8243
1771361884765 0.6322401762008667 8244
1771361884793 0.5333796739578247 8245
1771361884821 1.0228265523910522 8246
1771361884849 0.606856107711792 8247
1771361884876 0.73990398645401 8248
1771361884904 0.9525687098503113 8249
1771361884931 0.6298372745513916 8250
1771361884958 0.5731030702590942 8251
1771361884986 1.1902697086334229 8252
1771361885015 1.4877673387527466 8253
1771361885042 1.0497748851776123 8254
1771361885070 0.6739100813865662 8255
1771361885098 0.34092089533805847 8256
1771361885126 0.7673543691635132 8257
1771361885153 0.6976228952407837 8258
1771361885181 0.7849924564361572 8259
1771361885208 0.4223807752132416 8260
1771361885236 0.6903062462806702 8261
1771361885264 0.5493757128715515 8262
1771361885291 0.8119547963142395 8263
1771361885319 0.21094229817390442 8264
1771361885347 0.7379614114761353 8265
1771361885375 0.6763859987258911 8266
1771361885407 0.7128717303276062 8267
1771361885435 0.5057710409164429 8268
1771361885463 0.3187617063522339 8269
1771361885491 0.32102805376052856 8270
1771361885519 0.5602827668190002 8271
1771361885547 0.47073814272880554 8272
1771361885575 0.8432707786560059 8273
1771361885603 0.0823095440864563 8274
1771361885631 0.5256248712539673 8275
1771361885659 0.1989494264125824 8276
1771361885687 0.34596961736679077 8277
1771361885714 0.883829653263092 8278
1771361885741 0.36513984203338623 8279
1771361885769 0.41123342514038086 8280
1771361885797 1.2571640014648438 8281
1771361885825 0.28725290298461914 8282
1771361885852 1.1164805889129639 8283
1771361885880 0.9387344121932983 8284
1771361885908 0.7216842174530029 8285
1771361885936 0.3258182406425476 8286
1771361885964 0.35729479789733887 8287
1771361885992 0.9818685054779053 8288
1771361886019 0.5856131911277771 8289
1771361886047 0.8323047757148743 8290
1771361886074 0.1404925286769867 8291
1771361886102 0.25723665952682495 8292
1771361886129 0.26965785026550293 8293
1771361886157 0.7667953968048096 8294
1771361886185 0.7904438972473145 8295
1771361886213 0.8561220169067383 8296
1771361886241 0.5935978293418884 8297
1771361886269 0.8644108772277832 8298
1771361886298 0.7039748430252075 8299
1771361886326 0.36283671855926514 8300
1771361886354 0.549790620803833 8301
1771361886382 0.923882246017456 8302
1771361886411 0.7111517786979675 8303
1771361886444 0.7117047309875488 8304
1771361886476 0.4961828887462616 8305
1771361886504 0.755014955997467 8306
1771361886532 0.6924418210983276 8307
1771361886562 0.8664902448654175 8308
1771361886590 0.7070174217224121 8309
1771361886619 0.8608118891716003 8310
1771361886646 0.3526516854763031 8311
1771361886675 0.6258885860443115 8312
1771361886703 0.1820555478334427 8313
1771361886731 0.702288806438446 8314
1771361886759 0.37822267413139343 8315
1771361886787 0.990806519985199 8316
1771361886816 0.7952890992164612 8317
1771361886844 0.6654178500175476 8318
1771361886872 0.5951306819915771 8319
1771361886901 0.9646264910697937 8320
1771361886929 0.8049382567405701 8321
1771361886958 1.0287984609603882 8322
1771361886986 0.7766621112823486 8323
1771361887015 0.5978512763977051 8324
1771361887043 0.553704559803009 8325
1771361887072 0.47901901602745056 8326
1771361887100 1.05220627784729 8327
1771361887128 0.5929620862007141 8328
1771361887156 0.6841481924057007 8329
1771361887186 0.40273475646972656 8330
1771361887214 0.6842769384384155 8331
1771361887243 0.33474066853523254 8332
1771361887271 0.8106931447982788 8333
1771361887299 0.3227050006389618 8334
1771361887327 0.2847227156162262 8335
1771361887354 1.0499203205108643 8336
1771361887382 0.6996743083000183 8337
1771361887410 0.6170729994773865 8338
1771361887439 0.41852256655693054 8339
1771361887466 0.33916378021240234 8340
1771361887495 0.6088476777076721 8341
1771361887523 0.7580058574676514 8342
1771361887551 0.7311254739761353 8343
1771361887581 0.8595436215400696 8344
1771361887610 0.294177383184433 8345
1771361887640 0.38584738969802856 8346
1771361887669 0.2427087277173996 8347
1771361887697 0.6681448221206665 8348
1771361887726 0.3548354208469391 8349
1771361887753 0.4979047179222107 8350
1771361887783 1.3262637853622437 8351
1771361887811 0.8831233382225037 8352
1771361887840 0.27671903371810913 8353
1771361887868 1.0349992513656616 8354
1771361887896 0.5812863707542419 8355
1771361887924 0.6703100800514221 8356
1771361887952 0.717361569404602 8357
1771361887979 0.26092976331710815 8358
1771361888008 0.685406506061554 8359
1771361888036 0.5879331231117249 8360
1771361888064 1.028878092765808 8361
1771361888092 0.495351105928421 8362
1771361888119 0.38886335492134094 8363
1771361888148 0.3063018023967743 8364
1771361888176 0.5344514846801758 8365
1771361888204 0.783160388469696 8366
1771361888232 0.6114206910133362 8367
1771361888261 0.9942046403884888 8368
1771361888288 0.3050946295261383 8369
1771361888316 0.25645214319229126 8370
1771361888344 0.3828955292701721 8371
1771361888372 0.6618300676345825 8372
1771361888400 0.9316824078559875 8373
1771361888428 0.5568625926971436 8374
1771361888456 0.506625235080719 8375
1771361888483 0.8048460483551025 8376
1771361888512 0.9415013790130615 8377
1771361888541 0.6744785904884338 8378
1771361888569 0.31805965304374695 8379
1771361888598 0.8706093430519104 8380
1771361888627 0.6710734367370605 8381
1771361888655 0.41373971104621887 8382
1771361888684 0.3226083517074585 8383
1771361888713 0.44257882237434387 8384
1771361888742 0.2643519937992096 8385
1771361888770 0.14178550243377686 8386
1771361888798 0.1838190108537674 8387
1771361888827 0.7355883121490479 8388
1771361888855 1.5243539810180664 8389
1771361888885 0.9886859059333801 8390
1771361888914 1.0305200815200806 8391
1771361888943 1.2432396411895752 8392
1771361888972 0.8653298616409302 8393
1771361889001 0.7980602383613586 8394
1771361889030 0.662868857383728 8395
1771361889059 0.31639525294303894 8396
1771361889088 0.4047412872314453 8397
1771361889117 1.025651216506958 8398
1771361889146 0.5791070461273193 8399
1771361889174 0.7979252934455872 8400
1771361889202 0.6624838709831238 8401
1771361889229 0.37540403008461 8402
1771361889257 1.165960669517517 8403
1771361889286 0.6256895661354065 8404
1771361889315 0.669450044631958 8405
1771361889344 1.0127440690994263 8406
1771361889373 0.7688265442848206 8407
1771361889401 0.9284083247184753 8408
1771361889430 0.29984232783317566 8409
1771361889458 0.44056034088134766 8410
1771361889488 0.7773410081863403 8411
1771361889517 0.660937488079071 8412
1771361889546 0.9637338519096375 8413
1771361889574 0.7311251759529114 8414
1771361889602 0.710426926612854 8415
1771361889631 0.21607446670532227 8416
1771361889660 0.4424349367618561 8417
1771361889689 0.8218392133712769 8418
1771361889718 0.5787590146064758 8419
1771361889747 0.4369841516017914 8420
1771361889777 0.6349340677261353 8421
1771361889805 0.274023175239563 8422
1771361889834 0.44137006998062134 8423
1771361889863 0.6137123703956604 8424
1771361889891 0.7219198942184448 8425
1771361889921 0.7375718355178833 8426
1771361889950 0.6694455742835999 8427
1771361889980 0.8278032541275024 8428
1771361890008 0.669507622718811 8429
1771361890036 0.6144748330116272 8430
1771361890064 0.4533132016658783 8431
1771361890092 0.7268750071525574 8432
1771361890121 0.4363689422607422 8433
1771361890150 0.6085073947906494 8434
1771361890178 0.6999495029449463 8435
1771361890207 0.5221484303474426 8436
1771361890234 0.5092548131942749 8437
1771361890263 0.5609949827194214 8438
1771361890292 0.48912304639816284 8439
1771361890320 0.5296679735183716 8440
1771361890347 0.6470893621444702 8441
1771361890385 0.32788291573524475 8442
1771361890414 0.3197613060474396 8443
1771361890443 0.7143623232841492 8444
1771361890472 0.7286006808280945 8445
1771361890500 0.8178520798683167 8446
1771361890528 0.42064404487609863 8447
1771361890556 0.22803843021392822 8448
1771361890583 0.19672007858753204 8449
1771361890611 0.3953988254070282 8450
1771361890640 0.38477903604507446 8451
1771361890667 0.62458336353302 8452
1771361890695 1.0381404161453247 8453
1771361890723 1.036393165588379 8454
1771361890751 0.5231344103813171 8455
1771361890779 0.48873651027679443 8456
1771361890807 0.5949532389640808 8457
1771361890834 0.6974270343780518 8458
1771361890862 0.7141674757003784 8459
1771361890889 0.5087696313858032 8460
1771361890917 0.3510664701461792 8461
1771361890944 0.7259102463722229 8462
1771361890972 0.10168154537677765 8463
1771361891000 0.529598593711853 8464
1771361891028 0.4484201967716217 8465
1771361891055 0.4640125334262848 8466
1771361891083 0.4590495824813843 8467
1771361891111 0.6275354027748108 8468
1771361891138 0.696071982383728 8469
1771361891166 0.9597415924072266 8470
1771361891194 0.2903548777103424 8471
1771361891222 0.5177866220474243 8472
1771361891250 0.7484767436981201 8473
1771361891277 0.6766669154167175 8474
1771361891306 0.23629982769489288 8475
1771361891334 0.6004065871238708 8476
1771361891362 0.6985042691230774 8477
1771361891390 0.6708982586860657 8478
1771361891417 0.3433656394481659 8479
1771361891445 0.42588010430336 8480
1771361891473 0.41817981004714966 8481
1771361891500 0.4110189378261566 8482
1771361891528 1.020554780960083 8483
1771361891556 0.6312519907951355 8484
1771361891585 0.7562254667282104 8485
1771361891613 0.43996453285217285 8486
1771361891641 0.3884609043598175 8487
1771361891670 0.4117657244205475 8488
1771361891697 0.583035409450531 8489
1771361891726 0.4831303060054779 8490
1771361891754 0.4844331741333008 8491
1771361891782 0.8350918889045715 8492
1771361891810 1.0389395952224731 8493
1771361891838 0.5950717329978943 8494
1771361891865 0.6415196061134338 8495
1771361891894 0.5522546172142029 8496
1771361891922 0.577390193939209 8497
1771361891949 0.6479572653770447 8498
1771361891977 0.26950329542160034 8499
1771361892005 0.533521294593811 8500
1771361892034 0.4543520212173462 8501
1771361892063 0.3008916974067688 8502
1771361892091 0.42947283387184143 8503
1771361892120 0.8018560409545898 8504
1771361892148 0.8566436171531677 8505
1771361892177 0.9010278582572937 8506
1771361892206 0.30238309502601624 8507
1771361892235 0.29794004559516907 8508
1771361892263 0.5922622084617615 8509
1771361892292 1.3073374032974243 8510
1771361892320 0.7198494672775269 8511
1771361892348 0.6855199933052063 8512
1771361892378 0.7703625559806824 8513
1771361892406 0.14123409986495972 8514
1771361892434 0.14932401478290558 8515
1771361892462 1.008800983428955 8516
1771361892490 0.6167373657226562 8517
1771361892521 0.45349979400634766 8518
1771361892552 0.4054860770702362 8519
1771361892582 0.6497397422790527 8520
1771361892612 0.234037384390831 8521
1771361892642 1.004149317741394 8522
1771361892672 0.591862142086029 8523
1771361892704 1.0412253141403198 8524
1771361892733 0.46923989057540894 8525
1771361892764 0.7363420724868774 8526
1771361892793 0.31487688422203064 8527
1771361892822 0.40254366397857666 8528
1771361892851 0.7941091656684875 8529
1771361892879 0.4214339852333069 8530
1771361892909 0.5559517741203308 8531
1771361892938 0.6907368898391724 8532
1771361892967 0.23773902654647827 8533
1771361892996 0.4029730558395386 8534
1771361893025 1.1763988733291626 8535
1771361893055 0.4366261661052704 8536
1771361893084 0.630153238773346 8537
1771361893113 0.7282624244689941 8538
1771361893141 0.2898091971874237 8539
1771361893170 0.17896556854248047 8540
1771361893200 0.6405102014541626 8541
1771361893228 0.895818829536438 8542
1771361893257 0.9914677143096924 8543
1771361893288 0.6877086758613586 8544
1771361893318 0.27064791321754456 8545
1771361893349 0.8406000733375549 8546
1771361893378 0.9214168190956116 8547
1771361893407 0.6399653553962708 8548
1771361893436 0.436793714761734 8549
1771361893465 0.9630011320114136 8550
1771361893493 0.155012309551239 8551
1771361893522 0.5004574656486511 8552
1771361893550 0.7061902284622192 8553
1771361893579 0.44587427377700806 8554
1771361893607 0.4105370044708252 8555
1771361893635 0.2999776303768158 8556
1771361893663 0.1414785087108612 8557
1771361893691 0.416672945022583 8558
1771361893720 0.6261420845985413 8559
1771361893747 0.6633833646774292 8560
1771361893775 0.3243328630924225 8561
1771361893803 0.447938472032547 8562
1771361893831 0.24414324760437012 8563
1771361893859 0.6004907488822937 8564
1771361893886 0.3524967432022095 8565
1771361893914 0.136935293674469 8566
1771361893942 0.9262188673019409 8567
1771361893969 0.4921019971370697 8568
1771361893997 0.8678778409957886 8569
1771361894025 0.36422908306121826 8570
1771361894053 0.5492303967475891 8571
1771361894081 0.3047432005405426 8572
1771361894109 0.9530231952667236 8573
1771361894137 0.36575326323509216 8574
1771361894165 0.589752197265625 8575
1771361894194 0.9736514687538147 8576
1771361894222 0.49494922161102295 8577
1771361894250 0.325615257024765 8578
1771361894278 0.4472312033176422 8579
1771361894305 0.2828403413295746 8580
1771361894333 0.4990108013153076 8581
1771361894363 0.5724016427993774 8582
1771361894393 0.8071113228797913 8583
1771361894421 0.4178761839866638 8584
1771361894449 1.203660249710083 8585
1771361894477 0.3893832862377167 8586
1771361894505 0.1797507405281067 8587
1771361894533 0.5245376229286194 8588
1771361894560 0.6222221851348877 8589
1771361894588 0.3857196569442749 8590
1771361894616 0.3338019549846649 8591
1771361894644 0.9111890196800232 8592
1771361894672 0.9533213973045349 8593
1771361894701 0.39243006706237793 8594
1771361894729 0.9393613338470459 8595
1771361894757 0.8093216419219971 8596
1771361894785 0.6684414148330688 8597
1771361894814 0.775261640548706 8598
1771361894841 0.46205034852027893 8599
1771361894870 0.42184945940971375 8600
1771361894899 0.613111138343811 8601
1771361894927 0.6597535014152527 8602
1771361894955 0.802183210849762 8603
1771361894984 0.584696352481842 8604
1771361895011 0.7370251417160034 8605
1771361895039 0.6617052555084229 8606
1771361895068 0.6038647890090942 8607
1771361895097 0.35203054547309875 8608
1771361895125 0.32966041564941406 8609
1771361895153 0.7263176441192627 8610
1771361895181 0.2977712154388428 8611
1771361895209 0.9122270345687866 8612
1771361895237 0.6389139890670776 8613
1771361895265 0.9115222096443176 8614
1771361895292 0.7922354936599731 8615
1771361895320 0.9171215295791626 8616
1771361895347 1.1436352729797363 8617
1771361895375 0.9265370965003967 8618
1771361895407 0.6541566252708435 8619
1771361895436 0.37063974142074585 8620
1771361895465 0.3581177592277527 8621
1771361895493 1.1449323892593384 8622
1771361895522 0.596057653427124 8623
1771361895550 0.8031125068664551 8624
1771361895577 1.0081608295440674 8625
1771361895605 0.8478729128837585 8626
1771361895633 0.29061001539230347 8627
1771361895662 0.5443809032440186 8628
1771361895690 0.9328489899635315 8629
1771361895718 0.2381027638912201 8630
1771361895745 0.762097179889679 8631
1771361895774 0.35692477226257324 8632
1771361895803 0.3504674732685089 8633
1771361895832 0.5378282070159912 8634
1771361895861 0.8168981671333313 8635
1771361895890 0.8806847929954529 8636
1771361895918 0.6585517525672913 8637
1771361895947 0.38637575507164 8638
1771361895976 0.33736228942871094 8639
1771361896005 0.3257589638233185 8640
1771361896033 0.7768980860710144 8641
1771361896061 0.8810385465621948 8642
1771361896089 0.42159324884414673 8643
1771361896117 0.30659788846969604 8644
1771361896146 0.5399627089500427 8645
1771361896174 0.3889768421649933 8646
1771361896208 0.2833353579044342 8647
1771361896241 1.5016010999679565 8648
1771361896275 1.2110079526901245 8649
1771361896307 0.8351916670799255 8650
1771361896340 1.2478249073028564 8651
1771361896374 1.0672186613082886 8652
1771361896406 0.6861690282821655 8653
1771361896442 0.8522689938545227 8654
1771361896478 0.5321936011314392 8655
1771361896513 0.8947189450263977 8656
1771361896545 0.821078360080719 8657
1771361896578 0.8574283123016357 8658
1771361896611 0.42261213064193726 8659
1771361896643 1.0940243005752563 8660
1771361896676 0.616554856300354 8661
1771361896709 1.4701905250549316 8662
1771361896742 0.8259259462356567 8663
1771361896775 0.9753098487854004 8664
1771361896807 0.8379784226417542 8665
1771361896840 1.951175332069397 8666
1771361896873 0.9951603412628174 8667
1771361896907 0.5329749584197998 8668
1771361896939 0.4348660409450531 8669
1771361896972 0.8492710590362549 8670
1771361897005 0.39833369851112366 8671
1771361897038 1.220518708229065 8672
1771361897070 0.8402154445648193 8673
1771361897104 0.2513871192932129 8674
1771361897136 0.6074402332305908 8675
1771361897168 0.7031263113021851 8676
1771361897202 0.6647294163703918 8677
1771361897234 0.6984125971794128 8678
1771361897266 0.5961170196533203 8679
1771361897298 0.8194428086280823 8680
1771361897331 0.20938733220100403 8681
1771361897364 0.617818295955658 8682
1771361897396 0.4848024845123291 8683
1771361897429 0.2011323720216751 8684
1771361897462 0.3910410702228546 8685
1771361897495 0.6778095364570618 8686
1771361897527 0.6448668837547302 8687
1771361897561 0.743895947933197 8688
1771361897593 0.39588847756385803 8689
1771361897627 0.8184254765510559 8690
1771361897659 1.1154125928878784 8691
1771361897692 1.092547059059143 8692
1771361897725 0.9045265316963196 8693
1771361897758 0.226607084274292 8694
1771361897791 0.525628387928009 8695
1771361897824 0.3264469504356384 8696
1771361897857 0.4873672425746918 8697
1771361897891 0.37987419962882996 8698
1771361897924 0.5603167414665222 8699
1771361897956 0.7239887118339539 8700
1771361897988 0.3016855716705322 8701
1771361898021 0.41895076632499695 8702
1771361898054 0.40196850895881653 8703
1771361898088 0.8084040880203247 8704
1771361898120 0.8704653382301331 8705
1771361898153 0.890500009059906 8706
1771361898186 0.7749633193016052 8707
1771361898220 0.10044979304075241 8708
1771361898253 0.2256803661584854 8709
1771361898288 0.6345560550689697 8710
1771361898321 0.9112949967384338 8711
1771361898354 0.9231684803962708 8712
1771361898386 0.7488470673561096 8713
1771361898419 1.3793233633041382 8714
1771361898452 1.3489457368850708 8715
1771361898484 0.9310140609741211 8716
1771361898518 1.3131262063980103 8717
1771361898551 0.23291067779064178 8718
1771361898584 0.8898564577102661 8719
1771361898617 0.8826322555541992 8720
1771361898651 0.9585207104682922 8721
1771361898684 0.2215692549943924 8722
1771361898716 0.3743124008178711 8723
1771361898749 0.6011204123497009 8724
1771361898782 0.48844993114471436 8725
1771361898816 0.7779334783554077 8726
1771361898848 0.6070234775543213 8727
1771361898881 0.9487485885620117 8728
1771361898913 0.5559551119804382 8729
1771361898947 0.5731277465820312 8730
1771361898981 0.39519792795181274 8731
1771361899013 0.9840285778045654 8732
1771361899047 0.5447261929512024 8733
1771361899079 0.6632900834083557 8734
1771361899113 0.5120928287506104 8735
1771361899146 0.746138334274292 8736
1771361899179 0.9267513751983643 8737
1771361899211 0.7157995104789734 8738
1771361899245 0.6552184820175171 8739
1771361899278 0.8533749580383301 8740
1771361899312 0.1034000813961029 8741
1771361899345 0.5379697680473328 8742
1771361899378 0.6914619207382202 8743
1771361899412 0.15933695435523987 8744
1771361899446 0.6199166774749756 8745
1771361899480 0.607363224029541 8746
1771361899513 1.066927194595337 8747
1771361899546 0.44516077637672424 8748
1771361899578 0.21638542413711548 8749
1771361899612 0.4084649682044983 8750
1771361899644 0.8849601149559021 8751
1771361899677 0.23549237847328186 8752
1771361899710 0.5689784288406372 8753
1771361899742 0.30371224880218506 8754
1771361899775 0.6712594032287598 8755
1771361899808 0.20800349116325378 8756
1771361899840 0.9529500007629395 8757
1771361899872 0.6939024329185486 8758
1771361899905 0.14920610189437866 8759
1771361899938 0.16780006885528564 8760
1771361899970 0.8269355893135071 8761
1771361900003 0.9901896715164185 8762
1771361900035 0.9264791011810303 8763
1771361900069 0.7044339776039124 8764
1771361900102 0.578163206577301 8765
1771361900134 1.193192481994629 8766
1771361900167 1.0206918716430664 8767
1771361900200 0.51249098777771 8768
1771361900232 0.456633061170578 8769
1771361900264 0.9367583990097046 8770
1771361900297 0.27009353041648865 8771
1771361900329 0.7948266267776489 8772
1771361900361 0.6828446388244629 8773
1771361900394 0.22846002876758575 8774
1771361900428 0.26376840472221375 8775
1771361900460 0.6606530547142029 8776
1771361900494 0.3175834119319916 8777
1771361900526 0.6416035294532776 8778
1771361900559 0.8891739845275879 8779
1771361900593 0.4807761013507843 8780
1771361900626 0.5331184267997742 8781
1771361900659 0.44345706701278687 8782
1771361900692 0.3848755955696106 8783
1771361900726 0.7382769584655762 8784
1771361900758 0.7231574058532715 8785
1771361900792 0.35819146037101746 8786
1771361900825 0.6952367424964905 8787
1771361900858 0.6173938512802124 8788
1771361900890 0.21613603830337524 8789
1771361900924 0.5415503978729248 8790
1771361900957 0.9351451396942139 8791
1771361900991 0.606810450553894 8792
1771361901025 0.40750357508659363 8793
1771361901058 0.5192948579788208 8794
1771361901092 0.6764231324195862 8795
1771361901125 0.6237155795097351 8796
1771361901158 0.8310302495956421 8797
1771361901192 0.3210468888282776 8798
1771361901224 0.6634873151779175 8799
1771361901256 0.623317539691925 8800
1771361901291 0.9396771192550659 8801
1771361901324 0.8942546248435974 8802
1771361901357 0.31430432200431824 8803
1771361901390 1.064707636833191 8804
1771361901423 1.2428768873214722 8805
1771361901457 1.0646275281906128 8806
1771361901489 1.0987300872802734 8807
1771361901521 1.7176941633224487 8808
1771361901554 1.3715426921844482 8809
1771361901587 0.3885679841041565 8810
1771361901619 0.17247390747070312 8811
1771361901652 1.3967598676681519 8812
1771361901685 1.4211812019348145 8813
1771361901717 0.8884609937667847 8814
1771361901750 0.7771326899528503 8815
1771361901783 0.5409829020500183 8816
1771361901818 0.6892787218093872 8817
1771361901850 1.1422405242919922 8818
1771361901883 0.8498013615608215 8819
1771361901916 1.1040558815002441 8820
1771361901948 0.22711089253425598 8821
1771361901981 0.3161337971687317 8822
1771361902015 1.0726876258850098 8823
1771361902048 0.4430478811264038 8824
1771361902081 0.6778524518013 8825
1771361902113 0.741549551486969 8826
1771361902147 0.6479250192642212 8827
1771361902180 0.521905243396759 8828
1771361902213 0.5929339528083801 8829
1771361902247 0.47003716230392456 8830
1771361902281 0.5895797610282898 8831
1771361902313 0.29052793979644775 8832
1771361902346 0.43765464425086975 8833
1771361902378 0.6299739480018616 8834
1771361902412 0.4248713552951813 8835
1771361902445 0.4273322820663452 8836
1771361902478 0.541038990020752 8837
1771361902514 0.6100627183914185 8838
1771361902550 0.2746029794216156 8839
1771361902586 0.5715717077255249 8840
1771361902622 0.42199015617370605 8841
1771361902657 0.39346468448638916 8842
1771361902691 0.6251302361488342 8843
1771361902728 0.530044674873352 8844
1771361902763 0.7490116953849792 8845
1771361902797 0.36052748560905457 8846
1771361902831 0.372396320104599 8847
1771361902866 0.22798335552215576 8848
1771361902900 0.9067652225494385 8849
1771361902933 0.4501991868019104 8850
1771361902968 1.0155504941940308 8851
1771361903001 0.2547764480113983 8852
1771361903035 0.5610288977622986 8853
1771361903070 0.4531344771385193 8854
1771361903105 1.112304925918579 8855
1771361903140 0.4986490309238434 8856
1771361903174 0.5633753538131714 8857
1771361903209 0.5666189789772034 8858
1771361903242 0.9251604080200195 8859
1771361903277 0.45379894971847534 8860
1771361903313 1.286393642425537 8861
1771361903349 0.24133357405662537 8862
1771361903385 0.357865571975708 8863
1771361903419 0.6528047919273376 8864
1771361903453 1.0320807695388794 8865
1771361903486 0.336393803358078 8866
1771361903519 0.5769583582878113 8867
1771361903553 0.9009599685668945 8868
1771361903585 0.6901349425315857 8869
1771361903619 0.7391209602355957 8870
1771361903652 0.24923282861709595 8871
1771361903685 0.36115890741348267 8872
1771361903718 1.1750357151031494 8873
1771361903750 0.34074530005455017 8874
1771361903782 0.948725163936615 8875
1771361903816 0.8502110838890076 8876
1771361903849 0.4109061658382416 8877
1771361903882 0.5133156180381775 8878
1771361903915 0.5272771716117859 8879
1771361903948 0.8405383229255676 8880
1771361903981 0.4564066529273987 8881
1771361904014 0.4222516715526581 8882
1771361904047 0.9286201596260071 8883
1771361904080 0.7125047445297241 8884
1771361904113 1.052318811416626 8885
1771361904145 0.5332745313644409 8886
1771361904177 0.5205382704734802 8887
1771361904211 0.869358241558075 8888
1771361904244 0.7419165372848511 8889
1771361904277 0.23496240377426147 8890
1771361904310 0.6555514931678772 8891
1771361904344 0.751383364200592 8892
1771361904379 0.6144911050796509 8893
1771361904413 0.6612420678138733 8894
1771361904446 0.8568253517150879 8895
1771361904480 0.868846595287323 8896
1771361904514 0.9317439794540405 8897
1771361904548 0.21109098196029663 8898
1771361904581 1.2605096101760864 8899
1771361904616 1.0096126794815063 8900
1771361904649 0.6222896575927734 8901
1771361904682 0.5144314169883728 8902
1771361904716 0.4511665105819702 8903
1771361904749 0.45681217312812805 8904
1771361904782 0.9204245209693909 8905
1771361904816 1.0102277994155884 8906
1771361904850 0.4659649133682251 8907
1771361904882 0.7253358960151672 8908
1771361904915 0.6055261492729187 8909
1771361904944 0.6618266701698303 8910
1771361904987 0.19228409230709076 8911
1771361905021 0.23437149822711945 8912
1771361905054 1.4275532960891724 8913
1771361905087 0.7571420669555664 8914
1771361905121 0.6002393960952759 8915
1771361905154 0.343515545129776 8916
1771361905187 0.25057557225227356 8917
1771361905221 0.3597877025604248 8918
1771361905255 0.33696696162223816 8919
1771361905288 0.5820081830024719 8920
1771361905321 0.4227859377861023 8921
1771361905354 0.21979346871376038 8922
1771361905386 0.4908716678619385 8923
1771361905424 0.8004021048545837 8924
1771361905459 1.0022156238555908 8925
1771361905492 0.3965013921260834 8926
1771361905526 0.739453911781311 8927
1771361905561 0.4264487028121948 8928
1771361905594 0.6690418720245361 8929
1771361905629 0.8545004725456238 8930
1771361905661 0.3706020712852478 8931
1771361905695 0.8471240997314453 8932
1771361905728 0.2547164261341095 8933
1771361905761 0.43537265062332153 8934
1771361905796 0.3539651036262512 8935
1771361905829 0.8648136854171753 8936
1771361905863 0.5664331316947937 8937
1771361905898 0.6234174966812134 8938
1771361905931 0.3940652906894684 8939
1771361905963 0.6471680402755737 8940
1771361905994 0.4117957353591919 8941
1771361906027 0.6587388515472412 8942
1771361906059 0.9700385928153992 8943
1771361906092 0.9098460674285889 8944
1771361906124 0.7108044624328613 8945
1771361906156 0.6068510413169861 8946
1771361906188 0.713660478591919 8947
1771361906220 0.3186606466770172 8948
1771361906252 0.3563680946826935 8949
1771361906284 0.5424384474754333 8950
1771361906316 0.5561045408248901 8951
1771361906351 0.6684415340423584 8952
1771361906385 0.5209035277366638 8953
1771361906419 0.4690116047859192 8954
1771361906456 0.7412964701652527 8955
1771361906494 0.4718233644962311 8956
1771361906528 0.5578508377075195 8957
1771361906562 0.18248651921749115 8958
1771361906595 0.43149539828300476 8959
1771361906628 0.5003311634063721 8960
1771361906661 0.37202149629592896 8961
1771361906694 0.3332226276397705 8962
1771361906727 0.9995157122612 8963
1771361906759 0.8566033244132996 8964
1771361906793 0.5141880512237549 8965
1771361906827 0.7846375703811646 8966
1771361906860 0.2637529969215393 8967
1771361906894 0.35925349593162537 8968
1771361906928 0.6048575043678284 8969
1771361906963 0.34429696202278137 8970
1771361906996 0.8638256192207336 8971
1771361907029 0.5441879630088806 8972
1771361907062 0.49298161268234253 8973
1771361907097 0.49064746499061584 8974
1771361907129 0.46062901616096497 8975
1771361907164 0.3539026379585266 8976
1771361907197 1.2096788883209229 8977
1771361907231 0.8673786520957947 8978
1771361907265 0.33774080872535706 8979
1771361907299 0.7928926348686218 8980
1771361907332 0.19431819021701813 8981
1771361907366 1.075042963027954 8982
1771361907400 0.16829368472099304 8983
1771361907435 0.5911492109298706 8984
1771361907467 0.5592458248138428 8985
1771361907502 0.5144950151443481 8986
1771361907535 0.6895826458930969 8987
1771361907569 0.4116643965244293 8988
1771361907603 0.4443853199481964 8989
1771361907636 0.351574182510376 8990
1771361907669 0.8623870611190796 8991
1771361907702 0.4944987893104553 8992
1771361907734 0.7026698589324951 8993
1771361907769 0.4820462465286255 8994
1771361907803 0.2946295142173767 8995
1771361907836 0.8009839653968811 8996
1771361907871 0.3055204451084137 8997
1771361907904 0.4903686046600342 8998
1771361907936 0.34595271944999695 8999
1771361907970 0.5697358250617981 9000
1771361908003 0.1470789909362793 9001
1771361908036 0.3051467835903168 9002
1771361908070 0.5057278871536255 9003
1771361908104 0.8342462182044983 9004
1771361908137 0.3945329487323761 9005
1771361908170 0.4664798378944397 9006
1771361908204 0.5626335144042969 9007
1771361908237 0.6997218132019043 9008
1771361908270 0.7142394781112671 9009
1771361908305 0.48692789673805237 9010
1771361908338 0.5799166560173035 9011
1771361908371 0.4928646981716156 9012
1771361908406 0.40915635228157043 9013
1771361908440 0.9223375916481018 9014
1771361908474 0.4047439694404602 9015
1771361908506 0.5196213722229004 9016
1771361908540 0.26598209142684937 9017
1771361908574 0.2653909921646118 9018
1771361908607 0.9807093739509583 9019
1771361908641 0.702925980091095 9020
1771361908675 0.38489407300949097 9021
1771361908709 0.209783673286438 9022
1771361908743 0.6386658549308777 9023
1771361908777 0.9785048961639404 9024
1771361908809 0.5949997901916504 9025
1771361908842 0.4238782823085785 9026
1771361908875 0.3193802535533905 9027
1771361908909 0.3832766115665436 9028
1771361908944 0.7040718793869019 9029
1771361908977 0.7293741106987 9030
1771361909011 0.31226861476898193 9031
1771361909045 0.6330389976501465 9032
1771361909079 0.32830360531806946 9033
1771361909112 0.6846098303794861 9034
1771361909146 0.6578851938247681 9035
1771361909179 0.6976196765899658 9036
1771361909213 1.0819520950317383 9037
1771361909247 0.4374935030937195 9038
1771361909280 0.5699422955513 9039
1771361909313 0.10583775490522385 9040
1771361909346 0.9798274040222168 9041
1771361909380 0.24451400339603424 9042
1771361909413 0.4090917706489563 9043
1771361909447 0.40249133110046387 9044
1771361909480 0.8626543879508972 9045
1771361909513 0.5456331968307495 9046
1771361909546 0.7178459763526917 9047
1771361909580 0.22205011546611786 9048
1771361909614 0.5184091329574585 9049
1771361909648 0.5911772847175598 9050
1771361909682 0.3936077058315277 9051
1771361909717 0.6302880048751831 9052
1771361909750 0.7517518997192383 9053
1771361909783 0.6344929337501526 9054
1771361909816 0.2624930739402771 9055
1771361909850 0.7455049753189087 9056
1771361909884 0.42097437381744385 9057
1771361909917 0.36542168259620667 9058
1771361909949 0.3281465768814087 9059
1771361909982 0.4689602255821228 9060
1771361910016 0.8370766639709473 9061
1771361910048 0.2976002097129822 9062
1771361910081 0.4601868689060211 9063
1771361910114 0.6540724635124207 9064
1771361910147 1.8208767175674438 9065
1771361910180 0.23438771069049835 9066
1771361910213 0.8045973777770996 9067
1771361910245 1.2565988302230835 9068
1771361910278 1.1624488830566406 9069
1771361910310 0.6331512331962585 9070
1771361910343 0.42595788836479187 9071
1771361910376 0.6444903612136841 9072
1771361910408 0.500214695930481 9073
1771361910441 1.2345855236053467 9074
1771361910474 0.5108707547187805 9075
1771361910508 0.19785535335540771 9076
1771361910540 0.27488914132118225 9077
1771361910573 0.6099203824996948 9078
1771361910607 0.4556894302368164 9079
1771361910639 0.44594091176986694 9080
1771361910672 0.2153245508670807 9081
1771361910705 0.306471586227417 9082
1771361910737 0.5568574070930481 9083
1771361910770 0.5658236742019653 9084
1771361910802 0.458700567483902 9085
1771361910835 0.7253584861755371 9086
1771361910867 0.5972208380699158 9087
1771361910900 0.6210535168647766 9088
1771361910932 0.5584608316421509 9089
1771361910964 0.46214863657951355 9090
1771361910998 1.000174880027771 9091
1771361911030 0.9053391814231873 9092
1771361911062 0.12538976967334747 9093
1771361911094 0.6771770119667053 9094
1771361911127 0.46554675698280334 9095
1771361911159 0.5463981628417969 9096
1771361911192 0.20094947516918182 9097
1771361911224 0.7647771835327148 9098
1771361911256 0.3070385158061981 9099
1771361911289 0.8625089526176453 9100
1771361911321 0.6970365047454834 9101
1771361911353 0.8226068019866943 9102
1771361911385 0.19064083695411682 9103
1771361911418 0.7077273726463318 9104
1771361911450 1.0873382091522217 9105
1771361911483 0.7564554810523987 9106
1771361911515 0.5482758283615112 9107
1771361911548 0.4749898314476013 9108
1771361911580 0.2398766726255417 9109
1771361911613 0.6176376938819885 9110
1771361911645 0.8573675751686096 9111
1771361911678 0.21061158180236816 9112
1771361911710 0.19269661605358124 9113
1771361911742 0.14275647699832916 9114
1771361911774 0.22532455623149872 9115
1771361911807 0.5833806395530701 9116
1771361911839 0.6259609460830688 9117
1771361911872 0.46298667788505554 9118
1771361911904 0.9219619035720825 9119
1771361911936 0.4890618920326233 9120
1771361911969 0.7628597021102905 9121
1771361912001 0.7772737145423889 9122
1771361912034 0.8565151691436768 9123
1771361912066 0.6410990357398987 9124
1771361912098 0.6743110418319702 9125
1771361912130 1.1346681118011475 9126
1771361912162 0.5859838128089905 9127
1771361912194 0.4252113103866577 9128
1771361912226 0.8247889280319214 9129
1771361912258 0.44634389877319336 9130
1771361912291 0.8288437128067017 9131
1771361912324 0.9604834914207458 9132
1771361912357 0.8758857250213623 9133
1771361912390 0.47128650546073914 9134
1771361912423 0.7574920654296875 9135
1771361912455 0.6753153204917908 9136
1771361912488 0.7478457093238831 9137
1771361912524 0.49699801206588745 9138
1771361912558 0.5919387340545654 9139
1771361912592 1.0378268957138062 9140
1771361912628 1.2055286169052124 9141
1771361912663 0.9318452477455139 9142
1771361912697 0.6212839484214783 9143
1771361912732 0.914228618144989 9144
1771361912766 0.6128328442573547 9145
1771361912799 0.5707969665527344 9146
1771361912833 0.6433664560317993 9147
1771361912867 0.20192298293113708 9148
1771361912901 0.7698557376861572 9149
1771361912934 0.13729378581047058 9150
1771361912967 0.5535372495651245 9151
1771361913001 0.18500247597694397 9152
1771361913033 0.8600782155990601 9153
1771361913067 0.5815823078155518 9154
1771361913101 0.48684635758399963 9155
1771361913134 0.311318576335907 9156
1771361913168 0.6037017107009888 9157
1771361913201 0.7137771248817444 9158
1771361913234 0.8673590421676636 9159
1771361913269 0.6302330493927002 9160
1771361913304 0.458005428314209 9161
1771361913338 1.545886516571045 9162
1771361913373 1.1640688180923462 9163
1771361913406 0.9024235606193542 9164
1771361913438 1.1308133602142334 9165
1771361913472 0.5895520448684692 9166
1771361913504 1.4205719232559204 9167
1771361913536 0.5617757439613342 9168
1771361913568 1.1723895072937012 9169
1771361913600 0.29265347123146057 9170
1771361913632 0.6107436418533325 9171
1771361913664 0.8359512686729431 9172
1771361913697 0.9442151784896851 9173
1771361913729 0.49722668528556824 9174
1771361913761 0.21989992260932922 9175
1771361913794 0.8242369890213013 9176
1771361913826 0.44975000619888306 9177
1771361913858 0.7919961810112 9178
1771361913891 0.770563542842865 9179
1771361913923 0.41459766030311584 9180
1771361913956 0.13432566821575165 9181
1771361913988 0.702697217464447 9182
1771361914020 0.6279449462890625 9183
1771361914052 0.33993881940841675 9184
1771361914084 0.340756893157959 9185
1771361914116 1.6262767314910889 9186
1771361914148 0.8129465579986572 9187
1771361914180 1.368103265762329 9188
1771361914213 1.0912739038467407 9189
1771361914245 0.5072702169418335 9190
1771361914278 0.4770597219467163 9191
1771361914310 0.6146705150604248 9192
1771361914342 0.6801040172576904 9193
1771361914376 0.24330565333366394 9194
1771361914410 0.6920650601387024 9195
1771361914443 0.6824307441711426 9196
1771361914475 0.6959998607635498 9197
1771361914507 0.3988015949726105 9198
1771361914540 0.638363778591156 9199
1771361914572 0.2126464694738388 9200
1771361914604 0.81064772605896 9201
1771361914637 1.1161143779754639 9202
1771361914670 0.7261704802513123 9203
1771361914702 1.0379425287246704 9204
1771361914734 0.5441985130310059 9205
1771361914767 0.7816446423530579 9206
1771361914800 1.0582669973373413 9207
1771361914832 0.11984536796808243 9208
1771361914864 0.6835242509841919 9209
1771361914897 0.5730113983154297 9210
1771361914929 0.7995823621749878 9211
1771361914962 0.3328401744365692 9212
1771361914995 0.23699328303337097 9213
1771361915028 0.8262571692466736 9214
1771361915060 0.3200421631336212 9215
1771361915093 0.8019546866416931 9216
1771361915126 0.41363564133644104 9217
1771361915158 0.5996912717819214 9218
1771361915190 0.2646453082561493 9219
1771361915224 0.2661695182323456 9220
1771361915256 0.20177903771400452 9221
1771361915288 0.27404212951660156 9222
1771361915322 0.9021472930908203 9223
1771361915355 0.7910435199737549 9224
1771361915387 0.6201069951057434 9225
1771361915422 1.0645418167114258 9226
1771361915456 0.6459072828292847 9227
1771361915488 0.488854318857193 9228
1771361915521 0.9743729829788208 9229
1771361915553 0.5809714198112488 9230
1771361915586 0.8288013339042664 9231
1771361915619 0.30640077590942383 9232
1771361915651 0.32014763355255127 9233
1771361915684 0.5537375807762146 9234
1771361915718 0.3806992471218109 9235
1771361915750 0.877090573310852 9236
1771361915783 0.493428498506546 9237
1771361915815 0.9847120046615601 9238
1771361915848 0.925327479839325 9239
1771361915880 0.636770486831665 9240
1771361915912 1.0260941982269287 9241
1771361915944 0.3353443443775177 9242
1771361915976 0.1786733716726303 9243
1771361916008 0.6932489275932312 9244
1771361916040 0.33754637837409973 9245
1771361916073 1.1037991046905518 9246
1771361916106 1.1777985095977783 9247
1771361916138 0.6784263849258423 9248
1771361916170 0.48738348484039307 9249
1771361916203 0.35372698307037354 9250
1771361916234 0.3520286977291107 9251
1771361916266 0.22249004244804382 9252
1771361916298 0.4345811903476715 9253
1771361916330 1.1123524904251099 9254
1771361916362 0.42551523447036743 9255
1771361916394 0.7473657131195068 9256
1771361916426 0.6844039559364319 9257
1771361916463 0.6421932578086853 9258
1771361916499 0.29195713996887207 9259
1771361916532 0.8401991128921509 9260
1771361916564 0.2981981337070465 9261
1771361916596 0.8222643733024597 9262
1771361916628 0.3360759913921356 9263
1771361916660 0.47184595465660095 9264
1771361916692 1.172613501548767 9265
1771361916725 0.40907323360443115 9266
1771361916757 0.9778562188148499 9267
1771361916789 0.8491604328155518 9268
1771361916821 0.651631772518158 9269
1771361916853 0.3589145243167877 9270
1771361916885 0.48959627747535706 9271
1771361916917 1.0665584802627563 9272
1771361916949 0.5264995098114014 9273
1771361916982 0.44960930943489075 9274
1771361917015 0.15226095914840698 9275
1771361917047 0.6572353839874268 9276
1771361917079 0.40870240330696106 9277
1771361917112 0.786145031452179 9278
1771361917144 0.6104191541671753 9279
1771361917177 0.7395503520965576 9280
1771361917209 0.46429306268692017 9281
1771361917243 0.852804958820343 9282
1771361917275 0.5650386214256287 9283
1771361917308 0.21474191546440125 9284
1771361917341 0.3231336176395416 9285
1771361917373 0.8522417545318604 9286
1771361917405 0.26946017146110535 9287
1771361917437 1.1595611572265625 9288
1771361917469 0.7680180072784424 9289
1771361917502 0.30579647421836853 9290
1771361917535 0.337736040353775 9291
1771361917567 0.2863278388977051 9292
1771361917600 0.3733271658420563 9293
1771361917632 0.3935568332672119 9294
1771361917664 0.6874049305915833 9295
1771361917696 0.22638431191444397 9296
1771361917728 0.32851678133010864 9297
1771361917761 0.43641534447669983 9298
1771361917794 0.14904557168483734 9299
1771361917827 0.4300459325313568 9300
1771361917860 0.5023534297943115 9301
1771361917892 0.5991847515106201 9302
1771361917924 0.29756733775138855 9303
1771361917956 0.8070459365844727 9304
1771361917989 0.5933059453964233 9305
1771361918022 0.43403932452201843 9306
1771361918055 0.4412532448768616 9307
1771361918088 0.6838935017585754 9308
1771361918120 0.332240492105484 9309
1771361918153 0.21383357048034668 9310
1771361918186 0.9526118636131287 9311
1771361918219 0.2034102827310562 9312
1771361918252 0.5011667609214783 9313
1771361918285 0.3158281445503235 9314
1771361918318 0.44944095611572266 9315
1771361918351 0.5250412225723267 9316
1771361918383 0.35131990909576416 9317
1771361918416 0.20509549975395203 9318
1771361918450 0.1799621731042862 9319
1771361918484 0.3987145721912384 9320
1771361918518 0.28245362639427185 9321
1771361918552 0.23568806052207947 9322
1771361918585 0.5281450748443604 9323
1771361918618 0.2892153561115265 9324
1771361918652 0.5311412811279297 9325
1771361918685 0.66950523853302 9326
1771361918719 0.435791015625 9327
1771361918752 0.5351681709289551 9328
1771361918785 0.5093696713447571 9329
1771361918818 0.6196795701980591 9330
1771361918851 0.651962161064148 9331
1771361918885 0.30797743797302246 9332
1771361918918 0.6502480506896973 9333
1771361918951 0.7992235422134399 9334
1771361918984 0.3689548075199127 9335
1771361919017 0.3710000216960907 9336
1771361919050 0.5557066202163696 9337
1771361919083 0.6441926956176758 9338
1771361919117 0.6284223198890686 9339
1771361919151 0.5015149712562561 9340
1771361919184 0.45134130120277405 9341
1771361919217 0.505902886390686 9342
1771361919250 0.25427359342575073 9343
1771361919284 1.6059496402740479 9344
1771361919316 1.1865445375442505 9345
1771361919349 1.3938618898391724 9346
1771361919383 0.11399156600236893 9347
1771361919417 0.8835132718086243 9348
1771361919452 0.2405354529619217 9349
1771361919485 0.9207963347434998 9350
1771361919519 0.3768377900123596 9351
1771361919552 0.6386644244194031 9352
1771361919586 0.5375056862831116 9353
1771361919620 0.3040067255496979 9354
1771361919653 0.6451228857040405 9355
1771361919687 0.42175716161727905 9356
1771361919720 0.233835369348526 9357
1771361919754 1.0042706727981567 9358
1771361919787 0.8903460502624512 9359
1771361919821 0.750662088394165 9360
1771361919854 0.19648368656635284 9361
1771361919887 1.0414751768112183 9362
1771361919920 1.1912401914596558 9363
1771361919953 0.91444331407547 9364
1771361919988 0.757801353931427 9365
1771361920022 0.6898905634880066 9366
1771361920054 0.5485318899154663 9367
1771361920088 0.39156410098075867 9368
1771361920122 0.9274461269378662 9369
1771361920155 0.6802141666412354 9370
1771361920189 0.5594907402992249 9371
1771361920223 0.76617431640625 9372
1771361920257 0.8490150570869446 9373
1771361920292 1.2355972528457642 9374
1771361920326 0.6271514296531677 9375
1771361920360 0.6000857949256897 9376
1771361920393 0.47036486864089966 9377
1771361920426 0.5736613869667053 9378
1771361920456 1.1965311765670776 9379
1771361920514 1.6039096117019653 0
1771361920549 1.4718866348266602 1
1771361920582 1.0818933248519897 2
1771361920616 1.3566124439239502 3
1771361920649 0.8833146691322327 4
1771361920683 1.245288610458374 5
1771361920717 1.0084309577941895 6
1771361920749 1.1040674448013306 7
1771361920784 0.8752646446228027 8
1771361920817 0.8510459065437317 9
1771361920852 0.8579186797142029 10
1771361920886 0.6895842552185059 11
1771361920919 0.6980636715888977 12
1771361920953 0.8990856409072876 13
1771361920987 1.0578292608261108 14
1771361921020 1.14987051486969 15
1771361921054 1.1468569040298462 16
1771361921087 2.0353877544403076 17
1771361921121 3.150230884552002 18
1771361921154 2.71555757522583 19
1771361921188 1.6665383577346802 20
1771361921221 1.0525097846984863 21
1771361921255 0.6992050409317017 22
1771361921287 0.6678387522697449 23
1771361921319 0.6760863065719604 24
1771361921351 1.557932734489441 25
1771361921384 1.930810570716858 26
1771361921417 1.4272253513336182 27
1771361921450 0.7146345376968384 28
1771361921483 0.6185466647148132 29
1771361921515 0.7969421148300171 30
1771361921548 0.5536928176879883 31
1771361921580 0.7180820107460022 32
1771361921613 1.8086854219436646 33
1771361921645 1.1365258693695068 34
1771361921678 0.7462944984436035 35
1771361921710 0.7550027966499329 36
1771361921743 0.9584299325942993 37
1771361921776 0.8096035718917847 38
1771361921808 0.7974213361740112 39
1771361921841 1.3009153604507446 40
1771361921874 1.8529369831085205 41
1771361921906 1.0104517936706543 42
1771361921940 0.8216692805290222 43
1771361921973 0.9988139271736145 44
1771361922007 0.8332197666168213 45
1771361922040 1.451483964920044 46
1771361922074 1.9208177328109741 47
1771361922107 1.2707722187042236 48
1771361922140 0.7384982705116272 49
1771361922174 0.7382977604866028 50
1771361922207 0.6254388093948364 51
1771361922240 0.7277921438217163 52
1771361922274 0.7065129280090332 53
1771361922307 0.6539020538330078 54
1771361922340 0.6570162177085876 55
1771361922374 0.6503996849060059 56
1771361922408 0.7818648219108582 57
1771361922441 0.7344442009925842 58
1771361922476 1.0082366466522217 59
1771361922511 0.6818163990974426 60
1771361922547 0.8404213190078735 61
1771361922582 0.6412556171417236 62
1771361922617 0.8793023824691772 63
1771361922652 0.6169068217277527 64
1771361922688 1.0551209449768066 65
1771361922722 1.0963305234909058 66
1771361922756 0.6853508949279785 67
1771361922790 0.6833736896514893 68
1771361922824 1.191873550415039 69
1771361922858 1.2643166780471802 70
1771361922893 0.5835789442062378 71
1771361922927 0.7512466311454773 72
1771361922960 0.6513229608535767 73
1771361922993 0.8861435055732727 74
1771361923028 0.7516099214553833 75
1771361923061 0.9023317098617554 76
1771361923094 0.9304770827293396 77
1771361923128 0.8349210619926453 78
1771361923161 0.630098819732666 79
1771361923194 0.7314958572387695 80
1771361923228 0.5747050642967224 81
1771361923261 0.7668360471725464 82
1771361923296 0.6544709801673889 83
1771361923330 0.7165754437446594 84
1771361923365 0.6820892095565796 85
1771361923398 0.7897977232933044 86
1771361923434 1.9311058521270752 87
1771361923467 1.405704140663147 88
1771361923499 0.7293236255645752 89
1771361923532 1.0922985076904297 90
1771361923564 0.8543227314949036 91
1771361923596 0.5616449117660522 92
1771361923629 0.7908563017845154 93
1771361923661 0.829753577709198 94
1771361923694 0.6467663645744324 95
1771361923727 0.8672658801078796 96
1771361923760 1.0976353883743286 97
1771361923792 1.4326026439666748 98
1771361923825 1.5610442161560059 99
1771361923858 0.9302265048027039 100
1771361923891 0.9148189425468445 101
1771361923924 0.7836485505104065 102
1771361923956 0.5334042906761169 103
1771361923989 0.48609596490859985 104
1771361924022 0.949431836605072 105
1771361924055 0.6944350004196167 106
1771361924087 0.7082853317260742 107
1771361924119 1.2022428512573242 108
1771361924152 0.8303903937339783 109
1771361924186 0.6791012287139893 110
1771361924219 0.6675640940666199 111
1771361924251 0.7731732130050659 112
1771361924284 0.5779240727424622 113
1771361924317 0.9281923174858093 114
1771361924349 1.0827194452285767 115
1771361924382 0.636052131652832 116
1771361924415 0.846433699131012 117
1771361924449 0.7503013014793396 118
1771361924483 0.6910641193389893 119
1771361924516 0.7329365611076355 120
1771361924549 0.8264551758766174 121
1771361924581 0.7325928211212158 122
1771361924614 0.695492684841156 123
1771361924647 0.9509075880050659 124
1771361924681 0.9290996193885803 125
1771361924713 0.6772069931030273 126
1771361924746 1.1042405366897583 127
1771361924779 0.6522582769393921 128
1771361924813 1.2105013132095337 129
1771361924846 0.8786831498146057 130
1771361924879 1.0035754442214966 131
1771361924913 1.0630578994750977 132
1771361924946 0.7920217514038086 133
1771361924979 0.6444082856178284 134
1771361925012 0.8526851534843445 135
1771361925045 0.769766092300415 136
1771361925077 0.9003869295120239 137
1771361925109 0.7077270746231079 138
1771361925142 0.6425285935401917 139
1771361925175 0.652295708656311 140
1771361925207 0.9059777855873108 141
1771361925240 0.47837063670158386 142
1771361925273 0.7599397897720337 143
1771361925308 0.7427963614463806 144
1771361925341 0.6058309674263 145
1771361925374 1.142305850982666 146
1771361925406 1.396610975265503 147
1771361925439 1.00201416015625 148
1771361925474 0.5242466926574707 149
1771361925509 0.7275120615959167 150
1771361925543 0.6490684747695923 151
1771361925576 0.624061107635498 152
1771361925611 0.7761006355285645 153
1771361925644 0.6743593811988831 154
1771361925677 0.779213011264801 155
1771361925710 0.8060035705566406 156
1771361925744 0.5761737823486328 157
1771361925777 0.7868447303771973 158
1771361925811 1.1685285568237305 159
1771361925846 1.1405431032180786 160
1771361925879 1.3393937349319458 161
1771361925913 1.1153419017791748 162
1771361925945 0.6249818801879883 163
1771361925980 1.074271321296692 164
1771361926014 0.7175366878509521 165
1771361926046 0.666204571723938 166
1771361926079 1.140514612197876 167
1771361926112 0.875067412853241 168
1771361926144 1.0252265930175781 169
1771361926177 0.9729222059249878 170
1771361926209 0.7375754117965698 171
1771361926242 0.9567436575889587 172
1771361926275 1.1063724756240845 173
1771361926307 1.0062400102615356 174
1771361926340 0.9028284549713135 175
1771361926374 0.6126041412353516 176
1771361926407 0.6228393912315369 177
1771361926439 0.7441244721412659 178
1771361926472 0.7028807401657104 179
1771361926506 0.49568095803260803 180
1771361926544 0.7017039060592651 181
1771361926577 1.181679606437683 182
1771361926610 0.9952945113182068 183
1771361926642 0.8384697437286377 184
1771361926675 0.8092223405838013 185
1771361926708 1.064161777496338 186
1771361926741 0.714636504650116 187
1771361926773 0.5302181839942932 188
1771361926806 0.6061829328536987 189
1771361926838 0.5514923930168152 190
1771361926870 0.6715759038925171 191
1771361926903 1.1854362487792969 192
1771361926935 0.9961596131324768 193
1771361926967 0.617307722568512 194
1771361927001 0.9172390699386597 195
1771361927034 0.6160002946853638 196
1771361927069 0.6354811191558838 197
1771361927102 0.8876217007637024 198
1771361927135 0.8248453736305237 199
1771361927169 0.9230009913444519 200
1771361927201 0.7016395330429077 201
1771361927233 1.0378419160842896 202
1771361927267 0.9672049283981323 203
1771361927300 1.039166808128357 204
1771361927333 0.529264509677887 205
1771361927366 0.8380835652351379 206
1771361927399 0.6648778915405273 207
1771361927432 1.10139000415802 208
1771361927466 0.9232818484306335 209
1771361927499 0.7867974638938904 210
1771361927533 0.9743080139160156 211
1771361927566 1.599367618560791 212
1771361927599 0.9407886266708374 213
1771361927631 0.647259533405304 214
1771361927665 1.6182410717010498 215
1771361927697 0.7779030799865723 216
1771361927730 1.238322377204895 217
1771361927762 0.8394611477851868 218
1771361927796 0.7794467210769653 219
1771361927829 0.9837279915809631 220
1771361927862 0.7937470078468323 221
1771361927894 0.795242428779602 222
1771361927928 1.1446125507354736 223
1771361927961 0.9038527011871338 224
1771361927992 0.48819461464881897 225
1771361928021 0.7361331582069397 226
1771361928050 1.0905613899230957 227
1771361928077 0.7741926908493042 228
1771361928105 0.7496384382247925 229
1771361928133 0.6284916400909424 230
1771361928162 0.8305097222328186 231
1771361928190 0.8041419386863708 232
1771361928219 0.8897841572761536 233
1771361928246 0.6782526969909668 234
1771361928275 0.8485530614852905 235
1771361928304 0.691271185874939 236
1771361928333 0.7007821798324585 237
1771361928362 0.6644324064254761 238
1771361928391 1.1495705842971802 239
1771361928420 0.5956151485443115 240
1771361928449 0.5667792558670044 241
1771361928478 0.4135075807571411 242
1771361928506 0.6038338541984558 243
1771361928535 0.6908559203147888 244
1771361928564 0.5664201378822327 245
1771361928593 0.6630852222442627 246
1771361928622 0.6022820472717285 247
1771361928652 0.6059691905975342 248
1771361928681 0.9835074543952942 249
1771361928710 0.9664756655693054 250
1771361928739 0.6965680122375488 251
1771361928768 0.7481476068496704 252
1771361928797 0.938852846622467 253
1771361928827 0.9130844473838806 254
1771361928855 0.6979677677154541 255
1771361928884 0.5527163147926331 256
1771361928912 0.9267869591712952 257
1771361928941 0.7195262312889099 258
1771361928970 0.5038937926292419 259
1771361928998 0.7393979430198669 260
1771361929026 0.5102053880691528 261
1771361929054 0.5606977939605713 262
1771361929082 0.49850010871887207 263
1771361929111 0.6060734391212463 264
1771361929139 0.6269361972808838 265
1771361929167 0.5739379525184631 266
1771361929195 0.5173807144165039 267
1771361929224 0.6555037498474121 268
1771361929252 0.6496973037719727 269
1771361929280 0.874144971370697 270
1771361929308 1.6735484600067139 271
1771361929337 1.3053165674209595 272
1771361929365 0.8589867949485779 273
1771361929392 0.7103748321533203 274
1771361929421 0.6580077409744263 275
1771361929448 0.8881485462188721 276
1771361929476 0.5098905563354492 277
1771361929505 0.6972543001174927 278
1771361929533 0.5801224112510681 279
1771361929561 0.7573619484901428 280
1771361929589 0.8470025658607483 281
1771361929617 0.6429508328437805 282
1771361929645 0.5720104575157166 283
1771361929673 0.43762731552124023 284
1771361929703 0.718357503414154 285
1771361929732 0.6324056386947632 286
1771361929760 0.6115247011184692 287
1771361929788 0.6818888783454895 288
1771361929816 0.5395397543907166 289
1771361929844 0.5599983930587769 290
1771361929872 1.0880436897277832 291
1771361929900 1.073717713356018 292
1771361929928 0.7296315431594849 293
1771361929955 0.6264051795005798 294
1771361929983 0.6951653957366943 295
1771361930011 0.7018849849700928 296
1771361930039 0.788571834564209 297
1771361930067 0.570461094379425 298
1771361930095 0.7403498888015747 299
1771361930123 0.6265754699707031 300
1771361930151 0.7146635055541992 301
1771361930180 0.9463844895362854 302
1771361930208 0.6098882555961609 303
1771361930237 1.075843095779419 304
1771361930265 0.7469674348831177 305
1771361930294 0.8871489763259888 306
1771361930322 1.1762498617172241 307
1771361930351 0.9302839040756226 308
1771361930379 0.5400740504264832 309
1771361930408 1.5653700828552246 310
1771361930436 1.9856996536254883 311
1771361930464 0.8364684581756592 312
1771361930492 0.660810112953186 313
1771361930520 0.5305302143096924 314
1771361930548 0.5896594524383545 315
1771361930577 1.081004023551941 316
1771361930606 1.364327311515808 317
1771361930635 0.7732870578765869 318
1771361930664 0.5321431159973145 319
1771361930692 0.5658854246139526 320
1771361930721 0.7402097582817078 321
1771361930750 0.7999275922775269 322
1771361930778 0.7882982492446899 323
1771361930807 1.260005235671997 324
1771361930836 0.3845004737377167 325
1771361930864 0.9660871028900146 326
1771361930893 0.6862217783927917 327
1771361930920 0.7749165892601013 328
1771361930948 0.635642945766449 329
1771361930977 0.6117770671844482 330
1771361931006 0.8872915506362915 331
1771361931034 1.246485710144043 332
1771361931062 0.5340275168418884 333
1771361931090 0.9604543447494507 334
1771361931118 0.6754041910171509 335
1771361931147 0.8327949047088623 336
1771361931177 0.9660856127738953 337
1771361931205 0.5162873268127441 338
1771361931234 0.7941965460777283 339
1771361931264 0.6412883400917053 340
1771361931294 1.486627221107483 341
1771361931321 0.6393495798110962 342
1771361931350 0.6293030977249146 343
1771361931379 0.6808176040649414 344
1771361931407 0.6504693031311035 345
1771361931436 0.9332005977630615 346
1771361931466 0.8824427127838135 347
1771361931495 0.6295908689498901 348
1771361931524 0.6328015923500061 349
1771361931551 0.640011191368103 350
1771361931579 0.6825811862945557 351
1771361931607 0.8443400263786316 352
1771361931636 1.2026816606521606 353
1771361931665 0.6301910281181335 354
1771361931693 0.9304753541946411 355
1771361931721 0.6873892545700073 356
1771361931749 0.5269722938537598 357
1771361931777 1.3207781314849854 358
1771361931804 0.5960911512374878 359
1771361931833 0.8120259642601013 360
1771361931862 1.0218663215637207 361
1771361931890 0.7745968103408813 362
1771361931918 0.8499059677124023 363
1771361931947 0.4671470522880554 364
1771361931977 0.7197126150131226 365
1771361932006 0.8068792223930359 366
1771361932034 0.7908443808555603 367
1771361932062 0.7336975932121277 368
1771361932092 0.686488151550293 369
1771361932121 0.8218249678611755 370
1771361932150 1.0032252073287964 371
1771361932179 0.5903194546699524 372
1771361932208 1.175959825515747 373
1771361932236 1.420146107673645 374
1771361932266 0.649448573589325 375
1771361932295 0.7681253552436829 376
1771361932323 0.921244204044342 377
1771361932352 1.1154818534851074 378
1771361932381 0.6360539793968201 379
1771361932410 1.0216662883758545 380
1771361932439 0.4796099066734314 381
1771361932468 0.7324532270431519 382
1771361932497 1.4843753576278687 383
1771361932529 0.7331496477127075 384
1771361932559 0.8882891535758972 385
1771361932590 0.7815982699394226 386
1771361932621 0.41455909609794617 387
1771361932650 0.5425226092338562 388
1771361932680 0.4646288752555847 389
1771361932711 1.1095283031463623 390
1771361932742 0.7479279637336731 391
1771361932773 0.8137634992599487 392
1771361932802 0.6373042464256287 393
1771361932831 0.44378745555877686 394
1771361932861 0.45437052845954895 395
1771361932890 0.9304310083389282 396
1771361932920 0.6007159352302551 397
1771361932948 0.8180453777313232 398
1771361932978 0.8671793937683105 399
1771361933007 1.0638947486877441 400
1771361933036 0.9940394759178162 401
1771361933066 0.6836832761764526 402
1771361933096 0.7534325122833252 403
1771361933127 0.7296187281608582 404
1771361933157 0.5077877640724182 405
1771361933186 1.1005829572677612 406
1771361933217 0.8140257596969604 407
1771361933247 1.0787642002105713 408
1771361933277 0.9397596120834351 409
1771361933308 0.7870346307754517 410
1771361933336 0.5586100220680237 411
1771361933366 0.994052529335022 412
1771361933394 1.0461468696594238 413
1771361933422 0.6662091016769409 414
1771361933450 0.5619937777519226 415
1771361933461 0.07001552730798721 416
1771361933498 0.30768701434135437 417
1771361933527 0.6200748085975647 418
1771361933556 1.027293086051941 419
1771361933584 0.9731246829032898 420
1771361933613 0.683354377746582 421
1771361933642 0.6088261008262634 422
1771361933672 0.5487178564071655 423
1771361933701 0.6859358549118042 424
1771361933730 0.8231260180473328 425
1771361933760 1.0294158458709717 426
1771361933789 0.7669634222984314 427
1771361933818 0.8714978694915771 428
1771361933846 0.6344481706619263 429
1771361933876 0.9010984897613525 430
1771361933904 0.5226618051528931 431
1771361933932 0.6441805958747864 432
1771361933961 0.6472310423851013 433
1771361933989 0.6666932702064514 434
1771361934017 0.5902960896492004 435
1771361934046 0.8884642720222473 436
1771361934075 0.8803961277008057 437
1771361934103 0.750985860824585 438
1771361934131 0.7005871534347534 439
1771361934160 0.7940992116928101 440
1771361934188 0.7561228275299072 441
1771361934217 0.7570992708206177 442
1771361934246 0.8603194355964661 443
1771361934275 1.2089358568191528 444
1771361934304 1.062049150466919 445
1771361934336 0.8135798573493958 446
1771361934366 0.4920811057090759 447
1771361934394 0.6569585800170898 448
1771361934422 0.7378881573677063 449
1771361934451 0.6898859143257141 450
1771361934480 0.8446555137634277 451
1771361934508 1.3537157773971558 452
1771361934536 0.9576693773269653 453
1771361934564 0.6081198453903198 454
1771361934592 0.7103358507156372 455
1771361934620 0.9244234561920166 456
1771361934649 0.7761362195014954 457
1771361934678 0.4269053041934967 458
1771361934708 0.7689254879951477 459
1771361934737 0.5032058954238892 460
1771361934766 0.5031322836875916 461
1771361934795 0.4459444284439087 462
1771361934824 0.6833585500717163 463
1771361934853 0.8964077234268188 464
1771361934881 0.5370413064956665 465
1771361934909 0.8948003649711609 466
1771361934939 1.3485711812973022 467
1771361934968 0.7298176884651184 468
1771361934997 0.5766846537590027 469
1771361935025 0.37874677777290344 470
1771361935054 0.4372010827064514 471
1771361935084 0.7648079991340637 472
1771361935113 0.7429397106170654 473
1771361935141 0.6798312664031982 474
1771361935169 0.4990417957305908 475
1771361935198 0.7822697758674622 476
1771361935227 0.6889581084251404 477
1771361935256 0.990191638469696 478
1771361935285 0.674531102180481 479
1771361935314 0.8056944012641907 480
1771361935343 0.8745480179786682 481
1771361935375 0.8931381702423096 482
1771361935405 1.0618351697921753 483
1771361935434 1.1225999593734741 484
1771361935463 0.5707637667655945 485
1771361935491 1.066193699836731 486
1771361935521 0.5848318338394165 487
1771361935549 0.8173043131828308 488
1771361935578 0.5260131359100342 489
1771361935607 0.3455235958099365 490
1771361935637 0.4778686463832855 491
1771361935665 0.580628514289856 492
1771361935693 0.8998044729232788 493
1771361935723 0.6148543953895569 494
1771361935751 0.8588441610336304 495
1771361935781 0.714156448841095 496
1771361935809 0.5112666487693787 497
1771361935837 0.6929092407226562 498
1771361935866 0.5688943862915039 499
1771361935895 0.6853300929069519 500
1771361935923 0.9225521683692932 501
1771361935951 0.6833845376968384 502
1771361935979 0.7268850803375244 503
1771361936008 0.5418927073478699 504
1771361936036 0.9696409702301025 505
1771361936064 0.43876591324806213 506
1771361936092 0.7715262770652771 507
1771361936122 0.8178296685218811 508
1771361936150 0.8648097515106201 509
1771361936178 0.7080570459365845 510
1771361936206 0.9180556535720825 511
1771361936234 0.5293225049972534 512
1771361936263 0.5530228018760681 513
1771361936290 0.7811267971992493 514
1771361936319 0.7528247237205505 515
1771361936347 0.6024827361106873 516
1771361936377 0.6706544160842896 517
1771361936408 0.5264950394630432 518
1771361936439 1.070580244064331 519
1771361936467 0.866581916809082 520
1771361936495 0.8433375954627991 521
1771361936524 0.5866156220436096 522
1771361936552 0.9370360374450684 523
1771361936581 0.5519498586654663 524
1771361936610 0.7739017009735107 525
1771361936638 0.73993980884552 526
1771361936666 0.5674564242362976 527
1771361936694 0.6514871716499329 528
1771361936722 0.9324926137924194 529
1771361936750 0.8778796195983887 530
1771361936778 0.7100892663002014 531
1771361936806 0.5728912353515625 532
1771361936834 1.171444058418274 533
1771361936862 0.8961874842643738 534
1771361936890 0.814997673034668 535
1771361936918 0.5714480876922607 536
1771361936945 0.6620894074440002 537
1771361936974 1.0914386510849 538
1771361937003 1.2039824724197388 539
1771361937031 0.4551634192466736 540
1771361937061 0.5827955603599548 541
1771361937089 0.560836136341095 542
1771361937117 0.5393767356872559 543
1771361937145 0.5281063914299011 544
1771361937174 0.7856401801109314 545
1771361937203 0.8993780612945557 546
1771361937232 1.0255820751190186 547
1771361937261 0.39518651366233826 548
1771361937290 0.5405205488204956 549
1771361937318 0.9457789063453674 550
1771361937347 1.119292140007019 551
1771361937376 1.2373629808425903 552
1771361937405 1.071340560913086 553
1771361937434 0.8430412411689758 554
1771361937462 1.1209813356399536 555
1771361937492 0.5497703552246094 556
1771361937521 0.6929237842559814 557
1771361937549 0.7065997123718262 558
1771361937577 0.7939051389694214 559
1771361937606 0.7962399125099182 560
1771361937633 0.6806342601776123 561
1771361937661 0.6965901255607605 562
1771361937689 0.5732913613319397 563
1771361937717 0.46735915541648865 564
1771361937745 0.7155739665031433 565
1771361937773 0.9145413637161255 566
1771361937801 0.9691328406333923 567
1771361937829 0.6371570229530334 568
1771361937857 0.6576743721961975 569
1771361937886 0.6232328414916992 570
1771361937914 0.8411960005760193 571
1771361937942 0.6660094261169434 572
1771361937970 0.7974363565444946 573
1771361937998 0.5810980796813965 574
1771361938027 0.5172409415245056 575
1771361938056 0.9949366450309753 576
1771361938085 0.6136329174041748 577
1771361938114 0.5800559520721436 578
1771361938141 0.5981107950210571 579
1771361938171 0.9025057554244995 580
1771361938200 0.739923357963562 581
1771361938227 0.6367896795272827 582
1771361938256 0.5837969779968262 583
1771361938285 0.5690683126449585 584
1771361938315 0.5947934985160828 585
1771361938344 0.996617317199707 586
1771361938374 0.8135820031166077 587
1771361938402 0.6293527483940125 588
1771361938430 0.7421625852584839 589
1771361938459 1.2261120080947876 590
1771361938488 1.3008910417556763 591
1771361938518 0.6238123774528503 592
1771361938546 0.4473128318786621 593
1771361938576 0.7407491207122803 594
1771361938605 0.5674705505371094 595
1771361938634 0.9241871237754822 596
1771361938662 0.6652173399925232 597
1771361938690 0.5832257270812988 598
1771361938719 0.6015574336051941 599
1771361938748 0.9316495656967163 600
1771361938777 0.5789017081260681 601
1771361938805 0.8455256223678589 602
1771361938835 0.4156044125556946 603
1771361938864 0.8229711055755615 604
1771361938893 0.43901556730270386 605
1771361938922 0.598965048789978 606
1771361938950 1.1004945039749146 607
1771361938979 1.2538508176803589 608
1771361939008 1.0314686298370361 609
1771361939037 0.44440385699272156 610
1771361939066 0.5580645203590393 611
1771361939095 0.863633930683136 612
1771361939124 0.5898653268814087 613
1771361939153 0.7519272565841675 614
1771361939182 0.590601921081543 615
1771361939210 0.7759268283843994 616
1771361939238 0.7267324328422546 617
1771361939268 0.5669090151786804 618
1771361939297 1.3397502899169922 619
1771361939326 1.5499513149261475 620
1771361939355 0.5878649353981018 621
1771361939384 0.63585364818573 622
1771361939414 0.7883867025375366 623
1771361939444 0.5925848484039307 624
1771361939473 0.45081254839897156 625
1771361939502 0.6869432926177979 626
1771361939530 0.9282470345497131 627
1771361939559 0.7136291861534119 628
1771361939588 0.6484982371330261 629
1771361939616 0.6367334127426147 630
1771361939644 0.6107103228569031 631
1771361939672 0.357242614030838 632
1771361939700 0.5459821224212646 633
1771361939728 0.7660296559333801 634
1771361939756 0.8779500722885132 635
1771361939785 0.6765350699424744 636
1771361939813 0.5838342308998108 637
1771361939841 1.0503746271133423 638
1771361939870 1.1367028951644897 639
1771361939898 1.0279672145843506 640
1771361939926 0.4353104531764984 641
1771361939955 0.6565358638763428 642
1771361939983 1.1046199798583984 643
1771361940011 1.136316180229187 644
1771361940039 0.6559762358665466 645
1771361940067 0.7276538610458374 646
1771361940095 0.672165036201477 647
1771361940123 0.4713791310787201 648
1771361940152 0.5765124559402466 649
1771361940180 0.8044748306274414 650
1771361940208 0.9453311562538147 651
1771361940236 0.647407054901123 652
1771361940264 0.625720202922821 653
1771361940292 0.7009493708610535 654
1771361940320 0.6872661113739014 655
1771361940348 0.6781128644943237 656
1771361940376 0.7943453788757324 657
1771361940405 0.6859662532806396 658
1771361940433 0.6465358138084412 659
1771361940462 0.7943660616874695 660
1771361940489 0.6741753816604614 661
1771361940518 0.6089599132537842 662
1771361940545 1.0386326313018799 663
1771361940573 1.6874960660934448 664
1771361940600 1.0156879425048828 665
1771361940628 0.5862075090408325 666
1771361940655 0.6594878435134888 667
1771361940683 0.6635457873344421 668
1771361940711 0.9544962644577026 669
1771361940738 0.9463770389556885 670
1771361940766 0.7783259153366089 671
1771361940793 0.5783867835998535 672
1771361940822 0.8171627521514893 673
1771361940850 0.7325629591941833 674
1771361940877 0.8836703300476074 675
1771361940906 0.6186977624893188 676
1771361940933 0.5230408906936646 677
1771361940961 1.0198562145233154 678
1771361940988 0.9344414472579956 679
1771361941016 0.6655799150466919 680
1771361941044 0.5379518866539001 681
1771361941071 0.5449585914611816 682
1771361941099 0.853976309299469 683
1771361941126 0.9774671196937561 684
1771361941154 0.8107404112815857 685
1771361941182 0.5933846831321716 686
1771361941209 1.1076592206954956 687
1771361941239 0.5623363852500916 688
1771361941267 0.757995069026947 689
1771361941294 0.6764500141143799 690
1771361941321 0.6634369492530823 691
1771361941349 0.6032648682594299 692
1771361941376 0.3985539972782135 693
1771361941403 0.3544286787509918 694
1771361941431 0.6225826144218445 695
1771361941459 0.713866114616394 696
1771361941486 0.58034348487854 697
1771361941514 0.8185015320777893 698
1771361941542 0.4959862232208252 699
1771361941569 0.6767521500587463 700
1771361941597 0.7758914828300476 701
1771361941624 0.9126814007759094 702
1771361941654 0.6865876913070679 703
1771361941682 0.6913050413131714 704
1771361941709 0.8043023347854614 705
1771361941737 0.849098801612854 706
1771361941764 0.7198794484138489 707
1771361941792 0.9028117060661316 708
1771361941819 0.6813902854919434 709
1771361941847 0.6409169435501099 710
1771361941875 0.9519597887992859 711
1771361941903 0.7686349749565125 712
1771361941931 0.8422801494598389 713
1771361941959 0.7094489932060242 714
1771361941986 0.7003734111785889 715
1771361942014 0.8119472861289978 716
1771361942042 0.7239011526107788 717
1771361942069 0.3945988416671753 718
1771361942097 0.535457193851471 719
1771361942125 0.5391891002655029 720
1771361942154 0.7438709139823914 721
1771361942182 0.5654956698417664 722
1771361942210 0.605459451675415 723
1771361942238 0.5854995250701904 724
1771361942265 0.6075472831726074 725
1771361942293 0.46221667528152466 726
1771361942321 0.7112289071083069 727
1771361942348 0.7535741925239563 728
1771361942376 0.8937923312187195 729
1771361942404 1.1290457248687744 730
1771361942432 0.5611799955368042 731
1771361942460 1.0216114521026611 732
1771361942488 0.5165100693702698 733
1771361942520 0.702734112739563 734
1771361942550 0.9075453281402588 735
1771361942580 0.4003134071826935 736
1771361942611 0.8056347370147705 737
1771361942641 0.617843508720398 738
1771361942671 0.633967936038971 739
1771361942700 0.4163680672645569 740
1771361942729 0.4796075224876404 741
1771361942758 0.6293157339096069 742
1771361942786 0.6550498008728027 743
1771361942815 1.0167864561080933 744
1771361942844 0.7432206273078918 745
1771361942872 0.6285115480422974 746
1771361942902 0.7347989082336426 747
1771361942931 0.8005083203315735 748
1771361942959 0.8145217895507812 749
1771361942987 0.742896318435669 750
1771361943016 0.5985434055328369 751
1771361943045 0.6484770774841309 752
1771361943074 1.1514217853546143 753
1771361943103 0.7419642806053162 754
1771361943131 0.3436896502971649 755
1771361943160 0.9973589777946472 756
1771361943189 0.7213391661643982 757
1771361943220 0.6745419502258301 758
1771361943250 0.565511167049408 759
1771361943280 0.741280198097229 760
1771361943309 0.8858100771903992 761
1771361943337 0.9868332743644714 762
1771361943365 1.0498627424240112 763
1771361943393 0.8415326476097107 764
1771361943421 0.5857887864112854 765
1771361943449 0.9008743762969971 766
1771361943477 0.888637363910675 767
1771361943505 0.7606553435325623 768
1771361943533 0.5698675513267517 769
1771361943561 0.7530019879341125 770
1771361943590 0.9530131816864014 771
1771361943618 0.584906816482544 772
1771361943646 0.659801185131073 773
1771361943675 0.6572566628456116 774
1771361943703 0.8570365905761719 775
1771361943731 0.6750386953353882 776
1771361943758 1.1254963874816895 777
1771361943786 1.450265645980835 778
1771361943813 0.6107656359672546 779
1771361943841 0.6399698853492737 780
1771361943870 0.7363904714584351 781
1771361943899 0.8023796081542969 782
1771361943927 0.7130031585693359 783
1771361943956 0.40878158807754517 784
1771361943984 0.8209267854690552 785
1771361944013 0.8447414040565491 786
1771361944041 0.42749664187431335 787
1771361944068 0.6313827037811279 788
1771361944096 0.9650977849960327 789
1771361944126 0.4662078022956848 790
1771361944153 0.5719588994979858 791
1771361944181 0.7876319885253906 792
1771361944210 0.7308307886123657 793
1771361944239 0.5252995491027832 794
1771361944269 0.4066722095012665 795
1771361944306 0.3767375648021698 796
1771361944341 0.6075396537780762 797
1771361944374 1.2006456851959229 798
1771361944407 0.4570598900318146 799
1771361944439 0.7943509817123413 800
1771361944471 0.5582001209259033 801
1771361944505 1.3668524026870728 802
1771361944538 0.8358790874481201 803
1771361944572 0.6930888891220093 804
1771361944605 0.7060658931732178 805
1771361944637 0.6300923824310303 806
1771361944669 0.8538333177566528 807
1771361944702 0.5198807716369629 808
1771361944735 0.808074951171875 809
1771361944768 0.5827599763870239 810
1771361944801 0.8935572504997253 811
1771361944834 0.7688532471656799 812
1771361944866 0.6590033769607544 813
1771361944899 0.5706947445869446 814
1771361944932 1.3691983222961426 815
1771361944964 1.4479092359542847 816
1771361944997 0.7540836930274963 817
1771361945031 0.8920658230781555 818
1771361945063 1.097100019454956 819
1771361945096 0.9113449454307556 820
1771361945129 1.0298702716827393 821
1771361945163 0.44866612553596497 822
1771361945195 0.8946431875228882 823
1771361945228 0.83497154712677 824
1771361945261 0.7122887969017029 825
1771361945293 0.852773129940033 826
1771361945325 0.566221296787262 827
1771361945363 0.5414409637451172 828
1771361945397 0.6299729347229004 829
1771361945430 0.6430624723434448 830
1771361945465 0.7421262264251709 831
1771361945499 1.2220861911773682 832
1771361945509 0.7850009202957153 833
1771361945550 0.8410112857818604 834
1771361945583 1.3234277963638306 835
1771361945615 0.9802828431129456 836
1771361945648 0.6141903400421143 837
1771361945681 0.7226873636245728 838
1771361945713 0.49159371852874756 839
1771361945746 0.4452560544013977 840
1771361945779 0.6888278722763062 841
1771361945811 0.44922515749931335 842
1771361945844 0.6928807497024536 843
1771361945876 0.5797586441040039 844
1771361945908 1.0392600297927856 845
1771361945941 1.1138460636138916 846
1771361945974 0.5671049952507019 847
1771361946007 0.7840951085090637 848
1771361946040 0.5804129242897034 849
1771361946074 0.737300455570221 850
1771361946107 0.6988046169281006 851
1771361946140 0.7615432739257812 852
1771361946174 0.5258255004882812 853
1771361946208 0.49407821893692017 854
1771361946241 0.4002304971218109 855
1771361946274 0.5827866792678833 856
1771361946307 0.5261154770851135 857
1771361946340 0.6229470372200012 858
1771361946374 0.8760617971420288 859
1771361946410 0.7192150950431824 860
1771361946446 0.5985279083251953 861
1771361946479 0.622684895992279 862
1771361946512 0.576378583908081 863
1771361946544 0.7054240703582764 864
1771361946577 0.5756565928459167 865
1771361946610 0.9247394800186157 866
1771361946642 0.8523455858230591 867
1771361946674 0.6299915313720703 868
1771361946707 0.5620766878128052 869
1771361946740 0.6724243760108948 870
1771361946773 0.5516772866249084 871
1771361946807 0.8038164377212524 872
1771361946840 0.8075860142707825 873
1771361946872 0.6843894720077515 874
1771361946906 0.5811693072319031 875
1771361946938 0.6303297281265259 876
1771361946971 0.7460401654243469 877
1771361947002 0.5986652970314026 878
1771361947035 0.5083047151565552 879
1771361947067 0.8280850052833557 880
1771361947100 0.6136703491210938 881
1771361947132 0.6109357476234436 882
1771361947166 0.3863036036491394 883
1771361947200 0.6230406761169434 884
1771361947232 0.44154953956604004 885
1771361947265 0.76516193151474 886
1771361947299 0.7401835322380066 887
1771361947331 0.8823748826980591 888
1771361947364 0.8647313714027405 889
1771361947397 0.9050509333610535 890
1771361947429 0.9144720435142517 891
1771361947461 0.9363419413566589 892
1771361947494 0.4562554359436035 893
1771361947527 0.4391655921936035 894
1771361947559 0.6119868755340576 895
1771361947592 0.5930435657501221 896
1771361947625 0.86182701587677 897
1771361947657 0.5687175393104553 898
1771361947690 0.46680736541748047 899
1771361947722 0.539271891117096 900
1771361947754 0.513588547706604 901
1771361947786 0.7207247614860535 902
1771361947818 0.610214352607727 903
1771361947851 0.43644651770591736 904
1771361947885 0.7935736179351807 905
1771361947918 0.6818367838859558 906
1771361947952 1.0202271938323975 907
1771361947985 0.8304291367530823 908
1771361948017 0.6597906351089478 909
1771361948049 0.6130552887916565 910
1771361948082 1.0494129657745361 911
1771361948115 0.43566909432411194 912
1771361948149 0.43799588084220886 913
1771361948181 0.8809783458709717 914
1771361948215 0.4946981966495514 915
1771361948248 0.8770325183868408 916
1771361948280 0.5789210200309753 917
1771361948313 0.5551685094833374 918
1771361948347 0.7344109416007996 919
1771361948381 1.0467263460159302 920
1771361948414 0.6745398640632629 921
1771361948447 0.42852553725242615 922
1771361948481 0.6206825971603394 923
1771361948515 0.4338582456111908 924
1771361948549 0.5347521305084229 925
1771361948584 0.30253443121910095 926
1771361948616 1.0393004417419434 927
1771361948650 0.9001352787017822 928
1771361948683 0.383685827255249 929
1771361948715 1.0515621900558472 930
1771361948748 0.7341489791870117 931
1771361948780 0.6140457987785339 932
1771361948812 0.9298741817474365 933
1771361948845 0.4291979968547821 934
1771361948878 1.1473608016967773 935
1771361948910 0.4123367965221405 936
1771361948942 0.9124857783317566 937
1771361948974 0.730449914932251 938
1771361949006 0.5723597407341003 939
1771361949039 0.6504257321357727 940
1771361949072 0.650236964225769 941
1771361949105 0.5305968523025513 942
1771361949137 0.7962789535522461 943
1771361949171 0.8548852801322937 944
1771361949203 0.6137239933013916 945
1771361949236 0.7125861048698425 946
1771361949270 0.4500635862350464 947
1771361949302 0.5095565319061279 948
1771361949334 0.8800327777862549 949
1771361949367 0.488418847322464 950
1771361949400 0.7150872945785522 951
1771361949433 0.5819201469421387 952
1771361949468 0.8840606212615967 953
1771361949503 1.1750563383102417 954
1771361949535 0.7595593929290771 955
1771361949569 0.7980718612670898 956
1771361949603 0.7920038104057312 957
1771361949635 0.5182000994682312 958
1771361949668 1.2661610841751099 959
1771361949702 1.107972264289856 960
1771361949735 0.6249869465827942 961
1771361949768 0.5908793210983276 962
1771361949803 0.5543045401573181 963
1771361949836 0.5508648157119751 964
1771361949869 0.8886206150054932 965
1771361949904 0.4502858817577362 966
1771361949936 0.39791324734687805 967
1771361949970 0.6513192653656006 968
1771361950002 0.5699929594993591 969
1771361950036 0.6547354459762573 970
1771361950069 0.8738015294075012 971
1771361950103 0.5352782011032104 972
1771361950136 1.1771817207336426 973
1771361950171 0.7120253443717957 974
1771361950206 0.8582233786582947 975
1771361950238 0.5843545794487 976
1771361950272 0.5598633289337158 977
1771361950306 0.5492520928382874 978
1771361950339 0.7642761468887329 979
1771361950372 0.7925733327865601 980
1771361950405 0.7482784390449524 981
1771361950437 0.7014095187187195 982
1771361950470 0.7469132542610168 983
1771361950503 0.42778584361076355 984
1771361950535 0.5865070223808289 985
1771361950569 0.5676437616348267 986
1771361950603 0.9172887206077576 987
1771361950637 0.7125608921051025 988
1771361950670 0.6402411460876465 989
1771361950704 0.5942098498344421 990
1771361950737 0.7337285876274109 991
1771361950772 0.6640358567237854 992
1771361950806 0.7730490565299988 993
1771361950839 0.4251713752746582 994
1771361950872 0.8318188190460205 995
1771361950905 0.520825982093811 996
1771361950938 0.7120173573493958 997
1771361950972 0.6479799747467041 998
1771361951006 0.5421608686447144 999
1771361951038 0.7915295362472534 1000
1771361951071 0.709653913974762 1001
1771361951105 0.687394380569458 1002
1771361951137 0.42664825916290283 1003
1771361951171 0.5660679340362549 1004
1771361951205 0.606256365776062 1005
1771361951238 0.8290190100669861 1006
1771361951270 0.6437962651252747 1007
1771361951303 0.6578189134597778 1008
1771361951335 0.6637259125709534 1009
1771361951368 1.4715074300765991 1010
1771361951400 0.4135032296180725 1011
1771361951433 0.9704596996307373 1012
1771361951465 0.7686440348625183 1013
1771361951497 0.597977876663208 1014
1771361951531 0.5399418473243713 1015
1771361951563 0.3680697977542877 1016
1771361951596 0.5597583055496216 1017
1771361951628 1.0406526327133179 1018
1771361951662 0.8724815249443054 1019
1771361951696 0.6666581034660339 1020
1771361951730 0.8030387163162231 1021
1771361951764 0.3648841977119446 1022
1771361951799 0.8361876010894775 1023
1771361951832 1.3823127746582031 1024
1771361951864 0.8639211058616638 1025
1771361951896 0.6508448123931885 1026
1771361951929 0.8583846092224121 1027
1771361951961 0.940302312374115 1028
1771361951994 0.5284460186958313 1029
1771361952028 0.44492629170417786 1030
1771361952060 0.5455260276794434 1031
1771361952093 0.7643489837646484 1032
1771361952125 1.1220909357070923 1033
1771361952158 0.43910670280456543 1034
1771361952191 0.6800503730773926 1035
1771361952224 0.5495323538780212 1036
1771361952259 1.3801145553588867 1037
1771361952292 1.2897343635559082 1038
1771361952325 0.6696261167526245 1039
1771361952359 0.9431300163269043 1040
1771361952392 0.818872332572937 1041
1771361952427 0.7098603248596191 1042
1771361952461 0.7486189007759094 1043
1771361952495 0.6775051951408386 1044
1771361952531 0.671593427658081 1045
1771361952567 0.5830692052841187 1046
1771361952603 0.7280868887901306 1047
1771361952638 0.9557217359542847 1048
1771361952673 0.6205356121063232 1049
1771361952709 0.856368899345398 1050
1771361952744 0.606780469417572 1051
1771361952779 0.44564610719680786 1052
1771361952814 0.5238221287727356 1053
1771361952847 0.9242852926254272 1054
1771361952881 0.7762342691421509 1055
1771361952915 0.6298985481262207 1056
1771361952951 0.5849114656448364 1057
1771361952985 0.6310949325561523 1058
1771361953020 0.9461284875869751 1059
1771361953053 0.3731444776058197 1060
1771361953088 0.42903727293014526 1061
1771361953123 0.48776963353157043 1062
1771361953156 0.6520914435386658 1063
1771361953190 0.4281391203403473 1064
1771361953224 1.2862818241119385 1065
1771361953259 1.111443281173706 1066
1771361953295 0.8419514894485474 1067
1771361953330 0.6616758108139038 1068
1771361953365 0.987899661064148 1069
1771361953399 0.742802083492279 1070
1771361953432 0.5589306354522705 1071
1771361953466 0.9645374417304993 1072
1771361953498 0.6439412236213684 1073
1771361953532 1.0704452991485596 1074
1771361953565 0.858350396156311 1075
1771361953598 0.5695428252220154 1076
1771361953631 0.5131922960281372 1077
1771361953664 0.6362906098365784 1078
1771361953696 0.4259045720100403 1079
1771361953729 0.5774350762367249 1080
1771361953762 0.6302359104156494 1081
1771361953795 0.8689205050468445 1082
1771361953829 0.7559203505516052 1083
1771361953861 0.5209095478057861 1084
1771361953894 0.6032975912094116 1085
1771361953927 0.8136630058288574 1086
1771361953960 0.5102167129516602 1087
1771361953994 0.7742142081260681 1088
1771361954028 0.8091860413551331 1089
1771361954061 0.8211373686790466 1090
1771361954093 1.2763985395431519 1091
1771361954126 0.5870592594146729 1092
1771361954155 0.8683534860610962 1093
1771361954183 0.4904615879058838 1094
1771361954212 0.5944238901138306 1095
1771361954241 0.6175059676170349 1096
1771361954269 1.143743872642517 1097
1771361954297 1.2691556215286255 1098
1771361954326 0.5257753729820251 1099
1771361954357 0.7222714424133301 1100
1771361954386 0.6656897664070129 1101
1771361954415 0.6418683528900146 1102
1771361954442 0.49261707067489624 1103
1771361954471 0.9386937618255615 1104
1771361954500 0.7978519201278687 1105
1771361954528 0.6364319920539856 1106
1771361954556 0.9709060192108154 1107
1771361954585 0.7372031807899475 1108
1771361954613 1.0301175117492676 1109
1771361954642 0.6419146060943604 1110
1771361954671 0.4943508803844452 1111
1771361954699 0.7089573740959167 1112
1771361954728 1.0176151990890503 1113
1771361954756 0.2787528932094574 1114
1771361954785 0.8601462841033936 1115
1771361954814 0.4190163314342499 1116
1771361954843 0.5394394993782043 1117
1771361954872 0.4792601466178894 1118
1771361954901 1.0317497253417969 1119
1771361954929 0.9767993092536926 1120
1771361954958 1.076165795326233 1121
1771361954988 0.827199399471283 1122
1771361955018 0.6097025871276855 1123
1771361955046 0.405193030834198 1124
1771361955075 0.4551052153110504 1125
1771361955105 0.857329249382019 1126
1771361955135 1.2999236583709717 1127
1771361955164 1.0129656791687012 1128
1771361955192 0.6236926913261414 1129
1771361955221 0.39608263969421387 1130
1771361955250 0.7035233974456787 1131
1771361955278 0.7880060076713562 1132
1771361955307 0.5462580919265747 1133
1771361955335 0.5857434868812561 1134
1771361955363 1.0028783082962036 1135
1771361955395 0.76658695936203 1136
1771361955425 0.5454807877540588 1137
1771361955453 0.5458710193634033 1138
1771361955481 0.7640724182128906 1139
1771361955510 1.3055347204208374 1140
1771361955538 1.4421559572219849 1141
1771361955567 0.8913812041282654 1142
1771361955596 0.8610453009605408 1143
1771361955626 0.9171119928359985 1144
1771361955654 0.6299903392791748 1145
1771361955682 1.1731038093566895 1146
1771361955711 0.5257824063301086 1147
1771361955739 0.511131227016449 1148
1771361955768 0.463174968957901 1149
1771361955796 0.5922271013259888 1150
1771361955824 0.8197641372680664 1151
1771361955853 0.7422911524772644 1152
1771361955881 0.7964799404144287 1153
1771361955909 0.7935978770256042 1154
1771361955938 0.5442582964897156 1155
1771361955966 0.6701174378395081 1156
1771361955994 0.5605634450912476 1157
1771361956023 0.968999445438385 1158
1771361956052 1.157997965812683 1159
1771361956081 0.7783152461051941 1160
1771361956110 0.3635793626308441 1161
1771361956138 0.6618449687957764 1162
1771361956167 0.9697663187980652 1163
1771361956197 0.6317572593688965 1164
1771361956225 0.5532896518707275 1165
1771361956253 0.6410272717475891 1166
1771361956281 1.283184289932251 1167
1771361956310 0.6149418950080872 1168
1771361956339 0.9536247849464417 1169
1771361956368 0.4101911187171936 1170
1771361956397 0.56037837266922 1171
1771361956429 0.9139769673347473 1172
1771361956459 0.5743412375450134 1173
1771361956491 0.7718707919120789 1174
1771361956520 0.7401382923126221 1175
1771361956549 0.4561765193939209 1176
1771361956578 0.9448146224021912 1177
1771361956608 0.6925981044769287 1178
1771361956636 0.7807193994522095 1179
1771361956664 0.5870463848114014 1180
1771361956692 0.5781651139259338 1181
1771361956721 1.165474772453308 1182
1771361956750 0.6909784078598022 1183
1771361956779 0.4888339936733246 1184
1771361956809 0.5565117597579956 1185
1771361956838 0.9099949598312378 1186
1771361956868 0.49452582001686096 1187
1771361956897 0.8159734010696411 1188
1771361956926 0.8739147186279297 1189
1771361956954 0.7938413619995117 1190
1771361956984 0.7393555045127869 1191
1771361957013 0.5891178250312805 1192
1771361957041 0.5736417770385742 1193
1771361957069 1.39797842502594 1194
1771361957097 0.5841350555419922 1195
1771361957125 1.1958348751068115 1196
1771361957153 0.4711776375770569 1197
1771361957181 0.9222869873046875 1198
1771361957210 0.6538124084472656 1199
1771361957239 0.9063697457313538 1200
1771361957274 0.9331262707710266 1201
1771361957307 0.5877876281738281 1202
1771361957341 0.6554927825927734 1203
1771361957373 1.2152576446533203 1204
1771361957407 1.131851077079773 1205
1771361957440 0.7647777199745178 1206
1771361957475 0.9837555885314941 1207
1771361957509 0.444582462310791 1208
1771361957542 0.5342245697975159 1209
1771361957576 0.5148047208786011 1210
1771361957610 0.8216329216957092 1211
1771361957644 0.46580758690834045 1212
1771361957676 0.6065450310707092 1213
1771361957710 0.7717741131782532 1214
1771361957744 0.6273168325424194 1215
1771361957777 0.5353644490242004 1216
1771361957812 0.7138484716415405 1217
1771361957846 0.8045437335968018 1218
1771361957880 0.5397312641143799 1219
1771361957914 0.6287330389022827 1220
1771361957948 0.5986652970314026 1221
1771361957981 0.5101120471954346 1222
1771361958013 0.8071964979171753 1223
1771361958047 0.7801284790039062 1224
1771361958080 0.4443112909793854 1225
1771361958113 0.6196060180664062 1226
1771361958148 0.9993424415588379 1227
1771361958180 0.7522644996643066 1228
1771361958214 0.5518028736114502 1229
1771361958248 0.44134724140167236 1230
1771361958282 0.6223860383033752 1231
1771361958314 0.6706422567367554 1232
1771361958347 0.3831433355808258 1233
1771361958380 0.4665389060974121 1234
1771361958412 1.0371733903884888 1235
1771361958446 0.56172776222229 1236
1771361958480 0.5859115123748779 1237
1771361958513 0.49792352318763733 1238
1771361958546 0.7241291999816895 1239
1771361958579 0.8716784119606018 1240
1771361958613 0.39727410674095154 1241
1771361958646 0.8178520202636719 1242
1771361958680 0.7807055711746216 1243
1771361958713 0.570685625076294 1244
1771361958746 0.627232551574707 1245
1771361958779 0.5465708374977112 1246
1771361958812 0.5349493026733398 1247
1771361958845 0.6599994897842407 1248
1771361958879 0.8642445206642151 1249
1771361958890 0.974138617515564 1250
1771361958932 1.259666919708252 1251
1771361958966 0.6131923198699951 1252
1771361959000 1.0199754238128662 1253
1771361959032 0.6035298705101013 1254
1771361959066 0.6127119660377502 1255
1771361959099 0.371616929769516 1256
1771361959132 0.4764019548892975 1257
1771361959164 0.6233903765678406 1258
1771361959198 1.0545274019241333 1259
1771361959232 0.614946722984314 1260
1771361959264 0.5704358220100403 1261
1771361959297 0.6408370733261108 1262
1771361959330 0.9104046821594238 1263
1771361959362 0.8556296229362488 1264
1771361959396 0.2898637056350708 1265
1771361959428 0.6275408267974854 1266
1771361959461 0.7531782984733582 1267
1771361959495 0.9163557291030884 1268
1771361959527 0.7117369771003723 1269
1771361959561 0.818589985370636 1270
1771361959594 0.9287943840026855 1271
1771361959627 0.5189878344535828 1272
1771361959662 0.6962288022041321 1273
1771361959695 0.7324456572532654 1274
1771361959728 0.35389336943626404 1275
1771361959761 0.6796485185623169 1276
1771361959793 0.8370847702026367 1277
1771361959827 1.0709277391433716 1278
1771361959860 0.8651220202445984 1279
1771361959894 0.3691340982913971 1280
1771361959926 0.6363155841827393 1281
1771361959959 0.8460909724235535 1282
1771361959991 1.1471762657165527 1283
1771361960024 0.7090947031974792 1284
1771361960057 0.7968119382858276 1285
1771361960090 0.3537590801715851 1286
1771361960123 1.119420051574707 1287
1771361960155 0.8156941533088684 1288
1771361960188 0.4504610300064087 1289
1771361960220 0.48702457547187805 1290
1771361960254 0.5077970623970032 1291
1771361960287 0.4470564126968384 1292
1771361960319 0.9971851706504822 1293
1771361960352 1.0179617404937744 1294
1771361960384 0.5059425234794617 1295
1771361960416 0.5894802808761597 1296
1771361960449 0.6784900426864624 1297
1771361960481 0.9211728572845459 1298
1771361960513 1.0157990455627441 1299
1771361960546 0.7635564804077148 1300
1771361960580 0.8894679546356201 1301
1771361960613 1.0183379650115967 1302
1771361960646 0.3274972438812256 1303
1771361960679 0.9097193479537964 1304
1771361960712 0.37656551599502563 1305
1771361960745 0.9562128186225891 1306
1771361960777 0.46559515595436096 1307
1771361960811 0.48201116919517517 1308
1771361960843 0.805570662021637 1309
1771361960876 0.5031812787055969 1310
1771361960908 0.784659206867218 1311
1771361960942 0.45604488253593445 1312
1771361960974 0.7687184810638428 1313
1771361961007 0.6343988180160522 1314
1771361961040 0.6923134922981262 1315
1771361961073 0.740049421787262 1316
1771361961106 0.8473740816116333 1317
1771361961139 0.48833250999450684 1318
1771361961172 0.23248733580112457 1319
1771361961205 0.8299902081489563 1320
1771361961238 0.8521435856819153 1321
1771361961270 0.6881598234176636 1322
1771361961304 0.5342786312103271 1323
1771361961336 0.7321683764457703 1324
1771361961369 0.7356393337249756 1325
1771361961401 0.6292046904563904 1326
1771361961434 0.6529257893562317 1327
1771361961467 0.8217578530311584 1328
1771361961500 0.911790668964386 1329
1771361961532 0.4618143141269684 1330
1771361961564 0.6592398881912231 1331
1771361961597 0.9433159232139587 1332
1771361961630 0.8205462098121643 1333
1771361961662 1.635166883468628 1334
1771361961694 0.4770794212818146 1335
1771361961726 0.5577423572540283 1336
1771361961759 0.5031606554985046 1337
1771361961792 0.8942888379096985 1338
1771361961824 0.508435070514679 1339
1771361961857 0.7289468050003052 1340
1771361961889 0.6318885087966919 1341
1771361961922 0.8508137464523315 1342
1771361961954 1.186249017715454 1343
1771361961986 0.4739559590816498 1344
1771361962018 0.7306618094444275 1345
1771361962050 0.7676979899406433 1346
1771361962083 0.4836626946926117 1347
1771361962116 0.6248648166656494 1348
1771361962148 0.9832602739334106 1349
1771361962180 0.4032149612903595 1350
1771361962213 0.7686247229576111 1351
1771361962245 0.7145742177963257 1352
1771361962278 0.5420123338699341 1353
1771361962311 0.548922598361969 1354
1771361962343 0.752163827419281 1355
1771361962376 0.41540443897247314 1356
1771361962408 0.6551076769828796 1357
1771361962440 0.7423851490020752 1358
1771361962473 0.8525652289390564 1359
1771361962506 0.8981509804725647 1360
1771361962541 0.6435758471488953 1361
1771361962575 2.1089494228363037 1362
1771361962610 1.4004237651824951 1363
1771361962646 0.6349259614944458 1364
1771361962682 0.5228651165962219 1365
1771361962717 0.827022910118103 1366
1771361962750 0.6354590654373169 1367
1771361962784 0.6454818844795227 1368
1771361962818 0.4982948303222656 1369
1771361962851 0.6711723804473877 1370
1771361962886 0.7913953065872192 1371
1771361962920 0.478525847196579 1372
1771361962954 0.6122186779975891 1373
1771361962989 0.7707940340042114 1374
1771361963025 0.7868626713752747 1375
1771361963059 0.5490558743476868 1376
1771361963094 0.3041491210460663 1377
1771361963128 0.6591436862945557 1378
1771361963163 0.7464095950126648 1379
1771361963197 0.2510269284248352 1380
1771361963232 0.5185862183570862 1381
1771361963269 0.3854495882987976 1382
1771361963304 0.27724123001098633 1383
1771361963340 0.8741471171379089 1384
1771361963370 0.7374776601791382 1385
1771361963399 0.9630356431007385 1386
1771361963427 0.7570449113845825 1387
1771361963456 0.29771438241004944 1388
1771361963484 0.8380693793296814 1389
1771361963513 0.5547517538070679 1390
1771361963542 0.5812474489212036 1391
1771361963570 0.6417983174324036 1392
1771361963600 1.1090877056121826 1393
1771361963628 0.6831889748573303 1394
1771361963657 0.675004243850708 1395
1771361963686 0.632934033870697 1396
1771361963715 0.919266402721405 1397
1771361963744 0.635601282119751 1398
1771361963774 0.4889148473739624 1399
1771361963802 0.2846595346927643 1400
1771361963830 0.574228823184967 1401
1771361963859 0.8686085939407349 1402
1771361963889 1.2152314186096191 1403
1771361963918 0.654578685760498 1404
1771361963947 0.7923797369003296 1405
1771361963976 0.5949560403823853 1406
1771361964005 0.7229295372962952 1407
1771361964033 1.2482476234436035 1408
1771361964063 1.1375865936279297 1409
1771361964091 0.6734715700149536 1410
1771361964120 0.7583116888999939 1411
1771361964150 0.6051649451255798 1412
1771361964179 0.39707010984420776 1413
1771361964210 0.8200661540031433 1414
1771361964238 0.6227238178253174 1415
1771361964267 0.3755323588848114 1416
1771361964296 0.4514344036579132 1417
1771361964324 0.6784040927886963 1418
1771361964353 0.4835464656352997 1419
1771361964385 0.685772180557251 1420
1771361964414 0.828942060470581 1421
1771361964442 0.7931258082389832 1422
1771361964471 0.49706128239631653 1423
1771361964500 0.40018409490585327 1424
1771361964527 0.5143974423408508 1425
1771361964557 0.8671287894248962 1426
1771361964585 0.560648500919342 1427
1771361964613 1.1406954526901245 1428
1771361964641 0.4917595684528351 1429
1771361964669 0.7162128686904907 1430
1771361964698 0.6851279735565186 1431
1771361964726 0.5439186096191406 1432
1771361964754 0.2808167636394501 1433
1771361964783 0.8763894438743591 1434
1771361964811 0.6362019777297974 1435
1771361964839 0.2898612916469574 1436
1771361964867 0.5785009264945984 1437
1771361964895 0.9134782552719116 1438
1771361964924 0.5632907152175903 1439
1771361964952 0.6053691506385803 1440
1771361964980 0.6859102249145508 1441
1771361965008 0.5091782808303833 1442
1771361965036 0.4010966420173645 1443
1771361965064 0.5939412117004395 1444
1771361965093 0.27094176411628723 1445
1771361965121 0.6189765334129333 1446
1771361965149 1.5586702823638916 1447
1771361965177 0.9630064964294434 1448
1771361965205 0.5257151126861572 1449
1771361965233 0.5423445105552673 1450
1771361965261 0.8218376636505127 1451
1771361965290 0.7547996044158936 1452
1771361965318 0.57352614402771 1453
1771361965345 0.653817355632782 1454
1771361965374 0.7721027731895447 1455
1771361965405 0.8660632967948914 1456
1771361965435 0.9275900721549988 1457
1771361965463 1.0183874368667603 1458
1771361965493 0.5058993101119995 1459
1771361965521 0.9291822910308838 1460
1771361965550 0.6617593169212341 1461
1771361965579 0.6064332723617554 1462
1771361965608 1.2559086084365845 1463
1771361965636 0.8442549705505371 1464
1771361965665 0.6834850907325745 1465
1771361965693 1.1609023809432983 1466
1771361965723 0.8416721820831299 1467
1771361965752 0.7967961430549622 1468
1771361965782 0.6539448499679565 1469
1771361965811 0.7108707427978516 1470
1771361965841 0.781531035900116 1471
1771361965870 0.5702305436134338 1472
1771361965899 1.0238937139511108 1473
1771361965928 0.6159231662750244 1474
1771361965956 0.8106510043144226 1475
1771361965985 0.6788408756256104 1476
1771361966014 1.219861626625061 1477
1771361966042 0.9845648407936096 1478
1771361966072 0.5751309990882874 1479
1771361966101 0.6672383546829224 1480
1771361966129 0.44577756524086 1481
1771361966158 0.4094691872596741 1482
1771361966187 0.5911055207252502 1483
1771361966217 0.7672176361083984 1484
1771361966246 0.48529794812202454 1485
1771361966274 0.7011551856994629 1486
1771361966303 0.8844738602638245 1487
1771361966332 0.829349160194397 1488
1771361966361 0.8228537440299988 1489
1771361966390 0.5287842750549316 1490
1771361966420 0.4845726788043976 1491
1771361966453 0.4879884123802185 1492
1771361966484 0.6196047067642212 1493
1771361966514 1.32016122341156 1494
1771361966543 0.9989908337593079 1495
1771361966571 0.6012406349182129 1496
1771361966599 0.6395725011825562 1497
1771361966627 0.430015504360199 1498
1771361966655 0.5571192502975464 1499
1771361966684 0.5510374903678894 1500
1771361966713 0.9065524935722351 1501
1771361966741 0.5885103940963745 1502
1771361966769 0.37508565187454224 1503
1771361966798 0.4975733160972595 1504
1771361966826 0.541815459728241 1505
1771361966855 0.5629260540008545 1506
1771361966883 0.8552393913269043 1507
1771361966912 0.6789336800575256 1508
1771361966940 0.7200350165367126 1509
1771361966969 0.5719662308692932 1510
1771361966997 0.560280978679657 1511
1771361967026 1.220780611038208 1512
1771361967055 1.3189080953598022 1513
1771361967084 0.5439121723175049 1514
1771361967113 0.4734021723270416 1515
1771361967142 0.6853705644607544 1516
1771361967171 0.5647245645523071 1517
1771361967199 1.2374365329742432 1518
1771361967227 0.8844939470291138 1519
1771361967256 0.7478049397468567 1520
1771361967284 0.625495970249176 1521
1771361967313 1.0907979011535645 1522
1771361967341 1.1010481119155884 1523
1771361967369 1.0562045574188232 1524
1771361967397 0.6520721912384033 1525
1771361967426 0.4934936761856079 1526
1771361967455 0.6048534512519836 1527
1771361967484 0.5777558088302612 1528
1771361967513 1.2663604021072388 1529
1771361967542 0.8130725622177124 1530
1771361967572 0.4085034728050232 1531
1771361967602 0.7736496925354004 1532
1771361967630 0.6856988668441772 1533
1771361967659 1.210139274597168 1534
1771361967688 0.970954954624176 1535
1771361967718 0.6792808771133423 1536
1771361967746 0.5442959070205688 1537
1771361967776 0.5431870222091675 1538
1771361967806 0.6769329309463501 1539
1771361967835 0.47805535793304443 1540
1771361967864 0.8560495972633362 1541
1771361967893 0.4039674997329712 1542
1771361967921 0.750752329826355 1543
1771361967950 0.6384387016296387 1544
1771361967979 0.4357316792011261 1545
1771361968008 0.5548270344734192 1546
1771361968037 0.4458081126213074 1547
1771361968066 0.5878867506980896 1548
1771361968093 0.6289474964141846 1549
1771361968121 1.1089413166046143 1550
1771361968150 0.48338189721107483 1551
1771361968178 0.3715885281562805 1552
1771361968208 0.5380336046218872 1553
1771361968237 0.8453924655914307 1554
1771361968264 0.870482861995697 1555
1771361968292 0.7220413684844971 1556
1771361968322 0.4609449803829193 1557
1771361968350 0.3341684341430664 1558
1771361968377 0.3748204708099365 1559
1771361968406 0.7451645135879517 1560
1771361968436 0.6961269378662109 1561
1771361968464 0.9744146466255188 1562
1771361968492 0.703825056552887 1563
1771361968522 0.7670772075653076 1564
1771361968550 1.0296905040740967 1565
1771361968578 0.8455461263656616 1566
1771361968606 0.4758513867855072 1567
1771361968635 0.7492883205413818 1568
1771361968663 0.42809513211250305 1569
1771361968691 0.5930957794189453 1570
1771361968721 0.49939897656440735 1571
1771361968748 0.35593804717063904 1572
1771361968778 1.1288599967956543 1573
1771361968807 1.2036406993865967 1574
1771361968837 0.8019174933433533 1575
1771361968866 0.9337924718856812 1576
1771361968896 0.4455016553401947 1577
1771361968924 0.9601644277572632 1578
1771361968952 0.6144585609436035 1579
1771361968981 1.243472933769226 1580
1771361969011 2.0408873558044434 1581
1771361969041 1.4021588563919067 1582
1771361969069 0.7175675630569458 1583
1771361969098 0.7135211229324341 1584
1771361969126 0.40072116255760193 1585
1771361969155 0.46242132782936096 1586
1771361969184 0.6911870241165161 1587
1771361969212 0.622864842414856 1588
1771361969241 0.45316755771636963 1589
1771361969270 1.3710179328918457 1590
1771361969300 1.1664024591445923 1591
1771361969327 0.5319968461990356 1592
1771361969356 0.8525756001472473 1593
1771361969385 0.4213888943195343 1594
1771361969414 1.1474266052246094 1595
1771361969441 0.7432205080986023 1596
1771361969470 0.8693271279335022 1597
1771361969499 1.03365159034729 1598
1771361969527 0.6129772663116455 1599
1771361969556 0.2833370864391327 1600
1771361969585 0.5352432727813721 1601
1771361969615 0.7577532529830933 1602
1771361969644 0.6625719666481018 1603
1771361969673 0.6428454518318176 1604
1771361969701 0.36238521337509155 1605
1771361969729 0.7785192728042603 1606
1771361969759 0.9343025088310242 1607
1771361969787 0.5648177266120911 1608
1771361969816 0.6167094707489014 1609
1771361969844 0.7723261117935181 1610
1771361969872 0.7919639945030212 1611
1771361969900 0.683803379535675 1612
1771361969928 0.6291548013687134 1613
1771361969957 0.26200976967811584 1614
1771361969986 0.5743313431739807 1615
1771361970015 0.6470803022384644 1616
1771361970043 0.5168284773826599 1617
1771361970072 0.5945658087730408 1618
1771361970101 0.66730135679245 1619
1771361970129 0.7699907422065735 1620
1771361970158 0.7312170267105103 1621
1771361970187 1.432861566543579 1622
1771361970216 0.7585511207580566 1623
1771361970245 0.7673735618591309 1624
1771361970274 0.8950091600418091 1625
1771361970304 0.36518803238868713 1626
1771361970332 0.7788103818893433 1627
1771361970361 0.5296013355255127 1628
1771361970390 0.5867418050765991 1629
1771361970420 0.7568896412849426 1630
1771361970448 0.6371347904205322 1631
1771361970477 0.5730369091033936 1632
1771361970505 0.6309755444526672 1633
1771361970533 0.5909355282783508 1634
1771361970562 0.7945130467414856 1635
1771361970592 0.7056360244750977 1636
1771361970621 0.7612525820732117 1637
1771361970651 0.582223117351532 1638
1771361970679 0.39656686782836914 1639
1771361970709 0.8364920616149902 1640
1771361970737 0.7872677445411682 1641
1771361970766 0.9557874202728271 1642
1771361970794 0.5605038404464722 1643
1771361970823 0.9374790191650391 1644
1771361970853 0.9622323513031006 1645
1771361970883 0.5416164994239807 1646
1771361970913 0.7837215065956116 1647
1771361970942 0.6688806414604187 1648
1771361970971 0.9096512198448181 1649
1771361971000 0.5722320675849915 1650
1771361971029 0.8452075719833374 1651
1771361971059 0.6397860646247864 1652
1771361971088 0.3754422962665558 1653
1771361971118 0.7380641102790833 1654
1771361971148 0.5264413356781006 1655
1771361971176 0.4916495382785797 1656
1771361971206 1.2907536029815674 1657
1771361971235 0.6936819553375244 1658
1771361971265 0.5882848501205444 1659
1771361971294 0.4982929825782776 1660
1771361971323 0.586733341217041 1661
1771361971353 0.7627387046813965 1662
1771361971383 0.4904376268386841 1663
1771361971412 0.32789355516433716 1664
1771361971440 1.0917917490005493 1665
1771361971468 0.9336028099060059 1666
1771361971478 2.529057264328003 1667
1771361971513 1.5851000547409058 1668
1771361971542 0.7987620234489441 1669
1771361971570 0.3941934406757355 1670
1771361971599 1.08755362033844 1671
1771361971628 0.3560091555118561 1672
1771361971662 0.7463414669036865 1673
1771361971694 0.815304696559906 1674
1771361971728 0.46126416325569153 1675
1771361971761 0.49706438183784485 1676
1771361971794 0.6500175595283508 1677
1771361971828 0.41105690598487854 1678
1771361971861 0.8173638582229614 1679
1771361971894 0.6391278505325317 1680
1771361971927 0.7041560411453247 1681
1771361971961 0.4384336471557617 1682
1771361971995 0.9553349018096924 1683
1771361972029 0.622520387172699 1684
1771361972063 0.7034995555877686 1685
1771361972097 0.6706157922744751 1686
1771361972131 0.711793065071106 1687
1771361972164 0.6406112909317017 1688
1771361972197 0.4803791046142578 1689
1771361972231 0.7967604994773865 1690
1771361972263 0.851722240447998 1691
1771361972296 0.3959903120994568 1692
1771361972329 1.0311236381530762 1693
1771361972362 0.24875542521476746 1694
1771361972397 1.1122419834136963 1695
1771361972429 0.6512659788131714 1696
1771361972463 0.5987011790275574 1697
1771361972494 0.3643666207790375 1698
1771361972530 0.2767689824104309 1699
1771361972565 0.33082273602485657 1700
1771361972600 0.4670495390892029 1701
1771361972634 0.5152198672294617 1702
1771361972668 0.7290557622909546 1703
1771361972702 0.2676990330219269 1704
1771361972735 0.8651114106178284 1705
1771361972769 1.2364599704742432 1706
1771361972802 0.5891186594963074 1707
1771361972836 0.482719749212265 1708
1771361972869 0.8794524073600769 1709
1771361972902 1.0832401514053345 1710
1771361972935 0.2833358347415924 1711
1771361972967 0.7534632682800293 1712
1771361973002 0.7195091247558594 1713
1771361973035 0.5948416590690613 1714
1771361973068 0.8103598952293396 1715
1771361973102 0.6312265396118164 1716
1771361973135 0.7211644649505615 1717
1771361973168 0.8794481158256531 1718
1771361973201 0.5412768721580505 1719
1771361973235 0.45414185523986816 1720
1771361973269 1.0727916955947876 1721
1771361973302 0.7205382585525513 1722
1771361973335 0.547938883304596 1723
1771361973370 1.2129559516906738 1724
1771361973404 0.9405293464660645 1725
1771361973436 0.8201729655265808 1726
1771361973469 0.31774085760116577 1727
1771361973502 0.4368188977241516 1728
1771361973535 0.4210844337940216 1729
1771361973568 0.46165895462036133 1730
1771361973601 0.7525245547294617 1731
1771361973633 0.8508198857307434 1732
1771361973666 0.7246947288513184 1733
1771361973699 0.5675337314605713 1734
1771361973731 0.7511560916900635 1735
1771361973764 0.7969701290130615 1736
1771361973796 0.5498855710029602 1737
1771361973828 0.4541541039943695 1738
1771361973860 0.9319086670875549 1739
1771361973892 0.6650527715682983 1740
1771361973925 0.2953545153141022 1741
1771361973957 1.458644151687622 1742
1771361973989 0.5525884628295898 1743
1771361974021 0.9889326691627502 1744
1771361974054 1.0062047243118286 1745
1771361974085 1.415510892868042 1746
1771361974118 0.7527127861976624 1747
1771361974150 1.0925648212432861 1748
1771361974183 0.6005441546440125 1749
1771361974216 0.5904777646064758 1750
1771361974248 0.6614905595779419 1751
1771361974280 0.981555163860321 1752
1771361974313 0.4937306046485901 1753
1771361974345 0.5148239135742188 1754
1771361974380 0.28654730319976807 1755
1771361974414 0.6395450830459595 1756
1771361974446 0.5011511445045471 1757
1771361974480 0.7517083287239075 1758
1771361974512 0.7174756526947021 1759
1771361974544 0.5014650225639343 1760
1771361974577 0.9660434126853943 1761
1771361974609 0.7329025268554688 1762
1771361974642 1.0225085020065308 1763
1771361974674 0.7551920413970947 1764
1771361974706 0.43660733103752136 1765
1771361974739 0.5557432174682617 1766
1771361974771 0.607040286064148 1767
1771361974803 0.420318067073822 1768
1771361974835 0.2852186858654022 1769
1771361974868 0.7842665910720825 1770
1771361974902 0.6347364187240601 1771
1771361974935 0.8107758164405823 1772
1771361974968 0.8780974745750427 1773
1771361975001 0.8859661221504211 1774
1771361975033 0.5811973214149475 1775
1771361975065 0.8028596043586731 1776
1771361975098 0.47942760586738586 1777
1771361975131 0.784724235534668 1778
1771361975163 0.8274127244949341 1779
1771361975195 0.7564671039581299 1780
1771361975229 0.767379879951477 1781
1771361975261 0.616701066493988 1782
1771361975293 1.1803780794143677 1783
1771361975326 1.1534721851348877 1784
1771361975358 0.5583553314208984 1785
1771361975392 0.6185109615325928 1786
1771361975431 0.7166327238082886 1787
1771361975464 0.7094001173973083 1788
1771361975497 0.6649209856987 1789
1771361975530 0.772086501121521 1790
1771361975562 0.42759618163108826 1791
1771361975595 0.7959322333335876 1792
1771361975628 0.5347691178321838 1793
1771361975660 0.625575065612793 1794
1771361975693 0.28725627064704895 1795
1771361975726 0.5132105350494385 1796
1771361975758 0.5564602017402649 1797
1771361975791 0.6423988938331604 1798
1771361975823 0.8421292304992676 1799
1771361975855 0.8240305185317993 1800
1771361975888 0.8111211657524109 1801
1771361975921 0.5735846161842346 1802
1771361975953 0.5176560878753662 1803
1771361975986 0.635332465171814 1804
1771361976018 0.6369072794914246 1805
1771361976050 0.6331326961517334 1806
1771361976083 0.710339367389679 1807
1771361976115 0.3671398460865021 1808
1771361976148 1.2883213758468628 1809
1771361976181 0.9305668473243713 1810
1771361976213 0.30880528688430786 1811
1771361976246 0.34288090467453003 1812
1771361976278 0.6997180581092834 1813
1771361976310 0.4564516842365265 1814
1771361976343 0.49883973598480225 1815
1771361976375 0.6500135064125061 1816
1771361976407 0.49425452947616577 1817
1771361976441 0.9783637523651123 1818
1771361976477 0.6434600353240967 1819
1771361976511 0.7911048531532288 1820
1771361976543 0.7542651891708374 1821
1771361976575 0.6692611575126648 1822
1771361976607 0.4161151945590973 1823
1771361976640 0.6124616861343384 1824
1771361976673 0.4208943843841553 1825
1771361976705 0.7055021524429321 1826
1771361976737 0.7670103311538696 1827
1771361976770 0.5274672508239746 1828
1771361976802 0.7489607930183411 1829
1771361976835 0.4269941449165344 1830
1771361976868 0.7812806963920593 1831
1771361976901 0.6001977920532227 1832
1771361976933 0.9665412902832031 1833
1771361976965 0.739466667175293 1834
1771361976997 0.7681100368499756 1835
1771361977030 0.8056028485298157 1836
1771361977062 0.6069706082344055 1837
1771361977094 0.5170857906341553 1838
1771361977127 0.9443289041519165 1839
1771361977159 0.564719021320343 1840
1771361977191 0.39724063873291016 1841
1771361977224 0.4000215530395508 1842
1771361977257 0.7887458205223083 1843
1771361977289 0.6696187853813171 1844
1771361977321 0.6564294695854187 1845
1771361977355 0.5794606804847717 1846
1771361977388 0.6762875318527222 1847
1771361977421 0.2984483242034912 1848
1771361977454 0.9437095522880554 1849
1771361977487 0.6221165060997009 1850
1771361977520 0.536828875541687 1851
1771361977552 0.8281928300857544 1852
1771361977585 0.5872054696083069 1853
1771361977618 0.8355392813682556 1854
1771361977652 1.07707941532135 1855
1771361977685 0.44408658146858215 1856
1771361977718 0.6403735280036926 1857
1771361977752 0.7547651529312134 1858
1771361977786 0.5674905180931091 1859
1771361977820 0.921207845211029 1860
1771361977852 0.5322666168212891 1861
1771361977885 0.635532557964325 1862
1771361977919 0.3456264138221741 1863
1771361977952 0.45638641715049744 1864
1771361977985 0.37368032336235046 1865
1771361978018 0.6399714946746826 1866
1771361978050 0.5813571214675903 1867
1771361978082 0.9693718552589417 1868
1771361978115 0.5850777626037598 1869
1771361978148 0.2875443994998932 1870
1771361978180 0.8551262021064758 1871
1771361978213 0.7743668556213379 1872
1771361978246 1.1118171215057373 1873
1771361978279 0.6896317601203918 1874
1771361978311 0.4507331848144531 1875
1771361978344 1.1062884330749512 1876
1771361978377 0.48892942070961 1877
1771361978409 0.7686625719070435 1878
1771361978441 1.259237289428711 1879
1771361978474 0.8614096641540527 1880
1771361978507 1.0546365976333618 1881
1771361978540 1.070419192314148 1882
1771361978572 0.7844681143760681 1883
1771361978604 0.5482781529426575 1884
1771361978637 0.521144688129425 1885
1771361978670 0.6719746589660645 1886
1771361978704 0.4875383675098419 1887
1771361978736 0.9086803197860718 1888
1771361978768 0.9347807168960571 1889
1771361978801 1.0493851900100708 1890
1771361978834 0.7644118070602417 1891
1771361978866 0.8313882946968079 1892
1771361978899 0.21151965856552124 1893
1771361978932 0.824455976486206 1894
1771361978966 0.8188149929046631 1895
1771361978999 0.6099082827568054 1896
1771361979032 0.7166044116020203 1897
1771361979064 0.5940525531768799 1898
1771361979096 0.5127812027931213 1899
1771361979129 0.650175154209137 1900
1771361979161 0.8128071427345276 1901
1771361979194 0.4295104742050171 1902
1771361979227 0.6208401322364807 1903
1771361979260 0.7513222098350525 1904
1771361979293 0.643450915813446 1905
1771361979325 0.3953765034675598 1906
1771361979359 0.8036274909973145 1907
1771361979391 0.6606795191764832 1908
1771361979424 0.6757979393005371 1909
1771361979456 0.7635080218315125 1910
1771361979489 0.5016505718231201 1911
1771361979522 0.4370677173137665 1912
1771361979555 0.19014111161231995 1913
1771361979589 0.8349480628967285 1914
1771361979622 0.7822689414024353 1915
1771361979654 0.6220964193344116 1916
1771361979686 0.680834174156189 1917
1771361979720 0.7391871213912964 1918
1771361979753 0.5320777297019958 1919
1771361979785 1.0010632276535034 1920
1771361979818 0.3685798943042755 1921
1771361979851 0.6966584920883179 1922
1771361979884 0.920425534248352 1923
1771361979916 0.6059956550598145 1924
1771361979949 0.7012913227081299 1925
1771361979982 0.6103143095970154 1926
1771361980015 0.42705169320106506 1927
1771361980048 0.6362565159797668 1928
1771361980080 0.8119996786117554 1929
1771361980113 0.9984403848648071 1930
1771361980145 0.6662682890892029 1931
1771361980178 1.2519298791885376 1932
1771361980211 0.8507652878761292 1933
1771361980243 0.7130880355834961 1934
1771361980276 0.9855139851570129 1935
1771361980308 0.5076979994773865 1936
1771361980341 0.692700982093811 1937
1771361980374 0.8394266366958618 1938
1771361980408 0.42438945174217224 1939
1771361980441 1.0362021923065186 1940
1771361980473 1.3748903274536133 1941
1771361980506 0.8375712037086487 1942
1771361980539 1.0733259916305542 1943
1771361980572 1.014896273612976 1944
1771361980606 0.7344263792037964 1945
1771361980639 0.5667015910148621 1946
1771361980671 0.6867359280586243 1947
1771361980705 0.44292083382606506 1948
1771361980737 0.5775143504142761 1949
1771361980770 0.40572938323020935 1950
1771361980803 0.687490701675415 1951
1771361980836 0.6035504341125488 1952
1771361980868 0.7345975041389465 1953
1771361980901 0.6892459988594055 1954
1771361980934 0.6312416791915894 1955
1771361980966 0.7707825899124146 1956
1771361980999 0.7840894460678101 1957
1771361981031 1.0237702131271362 1958
1771361981063 0.6982415914535522 1959
1771361981096 0.7179631590843201 1960
1771361981129 0.6539982557296753 1961
1771361981161 0.6782268285751343 1962
1771361981193 0.8587098717689514 1963
1771361981226 0.46200940012931824 1964
1771361981258 0.43166008591651917 1965
1771361981291 0.6180903315544128 1966
1771361981325 0.2411489635705948 1967
1771361981357 0.27871665358543396 1968
1771361981390 0.4726237654685974 1969
1771361981423 0.914006233215332 1970
1771361981455 0.7431798577308655 1971
1771361981487 0.8911116719245911 1972
1771361981520 0.3822009265422821 1973
1771361981553 0.9130071997642517 1974
1771361981586 0.5916168093681335 1975
1771361981618 0.932936429977417 1976
1771361981650 0.5502758026123047 1977
1771361981683 0.6597038507461548 1978
1771361981715 0.7195582389831543 1979
1771361981748 0.7851490378379822 1980
1771361981780 0.79338139295578 1981
1771361981814 0.5462461113929749 1982
1771361981846 0.7030264735221863 1983
1771361981879 1.7095146179199219 1984
1771361981912 0.5595695376396179 1985
1771361981945 1.0272564888000488 1986
1771361981979 0.7711459994316101 1987
1771361982012 0.5070721507072449 1988
1771361982045 0.7347832918167114 1989
1771361982078 0.512304425239563 1990
1771361982112 0.3694283664226532 1991
1771361982145 0.5210745930671692 1992
1771361982178 0.43774035573005676 1993
1771361982213 0.6089574694633484 1994
1771361982246 0.3180719017982483 1995
1771361982279 0.5541722774505615 1996
1771361982313 0.736972451210022 1997
1771361982347 0.641203761100769 1998
1771361982379 0.38546666502952576 1999
1771361982412 0.42826899886131287 2000
1771361982445 0.5915656089782715 2001
1771361982479 0.22022873163223267 2002
1771361982517 0.7876254916191101 2003
1771361982552 0.7351682186126709 2004
1771361982587 0.41281041502952576 2005
1771361982622 0.8890674710273743 2006
1771361982656 0.9432913661003113 2007
1771361982691 0.4523865282535553 2008
1771361982726 0.5633116960525513 2009
1771361982762 0.6402519941329956 2010
1771361982796 0.614657461643219 2011
1771361982831 0.8989858031272888 2012
1771361982864 0.8715343475341797 2013
1771361982898 0.7033647298812866 2014
1771361982931 1.0624151229858398 2015
1771361982965 0.4938005805015564 2016
1771361982998 0.7688735127449036 2017
1771361983031 0.4343297779560089 2018
1771361983065 1.0627824068069458 2019
1771361983098 0.700286865234375 2020
1771361983132 0.7168778777122498 2021
1771361983165 0.89272141456604 2022
1771361983198 0.5776726603507996 2023
1771361983231 0.7870764136314392 2024
1771361983265 0.44584181904792786 2025
1771361983301 0.8159091472625732 2026
1771361983336 0.9018621444702148 2027
1771361983370 0.3948354423046112 2028
1771361983405 1.0122613906860352 2029
1771361983438 0.5599665641784668 2030
1771361983471 1.0476709604263306 2031
1771361983503 0.8111130595207214 2032
1771361983536 0.8892731070518494 2033
1771361983568 0.6276739835739136 2034
1771361983600 1.12079656124115 2035
1771361983633 0.38195690512657166 2036
1771361983666 0.7111533284187317 2037
1771361983699 0.871120810508728 2038
1771361983732 0.3086204528808594 2039
1771361983764 0.6786065697669983 2040
1771361983797 0.44298121333122253 2041
1771361983829 0.8109833598136902 2042
1771361983861 0.9048773050308228 2043
1771361983894 0.5740984082221985 2044
1771361983926 0.7149425148963928 2045
1771361983958 0.36207500100135803 2046
1771361983991 0.7043898701667786 2047
1771361984023 0.5271435976028442 2048
1771361984055 0.8295055627822876 2049
1771361984087 0.39527392387390137 2050
1771361984120 0.9538804888725281 2051
1771361984152 0.5422353744506836 2052
1771361984184 0.2215571403503418 2053
1771361984217 0.7579333782196045 2054
1771361984249 0.9092180728912354 2055
1771361984281 0.6821596622467041 2056
1771361984313 0.5765889286994934 2057
1771361984345 0.4251454770565033 2058
1771361984377 0.6425345540046692 2059
1771361984412 0.6777129173278809 2060
1771361984445 0.6596920490264893 2061
1771361984476 0.49193599820137024 2062
1771361984508 1.1235878467559814 2063
1771361984541 1.1301401853561401 2064
1771361984574 0.7630826234817505 2065
1771361984606 0.40607357025146484 2066
1771361984638 0.5492595434188843 2067
1771361984670 0.7718806266784668 2068
1771361984702 1.0022027492523193 2069
1771361984734 0.5707943439483643 2070
1771361984767 0.5823221206665039 2071
1771361984799 0.5598827004432678 2072
1771361984831 0.38516560196876526 2073
1771361984864 0.5252148509025574 2074
1771361984897 0.5838403105735779 2075
1771361984929 0.5111491084098816 2076
1771361984961 0.7907124757766724 2077
1771361984993 0.9737485647201538 2078
1771361985025 0.5855382680892944 2079
1771361985058 0.7236642837524414 2080
1771361985090 0.5514923334121704 2081
1771361985122 0.37632641196250916 2082
1771361985156 0.9851532578468323 2083
1771361985166 0.5536182522773743 2084
1771361985206 0.290789395570755 2085
1771361985238 0.49210819602012634 2086
1771361985270 0.5308313965797424 2087
1771361985303 0.46713006496429443 2088
1771361985335 0.6877817511558533 2089
1771361985368 0.7448463439941406 2090
1771361985400 0.7112972736358643 2091
1771361985440 0.2350359708070755 2092
1771361985476 0.3520198464393616 2093
1771361985508 0.4048237204551697 2094
1771361985540 0.46726593375205994 2095
1771361985572 0.6529210805892944 2096
1771361985604 1.0676586627960205 2097
1771361985636 0.573707103729248 2098
1771361985668 0.406049907207489 2099
1771361985700 0.620901882648468 2100
1771361985732 1.0867266654968262 2101
1771361985765 0.6543236970901489 2102
1771361985798 0.7267470359802246 2103
1771361985829 0.6602307558059692 2104
1771361985861 0.6626029014587402 2105
1771361985893 0.9701350331306458 2106
1771361985926 0.6605582237243652 2107
1771361985958 0.31402653455734253 2108
1771361985990 0.6237140893936157 2109
1771361986022 0.6254003047943115 2110
1771361986054 0.6114629507064819 2111
1771361986086 0.8382723331451416 2112
1771361986119 0.5506690740585327 2113
1771361986151 0.6668593287467957 2114
1771361986183 0.730180025100708 2115
1771361986215 0.35584428906440735 2116
1771361986248 0.3796936273574829 2117
1771361986281 0.32296302914619446 2118
1771361986313 0.6452672481536865 2119
1771361986345 0.9345576763153076 2120
1771361986377 0.4996716380119324 2121
1771361986410 0.3935494124889374 2122
1771361986443 0.48714834451675415 2123
1771361986479 0.6837557554244995 2124
1771361986515 0.27441349625587463 2125
1771361986549 0.6360899806022644 2126
1771361986582 0.5129808187484741 2127
1771361986616 0.44181331992149353 2128
1771361986650 0.23624563217163086 2129
1771361986682 0.8293419480323792 2130
1771361986717 0.9063305258750916 2131
1771361986751 0.5727624893188477 2132
1771361986785 0.2745908498764038 2133
1771361986819 0.6996776461601257 2134
1771361986851 0.4160440266132355 2135
1771361986885 0.8038935661315918 2136
1771361986919 0.6294070482254028 2137
1771361986952 0.3512789309024811 2138
1771361986986 0.7882068157196045 2139
1771361987020 0.8332278728485107 2140
1771361987053 0.7361624836921692 2141
1771361987086 1.0087052583694458 2142
1771361987118 0.5636550188064575 2143
1771361987151 0.722920835018158 2144
1771361987183 0.8555610775947571 2145
1771361987217 0.5582307577133179 2146
1771361987249 0.6316505670547485 2147
1771361987282 0.4940910041332245 2148
1771361987314 0.9834520816802979 2149
1771361987346 1.487656831741333 2150
1771361987378 0.5847399830818176 2151
1771361987410 0.427044153213501 2152
1771361987442 0.5182239413261414 2153
1771361987474 0.3639969229698181 2154
1771361987506 0.5364120602607727 2155
1771361987539 0.8028894662857056 2156
1771361987571 0.5996526479721069 2157
1771361987603 0.5519169569015503 2158
1771361987635 0.7990708351135254 2159
1771361987668 0.6585952043533325 2160
1771361987701 0.3878779113292694 2161
1771361987733 0.7533226609230042 2162
1771361987765 0.9594139456748962 2163
1771361987798 0.8381796479225159 2164
1771361987831 0.5902475714683533 2165
1771361987863 0.37477046251296997 2166
1771361987895 0.399244099855423 2167
1771361987928 0.7064260840415955 2168
1771361987960 0.7708247900009155 2169
1771361987992 0.4463958442211151 2170
1771361988024 0.9012207984924316 2171
1771361988056 0.6518145203590393 2172
1771361988088 0.8585286736488342 2173
1771361988121 0.5329777002334595 2174
1771361988153 0.674272894859314 2175
1771361988186 0.541974663734436 2176
1771361988218 0.5670076012611389 2177
1771361988250 0.4805991053581238 2178
1771361988283 0.42593663930892944 2179
1771361988315 0.27396902441978455 2180
1771361988347 0.7198007702827454 2181
1771361988379 1.1393778324127197 2182
1771361988412 0.9830791354179382 2183
1771361988444 0.3253614008426666 2184
1771361988476 0.8584250807762146 2185
1771361988508 0.43063318729400635 2186
1771361988540 1.249650001525879 2187
1771361988573 0.5024596452713013 2188
1771361988605 0.743040919303894 2189
1771361988637 0.5210614204406738 2190
1771361988669 0.315876841545105 2191
1771361988702 0.7257426977157593 2192
1771361988734 0.3206859827041626 2193
1771361988766 0.748076856136322 2194
1771361988800 0.5595400333404541 2195
1771361988832 0.6082125902175903 2196
1771361988865 0.6190354824066162 2197
1771361988897 0.1649019569158554 2198
1771361988930 1.001990556716919 2199
1771361988962 0.9461087584495544 2200
1771361988994 0.8921033143997192 2201
1771361989027 0.30596065521240234 2202
1771361989059 0.46184587478637695 2203
1771361989092 0.5869911313056946 2204
1771361989125 0.3628726899623871 2205
1771361989157 1.1279685497283936 2206
1771361989189 0.7143679261207581 2207
1771361989221 0.5125406384468079 2208
1771361989254 0.9655438661575317 2209
1771361989286 0.4908268451690674 2210
1771361989319 0.7487648129463196 2211
1771361989351 0.545367419719696 2212
1771361989384 0.3259389102458954 2213
1771361989416 0.583487868309021 2214
1771361989449 0.7996156215667725 2215
1771361989481 1.0126491785049438 2216
1771361989513 0.9175941944122314 2217
1771361989546 0.3656572103500366 2218
1771361989579 0.2840263545513153 2219
1771361989611 0.6967689990997314 2220
1771361989645 0.760175883769989 2221
1771361989677 0.7300773859024048 2222
1771361989710 0.9060931205749512 2223
1771361989743 0.604460597038269 2224
1771361989775 1.02791428565979 2225
1771361989809 0.9370699524879456 2226
1771361989842 0.33304816484451294 2227
1771361989874 0.6647272109985352 2228
1771361989907 0.6078051924705505 2229
1771361989939 0.6751077771186829 2230
1771361989972 0.6333746314048767 2231
1771361990004 0.5392695665359497 2232
1771361990038 0.8121128082275391 2233
1771361990071 0.7833386063575745 2234
1771361990103 0.658025324344635 2235
1771361990136 0.7132068872451782 2236
1771361990168 0.6093589663505554 2237
1771361990200 0.5011387467384338 2238
1771361990233 0.6749493479728699 2239
1771361990265 0.47618427872657776 2240
1771361990297 0.4439367651939392 2241
1771361990329 0.668645977973938 2242
1771361990362 0.5718021392822266 2243
1771361990394 0.6578820943832397 2244
1771361990426 0.3307695686817169 2245
1771361990459 0.6125301718711853 2246
1771361990491 0.679091215133667 2247
1771361990523 0.7441255450248718 2248
1771361990555 0.4701005220413208 2249
1771361990588 0.4506279230117798 2250
1771361990620 0.6668224334716797 2251
1771361990653 0.7712400555610657 2252
1771361990685 0.816239058971405 2253
1771361990717 0.2873603403568268 2254
1771361990750 0.29568588733673096 2255
1771361990781 0.6408364772796631 2256
1771361990814 0.6469163298606873 2257
1771361990847 0.34549957513809204 2258
1771361990879 0.6795259118080139 2259
1771361990911 0.27979904413223267 2260
1771361990943 0.4878425598144531 2261
1771361990976 0.5989608764648438 2262
1771361991008 1.102408766746521 2263
1771361991041 0.5288700461387634 2264
1771361991074 0.5695003867149353 2265
1771361991106 0.8127789497375488 2266
1771361991138 0.8570066094398499 2267
1771361991169 0.8183046579360962 2268
1771361991202 0.6019411087036133 2269
1771361991234 0.8910518288612366 2270
1771361991266 0.6313499808311462 2271
1771361991299 1.0371208190917969 2272
1771361991331 0.36440587043762207 2273
1771361991364 0.3853847086429596 2274
1771361991398 0.7220740914344788 2275
1771361991431 0.5995672941207886 2276
1771361991464 0.3518260419368744 2277
1771361991497 0.8470399379730225 2278
1771361991530 0.5638520121574402 2279
1771361991563 0.7745090126991272 2280
1771361991596 0.6597623825073242 2281
1771361991629 0.914413571357727 2282
1771361991663 0.46895572543144226 2283
1771361991696 0.7104822993278503 2284
1771361991728 0.5769034624099731 2285
1771361991761 0.18643277883529663 2286
1771361991794 0.4194261431694031 2287
1771361991826 0.7868936061859131 2288
1771361991858 0.7827197313308716 2289
1771361991891 0.6971631646156311 2290
1771361991924 0.7537432312965393 2291
1771361991958 0.3855345845222473 2292
1771361991992 1.3145803213119507 2293
1771361992026 0.652417778968811 2294
1771361992059 0.422473281621933 2295
1771361992092 1.0308235883712769 2296
1771361992126 0.49723154306411743 2297
1771361992158 0.3731197714805603 2298
1771361992191 0.581098198890686 2299
1771361992224 0.20104336738586426 2300
1771361992257 0.49349260330200195 2301
1771361992290 0.9332410097122192 2302
1771361992324 0.8239604830741882 2303
1771361992356 0.7700321078300476 2304
1771361992389 0.4692839980125427 2305
1771361992421 0.24842071533203125 2306
1771361992454 0.4359545111656189 2307
1771361992487 0.5610147714614868 2308
1771361992525 0.5791501402854919 2309
1771361992560 0.9162395000457764 2310
1771361992595 0.612153172492981 2311
1771361992630 0.6459919810295105 2312
1771361992665 0.5900991559028625 2313
1771361992700 0.44649404287338257 2314
1771361992733 0.6308378577232361 2315
1771361992767 0.815731406211853 2316
1771361992801 0.6746702790260315 2317
1771361992834 0.7240869998931885 2318
1771361992869 0.16565820574760437 2319
1771361992902 0.4622637927532196 2320
1771361992936 0.5313454866409302 2321
1771361992970 0.9278866648674011 2322
1771361993004 0.8207016587257385 2323
1771361993038 0.47147035598754883 2324
1771361993072 0.8394758105278015 2325
1771361993105 0.5801206231117249 2326
1771361993139 0.8895261287689209 2327
1771361993173 0.5124788284301758 2328
1771361993207 0.5272555947303772 2329
1771361993241 0.58943772315979 2330
1771361993277 0.5374801754951477 2331
1771361993312 0.7341994643211365 2332
1771361993347 0.4595467150211334 2333
1771361993383 1.0289416313171387 2334
1771361993416 0.9443307518959045 2335
1771361993450 0.7610459327697754 2336
1771361993483 0.197861909866333 2337
1771361993517 0.5813159346580505 2338
1771361993551 0.8931751847267151 2339
1771361993584 0.9599573612213135 2340
1771361993617 0.5283151865005493 2341
1771361993651 0.8072414994239807 2342
1771361993684 0.5885168313980103 2343
1771361993718 0.6440718173980713 2344
1771361993751 0.5196384191513062 2345
1771361993785 0.7519452571868896 2346
1771361993819 0.672148585319519 2347
1771361993852 0.5617192983627319 2348
1771361993884 0.41033294796943665 2349
1771361993917 0.4528765082359314 2350
1771361993950 0.3245082199573517 2351
1771361993983 0.779650866985321 2352
1771361994015 0.6686963438987732 2353
1771361994048 0.36729079484939575 2354
1771361994080 0.5922608375549316 2355
1771361994113 0.8085348606109619 2356
1771361994146 0.8607664704322815 2357
1771361994178 0.5900186896324158 2358
1771361994210 0.33408671617507935 2359
1771361994243 0.5506505966186523 2360
1771361994275 0.6107034683227539 2361
1771361994308 0.686259388923645 2362
1771361994340 0.7012683153152466 2363
1771361994373 0.7498390674591064 2364
1771361994408 0.761852502822876 2365
1771361994441 0.8570891618728638 2366
1771361994473 0.3987672030925751 2367
1771361994505 0.6368716955184937 2368
1771361994537 0.707625687122345 2369
1771361994570 0.30326518416404724 2370
1771361994602 0.5548824071884155 2371
1771361994635 0.7502713799476624 2372
1771361994668 1.5720796585083008 2373
1771361994702 1.2916501760482788 2374
1771361994734 1.1786550283432007 2375
1771361994763 0.6560061573982239 2376
1771361994791 1.096726894378662 2377
1771361994820 0.8647331595420837 2378
1771361994848 0.6179122924804688 2379
1771361994875 0.8368933200836182 2380
1771361994903 0.45512494444847107 2381
1771361994931 0.8446071743965149 2382
1771361994959 0.6806309819221497 2383
1771361994987 0.8395401239395142 2384
1771361995016 0.5874730944633484 2385
1771361995043 0.34391599893569946 2386
1771361995071 0.8908565640449524 2387
1771361995099 0.5428206324577332 2388
1771361995127 0.6175479292869568 2389
1771361995155 0.7766844034194946 2390
1771361995184 0.4510192573070526 2391
1771361995212 0.38529640436172485 2392
1771361995240 0.15717652440071106 2393
1771361995268 0.37934285402297974 2394
1771361995296 0.5910205841064453 2395
1771361995324 0.8563116192817688 2396
1771361995352 0.5537881255149841 2397
1771361995380 0.669110894203186 2398
1771361995408 0.4781966209411621 2399
1771361995441 0.6389492154121399 2400
1771361995470 0.4580192267894745 2401
1771361995499 0.6333985328674316 2402
1771361995526 0.5457560420036316 2403
1771361995554 0.613180935382843 2404
1771361995582 0.5889034867286682 2405
1771361995609 0.7870535254478455 2406
1771361995638 1.0411747694015503 2407
1771361995665 0.5133390426635742 2408
1771361995694 0.6610569953918457 2409
1771361995722 0.5120360255241394 2410
1771361995750 0.46198171377182007 2411
1771361995779 0.6168084740638733 2412
1771361995807 0.7628811001777649 2413
1771361995835 0.28398120403289795 2414
1771361995863 0.7044008374214172 2415
1771361995891 0.8835592865943909 2416
1771361995918 0.6030387282371521 2417
1771361995947 0.8992578387260437 2418
1771361995975 0.37534859776496887 2419
1771361996003 0.5004638433456421 2420
1771361996031 0.6077988743782043 2421
1771361996060 0.5649964213371277 2422
1771361996087 0.6522871255874634 2423
1771361996116 0.6768244504928589 2424
1771361996144 0.43402186036109924 2425
1771361996171 0.33799538016319275 2426
1771361996199 0.44146040081977844 2427
1771361996227 0.8456156253814697 2428
1771361996255 0.7623031735420227 2429
1771361996283 0.31362953782081604 2430
1771361996311 0.8498057126998901 2431
1771361996339 0.8076454997062683 2432
1771361996367 0.5907813310623169 2433
1771361996395 0.7830970883369446 2434
1771361996423 0.9845049381256104 2435
1771361996452 0.7925582528114319 2436
1771361996483 0.6489344239234924 2437
1771361996514 1.0111478567123413 2438
1771361996542 0.5543702244758606 2439
1771361996570 0.6127720475196838 2440
1771361996598 0.746050238609314 2441
1771361996626 0.8593230247497559 2442
1771361996654 0.936257004737854 2443
1771361996681 0.4899905323982239 2444
1771361996709 0.582181453704834 2445
1771361996737 0.5057026743888855 2446
1771361996765 0.8315701484680176 2447
1771361996793 0.46686047315597534 2448
1771361996821 0.4578264057636261 2449
1771361996850 1.150905728340149 2450
1771361996878 0.6559801697731018 2451
1771361996906 0.5189781785011292 2452
1771361996933 0.7494239807128906 2453
1771361996961 0.5690110325813293 2454
1771361996989 0.6936632990837097 2455
1771361997017 0.7329948544502258 2456
1771361997045 1.1453065872192383 2457
1771361997075 0.9196457266807556 2458
1771361997102 0.49321410059928894 2459
1771361997130 0.4650520384311676 2460
1771361997158 0.8485510945320129 2461
1771361997186 0.8088318705558777 2462
1771361997213 0.5428324937820435 2463
1771361997241 0.7254648208618164 2464
1771361997268 0.44569340348243713 2465
1771361997296 0.7911003828048706 2466
1771361997324 0.5674858689308167 2467
1771361997352 1.0706032514572144 2468
1771361997380 0.8560397028923035 2469
1771361997408 1.1017165184020996 2470
1771361997437 0.8511906862258911 2471
1771361997465 0.9539623260498047 2472
1771361997494 1.068027377128601 2473
1771361997523 0.2888306975364685 2474
1771361997551 0.6431708335876465 2475
1771361997580 1.1785410642623901 2476
1771361997608 0.7838053107261658 2477
1771361997637 0.6710066199302673 2478
1771361997666 0.46755412220954895 2479
1771361997695 0.6905078291893005 2480
1771361997723 0.57710862159729 2481
1771361997752 0.6243114471435547 2482
1771361997781 0.6660422682762146 2483
1771361997809 0.38978227972984314 2484
1771361997837 0.7599568367004395 2485
1771361997866 0.3507140576839447 2486
1771361997894 0.4635339379310608 2487
1771361997922 0.780441164970398 2488
1771361997951 0.6574797034263611 2489
1771361997979 0.3346785604953766 2490
1771361998007 0.45890238881111145 2491
1771361998035 0.3599710762500763 2492
1771361998064 0.9212973713874817 2493
1771361998091 0.8014792203903198 2494
1771361998120 0.5779052376747131 2495
1771361998148 0.6436854600906372 2496
1771361998176 0.5726990103721619 2497
1771361998203 0.7470496296882629 2498
1771361998231 0.744492769241333 2499
1771361998259 1.047102689743042 2500
1771361998268 0.3095051646232605 2501
1771361998304 0.581621527671814 2502
1771361998333 0.5296893119812012 2503
1771361998362 0.9919544458389282 2504
1771361998391 0.49573662877082825 2505
1771361998421 0.4626857340335846 2506
1771361998449 0.4711686372756958 2507
1771361998478 0.8050700426101685 2508
1771361998507 1.0172349214553833 2509
1771361998536 0.814803421497345 2510
1771361998564 0.5755312442779541 2511
1771361998593 0.5860931277275085 2512
1771361998622 0.23594380915164948 2513
1771361998651 0.5998844504356384 2514
1771361998678 0.5127937197685242 2515
1771361998707 0.3162199556827545 2516
1771361998735 0.4960499703884125 2517
1771361998762 0.6856461763381958 2518
1771361998790 0.25998130440711975 2519
1771361998818 0.6277894973754883 2520
1771361998846 0.6396858096122742 2521
1771361998873 0.4714796841144562 2522
1771361998901 0.6004031896591187 2523
1771361998929 0.5167160630226135 2524
1771361998957 0.7429297566413879 2525
1771361998985 0.7600950598716736 2526
1771361999013 0.4975474774837494 2527
1771361999042 0.6457569003105164 2528
1771361999070 0.32570207118988037 2529
1771361999097 0.6949583292007446 2530
1771361999125 0.35278624296188354 2531
1771361999153 0.48184940218925476 2532
1771361999180 0.7824794054031372 2533
1771361999208 0.42954087257385254 2534
1771361999236 1.0982061624526978 2535
1771361999264 0.6125530004501343 2536
1771361999292 0.7957414388656616 2537
1771361999320 0.3498847484588623 2538
1771361999349 0.4098113179206848 2539
1771361999377 0.3242729902267456 2540
1771361999408 0.9801605939865112 2541
1771361999438 0.8377365469932556 2542
1771361999467 0.6502375602722168 2543
1771361999496 1.0041792392730713 2544
1771361999525 0.21051350235939026 2545
1771361999553 0.5584914088249207 2546
1771361999582 1.1044079065322876 2547
1771361999610 0.7445058822631836 2548
1771361999639 0.37991058826446533 2549
1771361999668 0.6441227197647095 2550
1771361999696 0.2084788978099823 2551
1771361999727 0.7447489500045776 2552
1771361999755 0.42713919281959534 2553
1771361999784 0.7252766489982605 2554
1771361999812 0.7463788390159607 2555
1771361999840 0.7489215135574341 2556
1771361999868 0.8151369690895081 2557
1771361999898 0.5129372477531433 2558
1771361999926 0.221964031457901 2559
1771361999955 0.3220770061016083 2560
1771361999983 0.576328694820404 2561
1771362000012 0.5974355936050415 2562
1771362000040 0.6181609034538269 2563
1771362000068 0.34301653504371643 2564
1771362000098 0.6699363589286804 2565
1771362000126 0.789240300655365 2566
1771362000155 0.7635324001312256 2567
1771362000183 0.5581896305084229 2568
1771362000212 0.7005007266998291 2569
1771362000241 0.48767778277397156 2570
1771362000271 0.41532373428344727 2571
1771362000300 1.1554838418960571 2572
1771362000328 0.6029747724533081 2573
1771362000357 0.5933568477630615 2574
1771362000386 0.49440285563468933 2575
1771362000416 0.7644895315170288 2576
1771362000444 0.5831921696662903 2577
1771362000472 0.3775120973587036 2578
1771362000501 0.39111918210983276 2579
1771362000529 0.6327407956123352 2580
1771362000557 0.7342585325241089 2581
1771362000586 1.0503462553024292 2582
1771362000614 0.7208957672119141 2583
1771362000643 1.4670026302337646 2584
1771362000671 0.9877203702926636 2585
1771362000699 0.9645758271217346 2586
1771362000727 0.8469840288162231 2587
1771362000755 0.4591478705406189 2588
1771362000783 0.334879994392395 2589
1771362000811 0.2768770456314087 2590
1771362000839 0.6548848748207092 2591
1771362000867 0.5343279242515564 2592
1771362000896 0.6501068472862244 2593
1771362000924 0.6180866360664368 2594
1771362000952 0.5656566619873047 2595
1771362000980 0.4609595835208893 2596
1771362001009 0.7435217499732971 2597
1771362001037 0.9736639261245728 2598
1771362001065 0.17234620451927185 2599
1771362001093 0.6521754860877991 2600
1771362001121 1.2266101837158203 2601
1771362001150 0.4062688946723938 2602
1771362001177 0.33902913331985474 2603
1771362001206 0.37106096744537354 2604
1771362001234 0.8453403115272522 2605
1771362001263 0.34516236186027527 2606
1771362001291 0.8338544964790344 2607
1771362001319 0.7401649951934814 2608
1771362001347 0.5139942765235901 2609
1771362001375 0.8084792494773865 2610
1771362001404 0.7332148551940918 2611
1771362001432 0.7352737188339233 2612
1771362001460 0.5184300541877747 2613
1771362001489 0.36433014273643494 2614
1771362001517 0.43692007660865784 2615
1771362001546 0.4914304316043854 2616
1771362001574 0.5414689779281616 2617
1771362001602 0.4682505428791046 2618
1771362001631 0.7006105184555054 2619
1771362001659 0.5514168739318848 2620
1771362001688 0.6061387658119202 2621
1771362001717 0.6352592706680298 2622
1771362001744 0.5075671672821045 2623
1771362001772 0.5865585803985596 2624
1771362001801 1.0764325857162476 2625
1771362001829 0.4533233046531677 2626
1771362001857 0.4700011610984802 2627
1771362001886 1.0028125047683716 2628
1771362001915 0.5580533146858215 2629
1771362001943 0.7679644227027893 2630
1771362001971 0.3714979588985443 2631
1771362001999 0.4111541509628296 2632
1771362002027 0.7143716216087341 2633
1771362002056 0.46630382537841797 2634
1771362002083 0.6226311326026917 2635
1771362002112 0.5068260431289673 2636
1771362002140 0.6086162328720093 2637
1771362002168 0.8953089714050293 2638
1771362002195 0.8756704330444336 2639
1771362002224 0.7657228708267212 2640
1771362002252 0.7114775776863098 2641
1771362002280 0.7241639494895935 2642
1771362002308 0.539291262626648 2643
1771362002337 0.8985463976860046 2644
1771362002364 0.6710767149925232 2645
1771362002392 0.8652229309082031 2646
1771362002421 0.6377670168876648 2647
1771362002449 0.7447026968002319 2648
1771362002477 0.6603782176971436 2649
1771362002506 0.44462352991104126 2650
1771362002537 0.4124095141887665 2651
1771362002565 0.5131563544273376 2652
1771362002594 0.8691697120666504 2653
1771362002624 0.6491415500640869 2654
1771362002653 0.669039249420166 2655
1771362002682 0.3985925316810608 2656
1771362002711 0.5145397782325745 2657
1771362002740 0.3567732870578766 2658
1771362002769 0.30174073576927185 2659
1771362002798 0.7156422138214111 2660
1771362002827 0.5601937174797058 2661
1771362002856 0.35752585530281067 2662
1771362002885 0.8665497899055481 2663
1771362002913 1.0080105066299438 2664
1771362002942 0.8494589924812317 2665
1771362002970 0.9586858749389648 2666
1771362002998 0.8431602716445923 2667
1771362003027 0.37085649371147156 2668
1771362003056 0.545863687992096 2669
1771362003084 0.6585791110992432 2670
1771362003112 0.36803218722343445 2671
1771362003140 0.8040322065353394 2672
1771362003170 1.022958755493164 2673
1771362003198 0.5888766050338745 2674
1771362003227 0.41739392280578613 2675
1771362003255 0.6942166686058044 2676
1771362003285 0.714684784412384 2677
1771362003314 0.7224658727645874 2678
1771362003344 0.9951410889625549 2679
1771362003374 0.9611396193504333 2680
1771362003404 0.3235049545764923 2681
1771362003432 0.5244537591934204 2682
1771362003460 1.0690423250198364 2683
1771362003488 0.4031071066856384 2684
1771362003516 0.5017974376678467 2685
1771362003545 0.4664382040500641 2686
1771362003573 0.9084884524345398 2687
1771362003602 0.7890027165412903 2688
1771362003630 0.6430382132530212 2689
1771362003657 0.970708429813385 2690
1771362003685 0.49892204999923706 2691
1771362003714 0.49991005659103394 2692
1771362003743 0.8469709157943726 2693
1771362003770 0.29630953073501587 2694
1771362003799 0.3531018793582916 2695
1771362003827 0.7244845032691956 2696
1771362003855 0.9649699330329895 2697
1771362003883 0.7539020776748657 2698
1771362003911 0.759778618812561 2699
1771362003939 0.7696937322616577 2700
1771362003966 0.3535100519657135 2701
1771362003994 0.5284761786460876 2702
1771362004021 0.3135278820991516 2703
1771362004049 0.5283893346786499 2704
1771362004077 0.561984121799469 2705
1771362004104 0.4744936227798462 2706
1771362004132 0.5754438638687134 2707
1771362004160 0.6928917169570923 2708
1771362004188 0.253653883934021 2709
1771362004216 0.5404431819915771 2710
1771362004244 0.7108475565910339 2711
1771362004272 0.5279241800308228 2712
1771362004300 0.9801574349403381 2713
1771362004327 0.3982366919517517 2714
1771362004355 0.7109526991844177 2715
1771362004383 1.0770858526229858 2716
1771362004413 0.5824630856513977 2717
1771362004442 0.9074253439903259 2718
1771362004470 0.6396601796150208 2719
1771362004497 0.4626605808734894 2720
1771362004525 0.7458763122558594 2721
1771362004553 1.045842170715332 2722
1771362004580 0.7752439379692078 2723
1771362004609 0.4888831675052643 2724
1771362004637 0.28737673163414 2725
1771362004666 0.7384663820266724 2726
1771362004694 0.8659915328025818 2727
1771362004722 0.42551302909851074 2728
1771362004751 0.9707103967666626 2729
1771362004778 0.8252801299095154 2730
1771362004807 0.7005055546760559 2731
1771362004835 0.3867258131504059 2732
1771362004863 1.3221726417541504 2733
1771362004892 1.4081575870513916 2734
1771362004920 0.611391544342041 2735
1771362004948 0.42270299792289734 2736
1771362004976 0.4794693887233734 2737
1771362005004 0.5290312170982361 2738
1771362005032 0.5322055220603943 2739
1771362005060 0.5448803305625916 2740
1771362005087 1.1107045412063599 2741
1771362005115 0.8349350690841675 2742
1771362005143 1.3439435958862305 2743
1771362005171 0.7557859420776367 2744
1771362005199 0.574734091758728 2745
1771362005227 0.3953253924846649 2746
1771362005256 0.8677855730056763 2747
1771362005285 1.0305448770523071 2748
1771362005312 0.4514082372188568 2749
1771362005341 0.4716094136238098 2750
1771362005370 0.5125262141227722 2751
1771362005399 0.7711676359176636 2752
1771362005429 0.5578831434249878 2753
1771362005459 0.2130434513092041 2754
1771362005488 0.6934241056442261 2755
1771362005518 0.6961053609848022 2756
1771362005545 1.0945584774017334 2757
1771362005575 0.8433555364608765 2758
1771362005604 0.31306326389312744 2759
1771362005632 0.29529309272766113 2760
1771362005660 0.8974359631538391 2761
1771362005689 0.2305975705385208 2762
1771362005717 0.5335953831672668 2763
1771362005745 0.3576979339122772 2764
1771362005772 0.842441201210022 2765
1771362005800 0.7040254473686218 2766
1771362005828 0.5639266967773438 2767
1771362005856 0.7818112969398499 2768
1771362005884 0.5109567046165466 2769
1771362005911 0.826872706413269 2770
1771362005940 0.858944833278656 2771
1771362005967 1.1145302057266235 2772
1771362005995 0.4726983308792114 2773
1771362006023 0.5965041518211365 2774
1771362006050 0.8437389135360718 2775
1771362006078 0.5258769989013672 2776
1771362006106 0.5216047763824463 2777
1771362006135 0.5332045555114746 2778
1771362006163 0.45740142464637756 2779
1771362006192 0.6196000576019287 2780
1771362006219 0.6236611604690552 2781
1771362006247 1.1357645988464355 2782
1771362006276 1.1132926940917969 2783
1771362006305 0.716298520565033 2784
1771362006332 0.7656675577163696 2785
1771362006360 0.678067684173584 2786
1771362006389 0.33447715640068054 2787
1771362006418 0.5508202314376831 2788
1771362006447 0.7579863667488098 2789
1771362006479 0.5519188642501831 2790
1771362006510 0.6029186844825745 2791
1771362006540 0.8393010497093201 2792
1771362006568 0.6741995811462402 2793
1771362006596 0.31715503334999084 2794
1771362006623 0.7238564491271973 2795
1771362006652 0.5746048092842102 2796
1771362006680 0.6162606477737427 2797
1771362006708 0.5888811349868774 2798
1771362006736 0.3309095501899719 2799
1771362006764 0.5020148754119873 2800
1771362006793 1.1638392210006714 2801
1771362006822 1.3709725141525269 2802
1771362006850 0.9249494671821594 2803
1771362006878 0.7755210995674133 2804
1771362006905 0.628885805606842 2805
1771362006934 0.6233081817626953 2806
1771362006962 0.9014483094215393 2807
1771362006990 0.7547234296798706 2808
1771362007017 0.7288450598716736 2809
1771362007045 0.5501946210861206 2810
1771362007073 0.9521675705909729 2811
1771362007101 1.0341105461120605 2812
1771362007129 0.5721405744552612 2813
1771362007156 0.7208089232444763 2814
1771362007184 0.7052237391471863 2815
1771362007212 0.32916826009750366 2816
1771362007240 0.7831752896308899 2817
1771362007268 0.5250921249389648 2818
1771362007297 1.0086216926574707 2819
1771362007326 0.39080923795700073 2820
1771362007354 0.41209492087364197 2821
1771362007382 0.33578920364379883 2822
1771362007411 1.2124851942062378 2823
1771362007440 0.44645553827285767 2824
1771362007467 0.4425463378429413 2825
1771362007495 0.3319680094718933 2826
1771362007523 0.8495346903800964 2827
1771362007551 0.9274399876594543 2828
1771362007580 0.8010527491569519 2829
1771362007609 0.6659882068634033 2830
1771362007637 0.36291271448135376 2831
1771362007665 0.8655164837837219 2832
1771362007694 0.8290900588035583 2833
1771362007721 0.6230797171592712 2834
1771362007750 0.43924543261528015 2835
1771362007778 0.8858691453933716 2836
1771362007806 0.4541531801223755 2837
1771362007834 0.23605406284332275 2838
1771362007862 0.2185281366109848 2839
1771362007890 0.6330884099006653 2840
1771362007917 0.6692733764648438 2841
1771362007945 0.4314788281917572 2842
1771362007974 0.823756754398346 2843
1771362008003 0.7409158945083618 2844
1771362008030 0.3583429753780365 2845
1771362008059 0.46853312849998474 2846
1771362008087 0.5371845364570618 2847
1771362008114 0.7078420519828796 2848
1771362008142 1.0326112508773804 2849
1771362008169 0.5881279706954956 2850
1771362008198 0.2692481279373169 2851
1771362008226 0.628513753414154 2852
1771362008254 1.05562424659729 2853
1771362008282 1.0181365013122559 2854
1771362008310 0.6240754723548889 2855
1771362008337 0.5693630576133728 2856
1771362008366 0.28297150135040283 2857
1771362008394 0.8636905550956726 2858
1771362008422 0.9706253409385681 2859
1771362008451 0.9124587178230286 2860
1771362008480 0.57831871509552 2861
1771362008508 0.6959178447723389 2862
1771362008537 0.5667312145233154 2863
1771362008566 0.5150785446166992 2864
1771362008594 0.7082369923591614 2865
1771362008622 0.7026551365852356 2866
1771362008650 0.4659998118877411 2867
1771362008678 0.5887069702148438 2868
1771362008706 0.6572007536888123 2869
1771362008735 0.6098015308380127 2870
1771362008763 0.6234750747680664 2871
1771362008791 0.47147294878959656 2872
1771362008820 0.40868866443634033 2873
1771362008848 0.7350323796272278 2874
1771362008876 0.24352529644966125 2875
1771362008904 0.4351666569709778 2876
1771362008933 0.7348175644874573 2877
1771362008961 0.6511964201927185 2878
1771362008988 0.5728469491004944 2879
1771362009017 0.5443009734153748 2880
1771362009046 0.9930958151817322 2881
1771362009074 1.0720984935760498 2882
1771362009103 1.4862020015716553 2883
1771362009130 0.6487343907356262 2884
1771362009158 0.7543155550956726 2885
1771362009187 0.9837995171546936 2886
1771362009216 0.5106577277183533 2887
1771362009244 0.5871692895889282 2888
1771362009273 0.7648655772209167 2889
1771362009301 0.8611178398132324 2890
1771362009329 0.50446617603302 2891
1771362009358 0.7678017616271973 2892
1771362009385 0.6173637509346008 2893
1771362009413 0.8772660493850708 2894
1771362009442 0.4996592402458191 2895
1771362009470 0.755455732345581 2896
1771362009498 0.4504355490207672 2897
1771362009526 0.7349432110786438 2898
1771362009556 0.9375806450843811 2899
1771362009584 0.7677037715911865 2900
1771362009613 0.9571579098701477 2901
1771362009640 0.661092221736908 2902
1771362009668 0.6661537289619446 2903
1771362009696 0.5828636884689331 2904
1771362009725 0.35597360134124756 2905
1771362009753 1.0539178848266602 2906
1771362009781 0.6558182239532471 2907
1771362009809 0.6125572323799133 2908
1771362009838 1.1531660556793213 2909
1771362009866 0.8451746106147766 2910
1771362009894 0.5498125553131104 2911
1771362009922 1.0530712604522705 2912
1771362009950 0.5377925634384155 2913
1771362009979 1.3968504667282104 2914
1771362010007 0.5899019837379456 2915
1771362010036 0.7196338772773743 2916
1771362010064 1.0693060159683228 2917
1771362010073 0.5223501920700073 2918
1771362010108 0.9627746939659119 2919
1771362010135 0.5595020055770874 2920
1771362010163 0.537483811378479 2921
1771362010191 0.5673658847808838 2922
1771362010219 0.5877150893211365 2923
1771362010247 1.1117185354232788 2924
1771362010275 0.6276343464851379 2925
1771362010304 0.4711228311061859 2926
1771362010333 0.9992915391921997 2927
1771362010361 0.6105648279190063 2928
1771362010390 0.42852872610092163 2929
1771362010419 0.6966018676757812 2930
1771362010447 0.6722386479377747 2931
1771362010476 0.6534558534622192 2932
1771362010505 0.93485027551651 2933
1771362010533 0.34594541788101196 2934
1771362010561 0.4446360468864441 2935
1771362010590 0.6675540804862976 2936
1771362010619 0.313589483499527 2937
1771362010647 0.5985721349716187 2938
1771362010676 0.6270959973335266 2939
1771362010705 0.8619945049285889 2940
1771362010733 0.5658687353134155 2941
1771362010761 0.43972861766815186 2942
1771362010790 0.5766348242759705 2943
1771362010819 0.40419554710388184 2944
1771362010847 0.9276579022407532 2945
1771362010876 0.7013905644416809 2946
1771362010905 0.6287972927093506 2947
1771362010934 0.45340555906295776 2948
1771362010964 0.9310271143913269 2949
1771362010992 0.5496430397033691 2950
1771362011020 0.5331752896308899 2951
1771362011048 0.7780354022979736 2952
1771362011076 0.38525381684303284 2953
1771362011104 0.9305354356765747 2954
1771362011132 0.767203688621521 2955
1771362011160 0.5613270998001099 2956
1771362011189 0.778869092464447 2957
1771362011218 0.705062985420227 2958
1771362011246 0.418682336807251 2959
1771362011274 0.5781282782554626 2960
1771362011301 0.32491829991340637 2961
1771362011329 0.5748934149742126 2962
1771362011356 0.6274793148040771 2963
1771362011384 0.317809522151947 2964
1771362011413 0.941588819026947 2965
1771362011442 0.37876734137535095 2966
1771362011470 1.299100637435913 2967
1771362011498 0.45714110136032104 2968
1771362011526 0.5884146690368652 2969
1771362011555 0.7157400250434875 2970
1771362011583 0.8835005760192871 2971
1771362011610 1.1100784540176392 2972
1771362011638 0.8217970728874207 2973
1771362011667 0.3616700768470764 2974
1771362011695 0.8203486204147339 2975
1771362011723 0.46368297934532166 2976
1771362011752 0.36652031540870667 2977
1771362011780 0.8990464806556702 2978
1771362011809 1.338727355003357 2979
1771362011838 0.39136961102485657 2980
1771362011866 0.7294567823410034 2981
1771362011896 0.6393036842346191 2982
1771362011925 0.6411730647087097 2983
1771362011954 0.5344656109809875 2984
1771362011983 0.7742562890052795 2985
1771362012012 0.714397668838501 2986
1771362012042 0.6468320488929749 2987
1771362012070 0.5435998439788818 2988
1771362012099 0.8759319186210632 2989
1771362012127 1.0637314319610596 2990
1771362012155 0.570406436920166 2991
1771362012183 0.5800392031669617 2992
1771362012213 0.7692314386367798 2993
1771362012241 0.2637508809566498 2994
1771362012270 0.38644689321517944 2995
1771362012299 0.6280437707901001 2996
1771362012328 0.7514026761054993 2997
1771362012356 0.9105262756347656 2998
1771362012385 0.8358429074287415 2999
1771362012414 0.5147278904914856 3000
1771362012443 0.668082058429718 3001
1771362012472 0.5843433141708374 3002
1771362012501 0.3719196617603302 3003
1771362012533 0.7067016363143921 3004
1771362012563 0.4386497139930725 3005
1771362012594 0.8097673654556274 3006
1771362012625 0.4783965051174164 3007
1771362012656 0.688484787940979 3008
1771362012686 1.3846912384033203 3009
1771362012716 1.4043396711349487 3010
1771362012746 0.6389320492744446 3011
1771362012774 0.4886210262775421 3012
1771362012803 0.7668154835700989 3013
1771362012833 0.4976583421230316 3014
1771362012862 0.9360732436180115 3015
1771362012890 0.7869516015052795 3016
1771362012919 0.6059380769729614 3017
1771362012947 0.3059213161468506 3018
1771362012975 0.6495710015296936 3019
1771362013005 0.6931679248809814 3020
1771362013034 0.43038901686668396 3021
1771362013063 0.3143811523914337 3022
1771362013091 0.46297305822372437 3023
1771362013119 0.8437473773956299 3024
1771362013147 0.5365183353424072 3025
1771362013176 0.6800066828727722 3026
1771362013205 0.47047317028045654 3027
1771362013234 0.40398332476615906 3028
1771362013275 0.46321454644203186 3029
1771362013315 0.5425112843513489 3030
1771362013344 0.3470601737499237 3031
1771362013388 0.6320032477378845 3032
1771362013416 0.2956540584564209 3033
1771362013443 0.8168168067932129 3034
1771362013476 0.7338313460350037 3035
1771362013504 0.26386305689811707 3036
1771362013538 0.8473073244094849 3037
1771362013567 0.6375831961631775 3038
1771362013602 0.4894634187221527 3039
1771362013630 0.6867297291755676 3040
1771362013658 0.31558841466903687 3041
1771362013685 0.8715114593505859 3042
1771362013713 0.2702561318874359 3043
1771362013746 0.7401294112205505 3044
1771362013775 0.7694594264030457 3045
1771362013802 0.4658803939819336 3046
1771362013830 0.30455082654953003 3047
1771362013863 0.633822500705719 3048
1771362013891 0.2708708643913269 3049
1771362013924 0.5134619474411011 3050
1771362013952 0.5542163848876953 3051
1771362013982 0.4232557713985443 3052
1771362014015 0.767251193523407 3053
1771362014048 0.7194363474845886 3054
1771362014076 0.5251777768135071 3055
1771362014104 0.3540221154689789 3056
1771362014132 0.4435366690158844 3057
1771362014160 0.5831030011177063 3058
1771362014188 0.5426204800605774 3059
1771362014217 0.5732298493385315 3060
1771362014246 0.6525590419769287 3061
1771362014274 0.7458675503730774 3062
1771362014302 0.6803017854690552 3063
1771362014330 0.4576696753501892 3064
1771362014359 0.5311476588249207 3065
1771362014394 0.5004755854606628 3066
1771362014422 1.0411376953125 3067
1771362014449 0.3069825768470764 3068
1771362014477 0.7589186429977417 3069
1771362014510 0.5009013414382935 3070
1771362014538 0.24954697489738464 3071
1771362014566 0.533254861831665 3072
1771362014594 0.6753318905830383 3073
1771362014622 0.4703413248062134 3074
1771362014650 0.8591893315315247 3075
1771362014678 0.3462353050708771 3076
1771362014706 0.3607436716556549 3077
1771362014734 0.5704569816589355 3078
1771362014763 0.44356074929237366 3079
1771362014791 0.6081742644309998 3080
1771362014869 0.36759570240974426 3081
1771362014896 0.7673834562301636 3082
1771362014924 0.8599072098731995 3083
1771362014952 0.9276311993598938 3084
1771362014980 0.6501517295837402 3085
1771362015007 0.7320833206176758 3086
1771362015038 0.8144090175628662 3087
1771362015067 0.7105335593223572 3088
1771362015097 0.49754685163497925 3089
1771362015127 0.9968042373657227 3090
1771362015159 0.481134295463562 3091
1771362015187 0.7110579609870911 3092
1771362015215 0.553371787071228 3093
1771362015243 0.6129463911056519 3094
1771362015277 0.5381395816802979 3095
1771362015305 0.48454609513282776 3096
1771362015332 0.4247555732727051 3097
1771362015363 0.6709585785865784 3098
1771362015392 0.790584146976471 3099
1771362015421 0.5724537968635559 3100
1771362015450 0.5627844333648682 3101
1771362015477 0.9508678317070007 3102
1771362015505 0.7647294402122498 3103
1771362015533 0.3451336622238159 3104
1771362015566 0.19404737651348114 3105
1771362015593 0.6052159070968628 3106
1771362015626 0.6607592701911926 3107
1771362015655 0.8269067406654358 3108
1771362015683 0.7166531085968018 3109
1771362015714 0.8918980956077576 3110
1771362015743 0.813877284526825 3111
1771362015773 0.9644380211830139 3112
1771362015801 0.7339105606079102 3113
1771362015841 0.5625821948051453 3114
1771362015873 0.6708602905273438 3115
1771362015903 0.6749135851860046 3116
1771362015932 0.464164137840271 3117
1771362015962 0.17754249274730682 3118
1771362015990 0.44316282868385315 3119
1771362016019 0.7360894680023193 3120
1771362016051 0.5759856104850769 3121
1771362016079 0.5310853123664856 3122
1771362016106 0.8382493853569031 3123
1771362016134 0.8568466901779175 3124
1771362016162 0.8714237213134766 3125
1771362016190 0.8523303866386414 3126
1771362016279 0.40668919682502747 3127
1771362016307 0.36712878942489624 3128
1771362016334 0.5925818085670471 3129
1771362016362 0.7137599587440491 3130
1771362016389 0.4791228175163269 3131
1771362016418 0.8877039551734924 3132
1771362016450 0.24120420217514038 3133
1771362016480 0.4195789694786072 3134
1771362016511 0.8482864499092102 3135
1771362016540 0.4565161466598511 3136
1771362016568 0.5597113966941833 3137
1771362016599 0.9608559608459473 3138
1771362016626 0.9233506321907043 3139
1771362016655 0.83082115650177 3140
1771362016683 0.782214879989624 3141
1771362016713 0.5343102812767029 3142
1771362016740 0.8402642607688904 3143
1771362016772 0.9792267680168152 3144
1771362016800 1.1838388442993164 3145
1771362016831 0.9538737535476685 3146
1771362016859 0.5676633715629578 3147
1771362016887 0.8978492021560669 3148
1771362016916 0.9674592018127441 3149
1771362016949 1.094812035560608 3150
1771362016977 0.6244082450866699 3151
1771362017005 0.6060317754745483 3152
1771362017033 0.9113864302635193 3153
1771362017064 0.7110130190849304 3154
1771362017092 1.0361642837524414 3155
1771362017120 0.9757079482078552 3156
1771362017154 0.7745117545127869 3157
1771362017182 0.7801147103309631 3158
1771362017211 0.43983498215675354 3159
1771362017240 0.8333854079246521 3160
1771362017268 0.871740996837616 3161
1771362017296 0.34331202507019043 3162
1771362017324 0.5441086292266846 3163
1771362017352 0.490092009305954 3164
1771362017380 0.45468124747276306 3165
1771362017408 0.6569696068763733 3166
1771362017436 0.31703388690948486 3167
1771362017464 0.5668773055076599 3168
1771362017492 0.6193198561668396 3169
1771362017520 0.7332788705825806 3170
1771362017547 0.6817476153373718 3171
1771362017576 0.3688860535621643 3172
1771362017604 0.44743284583091736 3173
1771362017632 0.7232250571250916 3174
1771362017660 0.22901514172554016 3175
1771362017688 0.5653464794158936 3176
1771362017715 0.7884999513626099 3177
1771362017742 0.9652279019355774 3178
1771362017770 0.25196918845176697 3179
1771362017798 0.40899690985679626 3180
1771362017826 0.6733086705207825 3181
1771362017853 1.2394391298294067 3182
1771362017882 0.36529356241226196 3183
1771362017911 0.5998021960258484 3184
1771362017940 0.3896649479866028 3185
1771362017969 0.6609084010124207 3186
1771362017998 0.6714800596237183 3187
1771362018027 0.6976383328437805 3188
1771362018056 0.8480369448661804 3189
1771362018084 0.26134955883026123 3190
1771362018113 0.6119216680526733 3191
1771362018142 0.5195567607879639 3192
1771362018170 0.6878363490104675 3193
1771362018200 0.4720677435398102 3194
1771362018227 0.6496589779853821 3195
1771362018257 0.8592072129249573 3196
1771362018285 0.3820299208164215 3197
1771362018314 0.42299172282218933 3198
1771362018341 0.7112124562263489 3199
1771362018371 0.5032380223274231 3200
1771362018401 0.4500467777252197 3201
1771362018428 0.8337962627410889 3202
1771362018456 0.48546841740608215 3203
1771362018483 0.6809421181678772 3204
1771362018511 0.5836473703384399 3205
1771362018539 0.7738589644432068 3206
1771362018566 0.824059247970581 3207
1771362018594 0.39588984847068787 3208
1771362018622 0.3675783574581146 3209
1771362018650 0.33869969844818115 3210
1771362018678 0.6426235437393188 3211
1771362018706 0.5585184693336487 3212
1771362018733 0.479753315448761 3213
1771362018762 0.5857071280479431 3214
1771362018791 0.8405497670173645 3215
1771362018821 0.959582507610321 3216
1771362018849 0.3979588747024536 3217
1771362018878 0.6115838885307312 3218
1771362018906 0.4218719005584717 3219
1771362018934 0.9106435179710388 3220
1771362018963 0.5685206055641174 3221
1771362018992 0.592406690120697 3222
1771362019021 0.6386134028434753 3223
1771362019050 0.7008594274520874 3224
1771362019079 0.6460503935813904 3225
1771362019107 0.5235002040863037 3226
1771362019136 0.6600723266601562 3227
1771362019164 0.4002646207809448 3228
1771362019193 0.3422626852989197 3229
1771362019221 0.30051326751708984 3230
1771362019250 0.3452657461166382 3231
1771362019279 0.3520585894584656 3232
1771362019307 0.4020780324935913 3233
1771362019335 0.36745530366897583 3234
1771362019365 0.88373863697052 3235
1771362019393 0.7868116497993469 3236
1771362019421 0.742850124835968 3237
1771362019450 0.36438480019569397 3238
1771362019478 0.6101343631744385 3239
1771362019507 0.8460724353790283 3240
1771362019535 0.6223734021186829 3241
1771362019564 0.4351314306259155 3242
1771362019592 0.47165045142173767 3243
1771362019623 0.6210057735443115 3244
1771362019651 0.3580101430416107 3245
1771362019680 1.2173572778701782 3246
1771362019709 0.49894019961357117 3247
1771362019738 0.775898277759552 3248
1771362019766 0.44205668568611145 3249
1771362019796 0.48533743619918823 3250
1771362019826 0.7504358887672424 3251
1771362019854 0.8055091500282288 3252
1771362019882 0.633242130279541 3253
1771362019911 0.4726475477218628 3254
1771362019939 0.6798816323280334 3255
1771362019966 0.6563771367073059 3256
1771362019994 0.7693842053413391 3257
1771362020023 0.740014374256134 3258
1771362020052 0.5083966255187988 3259
1771362020081 0.8237566351890564 3260
1771362020109 1.152483582496643 3261
1771362020137 0.9295080900192261 3262
1771362020164 1.0169625282287598 3263
1771362020192 0.93401038646698 3264
1771362020221 0.2748071551322937 3265
1771362020250 0.6886633038520813 3266
1771362020278 0.22691696882247925 3267
1771362020306 0.9972636103630066 3268
1771362020334 0.624974250793457 3269
1771362020362 0.4224223494529724 3270
1771362020390 1.1254688501358032 3271
1771362020418 0.5030566453933716 3272
1771362020446 0.9257851243019104 3273
1771362020473 0.3455315828323364 3274
1771362020502 0.6792821884155273 3275
1771362020530 0.4953479766845703 3276
1771362020558 0.9140962958335876 3277
1771362020586 0.7377314567565918 3278
1771362020614 0.5159144997596741 3279
1771362020641 0.7673115134239197 3280
1771362020670 0.6306098103523254 3281
1771362020699 0.343736857175827 3282
1771362020727 0.7369222044944763 3283
1771362020756 0.936545193195343 3284
1771362020786 0.6908279061317444 3285
1771362020815 0.3886212110519409 3286
1771362020844 0.49021923542022705 3287
1771362020872 0.43638312816619873 3288
1771362020900 0.7545642852783203 3289
1771362020928 1.064277172088623 3290
1771362020956 0.5213540196418762 3291
1771362020985 0.6917893290519714 3292
1771362021014 0.44955119490623474 3293
1771362021043 0.5447276830673218 3294
1771362021071 1.1208221912384033 3295
1771362021100 0.46859854459762573 3296
1771362021128 0.7766571044921875 3297
1771362021156 0.5369141101837158 3298
1771362021184 0.426939994096756 3299
1771362021212 0.7796630263328552 3300
1771362021241 0.8116779923439026 3301
1771362021269 0.2649962902069092 3302
1771362021297 0.6929850578308105 3303
1771362021325 0.5725734233856201 3304
1771362021354 0.5795493125915527 3305
1771362021382 1.0200555324554443 3306
1771362021411 0.421273410320282 3307
1771362021440 0.2613062560558319 3308
1771362021468 0.9929434657096863 3309
1771362021497 0.45026299357414246 3310
1771362021526 0.5793774127960205 3311
1771362021555 0.4675336182117462 3312
1771362021583 0.7043508887290955 3313
1771362021612 0.8291093707084656 3314
1771362021640 0.4079004228115082 3315
1771362021669 1.0449414253234863 3316
1771362021697 0.7946088314056396 3317
1771362021726 0.7010325193405151 3318
1771362021755 0.7838761210441589 3319
1771362021784 0.77840256690979 3320
1771362021813 0.5835692286491394 3321
1771362021842 0.9131141901016235 3322
1771362021871 0.9350038766860962 3323
1771362021900 0.7183234691619873 3324
1771362021927 0.6129866242408752 3325
1771362021956 0.6076573133468628 3326
1771362021986 0.6729986071586609 3327
1771362022015 0.23113194108009338 3328
1771362022043 0.967135488986969 3329
1771362022073 0.6409283876419067 3330
1771362022102 1.2265833616256714 3331
1771362022132 0.6754984259605408 3332
1771362022160 0.7236291766166687 3333
1771362022189 0.3573910593986511 3334
1771362022200 3.640848398208618 3335
1771362022236 0.8350187540054321 3336
1771362022265 0.4241490066051483 3337
1771362022294 1.1828116178512573 3338
1771362022323 0.49207040667533875 3339
1771362022352 1.0941224098205566 3340
1771362022382 0.4273890256881714 3341
1771362022410 0.6496145129203796 3342
1771362022438 0.3029893636703491 3343
1771362022465 0.5536576509475708 3344
1771362022493 0.7158206701278687 3345
1771362022524 0.7635926008224487 3346
1771362022554 0.5384956002235413 3347
1771362022583 0.6553497910499573 3348
1771362022612 0.43199414014816284 3349
1771362022641 0.6074017882347107 3350
1771362022671 0.5412513017654419 3351
1771362022700 0.4647149443626404 3352
1771362022729 0.4818973243236542 3353
1771362022758 0.6763483285903931 3354
1771362022787 0.5083146691322327 3355
1771362022815 0.3619362413883209 3356
1771362022844 0.8611496090888977 3357
1771362022873 0.43121233582496643 3358
1771362022903 0.757602334022522 3359
1771362022933 0.6530646085739136 3360
1771362022961 0.8383020758628845 3361
1771362022990 0.4945695400238037 3362
1771362023020 0.9023175835609436 3363
1771362023049 0.5347920060157776 3364
1771362023077 0.7711768746376038 3365
1771362023106 0.7383529543876648 3366
1771362023136 0.8638830780982971 3367
1771362023167 0.6611462235450745 3368
1771362023197 0.5844091176986694 3369
1771362023229 0.7521556615829468 3370
1771362023259 0.5398544669151306 3371
1771362023287 0.6122909188270569 3372
1771362023315 0.9386685490608215 3373
1771362023343 0.6069336533546448 3374
1771362023371 0.5050073862075806 3375
1771362023400 0.8683236837387085 3376
1771362023428 0.7184025645256042 3377
1771362023456 0.6615064144134521 3378
1771362023485 0.8078862428665161 3379
1771362023514 0.5732753276824951 3380
1771362023542 0.40129366517066956 3381
1771362023582 0.47596806287765503 3382
1771362023614 0.34547990560531616 3383
1771362023647 0.7435077428817749 3384
1771362023681 0.5350825190544128 3385
1771362023714 0.4747362434864044 3386
1771362023748 0.26716911792755127 3387
1771362023782 0.8973841071128845 3388
1771362023815 0.4281945824623108 3389
1771362023849 0.6340875029563904 3390
1771362023883 0.45263710618019104 3391
1771362023917 1.003132939338684 3392
1771362023949 0.5938311815261841 3393
1771362023983 0.6263874173164368 3394
1771362024017 0.7600229978561401 3395
1771362024050 0.8248079419136047 3396
1771362024083 0.6891583204269409 3397
1771362024116 0.7461926937103271 3398
1771362024150 0.8321175575256348 3399
1771362024184 0.5340999364852905 3400
1771362024217 0.5792840123176575 3401
1771362024252 0.7984566688537598 3402
1771362024286 0.5195077061653137 3403
1771362024320 0.34607696533203125 3404
1771362024354 0.6701400279998779 3405
1771362024388 0.8494160771369934 3406
1771362024422 0.8083571791648865 3407
1771362024454 0.5879309773445129 3408
1771362024487 0.31656181812286377 3409
1771362024521 0.20620810985565186 3410
1771362024554 0.5195168256759644 3411
1771362024590 0.42838427424430847 3412
1771362024622 0.8514853119850159 3413
1771362024655 0.721886396408081 3414
1771362024687 0.7145941257476807 3415
1771362024721 0.24219907820224762 3416
1771362024754 0.5412178635597229 3417
1771362024788 0.4470923840999603 3418
1771362024821 0.7293674945831299 3419
1771362024855 0.5614529848098755 3420
1771362024888 0.4029581844806671 3421
1771362024923 0.503656804561615 3422
1771362024956 0.8429986834526062 3423
1771362024990 0.603378415107727 3424
1771362025024 0.5808699131011963 3425
1771362025058 0.3051188886165619 3426
1771362025092 0.5964645743370056 3427
1771362025125 0.5267871618270874 3428
1771362025160 0.377572625875473 3429
1771362025194 0.5155616402626038 3430
1771362025227 0.1401834636926651 3431
1771362025261 0.24658706784248352 3432
1771362025300 0.9008431434631348 3433
1771362025334 0.578940749168396 3434
1771362025367 0.6058745384216309 3435
1771362025401 1.2696281671524048 3436
1771362025434 0.7494686841964722 3437
1771362025467 0.48452168703079224 3438
1771362025501 0.6287719011306763 3439
1771362025533 0.4170037508010864 3440
1771362025566 0.6845256686210632 3441
1771362025599 1.0435808897018433 3442
1771362025631 0.42952972650527954 3443
1771362025663 0.7824849486351013 3444
1771362025696 0.9555690884590149 3445
1771362025729 0.37507665157318115 3446
1771362025762 0.5554505586624146 3447
1771362025794 0.5558940172195435 3448
1771362025827 0.9366089105606079 3449
1771362025859 0.43712490797042847 3450
1771362025891 0.5939984321594238 3451
1771362025924 1.0870037078857422 3452
1771362025957 0.7696900367736816 3453
1771362025989 0.36582934856414795 3454
1771362026023 0.777337908744812 3455
1771362026055 0.7164987325668335 3456
1771362026087 0.5947692394256592 3457
1771362026120 1.0514971017837524 3458
1771362026152 0.8245906829833984 3459
1771362026185 0.5509091019630432 3460
1771362026217 0.22463227808475494 3461
1771362026251 0.20592811703681946 3462
1771362026283 0.5383405685424805 3463
1771362026318 0.4332696795463562 3464
1771362026354 0.8491860628128052 3465
1771362026388 0.3324353098869324 3466
1771362026422 1.0573524236679077 3467
1771362026454 0.5722054839134216 3468
1771362026486 0.46878665685653687 3469
1771362026520 0.6858426332473755 3470
1771362026553 0.8325710892677307 3471
1771362026586 0.5295233726501465 3472
1771362026619 0.4086809456348419 3473
1771362026652 0.6252514123916626 3474
1771362026685 0.4821368455886841 3475
1771362026718 0.3615381121635437 3476
1771362026750 0.6289684772491455 3477
1771362026782 0.4558040201663971 3478
1771362026815 0.8396806716918945 3479
1771362026848 0.9080588817596436 3480
1771362026880 0.4837971329689026 3481
1771362026914 0.3164858818054199 3482
1771362026946 0.23280829191207886 3483
1771362026979 0.7901979088783264 3484
1771362027012 0.8248295783996582 3485
1771362027045 0.8169722557067871 3486
1771362027078 0.5803573131561279 3487
1771362027112 0.5322800874710083 3488
1771362027145 0.6096376180648804 3489
1771362027178 0.7932994365692139 3490
1771362027211 0.790253758430481 3491
1771362027244 0.9158605933189392 3492
1771362027277 0.8171585202217102 3493
1771362027310 1.1472547054290771 3494
1771362027343 0.735427975654602 3495
1771362027377 0.25656184554100037 3496
1771362027410 1.0899696350097656 3497
1771362027443 0.24206086993217468 3498
1771362027475 0.5423780679702759 3499
1771362027508 1.0507336854934692 3500
1771362027541 0.5126105546951294 3501
1771362027575 0.4855150580406189 3502
1771362027608 0.8076496720314026 3503
1771362027640 0.30645304918289185 3504
1771362027674 0.5032275319099426 3505
1771362027706 0.923482358455658 3506
1771362027738 1.1267454624176025 3507
1771362027771 0.5546735525131226 3508
1771362027805 0.5253552198410034 3509
1771362027838 0.562035322189331 3510
1771362027873 0.6257062554359436 3511
1771362027907 0.6214224696159363 3512
1771362027939 0.5516557693481445 3513
1771362027972 0.9917874932289124 3514
1771362028006 0.4473098814487457 3515
1771362028040 0.6450449824333191 3516
1771362028074 0.4520568549633026 3517
1771362028108 0.4241311848163605 3518
1771362028142 0.675896942615509 3519
1771362028175 0.6486228108406067 3520
1771362028209 0.6360522508621216 3521
1771362028242 0.4756517708301544 3522
1771362028275 0.30495214462280273 3523
1771362028309 1.0369380712509155 3524
1771362028340 0.8493276834487915 3525
1771362028374 0.8524103760719299 3526
1771362028407 1.1087030172348022 3527
1771362028440 0.4519108533859253 3528
1771362028470 0.4782455563545227 3529
1771362028499 0.5624222159385681 3530
1771362028527 0.505810022354126 3531
1771362028556 0.5004850029945374 3532
1771362028585 0.3952037990093231 3533
1771362028613 0.4559948146343231 3534
1771362028642 1.2205281257629395 3535
1771362028670 0.4193786084651947 3536
1771362028700 0.8872811794281006 3537
1771362028728 0.7008442878723145 3538
1771362028757 0.638343095779419 3539
1771362028786 0.46335217356681824 3540
1771362028815 0.41901054978370667 3541
1771362028843 0.5817406177520752 3542
1771362028872 0.17577797174453735 3543
1771362028901 0.7375988960266113 3544
1771362028930 0.2812475264072418 3545
1771362028959 0.8431473970413208 3546
1771362028988 1.0958898067474365 3547
1771362029017 0.6941934823989868 3548
1771362029045 0.5102190971374512 3549
1771362029075 0.9155446887016296 3550
1771362029104 0.9759323000907898 3551
1771362029134 0.6431778073310852 3552
1771362029161 0.784012496471405 3553
1771362029190 0.8383503556251526 3554
1771362029220 0.7220867872238159 3555
1771362029248 0.7416269183158875 3556
1771362029276 0.7906140685081482 3557
1771362029305 0.5562891364097595 3558
1771362029332 0.46558475494384766 3559
1771362029360 0.5159624814987183 3560
1771362029390 0.7250381112098694 3561
1771362029419 1.0579257011413574 3562
1771362029447 0.8726403117179871 3563
1771362029476 0.48525646328926086 3564
1771362029506 0.5084197521209717 3565
1771362029534 0.7280313372612 3566
1771362029562 0.6898211240768433 3567
1771362029590 0.8382807374000549 3568
1771362029619 0.7765589952468872 3569
1771362029647 1.0182656049728394 3570
1771362029676 1.0916081666946411 3571
1771362029705 0.671570360660553 3572
1771362029734 0.5732938647270203 3573
1771362029763 0.40501877665519714 3574
1771362029793 0.23913204669952393 3575
1771362029822 1.0042471885681152 3576
1771362029851 0.48783987760543823 3577
1771362029879 0.5683630108833313 3578
1771362029908 0.8827111721038818 3579
1771362029937 0.5804319977760315 3580
1771362029966 0.15870001912117004 3581
1771362029995 0.5905787348747253 3582
1771362030024 0.38963931798934937 3583
1771362030054 0.4807000756263733 3584
1771362030082 0.6991055607795715 3585
1771362030111 0.7446559071540833 3586
1771362030140 0.17988261580467224 3587
1771362030169 0.3359171748161316 3588
1771362030198 0.7209286093711853 3589
1771362030226 0.9323188662528992 3590
1771362030254 0.5759825110435486 3591
1771362030282 0.577922523021698 3592
1771362030310 1.0232057571411133 3593
1771362030339 0.9846980571746826 3594
1771362030368 0.27552923560142517 3595
1771362030395 0.4827428460121155 3596
1771362030424 0.6151613593101501 3597
1771362030451 0.7929298281669617 3598
1771362030481 0.6227230429649353 3599
1771362030509 0.48850956559181213 3600
1771362030538 0.581731379032135 3601
1771362030566 0.4388199746608734 3602
1771362030594 0.38405340909957886 3603
1771362030622 0.8211267590522766 3604
1771362030651 0.7720159888267517 3605
1771362030679 0.536239504814148 3606
1771362030708 0.7562108039855957 3607
1771362030736 1.0877223014831543 3608
1771362030763 0.8410604000091553 3609
1771362030791 0.6623766422271729 3610
1771362030820 0.5449110269546509 3611
1771362030848 0.4410470128059387 3612
1771362030876 0.7308177947998047 3613
1771362030905 0.362494558095932 3614
1771362030932 0.9037183523178101 3615
1771362030960 0.9445102214813232 3616
1771362030988 0.5489417314529419 3617
1771362031016 0.9399577975273132 3618
1771362031044 0.8189566731452942 3619
1771362031072 0.49189189076423645 3620
1771362031099 0.7496523261070251 3621
1771362031128 0.3352925181388855 3622
1771362031156 0.8206155896186829 3623
1771362031184 0.8978772759437561 3624
1771362031212 0.6277061104774475 3625
1771362031240 0.5388794541358948 3626
1771362031268 0.28794118762016296 3627
1771362031296 0.21760867536067963 3628
1771362031324 0.5287625789642334 3629
1771362031352 0.2392742782831192 3630
1771362031380 0.7652303576469421 3631
1771362031408 0.5268323421478271 3632
1771362031436 0.28462085127830505 3633
1771362031465 0.4056883752346039 3634
1771362031492 0.6767849326133728 3635
1771362031520 1.107950210571289 3636
1771362031549 0.7105857729911804 3637
1771362031576 0.7611774802207947 3638
1771362031604 0.3174952268600464 3639
1771362031632 0.5029579401016235 3640
1771362031660 0.7808513641357422 3641
1771362031688 0.5263593196868896 3642
1771362031715 0.7559993267059326 3643
1771362031744 0.7216154336929321 3644
1771362031772 0.3217524588108063 3645
1771362031800 0.5406723022460938 3646
1771362031828 0.5709999799728394 3647
1771362031857 0.5395302772521973 3648
1771362031885 0.3148249089717865 3649
1771362031913 0.6608644127845764 3650
1771362031942 0.5233827829360962 3651
1771362031970 1.034572720527649 3652
1771362031999 0.42052438855171204 3653
1771362032027 0.8385510444641113 3654
1771362032055 0.7881510853767395 3655
1771362032084 0.2357049137353897 3656
1771362032113 0.23016947507858276 3657
1771362032142 0.5938496589660645 3658
1771362032170 0.9447425603866577 3659
1771362032199 1.1075786352157593 3660
1771362032227 0.9719936847686768 3661
1771362032256 0.5981765985488892 3662
1771362032285 0.46619781851768494 3663
1771362032315 0.6159071922302246 3664
1771362032344 0.4137095808982849 3665
1771362032373 0.6692692041397095 3666
1771362032402 0.45520228147506714 3667
1771362032429 0.2988904118537903 3668
1771362032458 0.3402908146381378 3669
1771362032487 0.7699949145317078 3670
1771362032519 0.4746709167957306 3671
1771362032550 0.3660582900047302 3672
1771362032580 0.4505331516265869 3673
1771362032611 0.7940585017204285 3674
1771362032641 0.5992175936698914 3675
1771362032670 0.7716584801673889 3676
1771362032699 0.3955611288547516 3677
1771362032729 0.7769063115119934 3678
1771362032758 0.7030214667320251 3679
1771362032787 0.33394020795822144 3680
1771362032815 0.6568195223808289 3681
1771362032844 0.7869594097137451 3682
1771362032873 0.4476422667503357 3683
1771362032901 0.5587986707687378 3684
1771362032930 0.8330782651901245 3685
1771362032958 0.8964764475822449 3686
1771362032987 0.6443563103675842 3687
1771362033017 0.8280068039894104 3688
1771362033046 1.2081036567687988 3689
1771362033075 0.9724617004394531 3690
1771362033104 0.3270873725414276 3691
1771362033133 0.43757957220077515 3692
1771362033161 0.6222656965255737 3693
1771362033189 0.638491690158844 3694
1771362033219 0.6556153297424316 3695
1771362033247 0.5185344219207764 3696
1771362033275 0.7256745100021362 3697
1771362033306 0.9078083038330078 3698
1771362033336 0.667914092540741 3699
1771362033366 0.9493411183357239 3700
1771362033397 0.5658634901046753 3701
1771362033425 0.4630962610244751 3702
1771362033452 0.6450610160827637 3703
1771362033479 0.7257657051086426 3704
1771362033508 0.7996894121170044 3705
1771362033535 0.24292393028736115 3706
1771362033564 0.45118147134780884 3707
1771362033591 0.5998724699020386 3708
1771362033620 0.2633397877216339 3709
1771362033648 0.533726155757904 3710
1771362033676 0.8730853199958801 3711
1771362033705 0.6085788607597351 3712
1771362033734 0.6381680369377136 3713
1771362033761 0.3397511839866638 3714
1771362033790 0.5363110899925232 3715
1771362033819 1.0593968629837036 3716
1771362033848 0.6298240423202515 3717
1771362033876 0.4363517761230469 3718
1771362033905 0.7939638495445251 3719
1771362033934 0.8392055630683899 3720
1771362033963 0.2435275763273239 3721
1771362033992 0.450712651014328 3722
1771362034020 0.6968265175819397 3723
1771362034049 0.4368121325969696 3724
1771362034077 0.5676663517951965 3725
1771362034106 0.4283726215362549 3726
1771362034133 0.2925397753715515 3727
1771362034163 0.6704740524291992 3728
1771362034191 0.564602792263031 3729
1771362034219 0.46676328778266907 3730
1771362034248 0.5578410029411316 3731
1771362034277 0.5391157269477844 3732
1771362034307 0.6074760556221008 3733
1771362034335 0.3394995927810669 3734
1771362034364 0.8863692283630371 3735
1771362034393 0.3401135206222534 3736
1771362034423 0.7152862548828125 3737
1771362034452 0.440168172121048 3738
1771362034481 0.5953665375709534 3739
1771362034509 1.006456732749939 3740
1771362034538 0.8926956653594971 3741
1771362034566 0.8337428569793701 3742
1771362034593 0.9728283882141113 3743
1771362034623 0.7405030131340027 3744
1771362034651 0.8469166159629822 3745
1771362034680 0.5464460849761963 3746
1771362034708 0.6816635131835938 3747
1771362034735 0.5372989177703857 3748
1771362034765 0.811200737953186 3749
1771362034794 0.3671197295188904 3750
1771362034823 0.6632010340690613 3751
1771362034833 0.2969927191734314 3752
1771362034869 0.4540433883666992 3753
1771362034898 0.731205403804779 3754
1771362034926 0.48296067118644714 3755
1771362034956 0.1981830596923828 3756
1771362034983 0.5299994945526123 3757
1771362035011 0.4592152535915375 3758
1771362035040 0.46817469596862793 3759
1771362035068 0.33382073044776917 3760
1771362035096 0.5230278968811035 3761
1771362035125 0.5222618579864502 3762
1771362035154 0.6601569652557373 3763
1771362035182 0.5243014097213745 3764
1771362035211 0.5805482268333435 3765
1771362035240 0.2886166274547577 3766
1771362035269 0.5803601145744324 3767
1771362035298 0.777184009552002 3768
1771362035326 0.47301414608955383 3769
1771362035355 0.5823409557342529 3770
1771362035383 0.8431722521781921 3771
1771362035412 0.5129298567771912 3772
1771362035444 0.4648663401603699 3773
1771362035474 0.8386356830596924 3774
1771362035503 0.6176042556762695 3775
1771362035531 0.6365199089050293 3776
1771362035560 0.3747621774673462 3777
1771362035588 0.5485313534736633 3778
1771362035617 0.6096721887588501 3779
1771362035646 0.8888545632362366 3780
1771362035675 0.7636972069740295 3781
1771362035705 0.9261997938156128 3782
1771362035734 0.49351775646209717 3783
1771362035763 0.8691769242286682 3784
1771362035791 0.7602838277816772 3785
1771362035819 0.7109177708625793 3786
1771362035847 0.29421737790107727 3787
1771362035876 0.3024628460407257 3788
1771362035906 0.5320523381233215 3789
1771362035934 0.43616363406181335 3790
1771362035962 0.6633484363555908 3791
1771362035992 0.5151354670524597 3792
1771362036020 0.25464606285095215 3793
1771362036049 0.5470862984657288 3794
1771362036078 0.8321976661682129 3795
1771362036107 0.6856953501701355 3796
1771362036136 0.3209926187992096 3797
1771362036164 0.21599459648132324 3798
1771362036193 0.731718897819519 3799
1771362036221 0.3174087107181549 3800
1771362036249 0.37883371114730835 3801
1771362036277 0.6884187459945679 3802
1771362036306 0.7227357625961304 3803
1771362036333 0.2511022090911865 3804
1771362036361 0.8728213906288147 3805
1771362036390 0.8015314340591431 3806
1771362036418 0.4860551059246063 3807
1771362036445 0.49107855558395386 3808
1771362036476 0.7686305046081543 3809
1771362036508 0.6450393795967102 3810
1771362036538 0.3022935092449188 3811
1771362036566 0.6400550603866577 3812
1771362036593 0.5408322215080261 3813
1771362036621 0.7374353408813477 3814
1771362036650 0.6369181275367737 3815
1771362036680 0.10657315701246262 3816
1771362036709 0.5707356333732605 3817
1771362036737 0.5795971155166626 3818
1771362036765 0.6192861199378967 3819
1771362036795 0.2961679995059967 3820
1771362036824 0.6520076394081116 3821
1771362036854 0.7115464210510254 3822
1771362036883 0.3212255537509918 3823
1771362036912 0.4393017590045929 3824
1771362036941 0.3736779987812042 3825
1771362036970 0.32319414615631104 3826
1771362036999 0.45289912819862366 3827
1771362037027 0.3429889380931854 3828
1771362037057 0.525914192199707 3829
1771362037086 0.4561426341533661 3830
1771362037115 0.3053724467754364 3831
1771362037144 0.5656396150588989 3832
1771362037172 0.8068776726722717 3833
1771362037201 0.3795086741447449 3834
1771362037230 0.890650749206543 3835
1771362037258 0.7408497333526611 3836
1771362037287 0.9037484526634216 3837
1771362037316 0.4562823474407196 3838
1771362037344 0.5688524842262268 3839
1771362037373 0.3422042727470398 3840
1771362037402 0.6956978440284729 3841
1771362037430 0.18894784152507782 3842
1771362037459 0.7233942747116089 3843
1771362037487 0.5951716899871826 3844
1771362037516 1.070450782775879 3845
1771362037545 0.7153607606887817 3846
1771362037575 1.0259101390838623 3847
1771362037603 0.5328401327133179 3848
1771362037632 0.11092238873243332 3849
1771362037660 0.5025705695152283 3850
1771362037689 0.7214717864990234 3851
1771362037717 0.7635802030563354 3852
1771362037747 1.2906744480133057 3853
1771362037775 0.6605002284049988 3854
1771362037804 0.6050500869750977 3855
1771362037832 1.202928066253662 3856
1771362037860 0.39080673456192017 3857
1771362037889 0.39081671833992004 3858
1771362037918 0.2735590934753418 3859
1771362037947 0.6562776565551758 3860
1771362037975 0.7943307757377625 3861
1771362038003 0.49783384799957275 3862
1771362038031 1.3217132091522217 3863
1771362038059 0.7283819913864136 3864
1771362038088 0.21732929348945618 3865
1771362038116 0.3782695531845093 3866
1771362038145 0.42180994153022766 3867
1771362038174 0.4535570442676544 3868
1771362038203 0.4578939974308014 3869
1771362038231 0.3924879729747772 3870
1771362038260 0.6872843503952026 3871
1771362038287 0.9462748765945435 3872
1771362038315 0.7794796228408813 3873
1771362038343 0.5212545394897461 3874
1771362038370 0.7481260895729065 3875
1771362038398 0.516747772693634 3876
1771362038426 0.7989823818206787 3877
1771362038453 0.5796298384666443 3878
1771362038481 0.6496891379356384 3879
1771362038509 0.5321473479270935 3880
1771362038536 0.6472488045692444 3881
1771362038564 0.43761810660362244 3882
1771362038592 0.537212073802948 3883
1771362038620 0.3951059579849243 3884
1771362038648 0.7250581383705139 3885
1771362038676 1.2619925737380981 3886
1771362038704 0.37148773670196533 3887
1771362038732 0.6843615770339966 3888
1771362038760 0.42802077531814575 3889
1771362038789 0.6090126633644104 3890
1771362038818 0.13545595109462738 3891
1771362038846 0.3733111023902893 3892
1771362038874 0.9163903594017029 3893
1771362038901 0.8160693645477295 3894
1771362038929 0.4605422019958496 3895
1771362038958 0.7703028917312622 3896
1771362038986 0.7523993253707886 3897
1771362039014 0.4569554030895233 3898
1771362039043 0.46748295426368713 3899
1771362039072 0.5418910384178162 3900
1771362039100 0.3794635832309723 3901
1771362039127 0.6562420725822449 3902
1771362039156 0.5915865302085876 3903
1771362039185 0.4610489308834076 3904
1771362039213 0.49898698925971985 3905
1771362039241 0.9130866527557373 3906
1771362039270 0.6335518956184387 3907
1771362039298 0.7242806553840637 3908
1771362039326 0.8399126529693604 3909
1771362039355 0.592431902885437 3910
1771362039383 0.62758469581604 3911
1771362039412 0.9438093900680542 3912
1771362039440 0.9881844520568848 3913
1771362039468 0.7585024833679199 3914
1771362039496 0.23362883925437927 3915
1771362039525 0.5960820913314819 3916
1771362039553 0.8434930443763733 3917
1771362039581 0.5401178598403931 3918
1771362039610 0.5881542563438416 3919
1771362039640 0.7197200655937195 3920
1771362039668 0.449428915977478 3921
1771362039697 0.2517032027244568 3922
1771362039726 0.6211786270141602 3923
1771362039753 0.5972163677215576 3924
1771362039782 0.8235207796096802 3925
1771362039811 0.49259936809539795 3926
1771362039838 1.222471833229065 3927
1771362039866 0.719840943813324 3928
1771362039894 0.5022095441818237 3929
1771362039923 0.8630055785179138 3930
1771362039951 0.3183877468109131 3931
1771362039980 0.7506734132766724 3932
1771362040008 0.341120183467865 3933
1771362040037 0.39650169014930725 3934
1771362040066 0.44077083468437195 3935
1771362040096 0.4963270127773285 3936
1771362040125 0.4555724263191223 3937
1771362040153 0.739542543888092 3938
1771362040181 0.7061749696731567 3939
1771362040209 1.2294533252716064 3940
1771362040237 0.8484981060028076 3941
1771362040265 0.157788947224617 3942
1771362040293 0.37791886925697327 3943
1771362040321 0.6169345378875732 3944
1771362040349 0.3537246286869049 3945
1771362040377 0.8162235021591187 3946
1771362040405 0.831807553768158 3947
1771362040433 0.4327915906906128 3948
1771362040461 0.6537877917289734 3949
1771362040489 0.2532840669155121 3950
1771362040517 0.6693048477172852 3951
1771362040546 0.4368518590927124 3952
1771362040574 0.896361768245697 3953
1771362040602 0.8100054860115051 3954
1771362040629 1.0862668752670288 3955
1771362040658 1.04170823097229 3956
1771362040688 1.0388813018798828 3957
1771362040717 0.35823848843574524 3958
1771362040745 0.8486059308052063 3959
1771362040774 0.6640361547470093 3960
1771362040803 0.8235753774642944 3961
1771362040832 0.18149007856845856 3962
1771362040860 0.36276301741600037 3963
1771362040889 0.565337598323822 3964
1771362040918 0.4081488847732544 3965
1771362040946 0.26437902450561523 3966
1771362040974 0.28752854466438293 3967
1771362041003 0.6494637131690979 3968
1771362041032 0.7786442041397095 3969
1771362041060 1.037903070449829 3970
1771362041088 1.4693472385406494 3971
1771362041116 1.1922355890274048 3972
1771362041145 0.744269847869873 3973
1771362041174 0.4758979380130768 3974
1771362041203 0.9278578758239746 3975
1771362041231 1.0433740615844727 3976
1771362041258 0.8291478753089905 3977
1771362041286 0.42821142077445984 3978
1771362041315 0.9794699549674988 3979
1771362041344 0.21686586737632751 3980
1771362041371 1.1031827926635742 3981
1771362041399 1.0531798601150513 3982
1771362041427 0.7848963737487793 3983
1771362041454 0.5397117137908936 3984
1771362041482 1.4853111505508423 3985
1771362041509 1.4386210441589355 3986
1771362041537 0.5721810460090637 3987
1771362041565 0.4861316382884979 3988
1771362041592 0.30441606044769287 3989
1771362041620 0.5473211407661438 3990
1771362041648 0.7667824625968933 3991
1771362041675 1.1436468362808228 3992
1771362041703 1.787914514541626 3993
1771362041730 0.49181413650512695 3994
1771362041759 0.46847909688949585 3995
1771362041789 0.4716775417327881 3996
1771362041818 0.9568921327590942 3997
1771362041845 0.5376513004302979 3998
1771362041874 0.428214967250824 3999
1771362041902 0.8970745801925659 4000
1771362041930 0.5497955679893494 4001
1771362041958 0.9009254574775696 4002
1771362041986 0.5532990097999573 4003
1771362042015 0.8012474775314331 4004
1771362042044 0.5464184880256653 4005
1771362042072 0.8176589012145996 4006
1771362042100 0.5748438239097595 4007
1771362042128 0.44193944334983826 4008
1771362042157 0.2506140470504761 4009
1771362042187 0.8899823427200317 4010
1771362042215 0.4976641833782196 4011
1771362042243 0.854278564453125 4012
1771362042272 0.8989661335945129 4013
1771362042301 0.43498167395591736 4014
1771362042330 0.6552214622497559 4015
1771362042359 0.38874468207359314 4016
1771362042388 0.3230137526988983 4017
1771362042416 1.2528830766677856 4018
1771362042444 0.6931523084640503 4019
1771362042473 0.7480766177177429 4020
1771362042502 0.7584019303321838 4021
1771362042534 0.27010536193847656 4022
1771362042566 0.612755298614502 4023
1771362042596 0.6198266744613647 4024
1771362042627 0.5032101273536682 4025
1771362042657 0.8425765037536621 4026
1771362042688 0.462971955537796 4027
1771362042720 0.48658955097198486 4028
1771362042749 0.3944833278656006 4029
1771362042778 0.5380534529685974 4030
1771362042806 0.7977173924446106 4031
1771362042836 0.19733364880084991 4032
1771362042866 0.898419201374054 4033
1771362042895 0.22641928493976593 4034
1771362042924 0.7723821997642517 4035
1771362042953 0.7185211181640625 4036
1771362042983 0.4145187437534332 4037
1771362043012 0.8006168007850647 4038
1771362043042 0.5529913306236267 4039
1771362043072 0.31015312671661377 4040
1771362043102 0.6441066861152649 4041
1771362043132 0.7013469934463501 4042
1771362043161 0.23009799420833588 4043
1771362043190 0.630527675151825 4044
1771362043219 0.956276535987854 4045
1771362043248 0.6571557521820068 4046
1771362043278 1.0622390508651733 4047
1771362043309 1.0309194326400757 4048
1771362043338 0.818183422088623 4049
1771362043368 0.7926336526870728 4050
1771362043398 0.685053825378418 4051
1771362043426 0.49686452746391296 4052
1771362043454 0.3967457413673401 4053
1771362043482 0.8583826422691345 4054
1771362043510 0.4210355281829834 4055
1771362043538 0.8106807470321655 4056
1771362043566 0.9360846281051636 4057
1771362043595 0.7585504055023193 4058
1771362043623 0.44572049379348755 4059
1771362043652 0.8310962915420532 4060
1771362043680 0.5813664793968201 4061
1771362043709 0.47408968210220337 4062
1771362043737 0.9084752202033997 4063
1771362043766 0.7164372801780701 4064
1771362043795 0.7926075458526611 4065
1771362043824 0.41819363832473755 4066
1771362043852 0.8614604473114014 4067
1771362043880 0.7048732042312622 4068
1771362043908 0.39400404691696167 4069
1771362043937 0.6303176283836365 4070
1771362043964 0.35293465852737427 4071
1771362043992 0.9098926782608032 4072
1771362044021 0.33030059933662415 4073
1771362044048 0.7093807458877563 4074
1771362044078 0.40802544355392456 4075
1771362044107 0.7111027836799622 4076
1771362044137 0.9637455940246582 4077
1771362044166 0.1644880324602127 4078
1771362044194 0.2081596404314041 4079
1771362044223 0.7685511708259583 4080
1771362044252 0.9060574769973755 4081
1771362044281 1.2155855894088745 4082
1771362044310 0.7056930065155029 4083
1771362044339 1.1491678953170776 4084
1771362044367 0.7517682313919067 4085
1771362044396 1.0572855472564697 4086
1771362044426 0.539863109588623 4087
1771362044454 0.5912066698074341 4088
1771362044483 0.5352745652198792 4089
1771362044512 0.43827345967292786 4090
1771362044540 0.745470404624939 4091
1771362044569 0.8398292064666748 4092
1771362044596 0.4859957993030548 4093
1771362044624 0.7972406148910522 4094
1771362044653 0.6079136729240417 4095
1771362044681 0.46546071767807007 4096
1771362044710 0.4878815710544586 4097
1771362044741 0.45766910910606384 4098
1771362044769 0.6171007752418518 4099
1771362044798 0.5377166867256165 4100
1771362044827 0.6585906744003296 4101
1771362044856 0.2342698872089386 4102
1771362044884 0.5712634325027466 4103
1771362044912 0.594930112361908 4104
1771362044940 0.7525449991226196 4105
1771362044968 0.3347957134246826 4106
1771362044996 0.5743915438652039 4107
1771362045025 0.5889126658439636 4108
1771362045054 0.6150438189506531 4109
1771362045082 0.6013316512107849 4110
1771362045110 0.6029953360557556 4111
1771362045139 0.6820022463798523 4112
1771362045168 0.99609375 4113
1771362045197 0.416847825050354 4114
