1771369323997 1.0215214490890503 0
1771369324036 0.8728325366973877 1
1771369324074 0.9469789862632751 2
1771369324112 1.0688636302947998 3
1771369324150 0.9285913109779358 4
1771369324190 0.9330995082855225 5
1771369324228 0.9305495023727417 6
1771369324266 0.8561856150627136 7
1771369324303 0.9630017876625061 8
1771369324343 0.9013086557388306 9
1771369324465 0.7997815012931824 10
1771369324504 0.7797114253044128 11
1771369324543 0.9786514639854431 12
1771369324583 0.916620671749115 13
1771369324622 0.6562629342079163 14
1771369324661 0.6794939041137695 15
1771369324700 0.8718965649604797 16
1771369324737 1.26071035861969 17
1771369324774 1.159981369972229 18
1771369324813 0.9073413610458374 19
1771369324851 1.0598516464233398 20
1771369324889 0.8847362399101257 21
1771369324926 0.5190211534500122 22
1771369324965 0.6830604076385498 23
1771369325007 0.6424481868743896 24
1771369325044 0.6201636791229248 25
1771369325081 0.6282397508621216 26
1771369325118 0.7002108693122864 27
1771369325156 0.6580009460449219 28
1771369325194 1.0905678272247314 29
1771369325231 0.6359074711799622 30
1771369325270 1.1075468063354492 31
1771369325308 1.0658924579620361 32
1771369325346 1.074511170387268 33
1771369325386 1.1238290071487427 34
1771369325426 0.7253203392028809 35
1771369325467 1.0977396965026855 36
1771369325507 1.6383450031280518 37
1771369325545 0.7688713073730469 38
1771369325584 0.6460835933685303 39
1771369325623 0.7454858422279358 40
1771369325661 0.6403564214706421 41
1771369325700 0.9163841605186462 42
1771369325740 0.9910954236984253 43
1771369325777 1.4211647510528564 44
1771369325816 0.7959826588630676 45
1771369325858 0.7467334866523743 46
1771369325901 0.6757822036743164 47
1771369325941 0.8568084836006165 48
1771369325983 0.8054264783859253 49
1771369326024 0.9326019287109375 50
1771369326062 0.9787707328796387 51
1771369326101 0.6312363147735596 52
1771369326140 0.6419376134872437 53
1771369326179 0.7890189290046692 54
1771369326218 0.9101290702819824 55
1771369326256 0.9471607208251953 56
1771369326294 1.0356624126434326 57
1771369326332 0.5260196924209595 58
1771369326371 0.7362238764762878 59
1771369326412 0.6034093499183655 60
1771369326452 0.5855631828308105 61
1771369326495 0.7946786284446716 62
1771369326536 1.0439298152923584 63
1771369326575 0.8826692700386047 64
1771369326615 0.8170609474182129 65
1771369326655 0.9306859374046326 66
1771369326693 0.9159607291221619 67
1771369326732 0.8798611164093018 68
1771369326772 1.1329147815704346 69
1771369326812 0.7189033031463623 70
1771369326852 0.5920839309692383 71
1771369326892 0.8971976041793823 72
1771369326932 0.7342106103897095 73
1771369326971 0.6686080098152161 74
1771369327010 0.8873003721237183 75
1771369327050 0.9683335423469543 76
1771369327090 0.7034305930137634 77
1771369327131 0.5586981773376465 78
1771369327172 0.7672157287597656 79
1771369327213 1.0375698804855347 80
1771369327253 0.7098309397697449 81
1771369327294 0.8560320734977722 82
1771369327335 0.7260125279426575 83
1771369327375 0.917033314704895 84
1771369327415 1.0972137451171875 85
1771369327455 1.0149143934249878 86
1771369327496 1.5283764600753784 87
1771369327538 0.9748415350914001 88
1771369327579 0.5645254254341125 89
1771369327621 0.6615484952926636 90
1771369327662 0.9093772172927856 91
1771369327702 0.8217949271202087 92
1771369327742 1.2335376739501953 93
1771369327781 0.556194007396698 94
1771369327819 0.7248041033744812 95
1771369327857 0.6679984927177429 96
1771369327896 0.6631976366043091 97
1771369327938 1.2109776735305786 98
1771369327980 1.00055730342865 99
1771369328021 1.1309146881103516 100
1771369328061 1.2764075994491577 101
1771369328100 0.8283129334449768 102
1771369328140 0.8233077526092529 103
1771369328178 0.8356642723083496 104
1771369328217 0.6388543248176575 105
1771369328255 0.7017666101455688 106
1771369328294 1.0168321132659912 107
1771369328333 0.8350894451141357 108
1771369328372 0.8133013248443604 109
1771369328412 0.9459680914878845 110
1771369328451 0.7152838110923767 111
1771369328490 1.5989004373550415 112
1771369328530 1.8591015338897705 113
1771369328571 0.738405704498291 114
1771369328610 1.0607699155807495 115
1771369328651 1.3098320960998535 116
1771369328692 0.952867329120636 117
1771369328732 0.5629645586013794 118
1771369328774 0.7907984256744385 119
1771369328815 0.762959897518158 120
1771369328855 0.9286374449729919 121
1771369328894 0.6839240193367004 122
1771369328933 0.7294270396232605 123
1771369328973 0.9073807597160339 124
1771369329013 0.761555552482605 125
1771369329053 0.5523597598075867 126
1771369329094 1.0443328619003296 127
1771369329133 1.6118625402450562 128
1771369329174 1.2757142782211304 129
1771369329215 0.614798367023468 130
1771369329255 1.1812134981155396 131
1771369329295 1.1512293815612793 132
1771369329334 0.6930263638496399 133
1771369329375 0.809826135635376 134
1771369329415 1.2338638305664062 135
1771369329456 0.9432395696640015 136
1771369329497 0.5386981964111328 137
1771369329537 0.6564154028892517 138
1771369329577 0.616713285446167 139
1771369329618 0.7458847165107727 140
1771369329658 0.8350695371627808 141
1771369329700 0.670814037322998 142
1771369329741 0.6656966209411621 143
1771369329781 1.2660682201385498 144
1771369329821 0.8318890333175659 145
1771369329862 0.6321329474449158 146
1771369329901 0.8057793378829956 147
1771369329940 0.7604570388793945 148
1771369329983 0.8420611619949341 149
1771369330028 0.6972311735153198 150
1771369330070 1.2401975393295288 151
1771369330111 0.5574507117271423 152
1771369330151 0.9765931367874146 153
1771369330195 0.5260240435600281 154
1771369330237 0.7056312561035156 155
1771369330279 0.5900218486785889 156
1771369330320 0.6376437544822693 157
1771369330359 0.6609663367271423 158
1771369330398 0.674494743347168 159
1771369330438 0.7518426179885864 160
1771369330477 0.7334233522415161 161
1771369330516 0.6776293516159058 162
1771369330556 1.087808609008789 163
1771369330596 0.7095271944999695 164
1771369330636 0.7178267240524292 165
1771369330676 0.9110350012779236 166
1771369330716 0.6668004393577576 167
1771369330756 1.0303997993469238 168
1771369330795 1.7862029075622559 169
1771369330836 0.8403997421264648 170
1771369330874 0.6947191953659058 171
1771369330913 0.5852236151695251 172
1771369330952 0.7141647338867188 173
1771369330991 0.6367120742797852 174
1771369331031 0.7376511096954346 175
1771369331070 0.8183130621910095 176
1771369331109 0.5455484390258789 177
1771369331149 0.62018221616745 178
1771369331189 0.5768031477928162 179
1771369331228 0.6325494647026062 180
1771369331268 1.181839108467102 181
1771369331308 0.8407459259033203 182
1771369331348 0.5964240431785583 183
1771369331387 0.63004070520401 184
1771369331426 0.6242110133171082 185
1771369331467 0.5360469222068787 186
1771369331508 0.6048192381858826 187
1771369331547 0.7158609628677368 188
1771369331588 0.672914445400238 189
1771369331628 0.6640765070915222 190
1771369331667 0.5002018213272095 191
1771369331705 0.8981954455375671 192
1771369331746 0.8322490453720093 193
1771369331784 0.49879562854766846 194
1771369331823 1.043622374534607 195
1771369331862 1.2022467851638794 196
1771369331901 0.6748955249786377 197
1771369331942 0.6000333428382874 198
1771369331982 0.6577094197273254 199
1771369332022 0.7867379188537598 200
1771369332061 0.9612394571304321 201
1771369332105 0.626373827457428 202
1771369332145 0.755776047706604 203
1771369332186 0.5921387076377869 204
1771369332225 0.5146404504776001 205
1771369332265 0.7316346168518066 206
1771369332305 1.4609028100967407 207
1771369332344 0.8252851366996765 208
1771369332386 0.7719215750694275 209
1771369332425 0.8151367902755737 210
1771369332464 0.8481454849243164 211
1771369332505 1.05650794506073 212
1771369332546 0.6695752739906311 213
1771369332588 1.0584739446640015 214
1771369332630 0.8909532427787781 215
1771369332672 0.6594193577766418 216
1771369332714 0.8229153156280518 217
1771369332755 0.7625102400779724 218
1771369332796 0.5539791584014893 219
1771369332836 0.6530190706253052 220
1771369332878 0.8112084269523621 221
1771369332919 0.9175330400466919 222
1771369332960 0.9368653893470764 223
1771369333001 0.7256922721862793 224
1771369333043 0.7001152038574219 225
1771369333084 0.752322256565094 226
1771369333124 0.6297409534454346 227
1771369333165 0.6542704105377197 228
1771369333204 0.6779724955558777 229
1771369333244 0.8506863117218018 230
1771369333285 0.7538396716117859 231
1771369333325 0.6095904111862183 232
1771369333364 0.5765675902366638 233
1771369333405 0.34859976172447205 234
1771369333447 0.7726505398750305 235
1771369333488 0.9920244812965393 236
1771369333527 0.7062572836875916 237
1771369333567 0.7730229496955872 238
1771369333606 0.6336843371391296 239
1771369333647 0.7218143939971924 240
1771369333688 0.8800919651985168 241
1771369333726 0.7024030685424805 242
1771369333766 0.6472205519676208 243
1771369333805 0.7426091432571411 244
1771369333847 0.6212969422340393 245
1771369333886 0.8802611827850342 246
1771369333925 1.023943305015564 247
1771369333964 0.6835636496543884 248
1771369334005 0.7019602060317993 249
1771369334046 1.4459624290466309 250
1771369334087 0.8313959836959839 251
1771369334130 0.7547528147697449 252
1771369334172 0.9825428128242493 253
1771369334214 0.8373616933822632 254
1771369334255 0.6406117677688599 255
1771369334295 0.8739254474639893 256
1771369334334 0.7396010160446167 257
1771369334372 0.7412353157997131 258
1771369334411 0.6475163102149963 259
1771369334450 0.6873000860214233 260
1771369334489 0.6995776295661926 261
1771369334528 0.8601498603820801 262
1771369334567 1.24968421459198 263
1771369334607 0.7023422718048096 264
1771369334647 0.6680036187171936 265
1771369334686 1.0480096340179443 266
1771369334725 1.0473443269729614 267
1771369334764 0.6099370121955872 268
1771369334805 0.6396371722221375 269
1771369334844 0.8167299032211304 270
1771369334886 0.6108233332633972 271
1771369334926 0.5656709671020508 272
1771369334966 0.6061400175094604 273
1771369335005 0.8897879123687744 274
1771369335045 0.7696334719657898 275
1771369335087 0.8034589290618896 276
1771369335130 0.6852821707725525 277
1771369335169 0.5150150060653687 278
1771369335209 0.5787384510040283 279
1771369335249 0.6136585474014282 280
1771369335289 0.7842943668365479 281
1771369335332 0.720311164855957 282
1771369335374 0.7444478869438171 283
1771369335417 1.0742034912109375 284
1771369335458 0.6764634847640991 285
1771369335500 0.6955741047859192 286
1771369335542 0.6733047366142273 287
1771369335584 0.8558294773101807 288
1771369335625 0.7335167527198792 289
1771369335667 0.4684318006038666 290
1771369335708 0.526095986366272 291
1771369335748 0.8243910670280457 292
1771369335790 0.5577636361122131 293
1771369335831 1.0027323961257935 294
1771369335873 0.5851808786392212 295
1771369335913 0.8540367484092712 296
1771369335954 0.630955159664154 297
1771369335995 0.5115239024162292 298
1771369336038 0.8884809613227844 299
1771369336080 0.6851437091827393 300
1771369336121 1.0098185539245605 301
1771369336165 0.8074501156806946 302
1771369336209 0.6637753248214722 303
1771369336255 1.0248204469680786 304
1771369336300 0.5709935426712036 305
1771369336343 0.6294311881065369 306
1771369336386 0.7155004739761353 307
1771369336426 0.6739274859428406 308
1771369336468 0.7173406481742859 309
1771369336510 0.7915231585502625 310
1771369336554 1.1092451810836792 311
1771369336594 0.6940247416496277 312
1771369336637 0.7751976847648621 313
1771369336678 0.7331831455230713 314
1771369336718 0.8176329135894775 315
1771369336758 0.6840934157371521 316
1771369336799 0.5804672241210938 317
1771369336839 0.6983680725097656 318
1771369336880 0.6364094614982605 319
1771369336921 0.6042505502700806 320
1771369336961 0.49852487444877625 321
1771369337001 1.4285808801651 322
1771369337041 0.9616714119911194 323
1771369337081 1.0450834035873413 324
1771369337121 1.0501666069030762 325
1771369337161 0.6540402173995972 326
1771369337202 0.5006282329559326 327
1771369337243 0.6306631565093994 328
1771369337284 0.8132141828536987 329
1771369337326 1.135283350944519 330
1771369337367 0.8418838381767273 331
1771369337408 0.7644845247268677 332
1771369337450 0.7953280806541443 333
1771369337495 0.8520049452781677 334
1771369337537 0.7859771847724915 335
1771369337578 0.8707188367843628 336
1771369337619 0.9859022498130798 337
1771369337660 0.6478424072265625 338
1771369337701 0.795268177986145 339
1771369337743 0.656912088394165 340
1771369337784 0.9239223599433899 341
1771369337825 1.338836431503296 342
1771369337865 0.6090145707130432 343
1771369337906 0.7130640149116516 344
1771369337946 0.527823805809021 345
1771369337986 0.9302003979682922 346
1771369338026 0.8141960501670837 347
1771369338066 0.509720504283905 348
1771369338105 0.6220330595970154 349
1771369338146 1.225691795349121 350
1771369338185 0.9893922805786133 351
1771369338224 0.8174933791160583 352
1771369338263 0.4109039306640625 353
1771369338302 1.5459262132644653 354
1771369338347 1.5338917970657349 355
1771369338388 0.7441726922988892 356
1771369338428 0.8431952595710754 357
1771369338466 1.2171657085418701 358
1771369338505 0.9652363657951355 359
1771369338543 0.47384220361709595 360
1771369338582 0.7867149710655212 361
1771369338621 0.9074402451515198 362
1771369338659 0.8541994094848633 363
1771369338698 0.4942888617515564 364
1771369338736 0.8889389634132385 365
1771369338774 0.7534502744674683 366
1771369338813 0.5872452259063721 367
1771369338851 0.8008473515510559 368
1771369338890 0.36579039692878723 369
1771369338928 0.9017053246498108 370
1771369338966 0.9296563267707825 371
1771369339005 0.8764347434043884 372
1771369339044 1.282259464263916 373
1771369339083 0.7635179162025452 374
1771369339122 0.5751691460609436 375
1771369339161 0.6420555710792542 376
1771369339200 0.698774516582489 377
1771369339240 0.9028320908546448 378
1771369339279 0.7295467853546143 379
1771369339317 0.8936607241630554 380
1771369339357 1.02262544631958 381
1771369339397 1.0234954357147217 382
1771369339437 0.8146201372146606 383
1771369339475 0.6944355964660645 384
1771369339513 0.603879451751709 385
1771369339552 0.7957198619842529 386
1771369339592 0.6908670663833618 387
1771369339633 0.9128825664520264 388
1771369339672 0.5248201489448547 389
1771369339711 0.7152752876281738 390
1771369339751 0.876428484916687 391
1771369339790 1.1181387901306152 392
1771369339830 0.8617574572563171 393
1771369339871 0.7298933267593384 394
1771369339911 0.9213556051254272 395
1771369339953 0.5691608190536499 396
1771369339992 1.1068532466888428 397
1771369340031 1.0595383644104004 398
1771369340069 0.5176651477813721 399
1771369340109 0.8833970427513123 400
1771369340148 0.7882375121116638 401
1771369340186 0.941784143447876 402
1771369340225 1.6445345878601074 403
1771369340264 1.8271121978759766 404
1771369340304 0.99262535572052 405
1771369340344 0.6379787921905518 406
1771369340385 0.7085520625114441 407
1771369340430 1.0690088272094727 408
1771369340471 1.2112191915512085 409
1771369340512 0.2668941915035248 410
1771369340551 0.8324846029281616 411
1771369340590 0.7954625487327576 412
1771369340629 0.8986238837242126 413
1771369340668 0.704635739326477 414
1771369340707 0.7398839592933655 415
1771369340745 1.2819247245788574 416
1771369340784 0.6653730869293213 417
1771369340824 0.7212311625480652 418
1771369340863 0.7106794118881226 419
1771369340903 1.1730791330337524 420
1771369340942 0.7171759009361267 421
1771369340982 0.7742743492126465 422
1771369341020 0.4451957046985626 423
1771369341059 0.7697189450263977 424
1771369341098 1.0045884847640991 425
1771369341138 0.618383526802063 426
1771369341179 0.8703856468200684 427
1771369341219 0.905890166759491 428
1771369341259 1.0978845357894897 429
1771369341301 0.5952510237693787 430
1771369341342 0.7968331575393677 431
1771369341383 0.829137921333313 432
1771369341423 0.8766029477119446 433
1771369341464 0.9661316871643066 434
1771369341505 0.6180528998374939 435
1771369341545 1.0491687059402466 436
1771369341587 0.7942017316818237 437
1771369341628 0.7791155576705933 438
1771369341668 0.7699732780456543 439
1771369341709 1.1794581413269043 440
1771369341750 0.4772838056087494 441
1771369341790 0.7233462929725647 442
1771369341831 0.9408571720123291 443
1771369341871 0.8979905843734741 444
1771369341911 0.8978856801986694 445
1771369341951 0.6369043588638306 446
1771369341990 0.7779030203819275 447
1771369342031 0.684804379940033 448
1771369342073 0.5466986298561096 449
1771369342113 1.098195195198059 450
1771369342152 0.6396381258964539 451
1771369342192 0.7846700549125671 452
1771369342233 0.8461179137229919 453
1771369342276 0.729893147945404 454
1771369342316 0.7754339575767517 455
1771369342356 0.7452359795570374 456
1771369342396 0.7358590364456177 457
1771369342437 1.1139391660690308 458
1771369342479 0.6927770972251892 459
1771369342526 0.7867351770401001 460
1771369342568 0.6069889068603516 461
1771369342610 0.43284717202186584 462
1771369342650 0.77426677942276 463
1771369342690 0.8643211722373962 464
1771369342729 0.5860103964805603 465
1771369342772 0.6003381013870239 466
1771369342812 0.8857474327087402 467
1771369342851 0.8259595036506653 468
1771369342930 1.4259252548217773 469
1771369342972 0.617505669593811 470
1771369343015 0.8891053795814514 471
1771369343058 0.7989877462387085 472
1771369343100 0.9178318977355957 473
1771369343143 1.0071709156036377 474
1771369343186 0.6450523138046265 475
1771369343228 0.4890977442264557 476
1771369343270 0.8643917441368103 477
1771369343313 0.7189432978630066 478
1771369343356 0.9927140474319458 479
1771369343400 1.2283154726028442 480
1771369343441 0.7434353232383728 481
1771369343483 0.5554912090301514 482
1771369343526 0.4938581883907318 483
1771369343568 0.5457949638366699 484
1771369343609 0.9000824689865112 485
1771369343650 0.7854939103126526 486
1771369343691 0.7264509797096252 487
1771369343732 0.6786745190620422 488
1771369343773 1.3263249397277832 489
1771369343814 1.1593880653381348 490
1771369343857 0.6270677447319031 491
1771369343902 0.7125706076622009 492
1771369343945 0.8087306022644043 493
1771369343988 0.9989714622497559 494
1771369344030 0.6195660829544067 495
1771369344072 0.5411909222602844 496
1771369344116 0.8275221586227417 497
1771369344159 0.6614252328872681 498
1771369344203 0.5831948518753052 499
1771369344245 0.6787019968032837 500
1771369344286 0.6430838108062744 501
1771369344327 1.0128669738769531 502
1771369344368 0.6092477440834045 503
1771369344410 0.5757724642753601 504
1771369344451 0.48971110582351685 505
1771369344496 0.6159058809280396 506
1771369344540 0.46949487924575806 507
1771369344588 0.6056233644485474 508
1771369344639 0.6112451553344727 509
1771369344681 0.7145999670028687 510
1771369344723 0.642757773399353 511
1771369344765 0.8311873078346252 512
1771369344806 0.5906062722206116 513
1771369344849 1.1093688011169434 514
1771369344890 0.8711211085319519 515
1771369344934 0.7544683814048767 516
1771369344977 0.6874145269393921 517
1771369345019 0.6804465055465698 518
1771369345062 0.7008340358734131 519
1771369345106 0.7601187825202942 520
1771369345148 0.5688915848731995 521
1771369345191 0.8884196877479553 522
1771369345235 1.2733356952667236 523
1771369345277 0.48712393641471863 524
1771369345318 0.9074137806892395 525
1771369345360 0.3726752996444702 526
1771369345403 0.6854424476623535 527
1771369345449 0.6393532752990723 528
1771369345492 0.8056914806365967 529
1771369345534 0.6299318075180054 530
1771369345577 0.7097647786140442 531
1771369345620 0.6651229858398438 532
1771369345662 0.6599876284599304 533
1771369345703 0.9462510347366333 534
1771369345746 0.8340490460395813 535
1771369345789 0.6679534912109375 536
1771369345831 0.537821888923645 537
1771369345874 0.4077059328556061 538
1771369345917 0.7761518359184265 539
1771369345961 0.7367397546768188 540
1771369346004 0.7430671453475952 541
1771369346047 1.456141710281372 542
1771369346090 0.8923482298851013 543
1771369346135 0.619850754737854 544
1771369346180 0.7034290432929993 545
1771369346223 0.6812617778778076 546
1771369346265 0.7139305472373962 547
1771369346307 1.20966374874115 548
1771369346351 0.6743308901786804 549
1771369346396 1.42978036403656 550
1771369346440 1.3002690076828003 551
1771369346487 0.6090019345283508 552
1771369346533 0.7306718826293945 553
1771369346577 0.9780341386795044 554
1771369346621 0.838559091091156 555
1771369346669 1.2800804376602173 556
1771369346715 1.0243736505508423 557
1771369346757 0.5288517475128174 558
1771369346799 0.44228652119636536 559
1771369346841 0.6030825972557068 560
1771369346884 0.8838585019111633 561
1771369346926 1.3116841316223145 562
1771369346969 0.5266112685203552 563
1771369347011 0.6204171180725098 564
1771369347056 0.6371093988418579 565
1771369347100 0.6259800791740417 566
1771369347143 0.6139368414878845 567
1771369347186 0.7370404601097107 568
1771369347230 0.578788161277771 569
1771369347273 0.49927011132240295 570
1771369347316 0.654862642288208 571
1771369347359 0.7928371429443359 572
1771369347402 0.8582140803337097 573
1771369347445 1.0168547630310059 574
1771369347487 0.4080973267555237 575
1771369347531 0.6359386444091797 576
1771369347574 0.955325722694397 577
1771369347616 0.3941222131252289 578
1771369347659 0.861513078212738 579
1771369347700 0.9964857697486877 580
1771369347742 1.2513211965560913 581
1771369347785 0.6990906000137329 582
1771369347826 0.6494038701057434 583
1771369347868 0.883045494556427 584
1771369347910 0.77122563123703 585
1771369347952 0.5275124311447144 586
1771369347995 0.7161619663238525 587
1771369348038 1.081209659576416 588
1771369348083 0.8249686360359192 589
1771369348127 1.0251405239105225 590
1771369348170 0.9366675615310669 591
1771369348213 0.6154122948646545 592
1771369348256 0.7471534013748169 593
1771369348299 0.7856795191764832 594
1771369348343 0.8961986303329468 595
1771369348387 0.5537271499633789 596
1771369348430 0.9447783827781677 597
1771369348475 1.237870693206787 598
1771369348519 0.9404575228691101 599
1771369348563 0.6692221760749817 600
1771369348607 0.7386375069618225 601
1771369348650 1.0643978118896484 602
1771369348694 1.132367491722107 603
1771369348741 0.5427796840667725 604
1771369348790 0.9066826105117798 605
1771369348834 0.7124589085578918 606
1771369348879 0.9230504631996155 607
1771369348927 0.5067927241325378 608
1771369348972 0.5257432460784912 609
1771369349015 0.8840219378471375 610
1771369349060 0.5766458511352539 611
1771369349106 0.7149724960327148 612
1771369349150 0.45168811082839966 613
1771369349193 0.6655445098876953 614
1771369349236 0.8178867101669312 615
1771369349280 1.242455244064331 616
1771369349324 0.9261720776557922 617
1771369349369 1.038265347480774 618
1771369349411 0.6352603435516357 619
1771369349455 0.5671148300170898 620
1771369349497 0.5771405696868896 621
1771369349542 0.9875837564468384 622
1771369349586 0.7718164324760437 623
1771369349629 0.8217921853065491 624
1771369349670 1.2854583263397217 625
1771369349712 0.5195900797843933 626
1771369349755 0.780727207660675 627
1771369349799 0.5155561566352844 628
1771369349842 0.7202640175819397 629
1771369349887 0.8313544392585754 630
1771369349933 1.4820423126220703 631
1771369349977 1.1876767873764038 632
1771369350021 0.8536208868026733 633
1771369350065 0.5424844026565552 634
1771369350110 0.6379807591438293 635
1771369350155 0.6279390454292297 636
1771369350203 0.5955038070678711 637
1771369350247 0.8505421876907349 638
1771369350291 1.2794004678726196 639
1771369350336 0.6098957061767578 640
1771369350383 0.46723851561546326 641
1771369350428 0.9857932329177856 642
1771369350471 0.9504600167274475 643
1771369350516 0.8779543042182922 644
1771369350559 0.6472005844116211 645
1771369350603 0.7462453246116638 646
1771369350646 0.8429804444313049 647
1771369350691 0.5090353488922119 648
1771369350735 0.8594980239868164 649
1771369350777 0.5780116319656372 650
1771369350824 0.7509282827377319 651
1771369350870 0.9540799260139465 652
1771369350914 1.1040045022964478 653
1771369350957 0.6442317366600037 654
1771369350999 1.0253208875656128 655
1771369351042 0.6834933757781982 656
1771369351086 0.4214605689048767 657
1771369351128 0.29763853549957275 658
1771369351173 0.9860535860061646 659
1771369351217 0.5831894874572754 660
1771369351261 0.831040620803833 661
1771369351306 0.8930457830429077 662
1771369351350 0.9099028706550598 663
1771369351397 0.8456143736839294 664
1771369351441 0.7091464996337891 665
1771369351485 0.7705134749412537 666
1771369351528 0.6260647773742676 667
1771369351571 0.6999059915542603 668
1771369351615 0.7950471639633179 669
1771369351659 0.5220734477043152 670
1771369351704 0.5835884213447571 671
1771369351748 0.7164841294288635 672
1771369351792 0.7525960206985474 673
1771369351835 0.7246565222740173 674
1771369351880 0.9376178979873657 675
1771369351925 1.0841038227081299 676
1771369351970 0.6768147945404053 677
1771369352014 0.7008599638938904 678
1771369352057 1.0470103025436401 679
1771369352101 0.5441531538963318 680
1771369352149 0.5062600374221802 681
1771369352195 0.7495140433311462 682
1771369352241 0.6418060660362244 683
1771369352285 0.48775699734687805 684
1771369352329 0.512355387210846 685
1771369352374 0.7602261900901794 686
1771369352420 0.5700873136520386 687
1771369352465 0.5881058573722839 688
1771369352509 1.0286651849746704 689
1771369352555 0.762618362903595 690
1771369352603 0.7652132511138916 691
1771369352651 0.5055111646652222 692
1771369352695 0.5173509120941162 693
1771369352739 0.7879750728607178 694
1771369352782 0.757729709148407 695
1771369352825 0.6493774652481079 696
1771369352869 0.8470209240913391 697
1771369352916 0.9041562080383301 698
1771369352961 0.6166413426399231 699
1771369353005 0.6067249178886414 700
1771369353048 0.5849385261535645 701
1771369353093 0.6765263080596924 702
1771369353137 0.6144885420799255 703
1771369353184 1.3150113821029663 704
1771369353227 0.7038158178329468 705
1771369353271 0.4161074459552765 706
1771369353321 0.6887677907943726 707
1771369353368 0.8744300007820129 708
1771369353412 0.7936022877693176 709
1771369353457 1.175774097442627 710
1771369353499 0.7127424478530884 711
1771369353542 0.3957289755344391 712
1771369353584 0.587575376033783 713
1771369353627 0.8214076161384583 714
1771369353669 0.5873905420303345 715
1771369353710 0.7179394364356995 716
1771369353752 0.5897590517997742 717
1771369353795 0.9405294060707092 718
1771369353837 0.46533671021461487 719
1771369353880 0.936824381351471 720
1771369353922 1.01276433467865 721
1771369353963 1.082594633102417 722
1771369354006 1.0255755186080933 723
1771369354047 0.7301302552223206 724
1771369354089 0.4473319947719574 725
1771369354130 0.7584044933319092 726
1771369354172 0.8343831896781921 727
1771369354213 0.7690497636795044 728
1771369354256 0.9393275380134583 729
1771369354300 0.6602031588554382 730
1771369354344 0.6051483750343323 731
1771369354388 0.6666114330291748 732
1771369354430 1.5405359268188477 733
1771369354471 0.7565953135490417 734
1771369354516 0.545332133769989 735
1771369354560 0.5785973072052002 736
1771369354603 0.4195910692214966 737
1771369354646 0.997147262096405 738
1771369354689 0.8448708057403564 739
1771369354731 0.5051953792572021 740
1771369354774 1.167159914970398 741
1771369354816 0.9604290127754211 742
1771369354858 1.1359975337982178 743
1771369354901 1.303770661354065 744
1771369354944 1.0554519891738892 745
1771369354989 0.8496417999267578 746
1771369355038 0.7412294149398804 747
1771369355082 0.5893762707710266 748
1771369355125 0.7769288420677185 749
1771369355169 0.8958138227462769 750
1771369355213 0.8567631840705872 751
1771369355256 0.49828478693962097 752
1771369355302 1.0190116167068481 753
1771369355347 0.8405928611755371 754
1771369355400 0.9196085929870605 755
1771369355446 0.6860399842262268 756
1771369355491 0.6372296214103699 757
1771369355533 0.8320655822753906 758
1771369355580 1.2891883850097656 759
1771369355624 0.8301288485527039 760
1771369355666 1.2568572759628296 761
1771369355713 0.9133836627006531 762
1771369355756 1.0220563411712646 763
1771369355800 0.6411449909210205 764
1771369355845 1.0406497716903687 765
1771369355888 1.4072630405426025 766
1771369355931 0.517795205116272 767
1771369355973 0.6773583889007568 768
1771369356015 0.8564854264259338 769
1771369356058 0.7993485331535339 770
1771369356100 0.8282595276832581 771
1771369356143 0.44951337575912476 772
1771369356187 0.7405167818069458 773
1771369356230 0.6218339800834656 774
1771369356273 0.6601175665855408 775
1771369356315 0.5800935626029968 776
1771369356358 0.7178446054458618 777
1771369356402 0.7684697508811951 778
1771369356449 0.7363037467002869 779
1771369356491 0.610232949256897 780
1771369356534 0.5883533954620361 781
1771369356577 0.5345869064331055 782
1771369356619 0.46277013421058655 783
1771369356662 0.8080788254737854 784
1771369356707 1.1745141744613647 785
1771369356749 0.8857932686805725 786
1771369356794 0.5446619391441345 787
1771369356837 0.7560853362083435 788
1771369356880 0.7078163623809814 789
1771369356922 0.8941624760627747 790
1771369356965 0.46388116478919983 791
1771369357007 0.6927765011787415 792
1771369357052 0.5680213570594788 793
1771369357100 0.38268807530403137 794
1771369357145 0.7062967419624329 795
1771369357188 0.38042497634887695 796
1771369357234 1.0652172565460205 797
1771369357278 0.926146388053894 798
1771369357321 0.5373052358627319 799
1771369357365 0.5163344144821167 800
1771369357408 0.7760646939277649 801
1771369357452 1.1255841255187988 802
1771369357498 0.6143091917037964 803
1771369357541 0.9239985346794128 804
1771369357587 0.9397163391113281 805
1771369357630 0.7080557346343994 806
1771369357672 0.6544657945632935 807
1771369357715 0.5962780714035034 808
1771369357757 0.7048459649085999 809
1771369357800 1.011865258216858 810
1771369357841 0.7805983424186707 811
1771369357883 0.506477952003479 812
1771369357924 0.693897008895874 813
1771369357966 0.5822021961212158 814
1771369358008 0.8979430794715881 815
1771369358051 0.7509008646011353 816
1771369358093 0.7165823578834534 817
1771369358136 0.6455879211425781 818
1771369358179 0.6569130420684814 819
1771369358222 0.6497818827629089 820
1771369358267 0.4420253038406372 821
1771369358312 1.1215882301330566 822
1771369358356 1.612183928489685 823
1771369358401 0.8677935004234314 824
1771369358446 0.6892596483230591 825
1771369358491 0.5610551238059998 826
1771369358535 0.6703202128410339 827
1771369358580 0.6288368105888367 828
1771369358624 0.7086670994758606 829
1771369358667 0.5060043334960938 830
1771369358710 0.8187677264213562 831
1771369358753 0.5697908401489258 832
1771369358796 0.33503830432891846 833
1771369358842 0.9210044741630554 834
1771369358885 1.191409707069397 835
1771369358930 0.8019700646400452 836
1771369358973 0.6871259212493896 837
1771369359017 0.8398452997207642 838
1771369359061 0.7143741250038147 839
1771369359104 0.8121711611747742 840
1771369359150 0.7101888656616211 841
1771369359197 0.8346120715141296 842
1771369359242 0.7690331339836121 843
1771369359285 0.6647610664367676 844
1771369359328 0.808925986289978 845
1771369359374 0.8929935097694397 846
1771369359421 0.9595484137535095 847
1771369359466 0.656570553779602 848
1771369359509 0.5277389287948608 849
1771369359552 1.1991164684295654 850
1771369359595 0.7038059830665588 851
1771369359636 0.7305159568786621 852
1771369359678 0.5967648029327393 853
1771369359721 0.9550918936729431 854
1771369359764 0.7881962656974792 855
1771369359806 0.5751423835754395 856
1771369359848 0.6218818426132202 857
1771369359890 0.6966729760169983 858
1771369359933 0.8122413158416748 859
1771369359975 0.6568217277526855 860
1771369360017 1.2549039125442505 861
1771369360061 1.3273682594299316 862
1771369360104 1.1484662294387817 863
1771369360149 0.8853117227554321 864
1771369360192 0.9638517498970032 865
1771369360238 1.3255521059036255 866
1771369360281 0.6505724787712097 867
1771369360324 0.7461410760879517 868
1771369360366 0.6203929781913757 869
1771369360408 0.5582185983657837 870
1771369360450 0.5439480543136597 871
1771369360491 0.4514423608779907 872
1771369360533 0.49947136640548706 873
1771369360575 0.484292596578598 874
1771369360619 0.8421960473060608 875
1771369360663 0.48073065280914307 876
1771369360708 1.137903094291687 877
1771369360751 0.802278459072113 878
1771369360795 0.27595049142837524 879
1771369360838 1.2480860948562622 880
1771369360882 0.8718995451927185 881
1771369360925 0.7870382070541382 882
1771369360968 0.7652937173843384 883
1771369361012 1.3336153030395508 884
1771369361056 1.0170233249664307 885
1771369361101 0.7176445722579956 886
1771369361146 0.6582005620002747 887
1771369361190 0.9244202971458435 888
1771369361236 0.7302830219268799 889
1771369361285 0.4482409358024597 890
1771369361330 1.1527949571609497 891
1771369361376 0.9794906377792358 892
1771369361421 1.001791000366211 893
1771369361465 1.0427128076553345 894
1771369361509 0.7371523380279541 895
1771369361553 0.7814704775810242 896
1771369361597 0.9596320986747742 897
1771369361641 0.7673426270484924 898
1771369361684 0.5910473465919495 899
1771369361727 0.758747398853302 900
1771369361771 0.8972123265266418 901
1771369361815 0.8810140490531921 902
1771369361859 0.4550921320915222 903
1771369361904 0.701616108417511 904
1771369361948 0.9062352776527405 905
1771369361994 0.7631245255470276 906
1771369362039 1.4099987745285034 907
1771369362181 0.5988714098930359 908
1771369362226 1.546705722808838 909
1771369362273 0.7603681087493896 910
1771369362318 1.181357502937317 911
1771369362363 0.701551079750061 912
1771369362407 1.0489662885665894 913
1771369362452 1.0233290195465088 914
1771369362496 1.0702102184295654 915
1771369362545 1.5552637577056885 916
1771369362590 1.1693906784057617 917
1771369362637 0.5864779353141785 918
1771369362682 0.5375387072563171 919
1771369362728 0.4219745099544525 920
1771369362773 0.5757613778114319 921
1771369362818 0.48578813672065735 922
1771369362862 0.7546546459197998 923
1771369362907 1.0725384950637817 924
1771369362952 1.3409602642059326 925
1771369362998 1.4971805810928345 926
1771369363044 1.0340368747711182 927
1771369363090 0.9165392518043518 928
1771369363136 1.1438500881195068 929
1771369363181 1.0726745128631592 930
1771369363226 0.9894964694976807 931
1771369363270 0.5882655382156372 932
1771369363318 0.9751265048980713 933
1771369363369 1.5870261192321777 934
1771369363418 0.6976456642150879 935
1771369363464 0.3328791856765747 936
1771369363507 0.8749998807907104 937
1771369363595 0.4838218688964844 938
1771369363641 0.5993568897247314 939
1771369363688 0.7556847929954529 940
1771369363733 1.0790671110153198 941
1771369363778 0.6114404797554016 942
1771369363822 0.7725273370742798 943
1771369363865 0.5885810256004333 944
1771369363910 0.806277334690094 945
1771369363955 0.6454823613166809 946
1771369364001 0.7842739224433899 947
1771369364046 0.6535993814468384 948
1771369364091 0.7633578181266785 949
1771369364137 0.7498113512992859 950
1771369364182 0.6584691405296326 951
1771369364226 0.5838622450828552 952
1771369364271 0.8763463497161865 953
1771369364317 0.6528912782669067 954
1771369364361 0.5277125835418701 955
1771369364407 0.7480308413505554 956
1771369364454 0.8153612017631531 957
1771369364498 0.9810466170310974 958
1771369364545 0.708378791809082 959
1771369364593 0.9988877773284912 960
1771369364638 1.347107172012329 961
1771369364682 0.7515013813972473 962
1771369364726 0.5810441970825195 963
1771369364769 0.6757925152778625 964
1771369364813 0.4448704719543457 965
1771369364857 0.6825673580169678 966
1771369364902 0.650543749332428 967
1771369364946 0.5743812918663025 968
1771369364989 0.6417936086654663 969
1771369365032 0.7597740292549133 970
1771369365077 0.5311675667762756 971
1771369365122 0.6574450731277466 972
1771369365167 0.569843053817749 973
1771369365212 0.4588375687599182 974
1771369365255 0.8366868495941162 975
1771369365301 0.5548187494277954 976
1771369365346 0.5395371317863464 977
1771369365393 0.8022952079772949 978
1771369365442 0.8305001854896545 979
1771369365489 0.6574916243553162 980
1771369365535 0.6108801960945129 981
1771369365583 0.5949004888534546 982
1771369365629 0.7964851260185242 983
1771369365673 0.8468077182769775 984
1771369365717 0.6178749203681946 985
1771369365762 0.5530157089233398 986
1771369365807 1.0006147623062134 987
1771369365854 1.0837647914886475 988
1771369365898 0.6699020266532898 989
1771369365942 0.602044403553009 990
1771369365986 0.9935223460197449 991
1771369366033 0.6426679491996765 992
1771369366081 1.5235512256622314 993
1771369366128 1.2403929233551025 994
1771369366174 0.7841372489929199 995
1771369366221 0.5830220580101013 996
1771369366267 1.1460566520690918 997
1771369366313 0.6000745892524719 998
1771369366360 1.3037633895874023 999
1771369366406 0.6391327977180481 1000
1771369366451 0.7279059290885925 1001
1771369366502 0.8396623134613037 1002
1771369366548 0.5167133808135986 1003
1771369366593 0.5848471522331238 1004
1771369366637 0.7326331734657288 1005
1771369366682 0.9582615494728088 1006
1771369366725 0.5921428203582764 1007
1771369366768 0.5843735337257385 1008
1771369366810 0.8396826386451721 1009
1771369366853 0.9444058537483215 1010
1771369366898 0.5697845220565796 1011
1771369366941 0.5038684606552124 1012
1771369366986 0.8349198698997498 1013
1771369367029 0.5437280535697937 1014
1771369367073 0.5231220126152039 1015
1771369367117 0.8332261443138123 1016
1771369367161 0.693295419216156 1017
1771369367206 0.7512340545654297 1018
1771369367251 0.6097534894943237 1019
1771369367299 0.5985903739929199 1020
1771369367342 0.5287346839904785 1021
1771369367387 0.8127586245536804 1022
1771369367432 0.6744624972343445 1023
1771369367478 0.6020386219024658 1024
1771369367525 0.5622729659080505 1025
1771369367569 0.5236002802848816 1026
1771369367613 0.3848254084587097 1027
1771369367657 0.5465684533119202 1028
1771369367702 0.9245089888572693 1029
1771369367746 0.5415620803833008 1030
1771369367791 0.5792114734649658 1031
1771369367834 1.1408981084823608 1032
1771369367880 0.787523090839386 1033
1771369367925 0.6874925494194031 1034
1771369367970 0.6879860162734985 1035
1771369368016 0.7550092339515686 1036
1771369368061 0.6842884421348572 1037
1771369368107 1.0199494361877441 1038
1771369368152 0.8387932777404785 1039
1771369368199 0.8090488314628601 1040
1771369368246 0.6114711165428162 1041
1771369368290 0.7721078991889954 1042
1771369368335 1.1339906454086304 1043
1771369368383 1.524099349975586 1044
1771369368428 0.40342652797698975 1045
1771369368472 0.8306331634521484 1046
1771369368518 0.9607446193695068 1047
1771369368563 0.7712658643722534 1048
1771369368608 0.7336558699607849 1049
1771369368653 0.41251155734062195 1050
1771369368697 0.7886848449707031 1051
1771369368742 0.6380823850631714 1052
1771369368786 0.32744982838630676 1053
1771369368832 0.6216092705726624 1054
1771369368877 0.6084052920341492 1055
1771369368922 0.5204179883003235 1056
1771369368968 0.6156880259513855 1057
1771369369013 0.5390871167182922 1058
1771369369057 0.9093441963195801 1059
1771369369102 0.8925686478614807 1060
1771369369149 0.5763383507728577 1061
1771369369195 0.6017339825630188 1062
1771369369241 0.49952539801597595 1063
1771369369287 0.5201519131660461 1064
1771369369333 0.7134883999824524 1065
1771369369379 0.47563299536705017 1066
1771369369425 0.3941478133201599 1067
1771369369470 0.764070987701416 1068
1771369369515 0.724209189414978 1069
1771369369568 0.789344072341919 1070
1771369369616 0.9952926635742188 1071
1771369369662 1.1728583574295044 1072
1771369369708 0.7580994367599487 1073
1771369369753 0.6565885543823242 1074
1771369369797 0.8539660573005676 1075
1771369369841 0.5121085047721863 1076
1771369369885 0.8045812249183655 1077
1771369369930 0.4886428117752075 1078
1771369369974 0.4719179570674896 1079
1771369370019 0.7035156488418579 1080
1771369370063 0.7366021871566772 1081
1771369370109 0.9875666499137878 1082
1771369370154 0.530427098274231 1083
1771369370199 0.4871964752674103 1084
1771369370245 0.7081038355827332 1085
1771369370290 0.6275435090065002 1086
1771369370335 1.0375773906707764 1087
1771369370381 1.3774261474609375 1088
1771369370426 0.8155496120452881 1089
1771369370473 0.8205527067184448 1090
1771369370518 0.46295636892318726 1091
1771369370563 0.8146438002586365 1092
1771369370611 0.7338744401931763 1093
1771369370657 1.0566884279251099 1094
1771369370701 1.009465217590332 1095
1771369370746 0.43995845317840576 1096
1771369370791 0.8772160410881042 1097
1771369370837 0.7774933576583862 1098
1771369370882 0.7589266896247864 1099
1771369370927 0.6580474376678467 1100
1771369370972 0.740027129650116 1101
1771369371019 0.6627283096313477 1102
1771369371065 0.8344010710716248 1103
1771369371112 1.014784812927246 1104
1771369371160 0.8148773908615112 1105
1771369371205 0.8682374358177185 1106
1771369371251 0.9038125872612 1107
1771369371299 0.6350427865982056 1108
1771369371346 0.8178426027297974 1109
1771369371395 0.8279728889465332 1110
1771369371444 0.46114641427993774 1111
1771369371493 0.40240827202796936 1112
1771369371541 0.7079921364784241 1113
1771369371590 0.5966184735298157 1114
1771369371638 0.47986650466918945 1115
1771369371686 0.5451924800872803 1116
1771369371732 0.45440804958343506 1117
1771369371779 0.5343502759933472 1118
1771369371825 0.9801325798034668 1119
1771369371869 0.6374610066413879 1120
1771369371915 0.7538852691650391 1121
1771369371961 0.7156985402107239 1122
1771369372006 0.5865483283996582 1123
1771369372051 0.5880241394042969 1124
1771369372097 0.5283697843551636 1125
1771369372144 0.3593035638332367 1126
1771369372190 0.8915542960166931 1127
1771369372239 0.9394585490226746 1128
1771369372287 0.8469436168670654 1129
1771369372334 0.7367438673973083 1130
1771369372382 0.8021586537361145 1131
1771369372428 0.6787497997283936 1132
1771369372475 0.6005957126617432 1133
1771369372522 1.036116123199463 1134
1771369372570 0.6487403512001038 1135
1771369372616 0.5975199341773987 1136
1771369372663 1.1333180665969849 1137
1771369372709 0.7417076826095581 1138
1771369372755 0.6602270603179932 1139
1771369372801 0.7963787317276001 1140
1771369372848 0.8992742300033569 1141
1771369372893 0.8587088584899902 1142
1771369372938 0.46452146768569946 1143
1771369372982 0.4641726016998291 1144
1771369373029 0.40325993299484253 1145
1771369373077 0.9669991135597229 1146
1771369373123 0.5971699953079224 1147
1771369373169 0.6468290090560913 1148
1771369373214 0.7455263137817383 1149
1771369373257 0.702372133731842 1150
1771369373303 1.0094389915466309 1151
1771369373348 0.8609132170677185 1152
1771369373394 0.8558036088943481 1153
1771369373437 0.9337967038154602 1154
1771369373480 0.87104332447052 1155
1771369373523 1.0209336280822754 1156
1771369373567 0.6941668391227722 1157
1771369373611 0.5688574314117432 1158
1771369373655 0.7443258762359619 1159
1771369373699 0.6473973989486694 1160
1771369373748 0.8539880514144897 1161
1771369373792 0.7228401303291321 1162
1771369373837 1.2675330638885498 1163
1771369373883 0.9877108931541443 1164
1771369373927 0.5654913187026978 1165
1771369373971 0.5967274308204651 1166
1771369374016 0.8591861724853516 1167
1771369374062 0.6169506311416626 1168
1771369374106 0.8276751637458801 1169
1771369374150 0.5591344833374023 1170
1771369374196 0.7707144618034363 1171
1771369374241 0.7017072439193726 1172
1771369374285 0.5096525549888611 1173
1771369374330 0.3948144018650055 1174
1771369374377 0.3602822422981262 1175
1771369374423 0.86151123046875 1176
1771369374471 0.462143212556839 1177
1771369374519 0.6207037568092346 1178
1771369374566 0.8145890235900879 1179
1771369374613 0.7678995132446289 1180
1771369374659 0.7067853212356567 1181
1771369374707 0.6684809923171997 1182
1771369374755 0.5789330005645752 1183
1771369374802 0.6444371938705444 1184
1771369374849 0.64380943775177 1185
1771369374894 0.6904662847518921 1186
1771369374941 0.7227400541305542 1187
1771369374987 1.0856648683547974 1188
1771369375031 0.40598174929618835 1189
1771369375077 0.6316830515861511 1190
1771369375122 0.7491589188575745 1191
1771369375168 0.49639859795570374 1192
1771369375214 0.7107269763946533 1193
1771369375260 0.6495227217674255 1194
1771369375307 0.6419671773910522 1195
1771369375355 0.6342967748641968 1196
1771369375403 0.5701191425323486 1197
1771369375450 0.7086446285247803 1198
1771369375497 0.6217966079711914 1199
1771369375545 0.525374710559845 1200
1771369375596 0.6587367653846741 1201
1771369375721 0.6529945731163025 1202
1771369375768 0.7946828603744507 1203
1771369375820 0.6138730645179749 1204
1771369375868 1.0142773389816284 1205
1771369375914 0.7268406748771667 1206
1771369375960 0.755024790763855 1207
1771369376004 0.7338480353355408 1208
1771369376049 0.7218801975250244 1209
1771369376094 0.7873650193214417 1210
1771369376138 0.49949976801872253 1211
1771369376181 0.7483669519424438 1212
1771369376225 0.8770086169242859 1213
1771369376270 0.5639235973358154 1214
1771369376315 0.6819355487823486 1215
1771369376359 0.5939107537269592 1216
1771369376404 0.47960352897644043 1217
1771369376452 0.7278652787208557 1218
1771369376501 1.1083430051803589 1219
1771369376546 0.6480947136878967 1220
1771369376591 0.8871653079986572 1221
1771369376635 0.5764618515968323 1222
1771369376679 0.9490813612937927 1223
1771369376725 0.9125237464904785 1224
1771369376770 0.6352111101150513 1225
1771369376815 0.48645082116127014 1226
1771369376860 0.4728098213672638 1227
1771369376905 0.41286298632621765 1228
1771369376950 0.5334880352020264 1229
1771369376995 0.7925013899803162 1230
1771369377040 0.5296833515167236 1231
1771369377086 0.8431849479675293 1232
1771369377131 0.8888696432113647 1233
1771369377175 0.7087476253509521 1234
1771369377220 1.0981004238128662 1235
1771369377265 0.85398268699646 1236
1771369377309 0.6124089956283569 1237
1771369377353 0.5435927510261536 1238
1771369377399 0.3439410328865051 1239
1771369377443 0.806420624256134 1240
1771369377489 0.6731978058815002 1241
1771369377536 0.5269186496734619 1242
1771369377583 0.9418992400169373 1243
1771369377629 0.6667038202285767 1244
1771369377675 0.998286783695221 1245
1771369377722 0.7713558673858643 1246
1771369377766 0.7740505933761597 1247
1771369377810 1.5471938848495483 1248
1771369377855 0.8999367952346802 1249
1771369377909 0.92536860704422 1250
1771369377954 0.7385181784629822 1251
1771369378002 1.1771079301834106 1252
1771369378049 0.6899037957191467 1253
1771369378096 0.9202176928520203 1254
1771369378142 1.0088456869125366 1255
1771369378188 0.7920299172401428 1256
1771369378234 0.583402693271637 1257
1771369378281 0.6099244356155396 1258
1771369378326 0.5524777173995972 1259
1771369378371 0.799104630947113 1260
1771369378418 0.6853471398353577 1261
1771369378463 0.48861199617385864 1262
1771369378508 0.8781434297561646 1263
1771369378557 0.9712221026420593 1264
1771369378602 1.1237248182296753 1265
1771369378645 0.6450639367103577 1266
1771369378690 0.5404057502746582 1267
1771369378736 0.36746665835380554 1268
1771369378783 0.22580908238887787 1269
1771369378828 0.7952490448951721 1270
1771369378874 0.5386777520179749 1271
1771369378921 0.6839774250984192 1272
1771369378967 0.9345203042030334 1273
1771369379013 0.8680696487426758 1274
1771369379060 0.7521816492080688 1275
1771369379105 0.6637242436408997 1276
1771369379151 0.49313604831695557 1277
1771369379200 0.8722993731498718 1278
1771369379248 0.9189741611480713 1279
1771369379295 0.9918607473373413 1280
1771369379342 0.6544386744499207 1281
1771369379390 0.5349159240722656 1282
1771369379436 0.8189804553985596 1283
1771369379482 1.2627077102661133 1284
1771369379530 0.5467915534973145 1285
1771369379576 1.0299344062805176 1286
1771369379622 0.8048477172851562 1287
1771369379667 0.8375052809715271 1288
1771369379715 1.4688769578933716 1289
1771369379762 1.0656604766845703 1290
1771369379807 0.6474356651306152 1291
1771369379853 0.810247540473938 1292
1771369379899 0.7020261287689209 1293
1771369379947 0.5006542205810547 1294
1771369379998 0.7329769134521484 1295
1771369380044 1.0790671110153198 1296
1771369380091 0.9224953055381775 1297
1771369380139 0.9847092628479004 1298
1771369380187 1.1935979127883911 1299
1771369380234 0.9157755374908447 1300
1771369380282 0.885214626789093 1301
1771369380328 0.8700568079948425 1302
1771369380375 0.7040806412696838 1303
1771369380423 0.6923713684082031 1304
1771369380469 0.8734917640686035 1305
1771369380516 0.48943468928337097 1306
1771369380561 0.6737366914749146 1307
1771369380608 0.6755697727203369 1308
1771369380655 0.6024525165557861 1309
1771369380700 0.9708496332168579 1310
1771369380748 0.251662939786911 1311
1771369380795 1.419676661491394 1312
1771369380843 0.8846330642700195 1313
1771369380891 0.8281022906303406 1314
1771369380937 0.7539281845092773 1315
1771369380984 0.5389184355735779 1316
1771369381030 0.5330129265785217 1317
1771369381076 0.6046510338783264 1318
1771369381122 0.6676993370056152 1319
1771369381169 0.39530277252197266 1320
1771369381215 0.7841926217079163 1321
1771369381263 0.564224898815155 1322
1771369381313 0.6841571927070618 1323
1771369381362 0.6139223575592041 1324
1771369381409 0.532592236995697 1325
1771369381456 0.358076274394989 1326
1771369381505 0.47810280323028564 1327
1771369381553 0.6536914706230164 1328
1771369381671 0.4165644645690918 1329
1771369381718 0.8097100853919983 1330
1771369381768 0.6102998852729797 1331
1771369381814 0.9490018486976624 1332
1771369381864 0.8288438320159912 1333
1771369381911 0.6486582159996033 1334
1771369381959 0.68711918592453 1335
1771369382007 0.7380102872848511 1336
1771369382060 0.9278519749641418 1337
1771369382108 0.5619722008705139 1338
1771369382156 0.4901435077190399 1339
1771369382204 1.0469266176223755 1340
1771369382251 0.8987790942192078 1341
1771369382298 0.685429036617279 1342
1771369382343 0.7167980670928955 1343
1771369382388 0.7706111073493958 1344
1771369382433 1.2367430925369263 1345
1771369382479 1.4133578538894653 1346
1771369382526 0.45334452390670776 1347
1771369382573 1.0349504947662354 1348
1771369382621 0.4796246886253357 1349
1771369382668 0.493274062871933 1350
1771369382715 1.3872995376586914 1351
1771369382761 0.7870283722877502 1352
1771369382806 0.5347302556037903 1353
1771369382853 0.8438053727149963 1354
1771369382899 0.6512638330459595 1355
1771369382947 1.1803258657455444 1356
1771369382994 0.7155402302742004 1357
1771369383041 0.5938252210617065 1358
1771369383086 0.5200920701026917 1359
1771369383132 0.7700333595275879 1360
1771369383178 0.7475426197052002 1361
1771369383225 0.6994726657867432 1362
1771369383272 1.0157550573349 1363
1771369383320 0.9900265336036682 1364
1771369383368 0.3361088037490845 1365
1771369383413 0.946058452129364 1366
1771369383458 0.48502933979034424 1367
1771369383504 0.6848871111869812 1368
1771369383551 0.5543199181556702 1369
1771369383597 0.8204593062400818 1370
1771369383641 0.9100471138954163 1371
1771369383688 0.31896668672561646 1372
1771369383734 0.8297933340072632 1373
1771369383779 0.593505322933197 1374
1771369383826 0.7156423330307007 1375
1771369383871 0.6577770709991455 1376
1771369383917 0.6821043491363525 1377
1771369383963 0.586440920829773 1378
1771369384009 0.7080705761909485 1379
1771369384054 0.47160378098487854 1380
1771369384102 0.62217777967453 1381
1771369384152 0.677888810634613 1382
1771369384199 0.6977197527885437 1383
1771369384245 0.38331112265586853 1384
1771369384291 0.7187721133232117 1385
1771369384336 0.514223575592041 1386
1771369384383 0.8384606838226318 1387
1771369384430 1.055012822151184 1388
1771369384476 0.9983357191085815 1389
1771369384523 0.4452863335609436 1390
1771369384568 0.836383044719696 1391
1771369384614 0.5772750973701477 1392
1771369384658 0.9288609027862549 1393
1771369384703 0.7799967527389526 1394
1771369384751 0.7404230237007141 1395
1771369384795 0.6188774108886719 1396
1771369384839 0.518221378326416 1397
1771369384883 0.6379039883613586 1398
1771369384928 0.741654634475708 1399
1771369384973 0.5992037653923035 1400
1771369385018 0.5666727423667908 1401
1771369385063 0.7483152151107788 1402
1771369385107 0.6655135750770569 1403
1771369385150 0.7318432331085205 1404
1771369385194 0.5390071272850037 1405
1771369385237 1.0806292295455933 1406
1771369385328 0.579555332660675 1407
1771369385372 0.7918016314506531 1408
1771369385418 0.9752264618873596 1409
1771369385465 0.9273374080657959 1410
1771369385509 0.8852026462554932 1411
1771369385553 0.7414382100105286 1412
1771369385598 0.7254515886306763 1413
1771369385643 0.7499966025352478 1414
1771369385686 0.36028435826301575 1415
1771369385730 0.41321858763694763 1416
1771369385774 0.4603341221809387 1417
1771369385819 0.7711427211761475 1418
1771369385863 0.35202911496162415 1419
1771369385909 0.9699575304985046 1420
1771369385954 0.7343257069587708 1421
1771369385999 0.45132848620414734 1422
1771369386044 0.6543276906013489 1423
1771369386088 0.34378519654273987 1424
1771369386131 0.6488595604896545 1425
1771369386178 0.5715515613555908 1426
1771369386227 0.7376378178596497 1427
1771369386275 0.3288079798221588 1428
1771369386323 0.5258249044418335 1429
1771369386369 0.8201927542686462 1430
1771369386413 0.7514623999595642 1431
1771369386464 0.6504115462303162 1432
1771369386513 0.5125552415847778 1433
1771369386558 0.47203585505485535 1434
1771369386603 0.7840599417686462 1435
1771369386648 0.7022771835327148 1436
1771369386693 0.8257051110267639 1437
1771369386738 1.0697381496429443 1438
1771369386783 0.7626644968986511 1439
1771369386829 0.8756927251815796 1440
1771369386875 0.6160866022109985 1441
1771369386920 0.9289228320121765 1442
1771369386966 0.8425766825675964 1443
1771369387012 0.7715140581130981 1444
1771369387058 0.4471213221549988 1445
1771369387103 0.7160907983779907 1446
1771369387148 0.7145313620567322 1447
1771369387195 0.8079226016998291 1448
1771369387240 1.3479143381118774 1449
1771369387288 0.828400194644928 1450
1771369387336 0.5484485030174255 1451
1771369387383 1.0204726457595825 1452
1771369387429 0.4591929614543915 1453
1771369387477 0.5924627184867859 1454
1771369387525 0.738427460193634 1455
1771369387571 0.8131025433540344 1456
1771369387619 0.5608881115913391 1457
1771369387666 0.6903968453407288 1458
1771369387714 0.4146932065486908 1459
1771369387760 0.7060136198997498 1460
1771369387808 0.34843167662620544 1461
1771369387855 0.5225330591201782 1462
1771369387900 0.7555458545684814 1463
1771369387945 0.7381574511528015 1464
1771369387991 0.5163127779960632 1465
1771369388037 0.4751966893672943 1466
1771369388082 0.27821964025497437 1467
1771369388128 0.6756608486175537 1468
1771369388173 0.569828450679779 1469
1771369388219 0.41778799891471863 1470
1771369388267 0.6471701860427856 1471
1771369388316 0.3032054901123047 1472
1771369388363 0.4689007103443146 1473
1771369388409 0.9966021180152893 1474
1771369388453 0.5340266227722168 1475
1771369388498 1.1743279695510864 1476
1771369388546 0.9781257510185242 1477
1771369388592 0.6331226825714111 1478
1771369388637 0.5845006704330444 1479
1771369388684 0.7445366978645325 1480
1771369388730 0.6358072757720947 1481
1771369388775 0.3180762827396393 1482
1771369388820 0.5962843298912048 1483
1771369388866 0.47851163148880005 1484
1771369388910 0.6331487894058228 1485
1771369388954 0.8647865653038025 1486
1771369389002 0.6306591629981995 1487
1771369389047 0.6412960290908813 1488
1771369389093 0.2259281575679779 1489
1771369389138 0.8895849585533142 1490
1771369389184 0.4800507724285126 1491
1771369389228 0.7431844472885132 1492
1771369389275 0.5131563544273376 1493
1771369389320 0.7907428741455078 1494
1771369389431 0.674300491809845 1495
1771369389477 0.7465270161628723 1496
1771369389526 0.3941258192062378 1497
1771369389572 0.6857666969299316 1498
1771369389619 0.7720381617546082 1499
1771369389665 0.9221324920654297 1500
1771369389710 0.9488779306411743 1501
1771369389755 0.632779598236084 1502
1771369389803 0.5636643171310425 1503
1771369389850 0.6493327617645264 1504
1771369389899 0.8809434771537781 1505
1771369389946 1.1010363101959229 1506
1771369389995 0.5507646203041077 1507
1771369390041 1.0064737796783447 1508
1771369390088 0.5897979736328125 1509
1771369390134 0.5522321462631226 1510
1771369390181 0.9234742522239685 1511
1771369390229 0.6825456619262695 1512
1771369390277 0.9679355025291443 1513
1771369390325 0.5696898698806763 1514
1771369390378 0.8677495121955872 1515
1771369390426 0.6215155124664307 1516
1771369390472 0.5262508988380432 1517
1771369390518 0.71481853723526 1518
1771369390566 0.6391210556030273 1519
1771369390618 0.3636879622936249 1520
1771369390667 0.6842973828315735 1521
1771369390720 0.828816294670105 1522
1771369390766 0.5973119735717773 1523
1771369390815 0.9078202247619629 1524
1771369390862 0.8285105228424072 1525
1771369390910 0.9476577639579773 1526
1771369390963 0.7243542671203613 1527
1771369391012 0.8098182082176208 1528
1771369391060 1.0304934978485107 1529
1771369391107 1.0619761943817139 1530
1771369391154 0.5986599922180176 1531
1771369391208 0.5929751992225647 1532
1771369391267 0.8036614656448364 1533
1771369391320 1.0559418201446533 1534
1771369391368 0.3795475661754608 1535
1771369391417 0.5719102025032043 1536
1771369391467 0.5345777869224548 1537
1771369391515 0.9242117404937744 1538
1771369391585 0.7027326822280884 1539
1771369391633 0.5031052231788635 1540
1771369391680 0.5645344853401184 1541
1771369391728 0.85866379737854 1542
1771369391776 0.7315527200698853 1543
1771369391825 0.5412187576293945 1544
1771369391871 0.7997564077377319 1545
1771369391917 0.6888426542282104 1546
1771369391964 0.7549535632133484 1547
1771369392013 0.6987382173538208 1548
1771369392062 0.959637463092804 1549
1771369392115 1.598321557044983 1550
1771369392163 0.6149997115135193 1551
1771369392214 1.1152279376983643 1552
1771369392263 0.525101363658905 1553
1771369392318 0.7497161030769348 1554
1771369392365 0.6740995645523071 1555
1771369392414 0.37459254264831543 1556
1771369392469 0.4000612199306488 1557
1771369392524 0.6824277639389038 1558
1771369392573 0.25316867232322693 1559
1771369392626 0.699546217918396 1560
1771369392679 0.8815600872039795 1561
1771369392726 1.1922361850738525 1562
1771369392776 0.9342787265777588 1563
1771369392822 0.8269748687744141 1564
1771369392875 1.084383487701416 1565
1771369392921 0.4823033809661865 1566
1771369392967 0.8867978453636169 1567
1771369393084 0.9492601156234741 1568
1771369393135 0.8793454170227051 1569
1771369393182 0.7953164577484131 1570
1771369393233 0.5934392213821411 1571
1771369393281 0.6258178353309631 1572
1771369393333 0.5824678540229797 1573
1771369393379 0.7149896025657654 1574
1771369393426 0.8972923755645752 1575
1771369393473 0.594846248626709 1576
1771369393524 0.6072995662689209 1577
1771369393571 0.5804030299186707 1578
1771369393624 0.8621357083320618 1579
1771369393671 0.9743873476982117 1580
1771369393716 0.9059494137763977 1581
1771369393765 0.8579201698303223 1582
1771369393810 0.9517777562141418 1583
1771369393861 0.8193405270576477 1584
1771369393907 0.9126388430595398 1585
1771369393953 0.6487501859664917 1586
1771369394000 0.6112962365150452 1587
1771369394045 0.568343997001648 1588
1771369394096 0.7736232280731201 1589
1771369394143 0.9448713660240173 1590
1771369394196 0.7085905075073242 1591
1771369394269 0.3649584949016571 1592
1771369394318 0.6847050786018372 1593
1771369394367 0.511687695980072 1594
1771369394413 0.5449992418289185 1595
1771369394459 0.9608502388000488 1596
1771369394515 0.9610071778297424 1597
1771369394565 0.6083635091781616 1598
1771369394615 0.7273220419883728 1599
1771369394666 0.9627453684806824 1600
1771369394711 0.6261621117591858 1601
1771369394756 0.7976956367492676 1602
1771369394800 0.6206421852111816 1603
1771369394845 0.684406578540802 1604
1771369394890 0.6125356554985046 1605
1771369394934 0.813465416431427 1606
1771369394979 1.2928063869476318 1607
1771369395025 0.6132199168205261 1608
1771369395069 1.3509302139282227 1609
1771369395114 0.5546897053718567 1610
1771369395158 0.38136759400367737 1611
1771369395203 0.9296038150787354 1612
1771369395248 0.6235107779502869 1613
1771369395294 1.2817459106445312 1614
1771369395339 0.7817322015762329 1615
1771369395388 0.6212655305862427 1616
1771369395435 0.593356192111969 1617
1771369395480 0.87481689453125 1618
1771369395525 0.6297742128372192 1619
1771369395571 0.5813282132148743 1620
1771369395618 0.44051435589790344 1621
1771369395662 0.6646916270256042 1622
1771369395707 1.2069940567016602 1623
1771369395752 0.6299927830696106 1624
1771369395796 0.5745111703872681 1625
1771369395841 0.5626013278961182 1626
1771369395885 0.35532331466674805 1627
1771369395929 0.38010019063949585 1628
1771369395974 0.8030937314033508 1629
1771369396020 0.5948391556739807 1630
1771369396066 0.9873582124710083 1631
1771369396111 0.6184638142585754 1632
1771369396156 0.918455183506012 1633
1771369396200 0.7397475242614746 1634
1771369396245 1.0253924131393433 1635
1771369396290 1.0547235012054443 1636
1771369396335 0.6830227971076965 1637
1771369396382 0.5131828784942627 1638
1771369396431 0.4766155481338501 1639
1771369396477 0.7843023538589478 1640
1771369396521 0.9735838770866394 1641
1771369396566 1.0452128648757935 1642
1771369396617 0.5309050679206848 1643
1771369396663 0.7658405900001526 1644
1771369396708 0.7476626038551331 1645
1771369396754 0.6361874341964722 1646
1771369396802 0.490012526512146 1647
1771369396859 0.5202165246009827 1648
1771369396906 0.5324157476425171 1649
1771369396951 0.7886756658554077 1650
1771369396998 0.7261149287223816 1651
1771369397044 0.5878545045852661 1652
1771369397090 0.692395031452179 1653
1771369397137 0.4305518865585327 1654
1771369397182 0.4939816892147064 1655
1771369397228 0.3688809275627136 1656
1771369397275 0.6863815188407898 1657
1771369397323 0.6277397274971008 1658
1771369397369 0.4871171712875366 1659
1771369397416 0.6899197101593018 1660
1771369397462 0.9113725423812866 1661
1771369397509 0.649558424949646 1662
1771369397555 0.8988369107246399 1663
1771369397602 0.8508737683296204 1664
1771369397648 0.899200975894928 1665
1771369397696 0.8961009979248047 1666
1771369397745 0.6417967677116394 1667
1771369397793 0.6865503191947937 1668
1771369397841 0.6214860677719116 1669
1771369397888 0.6652004718780518 1670
1771369397935 0.5906902551651001 1671
1771369397981 1.0429490804672241 1672
1771369398028 0.7419773936271667 1673
1771369398076 0.6239477396011353 1674
1771369398122 0.5713006258010864 1675
1771369398169 0.7306314706802368 1676
1771369398217 0.5829669237136841 1677
1771369398267 0.9691997766494751 1678
1771369398315 0.7821620106697083 1679
1771369398363 0.5600650310516357 1680
1771369398410 0.6911041140556335 1681
1771369398458 0.5200225114822388 1682
1771369398505 0.4562212824821472 1683
1771369398553 0.7521845102310181 1684
1771369398599 0.8495574593544006 1685
1771369398646 0.7518483400344849 1686
1771369398700 1.0660037994384766 1687
1771369398748 0.6251077055931091 1688
1771369398794 0.6681016087532043 1689
1771369398841 1.1078410148620605 1690
1771369398888 0.7863156795501709 1691
1771369398934 0.9205904006958008 1692
1771369398981 0.9294659495353699 1693
1771369399027 0.7411677837371826 1694
1771369399074 0.8587065935134888 1695
1771369399121 0.8880420327186584 1696
1771369399168 0.8171484470367432 1697
1771369399214 0.8470325469970703 1698
1771369399261 0.8402466773986816 1699
1771369399308 0.9541284441947937 1700
1771369399356 0.9506333470344543 1701
1771369399403 0.573716938495636 1702
1771369399449 0.7083634734153748 1703
1771369399496 0.8409958481788635 1704
1771369399543 1.1770299673080444 1705
1771369399590 1.4256629943847656 1706
1771369399637 0.7324100136756897 1707
1771369399684 1.3019089698791504 1708
1771369399730 0.2934668958187103 1709
1771369399777 0.9461475610733032 1710
1771369399824 0.6017615795135498 1711
1771369399872 1.1179081201553345 1712
1771369399919 0.8669840693473816 1713
1771369399965 0.8094269633293152 1714
1771369400017 0.6212393045425415 1715
1771369400064 0.7232884168624878 1716
1771369400110 0.7333680987358093 1717
1771369400157 0.31774237751960754 1718
1771369400203 0.6133788228034973 1719
1771369400250 1.030076265335083 1720
1771369400298 0.859054446220398 1721
1771369400346 0.6600865721702576 1722
1771369400393 1.04435396194458 1723
1771369400440 0.6951526999473572 1724
1771369400487 0.331734836101532 1725
1771369400534 0.48147064447402954 1726
1771369400583 0.6115925312042236 1727
1771369400631 0.5725681185722351 1728
1771369400678 0.5521271824836731 1729
1771369400726 1.1584930419921875 1730
1771369400781 0.7224764823913574 1731
1771369400830 0.7775757312774658 1732
1771369400880 0.4622374176979065 1733
1771369400927 0.5077595114707947 1734
1771369400972 0.6941463947296143 1735
1771369401020 0.9734636545181274 1736
1771369401067 0.37965235114097595 1737
1771369401114 0.6769594550132751 1738
1771369401161 0.778326690196991 1739
1771369401208 0.9073575735092163 1740
1771369401256 1.1476253271102905 1741
1771369401304 0.7667705416679382 1742
1771369401353 0.5862564444541931 1743
1771369401402 0.618789553642273 1744
1771369401449 0.8190449476242065 1745
1771369401496 0.6423437595367432 1746
1771369401542 0.5649006962776184 1747
1771369401589 0.6104114651679993 1748
1771369401635 0.7094825506210327 1749
1771369401681 1.176206111907959 1750
1771369401726 1.2839659452438354 1751
1771369401772 0.9053558707237244 1752
1771369401818 0.7331892848014832 1753
1771369401863 0.5538643598556519 1754
1771369401909 0.3181948959827423 1755
1771369401955 0.4716269373893738 1756
1771369402001 0.6610947251319885 1757
1771369402047 0.4843009114265442 1758
1771369402093 0.4073600769042969 1759
1771369402139 0.4658965468406677 1760
1771369402186 0.9410722255706787 1761
1771369402231 1.0081833600997925 1762
1771369402279 0.9225589632987976 1763
1771369402327 0.6768250465393066 1764
1771369402373 0.636714518070221 1765
1771369402421 0.6794536709785461 1766
1771369402467 0.8764256238937378 1767
1771369402514 0.3881281912326813 1768
1771369402561 0.7481991052627563 1769
1771369402609 0.624240517616272 1770
1771369402656 0.5651676654815674 1771
1771369402703 0.8101381659507751 1772
1771369402750 0.615623414516449 1773
1771369402800 0.838488757610321 1774
1771369402853 0.8053661584854126 1775
1771369402907 0.5984188318252563 1776
1771369402957 1.2976938486099243 1777
1771369403005 0.7412971258163452 1778
1771369403053 0.7028030157089233 1779
1771369403101 0.451591819524765 1780
1771369403151 0.6635175347328186 1781
1771369403200 0.5837393403053284 1782
1771369403250 0.7188883423805237 1783
1771369403303 0.9317827820777893 1784
1771369403357 0.6786812543869019 1785
1771369403406 1.21055269241333 1786
1771369403454 0.6673112511634827 1787
1771369403501 0.6355102062225342 1788
1771369403548 0.5378877520561218 1789
1771369403597 0.48618656396865845 1790
1771369403644 0.6524730324745178 1791
1771369403693 0.49025973677635193 1792
1771369403827 1.2438656091690063 1793
1771369403878 0.8714784383773804 1794
1771369403929 0.8897664546966553 1795
1771369403976 0.7933323383331299 1796
1771369404028 0.5161154270172119 1797
1771369404078 0.7048435807228088 1798
1771369404127 0.8394153714179993 1799
1771369404178 1.2397797107696533 1800
1771369404227 0.6071345806121826 1801
1771369404279 0.4674539864063263 1802
1771369404330 0.9491567015647888 1803
1771369404380 0.32532721757888794 1804
1771369404428 0.7157288789749146 1805
1771369404474 0.9043442606925964 1806
1771369404522 0.30054837465286255 1807
1771369404570 1.0306471586227417 1808
1771369404618 0.48415490984916687 1809
1771369404666 0.748871922492981 1810
1771369404712 0.6438828706741333 1811
1771369404760 0.5943024158477783 1812
1771369404806 0.7691194415092468 1813
1771369404856 0.7991251945495605 1814
1771369404906 0.6339454054832458 1815
1771369404958 0.7589489221572876 1816
1771369405006 0.7643991112709045 1817
1771369405054 0.32957130670547485 1818
1771369405103 0.6982231736183167 1819
1771369405152 1.1744568347930908 1820
1771369405201 0.538519561290741 1821
1771369405247 0.6331291198730469 1822
1771369405296 0.7532593011856079 1823
1771369405345 1.0374058485031128 1824
1771369405405 0.8276297450065613 1825
1771369405452 1.1122246980667114 1826
1771369405499 1.046417474746704 1827
1771369405546 0.8313230872154236 1828
1771369405594 0.8963443636894226 1829
1771369405641 0.7203481197357178 1830
1771369405689 0.7091197967529297 1831
1771369405736 0.9020890593528748 1832
1771369405784 0.9189106822013855 1833
1771369405832 0.9083956480026245 1834
1771369405880 0.8412767052650452 1835
1771369405927 0.8151665925979614 1836
1771369405975 0.551791787147522 1837
1771369406024 0.5185522437095642 1838
1771369406072 0.7288898825645447 1839
1771369406119 0.7958227396011353 1840
1771369406168 1.083142638206482 1841
1771369406216 1.282852292060852 1842
1771369406264 0.6269668340682983 1843
1771369406311 0.6563120484352112 1844
1771369406361 0.8896318078041077 1845
1771369406413 0.5855592489242554 1846
1771369406464 0.6834530830383301 1847
1771369406512 0.38318854570388794 1848
1771369406561 0.6503968238830566 1849
1771369406611 0.47934579849243164 1850
1771369406659 0.6164498925209045 1851
1771369406706 0.8954338431358337 1852
1771369406753 0.7405846118927002 1853
1771369406800 1.0134732723236084 1854
1771369406847 0.6356462240219116 1855
1771369406893 0.6153489947319031 1856
1771369406939 0.7934025526046753 1857
1771369406990 0.5440762042999268 1858
1771369407040 0.42662346363067627 1859
1771369407089 0.897261381149292 1860
1771369407136 0.7481575608253479 1861
1771369407182 0.7226874828338623 1862
1771369407231 0.7342219352722168 1863
1771369407279 0.9579172134399414 1864
1771369407326 0.9391500353813171 1865
1771369407373 0.18349412083625793 1866
1771369407419 0.7695293426513672 1867
1771369407465 0.7042461037635803 1868
1771369407581 0.7098762392997742 1869
1771369407629 0.6811663508415222 1870
1771369407674 0.6628991365432739 1871
1771369407721 0.27748748660087585 1872
1771369407767 0.6536858081817627 1873
1771369407814 0.949425458908081 1874
1771369407859 0.6597391366958618 1875
1771369407954 0.4999009668827057 1876
1771369408002 0.5806517004966736 1877
1771369408048 0.8484967350959778 1878
1771369408095 0.7829906344413757 1879
1771369408142 0.4688481390476227 1880
1771369408188 0.6152509450912476 1881
1771369408235 1.1039081811904907 1882
1771369408282 0.8431123495101929 1883
1771369408328 0.5680239796638489 1884
1771369408374 0.43781042098999023 1885
1771369408419 0.7850566506385803 1886
1771369408464 0.4747580289840698 1887
1771369408510 0.7550411224365234 1888
1771369408556 1.206411361694336 1889
1771369408601 0.7106063365936279 1890
1771369408647 0.7047072649002075 1891
1771369408695 0.6569420099258423 1892
1771369408742 0.8829556703567505 1893
1771369408790 0.49516841769218445 1894
1771369408838 0.8351152539253235 1895
1771369408887 0.5812715888023376 1896
1771369408939 0.5856300592422485 1897
1771369408987 0.41303738951683044 1898
1771369409034 0.7557539939880371 1899
1771369409088 0.569701075553894 1900
1771369409137 0.36336180567741394 1901
1771369409185 0.6515171527862549 1902
1771369409234 0.2889440357685089 1903
1771369409282 0.8024064302444458 1904
1771369409330 0.9824239611625671 1905
1771369409378 0.6927955746650696 1906
1771369409426 0.7194916009902954 1907
1771369409473 0.6483696699142456 1908
1771369409520 1.0103566646575928 1909
1771369409569 0.3844400644302368 1910
1771369409616 0.5171211361885071 1911
1771369409665 0.29048019647598267 1912
1771369409714 0.5826990604400635 1913
1771369409761 0.7037051320075989 1914
1771369409809 0.6165484189987183 1915
1771369409857 0.6386902332305908 1916
1771369409904 0.9573105573654175 1917
1771369409953 0.6972914338111877 1918
1771369409999 0.38143596053123474 1919
1771369410047 0.8999160528182983 1920
1771369410096 0.9309640526771545 1921
1771369410145 0.7358318567276001 1922
1771369410194 0.9008562564849854 1923
1771369410241 0.5697113275527954 1924
1771369410290 0.6370457410812378 1925
1771369410338 0.8924298286437988 1926
1771369410386 0.5277906656265259 1927
1771369410435 0.7588851451873779 1928
1771369410483 0.6770260334014893 1929
1771369410531 0.4860020577907562 1930
1771369410578 0.6425601243972778 1931
1771369410625 0.2796768546104431 1932
1771369410672 0.6370625495910645 1933
1771369410721 0.7700126767158508 1934
1771369410769 0.9112021923065186 1935
1771369410817 0.5026857852935791 1936
1771369410868 0.9976098537445068 1937
1771369410916 0.5171646475791931 1938
1771369410964 0.6737549304962158 1939
1771369411013 0.5129097104072571 1940
1771369411061 0.363179087638855 1941
1771369411190 0.6809900999069214 1942
1771369411242 1.1065363883972168 1943
1771369411291 0.7737529873847961 1944
1771369411341 0.5344335436820984 1945
1771369411391 0.5246814489364624 1946
1771369411439 0.5819666981697083 1947
1771369411487 0.7014126181602478 1948
1771369411536 0.7958218455314636 1949
1771369411584 1.1007956266403198 1950
1771369411632 1.0106241703033447 1951
1771369411678 0.5366488695144653 1952
1771369411725 0.7788671255111694 1953
1771369411772 0.5694332122802734 1954
1771369411819 1.5572245121002197 1955
1771369411866 0.6777649521827698 1956
1771369411914 0.755050003528595 1957
1771369411961 0.38259515166282654 1958
1771369412010 0.24544352293014526 1959
1771369412058 0.5808252096176147 1960
1771369412105 0.5335304141044617 1961
1771369412153 0.6021857857704163 1962
1771369412201 0.5533108711242676 1963
1771369412250 0.5314914584159851 1964
1771369412297 0.5581096410751343 1965
1771369412345 0.9069824814796448 1966
1771369412393 0.5516538023948669 1967
1771369412442 0.8717009425163269 1968
1771369412490 0.9475908279418945 1969
1771369412542 0.5613089799880981 1970
1771369412593 0.59641432762146 1971
1771369412644 1.1766160726547241 1972
1771369412694 1.5368139743804932 1973
1771369412743 0.8928442001342773 1974
1771369412792 0.5491009950637817 1975
1771369412841 0.808436930179596 1976
1771369412889 0.9411719441413879 1977
1771369412938 0.7735028266906738 1978
1771369412988 0.5355436205863953 1979
1771369413037 0.5232904553413391 1980
1771369413087 0.8322874307632446 1981
1771369413138 0.36416152119636536 1982
1771369413189 0.41621577739715576 1983
1771369413242 1.0374830961227417 1984
1771369413296 0.5453953742980957 1985
1771369413346 0.8027660846710205 1986
1771369413398 0.6559023857116699 1987
1771369413448 0.4837767779827118 1988
1771369413497 1.0972617864608765 1989
1771369413545 0.9051366448402405 1990
1771369413593 0.5112218260765076 1991
1771369413644 0.8362754583358765 1992
1771369413695 0.5378835797309875 1993
1771369413745 0.3898257911205292 1994
1771369413795 0.5719512701034546 1995
1771369413845 0.2627681493759155 1996
1771369413898 0.6404909491539001 1997
1771369413952 0.6142909526824951 1998
1771369414003 0.6160396337509155 1999
1771369414054 0.590485155582428 2000
1771369414104 0.9759131669998169 2001
1771369414153 0.9745306372642517 2002
1771369414205 0.531661331653595 2003
1771369414256 0.3988734781742096 2004
1771369414304 0.9385660290718079 2005
1771369414354 0.7655878663063049 2006
1771369414406 1.1549679040908813 2007
1771369414457 1.0580881834030151 2008
1771369414505 0.4260615408420563 2009
1771369414554 0.560401201248169 2010
1771369414602 0.9050876498222351 2011
1771369414652 0.5692381262779236 2012
1771369414700 0.8630164265632629 2013
1771369414748 1.3505607843399048 2014
1771369414796 0.31412753462791443 2015
1771369414843 0.8851638436317444 2016
1771369414892 0.6297416090965271 2017
1771369414941 0.7881292104721069 2018
1771369415058 0.7151095867156982 2019
1771369415107 0.4722324013710022 2020
1771369415155 0.6570523977279663 2021
1771369415202 0.9737192988395691 2022
1771369415250 0.6463086009025574 2023
1771369415298 0.5545998811721802 2024
1771369415352 0.30401411652565 2025
1771369415400 0.5659812092781067 2026
1771369415452 0.5752865076065063 2027
1771369415500 0.629080593585968 2028
1771369415548 0.6855895519256592 2029
1771369415594 0.43015560507774353 2030
1771369415647 0.5295882225036621 2031
1771369415696 0.5202306509017944 2032
1771369415745 0.974947988986969 2033
1771369415793 1.0520336627960205 2034
1771369415841 0.7813823819160461 2035
1771369415890 0.5936496257781982 2036
1771369415940 0.545656144618988 2037
1771369415990 0.7046211957931519 2038
1771369416041 0.5172913074493408 2039
1771369416091 0.6820285320281982 2040
1771369416141 0.8962366580963135 2041
1771369416192 0.6186108589172363 2042
1771369416240 0.6936243772506714 2043
1771369416289 0.6563501954078674 2044
1771369416337 0.3861422538757324 2045
1771369416385 0.7330565452575684 2046
1771369416432 0.8496136665344238 2047
1771369416485 0.8756123185157776 2048
1771369416535 0.7443487048149109 2049
1771369416583 0.6397238373756409 2050
1771369416631 0.4861731231212616 2051
1771369416679 0.6028422117233276 2052
1771369416727 0.45222967863082886 2053
1771369416776 1.0565917491912842 2054
1771369416826 1.135257601737976 2055
1771369416873 1.0394668579101562 2056
1771369416921 0.5543856024742126 2057
1771369416970 0.8302736282348633 2058
1771369417018 0.4859185516834259 2059
1771369417068 0.9193206429481506 2060
1771369417120 1.4517420530319214 2061
1771369417170 0.9579933285713196 2062
1771369417220 1.07705557346344 2063
1771369417270 0.817094624042511 2064
1771369417320 0.9734589457511902 2065
1771369417369 0.7614678144454956 2066
1771369417424 0.6299810409545898 2067
1771369417476 0.9806185364723206 2068
1771369417527 0.7505986094474792 2069
1771369417578 0.823486328125 2070
1771369417627 0.7462762594223022 2071
1771369417678 0.5009681582450867 2072
1771369417728 0.5869559049606323 2073
1771369417779 0.9642701148986816 2074
1771369417829 0.9807989597320557 2075
1771369417878 0.8035683035850525 2076
1771369417930 0.7350245714187622 2077
1771369417981 0.8965279459953308 2078
1771369418032 0.57679283618927 2079
1771369418082 0.780447244644165 2080
1771369418133 0.6270581483840942 2081
1771369418184 0.9628921151161194 2082
1771369418233 0.7197147011756897 2083
1771369418282 0.5729156732559204 2084
1771369418330 0.512671709060669 2085
1771369418378 0.7583329677581787 2086
1771369418426 0.6834691762924194 2087
1771369418477 0.5682734251022339 2088
1771369418527 0.4928824007511139 2089
1771369418576 0.830420970916748 2090
1771369418625 0.8172122240066528 2091
1771369418676 1.093139410018921 2092
1771369418725 1.5105091333389282 2093
1771369418774 1.4127753973007202 2094
1771369418909 0.7122671008110046 2095
1771369418964 0.7622759938240051 2096
1771369419016 0.5650651454925537 2097
1771369419068 0.4981483221054077 2098
1771369419117 0.7382826805114746 2099
1771369419166 0.9511983394622803 2100
1771369419216 0.8644776940345764 2101
1771369419265 0.6498090624809265 2102
1771369419316 0.678326427936554 2103
1771369419366 0.731608510017395 2104
1771369419415 0.8772051930427551 2105
1771369419464 0.41823095083236694 2106
1771369419520 0.5483009219169617 2107
1771369419572 0.7218365669250488 2108
1771369419623 0.7228056788444519 2109
1771369419676 0.7633682489395142 2110
1771369419726 0.534428596496582 2111
1771369419777 0.714356005191803 2112
1771369419829 0.8225235342979431 2113
1771369419879 0.7491292953491211 2114
1771369419928 0.7464369535446167 2115
1771369419978 0.7163490056991577 2116
1771369420028 0.5418815016746521 2117
1771369420078 0.5967771410942078 2118
1771369420127 0.6620858311653137 2119
1771369420176 0.6687279343605042 2120
1771369420225 0.9182502031326294 2121
1771369420274 0.7416270971298218 2122
1771369420322 0.8987346887588501 2123
1771369420370 0.8828111290931702 2124
1771369420418 0.5515719056129456 2125
1771369420465 0.9084165692329407 2126
1771369420514 0.5565608739852905 2127
1771369420561 0.6599306464195251 2128
1771369420608 0.6014536023139954 2129
1771369420657 0.286477267742157 2130
1771369420704 0.5704513192176819 2131
1771369420751 0.5665911436080933 2132
1771369420801 0.8460163474082947 2133
1771369420851 1.7393252849578857 2134
1771369420901 1.3602608442306519 2135
1771369420950 0.5365129709243774 2136
1771369420998 0.7485347390174866 2137
1771369421049 0.5929486155509949 2138
1771369421099 0.8315830230712891 2139
1771369421148 0.7512684464454651 2140
1771369421197 0.4595334529876709 2141
1771369421247 0.6488365530967712 2142
1771369421297 0.9327694177627563 2143
1771369421346 0.7974888682365417 2144
1771369421396 0.5202510952949524 2145
1771369421445 0.9855821132659912 2146
1771369421498 0.8868417739868164 2147
1771369421546 0.8766645789146423 2148
1771369421602 0.5426298975944519 2149
1771369421652 0.8448090553283691 2150
1771369421704 1.0889430046081543 2151
1771369421753 1.1272380352020264 2152
1771369421801 0.5057048797607422 2153
1771369421850 0.4927894175052643 2154
1771369421898 0.5816026926040649 2155
1771369421947 0.7473016977310181 2156
1771369421995 0.5400552153587341 2157
1771369422043 0.9384701251983643 2158
1771369422090 0.4908910095691681 2159
1771369422137 0.7878324389457703 2160
1771369422186 0.8170113563537598 2161
1771369422234 0.7884622812271118 2162
1771369422287 0.4631061851978302 2163
1771369422338 0.9930468797683716 2164
1771369422455 1.0786374807357788 2165
1771369422508 0.7833128571510315 2166
1771369422561 0.7656422853469849 2167
1771369422611 0.9319421052932739 2168
1771369422661 0.5732014775276184 2169
1771369422710 0.6192566156387329 2170
1771369422759 0.6958017945289612 2171
1771369422810 0.7356281280517578 2172
1771369422858 0.5987544655799866 2173
1771369422910 0.5211263298988342 2174
1771369422959 0.4895470142364502 2175
1771369423008 1.0748310089111328 2176
1771369423058 1.2854732275009155 2177
1771369423110 0.7853504419326782 2178
1771369423162 0.6468330025672913 2179
1771369423213 0.8756465911865234 2180
1771369423269 0.43391820788383484 2181
1771369423324 1.1527057886123657 2182
1771369423377 0.6788833737373352 2183
1771369423427 0.5348424911499023 2184
1771369423477 0.532421886920929 2185
1771369423526 0.3700333833694458 2186
1771369423575 0.6999560594558716 2187
1771369423624 0.8140063881874084 2188
1771369423680 0.8124647736549377 2189
1771369423730 0.657364547252655 2190
1771369423780 0.7446156740188599 2191
1771369423830 0.4685903787612915 2192
1771369423879 0.7493961453437805 2193
1771369423927 0.726704478263855 2194
1771369423977 0.6570066213607788 2195
1771369424025 0.7426403164863586 2196
1771369424074 0.5090482234954834 2197
1771369424122 0.6259155869483948 2198
1771369424171 0.6573875546455383 2199
1771369424220 0.5377481579780579 2200
1771369424268 0.7736001014709473 2201
1771369424318 0.600508987903595 2202
1771369424366 0.8561556339263916 2203
1771369424418 0.6472565531730652 2204
1771369424466 0.8179739713668823 2205
1771369424513 0.7937067747116089 2206
1771369424561 1.2041916847229004 2207
1771369424610 1.028686285018921 2208
1771369424658 0.5640019178390503 2209
1771369424708 0.3406302034854889 2210
1771369424756 0.3884880244731903 2211
1771369424804 0.5533730983734131 2212
1771369424920 0.3704829216003418 2213
1771369424970 0.9345365166664124 2214
1771369425019 0.5828094482421875 2215
1771369425067 0.3996801972389221 2216
1771369425116 0.25023090839385986 2217
1771369425165 0.8565354347229004 2218
1771369425213 0.7893338799476624 2219
1771369425261 0.7016947865486145 2220
1771369425310 0.6443145275115967 2221
1771369425358 0.6979386806488037 2222
1771369425407 0.6245836615562439 2223
1771369425461 0.40549910068511963 2224
1771369425510 0.7438573837280273 2225
1771369425558 0.6765357255935669 2226
1771369425607 0.5109155774116516 2227
1771369425657 0.4690743088722229 2228
1771369425709 1.0802133083343506 2229
1771369425764 0.8546767830848694 2230
1771369425816 1.2385389804840088 2231
1771369425866 0.6842625737190247 2232
1771369425915 0.7445341944694519 2233
1771369425962 0.9782105088233948 2234
1771369426010 1.028982400894165 2235
1771369426058 1.4877123832702637 2236
1771369426107 0.496013343334198 2237
1771369426155 0.7305163145065308 2238
1771369426203 1.2374740839004517 2239
1771369426251 1.5013638734817505 2240
1771369426300 0.7788297533988953 2241
1771369426348 0.7755424976348877 2242
1771369426397 0.9502541422843933 2243
1771369426448 0.3804328143596649 2244
1771369426504 0.3534981906414032 2245
1771369426555 0.8114663362503052 2246
1771369426606 0.8051842451095581 2247
1771369426657 1.1157491207122803 2248
1771369426709 1.3463413715362549 2249
1771369426761 0.7409043312072754 2250
1771369426812 0.45262977480888367 2251
1771369426939 0.5360341668128967 2252
1771369426993 0.6124299764633179 2253
1771369427043 0.7781637907028198 2254
1771369427094 0.8626155853271484 2255
1771369427145 1.0737354755401611 2256
1771369427195 0.7759292721748352 2257
1771369427246 0.9867826104164124 2258
1771369427298 0.31806010007858276 2259
1771369427348 0.7840366959571838 2260
1771369427398 0.6541736125946045 2261
1771369427446 0.8730466961860657 2262
1771369427499 0.7217968106269836 2263
1771369427548 0.6823607683181763 2264
1771369427599 0.8707804679870605 2265
1771369427650 0.975543737411499 2266
1771369427702 0.8942015171051025 2267
1771369427752 0.6570091843605042 2268
1771369427806 0.8967331051826477 2269
1771369427862 0.8542583584785461 2270
1771369427912 0.34601274132728577 2271
1771369427963 0.4336678981781006 2272
1771369428012 0.7486298084259033 2273
1771369428062 0.5171223878860474 2274
1771369428110 1.1724828481674194 2275
1771369428160 1.1425678730010986 2276
1771369428209 0.6088351607322693 2277
1771369428258 0.9738942980766296 2278
1771369428311 0.46585047245025635 2279
1771369428362 0.9501615166664124 2280
1771369428412 0.897915780544281 2281
1771369428462 0.8966010808944702 2282
1771369428514 0.4811226427555084 2283
1771369428562 0.841307520866394 2284
1771369428612 0.511530876159668 2285
1771369428734 0.851050853729248 2286
1771369428783 0.7685377597808838 2287
1771369428832 0.774315595626831 2288
1771369428881 0.4333063066005707 2289
1771369428928 0.5845873951911926 2290
1771369428975 0.4973684251308441 2291
1771369429023 0.83833909034729 2292
1771369429072 0.8351556658744812 2293
1771369429120 0.875529408454895 2294
1771369429168 0.4619445502758026 2295
1771369429218 0.6465624570846558 2296
1771369429266 0.6063598394393921 2297
1771369429316 0.9395731091499329 2298
1771369429367 0.5470913052558899 2299
1771369429414 1.1323357820510864 2300
1771369429464 0.6982749104499817 2301
1771369429513 0.5250396728515625 2302
1771369429562 0.6479052305221558 2303
1771369429611 0.6514104008674622 2304
1771369429660 0.8179402351379395 2305
1771369429708 0.7547582387924194 2306
1771369429758 1.0515680313110352 2307
1771369429807 0.5910605192184448 2308
1771369429855 0.8109475374221802 2309
1771369429908 0.7901962995529175 2310
1771369429960 0.6438047289848328 2311
1771369430010 0.7853872776031494 2312
1771369430059 0.6850798726081848 2313
1771369430107 0.6669617295265198 2314
1771369430157 0.7939493060112 2315
1771369430206 1.8713746070861816 2316
1771369430254 0.9609346985816956 2317
1771369430303 0.581814169883728 2318
1771369430350 0.689568817615509 2319
1771369430398 0.6829484105110168 2320
1771369430447 0.5328856706619263 2321
1771369430496 0.76239413022995 2322
1771369430545 0.780082643032074 2323
1771369430592 0.8411040306091309 2324
1771369430640 0.8460829854011536 2325
1771369430690 0.6758605241775513 2326
1771369430738 0.8656243681907654 2327
1771369430786 0.936966598033905 2328
1771369430835 0.6407514214515686 2329
1771369430883 0.6242897510528564 2330
1771369430931 0.7651594877243042 2331
1771369430981 0.9654558897018433 2332
1771369431029 0.661258339881897 2333
1771369431077 1.0105540752410889 2334
1771369431124 0.5094648599624634 2335
1771369431173 0.4995878338813782 2336
1771369431222 0.4143151342868805 2337
1771369431270 0.7621648907661438 2338
1771369431320 0.7384068369865417 2339
1771369431371 0.8351213932037354 2340
1771369431421 0.7259089946746826 2341
1771369431471 0.6754894256591797 2342
1771369431520 1.0995981693267822 2343
1771369431566 0.8209697008132935 2344
1771369431672 0.5979806184768677 2345
1771369431726 0.4114138185977936 2346
1771369431776 1.0924444198608398 2347
1771369431827 0.7717600464820862 2348
1771369431876 0.5735291838645935 2349
1771369431927 0.37803715467453003 2350
1771369431980 0.5375101566314697 2351
1771369432035 0.49045440554618835 2352
1771369432086 0.7211788296699524 2353
1771369432136 0.3242138624191284 2354
1771369432185 0.5659736394882202 2355
1771369432234 0.43601903319358826 2356
1771369432284 0.33043912053108215 2357
1771369432334 0.37352558970451355 2358
1771369432385 0.6022472381591797 2359
1771369432440 0.31926003098487854 2360
1771369432495 0.7764724493026733 2361
1771369432553 0.6877688765525818 2362
1771369432611 0.4682154357433319 2363
1771369432668 0.6343336701393127 2364
1771369432726 0.5782935619354248 2365
1771369432788 0.8475572466850281 2366
1771369432849 0.26240769028663635 2367
1771369432905 0.9388489723205566 2368
1771369432956 0.8622291684150696 2369
1771369433008 0.7457149624824524 2370
1771369433059 0.4301283359527588 2371
1771369433109 0.5822334289550781 2372
1771369433160 0.6050722599029541 2373
1771369433212 0.7333009839057922 2374
1771369433265 1.0267894268035889 2375
1771369433317 0.35903769731521606 2376
1771369433369 0.4926731288433075 2377
1771369433429 0.2691604793071747 2378
1771369433483 0.49260151386260986 2379
1771369433537 0.7573162317276001 2380
1771369433594 0.339639276266098 2381
1771369433649 0.19447757303714752 2382
1771369433703 0.7184106707572937 2383
1771369433753 0.44778555631637573 2384
1771369433804 0.6639196276664734 2385
1771369433855 0.7211639881134033 2386
1771369433906 0.5135887265205383 2387
1771369433956 0.8737595677375793 2388
1771369434005 0.5141004920005798 2389
1771369434057 0.6502898335456848 2390
1771369434110 0.6152443289756775 2391
1771369434160 0.5493670105934143 2392
1771369434210 0.7713794708251953 2393
1771369434258 0.6812707781791687 2394
1771369434308 0.7250175476074219 2395
1771369434361 0.5301832556724548 2396
1771369434410 0.9253684282302856 2397
1771369434461 0.9717501997947693 2398
1771369434512 0.5996560454368591 2399
1771369434562 1.1880370378494263 2400
1771369434613 0.6753873229026794 2401
1771369434663 1.017981767654419 2402
1771369434714 0.42460623383522034 2403
1771369434764 0.5918735265731812 2404
1771369434816 0.6074243187904358 2405
1771369434865 0.7613019943237305 2406
1771369434915 0.6544690728187561 2407
1771369434964 0.5966207385063171 2408
1771369435013 0.7257533073425293 2409
1771369435061 0.8575679659843445 2410
1771369435111 0.8489531874656677 2411
1771369435159 0.4452182352542877 2412
1771369435208 0.9855477213859558 2413
1771369435257 0.5898950099945068 2414
1771369435306 0.2644348740577698 2415
1771369435355 0.4697970747947693 2416
1771369435408 0.5868493914604187 2417
1771369435457 0.5992682576179504 2418
1771369435505 0.4897422194480896 2419
1771369435555 0.8873072862625122 2420
1771369435604 0.7026362419128418 2421
1771369435653 0.5482274293899536 2422
1771369435701 0.3184605836868286 2423
1771369435750 0.8817458748817444 2424
1771369435799 0.471250981092453 2425
1771369435847 0.4660301208496094 2426
1771369435896 1.0901519060134888 2427
1771369435946 0.9231052398681641 2428
1771369435995 0.8166882395744324 2429
1771369436043 0.534187376499176 2430
1771369436094 0.5714676380157471 2431
1771369436148 0.7479112148284912 2432
1771369436202 0.6136757135391235 2433
1771369436253 0.6958426833152771 2434
1771369436305 0.7540192008018494 2435
1771369436355 0.7439470291137695 2436
1771369436407 0.9359973669052124 2437
1771369436466 0.6317802667617798 2438
1771369436520 0.703039288520813 2439
1771369436570 0.3643495440483093 2440
1771369436619 0.5230829119682312 2441
1771369436670 0.48324328660964966 2442
1771369436721 0.809948742389679 2443
1771369436770 0.7083070874214172 2444
1771369436820 0.7062947750091553 2445
1771369436868 0.624727189540863 2446
1771369436917 1.4391467571258545 2447
1771369436967 0.5818313956260681 2448
1771369437020 0.5044180154800415 2449
1771369437072 0.4402945339679718 2450
1771369437122 0.8133706450462341 2451
1771369437173 0.8789321184158325 2452
1771369437294 0.5474812984466553 2453
1771369437344 0.7174866199493408 2454
1771369437395 0.5429156422615051 2455
1771369437445 0.7390931248664856 2456
1771369437498 0.4609518051147461 2457
1771369437551 0.6520000696182251 2458
1771369437607 0.4540342688560486 2459
1771369437664 0.7948921918869019 2460
1771369437717 0.7759305834770203 2461
1771369437769 0.7922046780586243 2462
1771369437820 0.673328161239624 2463
1771369437870 0.2955661118030548 2464
1771369437921 0.7917566895484924 2465
1771369437971 0.3129127025604248 2466
1771369438024 0.776675820350647 2467
1771369438075 0.36521482467651367 2468
1771369438126 0.6775267124176025 2469
1771369438176 0.6342585682868958 2470
1771369438230 0.5551610589027405 2471
1771369438282 0.4501723051071167 2472
1771369438333 0.7954516410827637 2473
1771369438383 0.8059107661247253 2474
1771369438432 0.5136400461196899 2475
1771369438482 0.9746485948562622 2476
1771369438531 0.5204916596412659 2477
1771369438582 1.0326592922210693 2478
1771369438632 0.8794938325881958 2479
1771369438685 0.9947859644889832 2480
1771369438737 0.5747502446174622 2481
1771369438788 0.3789520263671875 2482
1771369438841 0.7301721572875977 2483
1771369438894 0.6711929440498352 2484
1771369438947 0.7860488295555115 2485
1771369438998 0.501068115234375 2486
1771369439049 0.6140236258506775 2487
1771369439101 0.7825396060943604 2488
1771369439153 0.556881308555603 2489
1771369439205 0.6751779317855835 2490
1771369439256 1.07875657081604 2491
1771369439309 0.4832531809806824 2492
1771369439360 1.0252685546875 2493
1771369439412 0.6760602593421936 2494
1771369439464 0.7775023579597473 2495
1771369439516 0.6486732363700867 2496
1771369439567 0.36973240971565247 2497
1771369439619 0.6158977746963501 2498
1771369439670 0.6349868774414062 2499
1771369439720 0.3071015477180481 2500
1771369439772 0.6398747563362122 2501
1771369439823 0.2623434364795685 2502
1771369439874 0.6709386706352234 2503
1771369439923 0.7862881422042847 2504
1771369439974 0.6416800022125244 2505
1771369440025 1.0431277751922607 2506
1771369440079 0.5677998661994934 2507
1771369440131 0.35280558466911316 2508
1771369440185 0.5734045505523682 2509
1771369440237 0.463096022605896 2510
1771369440289 0.3222421705722809 2511
1771369440347 0.7183768153190613 2512
1771369440401 0.6527466773986816 2513
1771369440453 0.8620269298553467 2514
1771369440582 0.49054041504859924 2515
1771369440636 0.6327694058418274 2516
1771369440692 0.5524010062217712 2517
1771369440745 0.48568201065063477 2518
1771369440795 0.7418331503868103 2519
1771369440846 0.7310024499893188 2520
1771369440899 0.7395845055580139 2521
1771369440954 0.6498093605041504 2522
1771369441005 0.9206535816192627 2523
1771369441057 0.6427707672119141 2524
1771369441109 1.2087671756744385 2525
1771369441160 0.5373271107673645 2526
1771369441211 0.6048440933227539 2527
1771369441263 0.753170907497406 2528
1771369441314 0.30472201108932495 2529
1771369441364 0.8026763200759888 2530
1771369441416 0.5040866732597351 2531
1771369441467 0.3792106807231903 2532
1771369441517 0.6475269198417664 2533
1771369441566 0.41153332591056824 2534
1771369441615 0.520270049571991 2535
1771369441664 0.7440552711486816 2536
1771369441714 0.6113729476928711 2537
1771369441764 0.3764120042324066 2538
1771369441815 0.26530221104621887 2539
1771369441865 0.5408768057823181 2540
1771369441914 0.7247205376625061 2541
1771369441963 1.1711252927780151 2542
1771369442014 1.2150870561599731 2543
1771369442064 0.7014233469963074 2544
1771369442115 0.5888479948043823 2545
1771369442165 0.9183148741722107 2546
1771369442216 0.5981566905975342 2547
1771369442265 0.4051860272884369 2548
1771369442315 0.49471375346183777 2549
1771369442364 0.6312353014945984 2550
1771369442420 0.984926164150238 2551
1771369442471 0.9208868741989136 2552
1771369442527 0.4417996108531952 2553
1771369442578 0.6183003187179565 2554
1771369442631 0.5698233246803284 2555
1771369442684 0.47737717628479004 2556
1771369442808 0.7924922704696655 2557
1771369442860 0.8956592679023743 2558
1771369442910 0.7092177867889404 2559
1771369442960 0.7253212332725525 2560
1771369443012 0.7954096794128418 2561
1771369443066 0.6430792212486267 2562
1771369443117 0.34967830777168274 2563
1771369443166 0.8100663423538208 2564
1771369443217 0.3252674639225006 2565
1771369443270 0.7438944578170776 2566
1771369443323 0.6459349393844604 2567
1771369443376 0.8017748594284058 2568
1771369443426 0.7600640654563904 2569
1771369443477 0.7651668787002563 2570
1771369443525 0.5228419899940491 2571
1771369443575 0.8911319971084595 2572
1771369443624 1.0258324146270752 2573
1771369443674 0.3733581602573395 2574
1771369443723 0.6219162940979004 2575
1771369443775 0.6709683537483215 2576
1771369443827 0.7332019805908203 2577
1771369443876 0.4127649664878845 2578
1771369443927 0.19767311215400696 2579
1771369443976 0.7870745062828064 2580
1771369444027 0.9373833537101746 2581
1771369444076 1.007663369178772 2582
1771369444127 0.8920162916183472 2583
1771369444177 0.8952298760414124 2584
1771369444227 0.5497261881828308 2585
1771369444277 0.2908022701740265 2586
1771369444327 0.41381242871284485 2587
1771369444379 0.8313319087028503 2588
1771369444431 0.6281366348266602 2589
1771369444485 0.6130453944206238 2590
1771369444538 0.8348890542984009 2591
1771369444588 0.3496333658695221 2592
1771369444639 0.8361589908599854 2593
1771369444688 0.5803655385971069 2594
1771369444737 0.16762548685073853 2595
1771369444786 1.0037959814071655 2596
1771369444836 0.6045347452163696 2597
1771369444886 0.7180836200714111 2598
1771369445002 0.617605447769165 2599
1771369445054 0.6154183149337769 2600
1771369445105 1.000285267829895 2601
1771369445154 0.7731336355209351 2602
1771369445205 0.6664838790893555 2603
1771369445253 1.103391408920288 2604
1771369445306 0.6232719421386719 2605
1771369445356 0.9362053275108337 2606
1771369445409 0.6276651620864868 2607
1771369445462 0.9244762659072876 2608
1771369445513 1.3066760301589966 2609
1771369445564 0.5491840839385986 2610
1771369445616 0.2264866828918457 2611
1771369445667 0.7224167585372925 2612
1771369445719 1.0659410953521729 2613
1771369445770 0.8153926730155945 2614
1771369445821 0.6838485598564148 2615
1771369445873 0.7850984930992126 2616
1771369445924 0.7109951376914978 2617
1771369445976 1.0622003078460693 2618
1771369446028 0.4315762519836426 2619
1771369446079 1.0666234493255615 2620
1771369446131 0.48999831080436707 2621
1771369446182 0.9802176356315613 2622
1771369446233 0.42063385248184204 2623
1771369446284 0.7866842746734619 2624
1771369446335 0.7050148844718933 2625
1771369446386 0.9617537260055542 2626
1771369446438 0.981201708316803 2627
1771369446490 0.9755826592445374 2628
1771369446542 1.1154918670654297 2629
1771369446598 1.1877578496932983 2630
1771369446649 0.7694994211196899 2631
1771369446699 0.6668920516967773 2632
1771369446751 0.7543755769729614 2633
1771369446801 0.7212019562721252 2634
1771369446852 0.5831904411315918 2635
1771369446903 0.4999178349971771 2636
1771369446955 1.1270344257354736 2637
1771369447006 0.7903594970703125 2638
1771369447056 0.8355623483657837 2639
1771369447107 0.423089861869812 2640
1771369447157 0.43762311339378357 2641
1771369447274 0.6585957407951355 2642
1771369447324 0.5141709446907043 2643
1771369447374 0.7462059259414673 2644
1771369447424 0.48712852597236633 2645
1771369447476 0.84024578332901 2646
1771369447527 0.6253896355628967 2647
1771369447578 0.8832970261573792 2648
1771369447629 1.1048405170440674 2649
1771369447682 0.7602869272232056 2650
1771369447733 0.8345272541046143 2651
1771369447785 1.2124484777450562 2652
1771369447838 0.6799520254135132 2653
1771369447890 0.29922014474868774 2654
1771369447942 0.9135320782661438 2655
1771369447994 0.8844181895256042 2656
1771369448045 0.7103301882743835 2657
1771369448097 1.222318172454834 2658
1771369448150 0.7157667875289917 2659
1771369448201 0.40434888005256653 2660
1771369448252 0.5793687105178833 2661
1771369448305 0.6932247877120972 2662
1771369448356 0.7988225817680359 2663
1771369448405 1.3923587799072266 2664
1771369448464 1.2027190923690796 2665
1771369448517 0.4640253782272339 2666
1771369448568 0.5035526752471924 2667
1771369448625 0.7056405544281006 2668
1771369448685 0.5855311155319214 2669
1771369448739 0.9826465249061584 2670
1771369448794 0.3235028088092804 2671
1771369448847 0.6471905708312988 2672
1771369448900 0.742685079574585 2673
1771369448952 1.3616513013839722 2674
1771369449005 0.8260470032691956 2675
1771369449057 0.8038592338562012 2676
1771369449110 0.9441736340522766 2677
1771369449162 0.39859774708747864 2678
1771369449214 1.008192777633667 2679
1771369449266 0.8130030035972595 2680
1771369449318 1.157479166984558 2681
1771369449463 0.998603343963623 2682
1771369449514 1.1945279836654663 2683
1771369449566 0.5236767530441284 2684
1771369449618 0.6704587340354919 2685
1771369449670 1.1770799160003662 2686
1771369449723 0.7642242908477783 2687
1771369449777 0.4806634485721588 2688
1771369449829 0.4680686593055725 2689
1771369449882 1.1388435363769531 2690
1771369449934 0.6729745864868164 2691
1771369449986 0.34361329674720764 2692
1771369450037 0.5164765119552612 2693
1771369450087 0.7885704040527344 2694
1771369450136 0.5700362920761108 2695
1771369450186 0.4814375042915344 2696
1771369450236 0.876368522644043 2697
1771369450289 0.377575546503067 2698
1771369450341 0.769831120967865 2699
1771369450392 0.5543006062507629 2700
1771369450442 0.539723813533783 2701
1771369450493 0.4365538954734802 2702
1771369450544 0.40303242206573486 2703
1771369450594 0.46291303634643555 2704
1771369450644 0.782311201095581 2705
1771369450697 0.504885196685791 2706
1771369450755 0.7749582529067993 2707
1771369450807 0.5932480096817017 2708
1771369450860 0.7192932963371277 2709
1771369450911 0.8397970199584961 2710
1771369450962 0.6376463174819946 2711
1771369451013 0.5963295698165894 2712
1771369451064 0.5719731450080872 2713
1771369451115 0.764733076095581 2714
1771369451166 0.4946952164173126 2715
1771369451215 0.9010370969772339 2716
1771369451267 0.6954715847969055 2717
1771369451319 0.6241229772567749 2718
1771369451370 0.4364897310733795 2719
1771369451422 0.6616106033325195 2720
1771369451472 0.5928937792778015 2721
1771369451524 0.7635742425918579 2722
1771369451574 0.6232519745826721 2723
1771369451691 0.578486442565918 2724
1771369451742 0.6789970993995667 2725
1771369451793 1.1024692058563232 2726
1771369451843 0.6708188056945801 2727
1771369451893 0.36139848828315735 2728
1771369451944 0.8048530220985413 2729
1771369451996 0.399275541305542 2730
1771369452047 0.6597344875335693 2731
1771369452099 1.0169179439544678 2732
1771369452149 1.0155385732650757 2733
1771369452200 0.5696423649787903 2734
1771369452251 0.7750802636146545 2735
1771369452304 0.8006287813186646 2736
1771369452355 1.1340370178222656 2737
1771369452405 1.0795174837112427 2738
1771369452456 1.316684603691101 2739
1771369452508 1.3183459043502808 2740
1771369452560 0.6500184535980225 2741
1771369452612 1.0774940252304077 2742
1771369452665 0.38645705580711365 2743
1771369452717 0.3733210861682892 2744
1771369452772 0.6049681901931763 2745
1771369452831 0.6740548014640808 2746
1771369452885 0.35013052821159363 2747
1771369452939 0.7120562791824341 2748
1771369452991 0.8049643039703369 2749
1771369453045 0.7456014752388 2750
1771369453097 0.6606721878051758 2751
1771369453149 0.8053761124610901 2752
1771369453201 0.6933937072753906 2753
1771369453254 0.8802403211593628 2754
1771369453310 0.8644444942474365 2755
1771369453361 0.3766421377658844 2756
1771369453411 0.6692719459533691 2757
1771369453461 0.23670673370361328 2758
1771369453512 0.8703203797340393 2759
1771369453563 0.5060878992080688 2760
1771369453613 0.6164191365242004 2761
1771369453664 0.6095426082611084 2762
1771369453716 1.2290250062942505 2763
1771369453770 0.9960412383079529 2764
1771369453821 0.6041980385780334 2765
1771369453939 0.9275674819946289 2766
1771369453991 0.523470938205719 2767
1771369454041 1.1042248010635376 2768
1771369454092 0.6639906167984009 2769
1771369454143 0.5605020523071289 2770
1771369454194 0.8891688585281372 2771
1771369454244 0.4027794599533081 2772
1771369454297 1.013536810874939 2773
1771369454350 0.8071212768554688 2774
1771369454401 0.6282746195793152 2775
1771369454452 1.004714846611023 2776
1771369454502 0.7630718946456909 2777
1771369454553 0.5359371304512024 2778
1771369454605 0.49402570724487305 2779
1771369454657 0.9695948958396912 2780
1771369454708 0.6948589086532593 2781
1771369454760 0.7832528352737427 2782
1771369454813 0.6880220770835876 2783
1771369454868 0.6312242746353149 2784
1771369454924 0.3887346386909485 2785
1771369454976 0.6081010699272156 2786
1771369455029 0.5197358131408691 2787
1771369455081 0.824180006980896 2788
1771369455132 0.4845607876777649 2789
1771369455184 0.6124471426010132 2790
1771369455236 0.6073019504547119 2791
1771369455286 0.37200605869293213 2792
1771369455337 0.6211223006248474 2793
1771369455393 0.8829174637794495 2794
1771369455445 0.7046049237251282 2795
1771369455496 0.7235443592071533 2796
1771369455547 0.8958841562271118 2797
1771369455598 0.721157431602478 2798
1771369455650 0.47800421714782715 2799
1771369455700 0.5161062479019165 2800
1771369455750 0.6808204054832458 2801
1771369455803 0.5605490803718567 2802
1771369455855 0.6733163595199585 2803
1771369455906 0.9774336814880371 2804
1771369455957 0.6156681180000305 2805
1771369456074 1.0626521110534668 2806
1771369456125 1.1287864446640015 2807
1771369456177 0.9023440480232239 2808
1771369456228 0.6909481883049011 2809
1771369456279 0.98438560962677 2810
1771369456331 1.114393949508667 2811
1771369456383 1.2533965110778809 2812
1771369456436 0.9542630910873413 2813
1771369456548 0.6667086482048035 2814
1771369456602 0.4997868835926056 2815
1771369456656 0.4054306149482727 2816
1771369456710 0.719713032245636 2817
1771369456762 0.8643739223480225 2818
1771369456813 0.7928624749183655 2819
1771369456865 0.384208083152771 2820
1771369456917 0.8345434665679932 2821
1771369456977 0.5030320882797241 2822
1771369457031 0.7378540635108948 2823
1771369457084 0.5568870306015015 2824
1771369457137 0.3313988149166107 2825
1771369457189 0.9559503793716431 2826
1771369457241 0.656377911567688 2827
1771369457295 0.7077361941337585 2828
1771369457349 0.26043638586997986 2829
1771369457402 0.8936866521835327 2830
1771369457456 0.4982722997665405 2831
1771369457518 0.6489613056182861 2832
1771369457573 0.2597905993461609 2833
1771369457627 0.4477068781852722 2834
1771369457680 0.5733646154403687 2835
1771369457734 0.6496594548225403 2836
1771369457786 0.5891029238700867 2837
1771369457838 0.5438917875289917 2838
1771369457890 0.3304186165332794 2839
1771369457942 0.6128421425819397 2840
1771369457993 0.758793294429779 2841
1771369458115 0.22131307423114777 2842
1771369458168 0.529038667678833 2843
1771369458220 0.6287762522697449 2844
1771369458272 0.7774109840393066 2845
1771369458325 0.7931119799613953 2846
1771369458377 0.7169190049171448 2847
1771369458430 0.3630950450897217 2848
1771369458480 0.8194448947906494 2849
1771369458534 0.864658534526825 2850
1771369458585 0.4950404465198517 2851
1771369458639 0.42043930292129517 2852
1771369458691 0.6956347823143005 2853
1771369458744 0.6142277717590332 2854
1771369458795 0.4323583245277405 2855
1771369458847 0.8084483742713928 2856
1771369458899 0.3575063645839691 2857
1771369458950 0.7053613662719727 2858
1771369459003 0.5295208096504211 2859
1771369459061 1.0094571113586426 2860
1771369459116 0.8374682068824768 2861
1771369459168 0.7146936655044556 2862
1771369459220 0.3732423782348633 2863
1771369459271 0.9863219261169434 2864
1771369459325 0.5668914318084717 2865
1771369459377 0.7293733954429626 2866
1771369459429 0.7636271715164185 2867
1771369459482 0.585586667060852 2868
1771369459535 0.4803682565689087 2869
1771369459587 0.808332622051239 2870
1771369459639 0.4001636207103729 2871
1771369459690 0.7010854482650757 2872
1771369459744 0.5491334795951843 2873
1771369459796 0.6499958634376526 2874
1771369459848 0.5236160755157471 2875
1771369459901 1.3202102184295654 2876
1771369459953 0.7072941660881042 2877
1771369460006 0.823750376701355 2878
1771369460059 0.4438881576061249 2879
1771369460110 0.25251200795173645 2880
1771369460163 0.6613752245903015 2881
1771369460215 0.6522119641304016 2882
1771369460267 0.40327465534210205 2883
1771369460319 0.8816571831703186 2884
1771369460371 0.7743080258369446 2885
1771369460424 0.44309499859809875 2886
1771369460477 0.5206524729728699 2887
1771369460529 1.254746675491333 2888
1771369460582 1.0920354127883911 2889
1771369460706 0.589958131313324 2890
1771369460759 0.9248430728912354 2891
1771369460813 0.6245317459106445 2892
1771369460866 0.5970690250396729 2893
1771369460919 0.21572567522525787 2894
1771369460972 0.3316603899002075 2895
1771369461024 0.8812513947486877 2896
1771369461077 0.8217462301254272 2897
1771369461135 0.6638237833976746 2898
1771369461190 0.947206974029541 2899
1771369461244 0.6375595331192017 2900
1771369461298 0.6822677850723267 2901
1771369461351 0.6483185887336731 2902
1771369461403 0.7076476812362671 2903
1771369461456 0.8024851679801941 2904
1771369461509 0.3620685040950775 2905
1771369461561 0.9035588502883911 2906
1771369461613 1.5106431245803833 2907
1771369461666 1.0480568408966064 2908
1771369461719 0.6013546586036682 2909
1771369461770 0.7830427289009094 2910
1771369461825 1.0325772762298584 2911
1771369461877 0.43781307339668274 2912
1771369461930 0.5914709568023682 2913
1771369461982 1.3067741394042969 2914
1771369462034 0.7858705520629883 2915
1771369462086 0.5958696007728577 2916
1771369462138 0.5124412178993225 2917
1771369462190 0.5861178040504456 2918
1771369462243 0.22864693403244019 2919
1771369462296 0.6873034238815308 2920
1771369462348 0.6116415858268738 2921
1771369462401 0.4688965082168579 2922
1771369462454 0.850417971611023 2923
1771369462516 1.0325406789779663 2924
1771369462572 0.8627983927726746 2925
1771369462627 0.7727166414260864 2926
1771369462751 0.7848972678184509 2927
1771369462802 1.1631933450698853 2928
1771369462855 0.7282623052597046 2929
1771369462907 0.33709806203842163 2930
1771369462958 0.6687146425247192 2931
1771369463011 0.5940077900886536 2932
1771369463064 0.7493161559104919 2933
1771369463117 0.7291261553764343 2934
1771369463169 0.990283727645874 2935
1771369463228 0.7309279441833496 2936
1771369463282 0.8535996079444885 2937
1771369463338 0.6476957201957703 2938
1771369463398 0.5507367849349976 2939
1771369463451 0.7573926448822021 2940
1771369463504 0.9634978175163269 2941
1771369463560 0.7094576954841614 2942
1771369463615 0.37007397413253784 2943
1771369463667 0.8166480660438538 2944
1771369463720 0.6506907343864441 2945
1771369463772 0.40473073720932007 2946
1771369463824 0.7244178652763367 2947
1771369463878 0.5768371224403381 2948
1771369463931 0.6942278146743774 2949
1771369463984 1.1495310068130493 2950
1771369464038 0.5697442293167114 2951
1771369464092 0.8319641351699829 2952
1771369464145 0.4739309847354889 2953
1771369464198 0.4597536623477936 2954
1771369464249 1.2052631378173828 2955
1771369464379 0.4541398584842682 2956
1771369464435 0.5711079239845276 2957
1771369464488 0.1653970181941986 2958
1771369464539 0.5446853041648865 2959
1771369464591 0.5425633788108826 2960
1771369464644 0.7102890610694885 2961
1771369464697 0.5311986804008484 2962
1771369464749 0.6795867681503296 2963
1771369464800 1.1948776245117188 2964
1771369464852 0.7243912220001221 2965
1771369464903 0.3088294565677643 2966
1771369464955 0.7181990146636963 2967
1771369465007 0.7752599120140076 2968
1771369465059 1.2515791654586792 2969
1771369465110 0.6174377799034119 2970
1771369465163 0.3224780857563019 2971
1771369465216 0.8305982947349548 2972
1771369465272 0.4518035650253296 2973
1771369465329 1.0184128284454346 2974
1771369465383 0.7412458062171936 2975
1771369465439 0.5306031107902527 2976
1771369465492 0.6227171421051025 2977
1771369465545 0.5610877871513367 2978
1771369465598 0.6243011355400085 2979
1771369465650 0.6416003704071045 2980
1771369465768 0.7755880951881409 2981
1771369465820 0.9675012230873108 2982
1771369465872 0.5963979959487915 2983
1771369465925 0.5855414271354675 2984
1771369465977 0.5893615484237671 2985
1771369466029 1.1799356937408447 2986
1771369466082 0.4786747097969055 2987
1771369466135 1.0161306858062744 2988
1771369466188 0.7858002781867981 2989
1771369466240 0.6490195989608765 2990
1771369466293 0.5372379422187805 2991
1771369466346 1.0969465970993042 2992
1771369466398 0.5336358547210693 2993
1771369466451 0.6114906072616577 2994
1771369466508 0.7270219922065735 2995
1771369466561 0.6954325437545776 2996
1771369466613 0.2626074254512787 2997
1771369466667 0.780988335609436 2998
1771369466720 0.5039715766906738 2999
1771369466774 0.24632680416107178 3000
1771369466828 0.6027479767799377 3001
1771369466882 0.12845568358898163 3002
1771369466937 0.580016016960144 3003
1771369466991 0.5665692687034607 3004
1771369467044 0.4824756383895874 3005
1771369467096 0.7099888324737549 3006
1771369467148 0.5619498491287231 3007
1771369467201 0.300985187292099 3008
1771369467252 0.6195288896560669 3009
1771369467307 0.6763978600502014 3010
1771369467365 0.7539263963699341 3011
1771369467421 0.6313320398330688 3012
1771369467475 0.8192876577377319 3013
1771369467528 0.7154771089553833 3014
1771369467581 0.6280926465988159 3015
1771369467634 1.16852867603302 3016
1771369467686 0.8047752976417542 3017
1771369467739 1.0224649906158447 3018
1771369467792 0.9807425141334534 3019
1771369467847 0.625170886516571 3020
1771369467901 0.8108927607536316 3021
1771369467954 0.590335488319397 3022
1771369468008 0.9787099361419678 3023
1771369468060 0.5377786755561829 3024
1771369468112 0.7637587189674377 3025
1771369468174 0.9679509401321411 3026
1771369468229 0.6556597352027893 3027
1771369468286 0.4201161861419678 3028
1771369468423 0.4654993414878845 3029
1771369468478 0.34662118554115295 3030
1771369468533 0.4172731041908264 3031
1771369468587 0.6146835684776306 3032
1771369468641 1.0347316265106201 3033
1771369468695 0.58921217918396 3034
1771369468748 0.5086081624031067 3035
1771369468802 0.5880272388458252 3036
1771369468856 0.6987969279289246 3037
1771369468910 0.5570553541183472 3038
1771369468963 0.5484277606010437 3039
1771369469018 0.7664297223091125 3040
1771369469073 0.3956315219402313 3041
1771369469127 0.8022390007972717 3042
1771369469183 0.6700726747512817 3043
1771369469235 0.7247029542922974 3044
1771369469291 0.8044403195381165 3045
1771369469345 0.8493123650550842 3046
1771369469399 0.6770623326301575 3047
1771369469460 0.9284346103668213 3048
1771369469516 1.243994951248169 3049
1771369469569 1.5946379899978638 3050
1771369469623 1.298498272895813 3051
1771369469678 1.0039422512054443 3052
1771369469731 0.9070307016372681 3053
1771369469787 0.49948516488075256 3054
1771369469841 0.32844841480255127 3055
1771369469896 0.6042091250419617 3056
1771369469949 0.6851180195808411 3057
1771369470001 0.9210930466651917 3058
1771369470055 0.8856093883514404 3059
1771369470108 0.9660500288009644 3060
1771369470160 0.4947725236415863 3061
1771369470213 0.9196950793266296 3062
1771369470267 0.9367672801017761 3063
1771369470321 0.9466935396194458 3064
1771369470374 0.6366898417472839 3065
1771369470508 0.8450495004653931 3066
1771369470562 1.3022048473358154 3067
1771369470616 0.6133355498313904 3068
1771369470669 0.6653387546539307 3069
1771369470722 0.6593846678733826 3070
1771369470776 0.757315456867218 3071
1771369470829 0.8298982977867126 3072
1771369470882 0.6938418745994568 3073
1771369470936 0.5766289830207825 3074
1771369470989 1.060590147972107 3075
1771369471043 0.6898385286331177 3076
1771369471096 0.6438062787055969 3077
1771369471149 1.4591854810714722 3078
1771369471202 1.3999444246292114 3079
1771369471255 0.8056108355522156 3080
1771369471309 0.6477842926979065 3081
1771369471362 0.644950270652771 3082
1771369471416 0.8448860049247742 3083
1771369471470 1.0571532249450684 3084
1771369471530 0.34501054883003235 3085
1771369471586 0.6183767914772034 3086
1771369471640 0.712971568107605 3087
1771369471695 0.5474022626876831 3088
1771369471750 0.5995969772338867 3089
1771369471804 0.7080797553062439 3090
1771369471857 0.7011846303939819 3091
1771369471910 0.5697630047798157 3092
1771369471964 0.5832318067550659 3093
1771369472018 1.0435259342193604 3094
1771369472142 0.7828159928321838 3095
1771369472195 0.5152992010116577 3096
1771369472248 0.37183862924575806 3097
1771369472302 0.3770093321800232 3098
1771369472355 0.26588964462280273 3099
1771369472408 0.43368083238601685 3100
1771369472460 0.861024796962738 3101
1771369472515 0.4852697551250458 3102
1771369472571 0.3795563280582428 3103
1771369472629 0.4331216812133789 3104
1771369472684 0.5086698532104492 3105
1771369472738 1.027204155921936 3106
1771369472791 0.7089686393737793 3107
1771369472845 0.525161862373352 3108
1771369472899 1.3638403415679932 3109
1771369472953 0.7183766961097717 3110
1771369473008 1.2258384227752686 3111
1771369473063 0.48624685406684875 3112
1771369473117 0.6097118258476257 3113
1771369473171 0.5781446695327759 3114
1771369473226 0.5252079367637634 3115
1771369473281 1.1240822076797485 3116
1771369473338 0.773905336856842 3117
1771369473395 0.8330850005149841 3118
1771369473447 0.4691929519176483 3119
1771369473578 0.816080629825592 3120
1771369473636 0.36840909719467163 3121
1771369473691 0.9208962321281433 3122
1771369473744 0.29728224873542786 3123
1771369473797 0.5394183397293091 3124
1771369473850 0.7993533611297607 3125
1771369473904 0.8917006254196167 3126
1771369473957 0.6830649375915527 3127
1771369474010 0.8294925093650818 3128
1771369474062 0.9437127113342285 3129
1771369474114 0.73416668176651 3130
1771369474167 0.6537660360336304 3131
1771369474219 0.886587381362915 3132
1771369474271 0.27084869146347046 3133
1771369474324 0.4049668312072754 3134
1771369474379 0.49780210852622986 3135
1771369474435 0.46607187390327454 3136
1771369474487 0.6168152093887329 3137
1771369474540 0.6198306679725647 3138
1771369474593 0.5167966485023499 3139
1771369474646 0.19474123418331146 3140
1771369474700 0.8204155564308167 3141
1771369474755 0.5341190695762634 3142
1771369474808 0.9497790336608887 3143
1771369474861 1.0100208520889282 3144
1771369474982 0.7676889896392822 3145
1771369475035 0.6840609908103943 3146
1771369475091 0.4344586730003357 3147
1771369475145 0.45639878511428833 3148
1771369475199 0.5995802283287048 3149
1771369475254 0.28938472270965576 3150
1771369475309 0.7348220348358154 3151
1771369475363 0.4528729021549225 3152
1771369475421 0.7157611846923828 3153
1771369475475 0.7554981112480164 3154
1771369475528 0.5105603337287903 3155
1771369475582 1.147144079208374 3156
1771369475635 0.6151474118232727 3157
1771369475696 0.7242755889892578 3158
1771369475752 0.9508758187294006 3159
1771369475807 0.5651075839996338 3160
1771369475863 1.282999038696289 3161
1771369475919 0.5285891890525818 3162
1771369475972 0.7531538605690002 3163
1771369476027 1.2127454280853271 3164
1771369476082 1.2879254817962646 3165
1771369476135 0.8073543310165405 3166
1771369476189 0.5663645267486572 3167
1771369476242 1.019242525100708 3168
1771369476367 0.8807872533798218 3169
1771369476422 0.6666781306266785 3170
1771369476482 0.4557533264160156 3171
1771369476537 0.7864320278167725 3172
1771369476590 0.4764021039009094 3173
1771369476644 0.5615820288658142 3174
1771369476699 0.9569610357284546 3175
1771369476753 0.8996827006340027 3176
1771369476807 0.6279241442680359 3177
1771369476862 0.2932511568069458 3178
1771369476916 0.5013771653175354 3179
1771369476970 0.8374135494232178 3180
1771369477024 0.7618001103401184 3181
1771369477077 0.7684573531150818 3182
1771369477131 0.4465986490249634 3183
1771369477185 0.6102728247642517 3184
1771369477240 0.7916725277900696 3185
1771369477294 0.7059526443481445 3186
1771369477348 0.5796537399291992 3187
1771369477402 0.38510435819625854 3188
1771369477456 0.538439154624939 3189
1771369477510 0.6362624168395996 3190
1771369477565 0.7628678679466248 3191
1771369477619 0.5068340301513672 3192
1771369477673 1.4229354858398438 3193
1771369477728 0.4407190680503845 3194
1771369477788 0.5448289513587952 3195
1771369477913 1.3172534704208374 3196
1771369477968 0.689608097076416 3197
1771369478022 0.5108644366264343 3198
1771369478076 0.4885944724082947 3199
1771369478130 0.8402477502822876 3200
1771369478185 0.5093004107475281 3201
1771369478240 0.6265364289283752 3202
1771369478294 0.5997979640960693 3203
1771369478347 1.247348427772522 3204
1771369478402 0.6567729711532593 3205
1771369478458 0.7667442560195923 3206
1771369478514 0.6177354454994202 3207
1771369478569 0.309516578912735 3208
1771369478623 0.7021967768669128 3209
1771369478677 0.5738415718078613 3210
1771369478733 0.4612598717212677 3211
1771369478788 0.5951133966445923 3212
1771369478843 1.5806734561920166 3213
1771369478898 0.40962114930152893 3214
1771369478953 0.6267216205596924 3215
1771369479009 0.6692136526107788 3216
1771369479064 1.0207674503326416 3217
1771369479193 0.8521285057067871 3218
1771369479249 0.8835768699645996 3219
1771369479305 0.7546665668487549 3220
1771369479358 0.4283713102340698 3221
1771369479412 0.5909039378166199 3222
1771369479466 0.5061246156692505 3223
1771369479519 0.5804104208946228 3224
1771369479574 0.49224480986595154 3225
1771369479627 0.531200647354126 3226
1771369479681 0.5606325268745422 3227
1771369479736 0.7171115875244141 3228
1771369479790 0.7926070690155029 3229
1771369479848 1.3051680326461792 3230
1771369479907 0.546049177646637 3231
1771369479962 1.0341941118240356 3232
1771369480016 0.3738399147987366 3233
1771369480070 0.5553345680236816 3234
1771369480123 0.5885772109031677 3235
1771369480177 0.401150643825531 3236
1771369480231 0.57776939868927 3237
1771369480284 0.6732010245323181 3238
1771369480338 1.4206091165542603 3239
1771369480392 0.840393602848053 3240
1771369480446 0.4519401788711548 3241
1771369480498 0.6662116050720215 3242
1771369480551 0.8617814183235168 3243
1771369480605 0.6747886538505554 3244
1771369480657 0.5929811000823975 3245
1771369480710 0.4307839572429657 3246
1771369480762 0.8730311989784241 3247
1771369480815 0.6633148789405823 3248
1771369480868 0.7085363864898682 3249
1771369480921 0.7510040402412415 3250
1771369481050 0.492792546749115 3251
1771369481104 0.3186882436275482 3252
1771369481158 0.4476252496242523 3253
1771369481212 0.3480325937271118 3254
1771369481266 0.49340468645095825 3255
1771369481320 1.030368685722351 3256
1771369481376 1.028316617012024 3257
1771369481431 1.780103087425232 3258
1771369481486 0.6990514397621155 3259
1771369481540 0.8974918127059937 3260
1771369481596 0.9016920924186707 3261
1771369481650 1.4386974573135376 3262
1771369481704 1.301151156425476 3263
1771369481759 0.6217494606971741 3264
1771369481814 1.0249215364456177 3265
1771369481868 0.7180171012878418 3266
1771369481928 0.6340296864509583 3267
1771369481987 0.20961232483386993 3268
1771369482044 0.8850456476211548 3269
1771369482098 0.9213203191757202 3270
1771369482153 0.9065024256706238 3271
1771369482206 1.5840305089950562 3272
1771369482260 0.481563001871109 3273
1771369482314 0.7061654329299927 3274
1771369482368 1.097548246383667 3275
1771369482422 0.6638099551200867 3276
1771369482544 0.6619517803192139 3277
1771369482601 0.7440004944801331 3278
1771369482655 0.3648996949195862 3279
1771369482711 0.623897135257721 3280
1771369482766 0.5065507888793945 3281
1771369482817 1.0351570844650269 3282
1771369482936 0.8174996376037598 3283
1771369482990 0.6249584555625916 3284
1771369483045 0.768663763999939 3285
1771369483098 1.020405650138855 3286
1771369483152 0.6290870904922485 3287
1771369483208 0.7116974592208862 3288
1771369483264 0.6600261330604553 3289
1771369483321 1.2571914196014404 3290
1771369483378 0.9944900870323181 3291
1771369483435 0.3462192118167877 3292
1771369483489 0.8159160614013672 3293
1771369483546 0.3695986568927765 3294
1771369483600 0.5270847082138062 3295
1771369483656 0.43956542015075684 3296
1771369483777 0.8119519948959351 3297
1771369483832 0.542850911617279 3298
1771369483893 0.3801533877849579 3299
1771369483948 0.9376026391983032 3300
1771369484007 0.6166375279426575 3301
1771369484066 0.7799451351165771 3302
1771369484121 0.9509062170982361 3303
1771369484176 0.8994234800338745 3304
1771369484231 0.7832366824150085 3305
1771369484287 0.5853440165519714 3306
1771369484343 0.935198187828064 3307
1771369484396 0.8882886171340942 3308
1771369484456 0.8038652539253235 3309
1771369484512 1.014022707939148 3310
1771369484566 0.3114214837551117 3311
1771369484620 0.6617047786712646 3312
1771369484674 0.2375122308731079 3313
1771369484728 0.4563540518283844 3314
1771369484783 1.1420550346374512 3315
1771369484837 0.6491312384605408 3316
1771369484894 0.921254575252533 3317
1771369484952 0.6508095860481262 3318
1771369485009 1.106569766998291 3319
1771369485064 0.752971351146698 3320
1771369485119 1.1054797172546387 3321
1771369485174 1.0110777616500854 3322
1771369485229 0.821713924407959 3323
1771369485283 0.3032599687576294 3324
1771369485339 0.8084117770195007 3325
1771369485394 0.41956332325935364 3326
1771369485451 0.9910940527915955 3327
1771369485508 1.3282055854797363 3328
1771369485630 0.8708690404891968 3329
1771369485684 1.1059373617172241 3330
1771369485738 0.6125568151473999 3331
1771369485793 1.0531145334243774 3332
1771369485848 0.5352644324302673 3333
1771369485905 0.6848554015159607 3334
1771369485960 0.6695286631584167 3335
1771369486015 0.38712480664253235 3336
1771369486070 1.408563256263733 3337
1771369486133 1.06085205078125 3338
1771369486188 0.6239563822746277 3339
1771369486244 0.5441789627075195 3340
1771369486300 0.8352600932121277 3341
1771369486356 0.3539305627346039 3342
1771369486411 0.5786815881729126 3343
1771369486467 0.6242129802703857 3344
1771369486526 0.20352457463741302 3345
1771369486581 0.28702104091644287 3346
1771369486638 0.5191562175750732 3347
1771369486693 0.7951583862304688 3348
1771369486747 0.3192577660083771 3349
1771369486803 0.7165305018424988 3350
1771369486858 0.2964955270290375 3351
1771369486913 0.44498419761657715 3352
1771369486968 0.650459885597229 3353
1771369487022 0.7832350730895996 3354
1771369487146 0.6734520196914673 3355
1771369487200 0.5853190422058105 3356
1771369487255 0.8996491432189941 3357
1771369487312 0.3567523956298828 3358
1771369487367 1.2771166563034058 3359
1771369487422 0.3605494201183319 3360
1771369487478 0.6561075448989868 3361
1771369487535 0.5772374272346497 3362
1771369487591 0.508003294467926 3363
1771369487647 0.8867944478988647 3364
1771369487703 0.4200706481933594 3365
1771369487758 0.88570237159729 3366
1771369487813 1.1042284965515137 3367
1771369487868 0.6430536508560181 3368
1771369487924 0.4421585500240326 3369
1771369487979 0.4129811227321625 3370
1771369488034 0.42899659276008606 3371
1771369488088 0.7993259429931641 3372
1771369488144 0.7547566294670105 3373
1771369488205 0.39548352360725403 3374
1771369488262 0.408158540725708 3375
1771369488384 0.4093969166278839 3376
1771369488442 1.4039264917373657 3377
1771369488496 1.1197758913040161 3378
1771369488553 1.0065996646881104 3379
1771369488609 0.5411781668663025 3380
1771369488664 1.5156792402267456 3381
1771369488719 0.7015174031257629 3382
1771369488775 0.472353458404541 3383
1771369488830 0.8440336585044861 3384
1771369488891 1.3235853910446167 3385
1771369488947 0.7660344839096069 3386
1771369489010 0.781460702419281 3387
1771369489064 0.7593802809715271 3388
1771369489119 0.22510045766830444 3389
1771369489173 0.7140555381774902 3390
1771369489228 0.8701717257499695 3391
1771369489284 0.20562267303466797 3392
1771369489339 0.40629544854164124 3393
1771369489394 0.5531001687049866 3394
1771369489449 0.7544562220573425 3395
1771369489505 0.7802389860153198 3396
1771369489561 0.6377028822898865 3397
1771369489616 0.3241765797138214 3398
1771369489673 0.8974897861480713 3399
1771369489728 0.5671861171722412 3400
1771369489782 0.4955030381679535 3401
1771369489838 0.6524733901023865 3402
1771369489895 0.9635071158409119 3403
1771369489951 0.9460980892181396 3404
1771369490005 0.371427446603775 3405
1771369490061 0.8967288732528687 3406
1771369490116 0.6880640983581543 3407
1771369490235 0.9941383600234985 3408
1771369490298 0.7583749890327454 3409
1771369490354 0.29012784361839294 3410
1771369490410 0.5856317281723022 3411
1771369490466 0.32385674118995667 3412
1771369490521 1.0875937938690186 3413
1771369490576 1.4705291986465454 3414
1771369490632 0.7332536578178406 3415
1771369490687 1.076776146888733 3416
1771369490742 0.8487518429756165 3417
1771369490797 0.5945451259613037 3418
1771369490852 0.46150028705596924 3419
1771369490908 1.2504736185073853 3420
1771369490967 0.9592289328575134 3421
1771369491022 0.2788146436214447 3422
1771369491078 0.588570773601532 3423
1771369491133 0.3924136459827423 3424
1771369491189 0.4180598855018616 3425
1771369491243 0.6495131254196167 3426
1771369491299 0.39652127027511597 3427
1771369491353 0.49378272891044617 3428
1771369491410 0.6106629967689514 3429
1771369491464 0.5254084467887878 3430
1771369491519 0.9928036332130432 3431
1771369491575 0.6755128502845764 3432
1771369491629 0.5203712582588196 3433
1771369491750 0.5176675319671631 3434
1771369491806 0.4359305799007416 3435
1771369491863 0.8196820616722107 3436
1771369491921 0.2595336139202118 3437
1771369491978 0.23247811198234558 3438
1771369492034 0.21881139278411865 3439
1771369492091 1.1176998615264893 3440
1771369492148 0.9135165214538574 3441
1771369492203 0.39268988370895386 3442
1771369492259 0.7067009210586548 3443
1771369492315 0.4904709458351135 3444
1771369492378 0.7332843542098999 3445
1771369492459 0.6335668563842773 3446
1771369492542 0.5930377840995789 3447
1771369492616 0.6924086809158325 3448
1771369492674 0.7680959701538086 3449
1771369492732 0.24780946969985962 3450
1771369492789 0.35223278403282166 3451
1771369492845 0.9868545532226562 3452
1771369492902 1.2606234550476074 3453
1771369492959 0.359273761510849 3454
1771369493015 0.38059237599372864 3455
1771369493146 0.4759729504585266 3456
1771369493204 0.9464294910430908 3457
1771369493264 0.7101702690124512 3458
1771369493325 0.7752257585525513 3459
1771369493381 0.9938216209411621 3460
1771369493436 0.6447247266769409 3461
1771369493492 0.5292184352874756 3462
1771369493549 0.8686848878860474 3463
1771369493604 0.6104092001914978 3464
1771369493660 0.5341248512268066 3465
1771369493715 0.8517857789993286 3466
1771369493772 0.537446141242981 3467
1771369493828 0.6661567091941833 3468
1771369493883 1.1091822385787964 3469
1771369493939 0.777128279209137 3470
1771369493995 0.5547384023666382 3471
1771369494052 0.3954586088657379 3472
1771369494107 0.29718491435050964 3473
1771369494162 0.418763130903244 3474
1771369494219 0.7913274765014648 3475
1771369494275 1.0466595888137817 3476
1771369494331 0.6843022108078003 3477
1771369494389 0.6031799912452698 3478
1771369494452 0.531914472579956 3479
1771369494509 0.651874303817749 3480
1771369494566 0.6579803228378296 3481
1771369494621 0.7755588293075562 3482
1771369494677 0.7322088479995728 3483
1771369494732 0.48691079020500183 3484
1771369494788 0.49416178464889526 3485
1771369494843 0.8822314739227295 3486
1771369494899 0.5147758722305298 3487
1771369495032 0.7024170756340027 3488
1771369495088 0.7598429918289185 3489
1771369495144 0.7134570479393005 3490
1771369495200 0.9895114302635193 3491
1771369495257 0.6530349850654602 3492
1771369495314 0.4962781071662903 3493
1771369495372 0.6471890807151794 3494
1771369495432 0.7063867449760437 3495
1771369495488 0.7070050835609436 3496
1771369495545 1.0730798244476318 3497
1771369495603 0.278054803609848 3498
1771369495658 0.7978165745735168 3499
1771369495713 0.34727153182029724 3500
1771369495768 0.376803994178772 3501
1771369495824 0.7351366281509399 3502
1771369495880 0.6515727043151855 3503
1771369495935 0.6941814422607422 3504
1771369495990 0.5444536209106445 3505
1771369496045 0.8967824578285217 3506
1771369496100 0.5003153681755066 3507
1771369496154 0.6526632308959961 3508
1771369496210 0.37244486808776855 3509
1771369496265 0.39608100056648254 3510
1771369496321 0.6646475791931152 3511
1771369496375 0.2873849868774414 3512
1771369496435 0.8064155578613281 3513
1771369496496 0.5117102265357971 3514
1771369496557 1.0895951986312866 3515
1771369496614 1.1923795938491821 3516
1771369496671 0.6698253750801086 3517
1771369496726 0.890813410282135 3518
1771369496850 0.6770654320716858 3519
1771369496905 0.8458887934684753 3520
1771369496963 0.7065613865852356 3521
1771369497019 0.6461787819862366 3522
1771369497075 0.46139460802078247 3523
1771369497133 0.44974401593208313 3524
1771369497189 0.5372311472892761 3525
1771369497246 0.6836469173431396 3526
1771369497303 1.0785574913024902 3527
1771369497358 0.9728599190711975 3528
1771369497414 0.43736550211906433 3529
1771369497471 1.0042665004730225 3530
1771369497527 0.5256142616271973 3531
1771369497584 0.6027376651763916 3532
1771369497638 0.9187682271003723 3533
1771369497693 0.7112309336662292 3534
1771369497748 0.6675392985343933 3535
1771369497804 1.0909581184387207 3536
1771369497860 1.2816219329833984 3537
1771369497916 0.6598352789878845 3538
1771369497973 0.58564692735672 3539
1771369498035 0.8503403067588806 3540
1771369498091 0.24327488243579865 3541
1771369498146 0.37999752163887024 3542
1771369498202 1.004016399383545 3543
1771369498259 0.36735668778419495 3544
1771369498317 0.6571033000946045 3545
1771369498460 0.7876365184783936 3546
1771369498518 0.5930507779121399 3547
1771369498574 0.5816459655761719 3548
1771369498638 0.6047255396842957 3549
1771369498696 0.6393765211105347 3550
1771369498754 0.9320266246795654 3551
1771369498810 0.7400555610656738 3552
1771369498866 0.6526027321815491 3553
1771369498923 0.7254650592803955 3554
1771369498979 0.4064461588859558 3555
1771369499035 0.6354710459709167 3556
1771369499090 0.1899823248386383 3557
1771369499146 0.09990941733121872 3558
1771369499202 0.9873455166816711 3559
1771369499258 0.7110397219657898 3560
1771369499314 0.36552631855010986 3561
1771369499369 0.9008504748344421 3562
1771369499425 1.1347354650497437 3563
1771369499481 0.9957064986228943 3564
1771369499538 1.6070489883422852 3565
1771369499660 0.8021183609962463 3566
1771369499716 0.8497692942619324 3567
1771369499773 0.28676140308380127 3568
1771369499829 0.4788588583469391 3569
1771369499885 0.3581157624721527 3570
1771369499941 0.6828743815422058 3571
1771369499997 0.34209293127059937 3572
1771369500055 0.28161513805389404 3573
1771369500111 0.7665395140647888 3574
1771369500167 0.5927910804748535 3575
1771369500223 0.26315364241600037 3576
1771369500280 0.36622360348701477 3577
1771369500339 0.6394616365432739 3578
1771369500397 0.6880673766136169 3579
1771369500454 0.29704365134239197 3580
1771369500510 0.552902340888977 3581
1771369500565 0.608425498008728 3582
1771369500622 0.8589474558830261 3583
1771369500682 0.48102396726608276 3584
1771369500742 1.0761876106262207 3585
1771369500799 0.734454870223999 3586
1771369500856 0.28815779089927673 3587
1771369500913 0.8419417142868042 3588
1771369501035 0.5180049538612366 3589
1771369501090 0.8593748211860657 3590
1771369501147 0.5792971849441528 3591
1771369501204 0.5282589197158813 3592
1771369501262 0.8921830058097839 3593
1771369501318 0.5375432372093201 3594
1771369501374 0.7345682382583618 3595
1771369501431 0.6461173295974731 3596
1771369501487 0.4875946342945099 3597
1771369501546 0.5569210648536682 3598
1771369501604 0.48123762011528015 3599
1771369501660 0.8966159820556641 3600
1771369501717 0.77104252576828 3601
1771369501773 0.38321447372436523 3602
1771369501829 0.5818279981613159 3603
1771369501887 0.7265502214431763 3604
1771369501943 0.25816258788108826 3605
1771369501999 0.5110491514205933 3606
1771369502057 0.7271034717559814 3607
1771369502114 0.3657255172729492 3608
1771369502232 0.2645334005355835 3609
1771369502291 0.7507321238517761 3610
1771369502347 0.6702768206596375 3611
1771369502405 0.5066102743148804 3612
1771369502462 0.6465296149253845 3613
1771369502522 0.7645068764686584 3614
1771369502581 0.28475221991539 3615
1771369502643 0.5992265939712524 3616
1771369502702 0.5889315605163574 3617
1771369502767 0.48795610666275024 3618
1771369502828 0.698723316192627 3619
1771369502887 0.6412519812583923 3620
1771369502945 0.7057433128356934 3621
1771369503005 0.4707159101963043 3622
1771369503064 0.3008524477481842 3623
1771369503122 0.694208562374115 3624
1771369503181 1.2919245958328247 3625
1771369503239 0.564432680606842 3626
1771369503300 1.5395234823226929 3627
1771369503361 0.8462846875190735 3628
1771369503420 0.9139919281005859 3629
1771369503479 0.7455430030822754 3630
1771369503536 0.8504546284675598 3631
1771369503593 1.0434647798538208 3632
1771369503719 0.597469687461853 3633
1771369503777 0.7816164493560791 3634
1771369503835 1.2315198183059692 3635
1771369503895 0.5692141056060791 3636
1771369503952 0.7115068435668945 3637
1771369504012 0.25180813670158386 3638
1771369504072 0.6934763193130493 3639
1771369504130 1.0283583402633667 3640
1771369504187 0.6425924301147461 3641
1771369504245 0.46959343552589417 3642
1771369504302 0.2685651183128357 3643
1771369504360 0.48933205008506775 3644
1771369504421 1.105664849281311 3645
1771369504480 0.45252880454063416 3646
1771369504540 0.5063669681549072 3647
1771369504598 0.6137176752090454 3648
1771369504656 0.3758293092250824 3649
1771369504712 0.8874475955963135 3650
1771369504769 0.6333690881729126 3651
1771369504831 0.7824920415878296 3652
1771369504893 0.8656859397888184 3653
1771369505018 0.2671756148338318 3654
1771369505075 0.8000990152359009 3655
1771369505130 0.49377328157424927 3656
1771369505189 0.700638473033905 3657
1771369505245 0.6294391751289368 3658
1771369505305 1.068087100982666 3659
1771369505363 1.0809900760650635 3660
1771369505422 0.6937456130981445 3661
1771369505483 0.4424128532409668 3662
1771369505540 1.1272978782653809 3663
1771369505597 0.6742332577705383 3664
1771369505654 1.2145636081695557 3665
1771369505710 0.6887803673744202 3666
1771369505767 1.1251779794692993 3667
1771369505822 0.9709265232086182 3668
1771369505879 0.8349835872650146 3669
1771369505935 0.6992412805557251 3670
1771369505994 0.7266401648521423 3671
1771369506052 0.511791467666626 3672
1771369506108 0.5941561460494995 3673
1771369506164 0.5076493620872498 3674
1771369506222 0.639997124671936 3675
1771369506279 1.0155538320541382 3676
1771369506337 0.6693089008331299 3677
1771369506461 0.47705280780792236 3678
1771369506521 1.0013577938079834 3679
1771369506579 0.2510397136211395 3680
1771369506636 0.8767735362052917 3681
1771369506693 0.7916668653488159 3682
1771369506751 0.4229675531387329 3683
1771369506808 1.0125658512115479 3684
1771369506866 0.8594011068344116 3685
1771369506928 0.9256138205528259 3686
1771369506989 0.6469385623931885 3687
1771369507048 0.7252333760261536 3688
1771369507105 0.613018810749054 3689
1771369507163 0.45593857765197754 3690
1771369507223 0.8121591210365295 3691
1771369507281 1.0795718431472778 3692
1771369507338 0.4003054201602936 3693
1771369507396 0.6518553495407104 3694
1771369507453 0.49349579215049744 3695
1771369507511 0.4307536780834198 3696
1771369507569 0.7308586239814758 3697
1771369507692 0.4959961175918579 3698
1771369507749 0.8825845122337341 3699
1771369507805 0.7782416343688965 3700
1771369507862 0.8060383796691895 3701
1771369507920 0.9116618633270264 3702
1771369507979 0.7838465571403503 3703
1771369508035 0.8279305696487427 3704
1771369508093 0.5799813270568848 3705
1771369508152 0.9178234934806824 3706
1771369508211 0.691870391368866 3707
1771369508270 0.5558615326881409 3708
1771369508329 0.6470635533332825 3709
1771369508387 0.8575837016105652 3710
1771369508445 0.3558554947376251 3711
1771369508503 0.5867817997932434 3712
1771369508560 0.40195828676223755 3713
1771369508616 0.7436614632606506 3714
1771369508673 1.1741937398910522 3715
1771369508730 0.7754003405570984 3716
1771369508786 0.6840118765830994 3717
1771369508844 0.5287625789642334 3718
1771369508902 0.746857225894928 3719
1771369508959 0.5817906856536865 3720
1771369509023 0.7558085918426514 3721
1771369509152 0.39002031087875366 3722
1771369509211 0.3740881383419037 3723
1771369509268 0.631445050239563 3724
1771369509324 0.6906508803367615 3725
1771369509381 0.4399805963039398 3726
1771369509439 0.4950539171695709 3727
1771369509498 0.6911990642547607 3728
1771369509555 0.7804030776023865 3729
1771369509612 0.7524235248565674 3730
1771369509669 0.3966202437877655 3731
1771369509726 0.20958741009235382 3732
1771369509784 0.9385607838630676 3733
1771369509841 0.6200594305992126 3734
1771369509897 0.9338290095329285 3735
1771369509955 0.9879595637321472 3736
1771369510014 0.8459851145744324 3737
1771369510072 0.43552327156066895 3738
1771369510130 0.6583439707756042 3739
1771369510186 0.8596701622009277 3740
1771369510242 0.3015442192554474 3741
1771369510303 0.9936553835868835 3742
1771369510429 0.34473034739494324 3743
1771369510487 0.44245895743370056 3744
1771369510544 0.5725399851799011 3745
1771369510601 0.5415717363357544 3746
1771369510658 0.8471704721450806 3747
1771369510715 0.6922103762626648 3748
1771369510771 0.2572253346443176 3749
1771369510830 0.36778682470321655 3750
1771369510887 0.24216152727603912 3751
1771369511015 0.6294838190078735 3752
1771369511076 1.0637469291687012 3753
1771369511137 0.6758605241775513 3754
1771369511197 0.8281187415122986 3755
1771369511255 1.0744194984436035 3756
1771369511312 0.6140633225440979 3757
1771369511394 0.6551442742347717 3758
1771369511453 0.6154503226280212 3759
1771369511510 0.7430779337882996 3760
1771369511566 0.7875088453292847 3761
1771369511623 0.6951301693916321 3762
1771369511679 0.2196909487247467 3763
1771369511736 0.5297353863716125 3764
1771369511861 0.7981446385383606 3765
1771369511920 0.5476093888282776 3766
1771369511980 0.8021105527877808 3767
1771369512038 0.8746246695518494 3768
1771369512095 0.38293641805648804 3769
1771369512153 0.4984031021595001 3770
1771369512210 0.24498601257801056 3771
1771369512267 0.5890364050865173 3772
1771369512323 0.833159863948822 3773
1771369512380 1.0037925243377686 3774
1771369512437 0.47271817922592163 3775
1771369512493 0.6052500009536743 3776
1771369512555 0.6865647435188293 3777
1771369512615 0.4368688464164734 3778
1771369512675 0.8161807656288147 3779
1771369512736 0.5086863040924072 3780
1771369512795 0.3295922875404358 3781
1771369512854 0.5203477740287781 3782
1771369512912 0.5815617442131042 3783
1771369512971 0.4814363420009613 3784
1771369513098 0.7150068283081055 3785
1771369513160 0.43745526671409607 3786
1771369513224 0.23670229315757751 3787
1771369513283 0.8030707240104675 3788
1771369513344 0.43280550837516785 3789
1771369513405 0.6808358430862427 3790
1771369513463 0.1454676240682602 3791
1771369513520 0.7723758816719055 3792
1771369513577 0.7104054689407349 3793
1771369513635 0.735945463180542 3794
1771369513692 0.8601041436195374 3795
1771369513750 0.21114085614681244 3796
1771369513807 0.5200408697128296 3797
1771369513863 0.2945960462093353 3798
1771369513920 1.1357614994049072 3799
1771369513979 1.0016635656356812 3800
1771369514035 1.4929028749465942 3801
1771369514092 1.2894787788391113 3802
1771369514151 0.6269937753677368 3803
1771369514207 0.6952977180480957 3804
1771369514265 0.5762998461723328 3805
1771369514323 0.9676873683929443 3806
1771369514381 0.8821846842765808 3807
1771369514440 0.7044653296470642 3808
1771369514573 0.6759263873100281 3809
1771369514634 0.717015266418457 3810
1771369514694 0.9088909029960632 3811
1771369514753 1.156901478767395 3812
1771369514810 0.3908675014972687 3813
1771369514866 0.7287534475326538 3814
1771369514924 0.39639919996261597 3815
1771369514981 0.7506105899810791 3816
1771369515039 0.21640288829803467 3817
1771369515097 1.0795408487319946 3818
1771369515154 0.8251884579658508 3819
1771369515213 0.9360602498054504 3820
1771369515278 0.35755860805511475 3821
1771369515341 1.0416994094848633 3822
1771369515401 0.5483604669570923 3823
1771369515465 0.23425814509391785 3824
1771369515526 0.7924360632896423 3825
1771369515585 1.057973027229309 3826
1771369515649 0.5890885591506958 3827
1771369515707 0.2720251679420471 3828
1771369515766 0.7650614380836487 3829
1771369515893 0.43462228775024414 3830
1771369515951 0.395140677690506 3831
1771369516012 0.4495316445827484 3832
1771369516074 0.4739997386932373 3833
1771369516133 0.6242414116859436 3834
1771369516192 0.6715348958969116 3835
1771369516253 0.7122932076454163 3836
1771369516311 0.3575287163257599 3837
1771369516370 0.6085036993026733 3838
1771369516427 0.21539077162742615 3839
1771369516489 0.9824225902557373 3840
1771369516550 1.606376051902771 3841
1771369516609 0.684174120426178 3842
1771369516669 0.6297363042831421 3843
1771369516727 0.7781007289886475 3844
1771369516786 0.9067928791046143 3845
1771369516845 0.5098018050193787 3846
1771369516906 0.8406497240066528 3847
1771369516972 0.6939324736595154 3848
1771369517033 0.7986543774604797 3849
1771369517158 1.082156777381897 3850
1771369517219 0.9720779657363892 3851
1771369517279 1.0231332778930664 3852
1771369517343 0.7471706867218018 3853
1771369517405 0.3818577229976654 3854
1771369517463 0.5800521969795227 3855
1771369517521 0.9179754853248596 3856
1771369517579 0.49140962958335876 3857
1771369517636 0.3326413333415985 3858
1771369517694 0.6257373094558716 3859
1771369517751 0.7421356439590454 3860
1771369517808 0.8939910531044006 3861
1771369517867 0.7976834177970886 3862
1771369517926 0.634194552898407 3863
1771369517984 0.4674724042415619 3864
1771369518042 0.5406008362770081 3865
1771369518099 0.5511195063591003 3866
1771369518156 0.3960374593734741 3867
1771369518213 0.7863032221794128 3868
1771369518270 0.4342327415943146 3869
1771369518405 0.8237466216087341 3870
1771369518461 0.5573734641075134 3871
1771369518517 0.7782797813415527 3872
1771369518574 0.6161893010139465 3873
1771369518630 0.6338157653808594 3874
1771369518687 0.5298642516136169 3875
1771369518744 0.8240168690681458 3876
1771369518801 0.40423622727394104 3877
1771369518857 0.5612819194793701 3878
1771369518914 0.7079881429672241 3879
1771369518972 1.0218204259872437 3880
1771369519030 0.5201029181480408 3881
1771369519087 0.7832419276237488 3882
1771369519144 0.9791730046272278 3883
1771369519202 0.5199565291404724 3884
1771369519259 0.4452695846557617 3885
1771369519317 0.5566873550415039 3886
1771369519375 0.45531564950942993 3887
1771369519440 0.5638060569763184 3888
1771369519566 0.9514766335487366 3889
1771369519622 1.0036066770553589 3890
1771369519680 1.2122825384140015 3891
1771369519738 1.258236050605774 3892
1771369519794 0.8574011325836182 3893
1771369519851 0.6815460920333862 3894
1771369519909 0.481828898191452 3895
1771369519967 0.5341069102287292 3896
1771369520023 0.3847871720790863 3897
1771369520080 0.8973953723907471 3898
1771369520136 0.6563873887062073 3899
1771369520194 1.2376304864883423 3900
1771369520251 0.562402069568634 3901
1771369520309 0.7120816707611084 3902
1771369520367 0.2899141311645508 3903
1771369520425 0.9890713691711426 3904
1771369520483 1.1930665969848633 3905
1771369520541 0.4365817606449127 3906
1771369520661 0.831076443195343 3907
1771369520722 0.6557779908180237 3908
1771369520778 0.46529141068458557 3909
1771369520835 0.41343048214912415 3910
1771369520893 0.8728903532028198 3911
1771369520950 0.7669193148612976 3912
1771369521009 0.38971614837646484 3913
1771369521068 0.5848433375358582 3914
1771369521127 0.6380887031555176 3915
1771369521187 0.9320653080940247 3916
1771369521246 1.0492193698883057 3917
1771369521304 0.7040730118751526 3918
1771369521363 0.22881975769996643 3919
1771369521420 0.6489132642745972 3920
1771369521481 0.26841360330581665 3921
1771369521547 0.6663113236427307 3922
1771369521608 0.39950284361839294 3923
1771369521668 0.5824611783027649 3924
1771369521800 0.6383568644523621 3925
1771369521856 1.4144028425216675 3926
1771369521914 0.42625680565834045 3927
1771369521972 0.4556525647640228 3928
1771369522033 0.4417892098426819 3929
1771369522090 0.29685845971107483 3930
1771369522148 0.26869139075279236 3931
1771369522206 0.5473540425300598 3932
1771369522264 0.9658966064453125 3933
1771369522323 0.48685020208358765 3934
1771369522381 0.551326334476471 3935
1771369522439 0.4973066449165344 3936
1771369522497 0.5944419503211975 3937
1771369522560 0.9261961579322815 3938
1771369522618 0.536859393119812 3939
1771369522677 0.9473931789398193 3940
1771369522737 0.44262000918388367 3941
1771369522869 0.30607378482818604 3942
1771369522930 0.5067074298858643 3943
1771369522991 0.5711198449134827 3944
1771369523050 0.4514203667640686 3945
1771369523109 0.43674203753471375 3946
1771369523169 0.8592682480812073 3947
1771369523226 0.7607962489128113 3948
1771369523286 0.573340892791748 3949
1771369523348 0.6295180320739746 3950
1771369523408 0.7673827409744263 3951
1771369523468 0.8329893946647644 3952
1771369523526 1.3154798746109009 3953
1771369523588 0.8790920376777649 3954
1771369523652 0.7201871275901794 3955
1771369523711 0.3632045090198517 3956
1771369523770 0.2949225902557373 3957
1771369523829 0.6981824040412903 3958
1771369523888 0.5194923281669617 3959
1771369524023 0.33121803402900696 3960
1771369524082 0.7335710525512695 3961
1771369524141 0.27057769894599915 3962
1771369524200 0.31308773159980774 3963
1771369524258 0.642685055732727 3964
1771369524318 1.1995265483856201 3965
1771369524374 0.8410053849220276 3966
1771369524435 1.01674485206604 3967
1771369524494 0.7128612995147705 3968
1771369524552 0.8403292894363403 3969
1771369524609 0.7608863711357117 3970
1771369524668 0.6614708304405212 3971
1771369524727 1.106492280960083 3972
1771369524786 0.9498295187950134 3973
1771369524843 0.38988998532295227 3974
1771369524901 0.4266745150089264 3975
1771369524960 0.6418430209159851 3976
1771369525083 0.6542665362358093 3977
1771369525142 0.4653967320919037 3978
1771369525199 0.5520337224006653 3979
1771369525258 0.5801693201065063 3980
1771369525317 0.5075246095657349 3981
1771369525375 0.7476872801780701 3982
1771369525431 0.7733534574508667 3983
1771369525492 0.43105772137641907 3984
1771369525549 1.0004502534866333 3985
1771369525607 0.8344214558601379 3986
1771369525672 0.30857187509536743 3987
1771369525734 0.45517057180404663 3988
1771369525817 0.614048957824707 3989
1771369525885 0.8799445033073425 3990
1771369525943 0.6306877136230469 3991
1771369526001 0.32605037093162537 3992
1771369526060 0.5200605392456055 3993
1771369526121 0.18261021375656128 3994
1771369526246 0.3746524453163147 3995
1771369526303 0.5031455755233765 3996
1771369526363 0.6028953194618225 3997
1771369526421 0.5174991488456726 3998
1771369526481 0.3971617519855499 3999
1771369526545 0.796253502368927 4000
1771369526605 0.5437358021736145 4001
1771369526664 0.9709591865539551 4002
1771369526723 0.48634371161460876 4003
1771369526782 0.7785475850105286 4004
1771369526839 0.932186484336853 4005
1771369526897 0.5495879650115967 4006
1771369526956 0.8794689178466797 4007
1771369527017 1.055737853050232 4008
1771369527079 0.5837802886962891 4009
1771369527138 0.600197434425354 4010
1771369527197 0.39935213327407837 4011
1771369527328 0.48832303285598755 4012
1771369527389 0.3849453330039978 4013
1771369527447 0.44198817014694214 4014
1771369527504 0.30504336953163147 4015
1771369527563 0.7648630142211914 4016
1771369527620 0.935465931892395 4017
1771369527681 0.5459355115890503 4018
1771369527747 0.6340503096580505 4019
1771369527806 1.0612077713012695 4020
1771369527864 0.490251749753952 4021
1771369527923 1.2043447494506836 4022
1771369527982 0.9984542727470398 4023
1771369528040 0.7310137152671814 4024
1771369528098 0.6236446499824524 4025
1771369528156 0.16069504618644714 4026
1771369528213 0.9898945093154907 4027
1771369528272 0.7012266516685486 4028
1771369528330 0.7892345786094666 4029
1771369528454 0.4872627854347229 4030
1771369528514 0.6523065567016602 4031
1771369528573 0.7092449069023132 4032
1771369528632 0.12785102427005768 4033
1771369528692 0.6363694071769714 4034
1771369528750 0.8606842160224915 4035
1771369528808 0.8299577236175537 4036
1771369528868 0.6995173692703247 4037
1771369528926 0.7589045166969299 4038
1771369528984 0.44180044531822205 4039
1771369529042 0.7085171937942505 4040
1771369529100 0.712011992931366 4041
1771369529158 0.44507601857185364 4042
1771369529216 0.6651310920715332 4043
1771369529274 0.42543837428092957 4044
1771369529331 0.2898246943950653 4045
1771369529389 1.24006187915802 4046
1771369529507 0.7456338405609131 4047
1771369529566 0.44432568550109863 4048
1771369529624 1.1042344570159912 4049
1771369529682 0.8203611373901367 4050
1771369529743 0.7713196873664856 4051
1771369529807 0.617926836013794 4052
1771369529870 0.45708295702934265 4053
1771369529931 0.8795166611671448 4054
1771369529989 0.85285484790802 4055
1771369530047 0.6591152548789978 4056
1771369530106 0.7584092617034912 4057
1771369530168 0.7813408374786377 4058
1771369530226 0.8276916146278381 4059
1771369530287 0.5205512642860413 4060
1771369530345 0.6080827116966248 4061
1771369530404 0.2931143343448639 4062
1771369530465 0.7199915051460266 4063
1771369530524 0.3471564054489136 4064
1771369530650 0.3710583448410034 4065
1771369530712 0.9958962202072144 4066
1771369530772 0.31711843609809875 4067
1771369530832 0.712766706943512 4068
1771369530896 0.31071460247039795 4069
1771369530958 0.5141423344612122 4070
1771369531017 0.5243027210235596 4071
1771369531077 1.0404366254806519 4072
1771369531137 0.6529232263565063 4073
1771369531196 1.0095409154891968 4074
1771369531255 0.65107661485672 4075
1771369531315 0.8703473806381226 4076
1771369531374 0.8436498045921326 4077
1771369531432 0.6389504671096802 4078
1771369531490 0.7116450667381287 4079
1771369531548 0.723445475101471 4080
1771369531607 0.5070363283157349 4081
1771369531728 0.9570480585098267 4082
1771369531789 0.40523749589920044 4083
1771369531849 0.5527100563049316 4084
1771369531915 0.4967961311340332 4085
1771369531976 0.4207581877708435 4086
1771369532037 0.6633136868476868 4087
1771369532097 0.5921523571014404 4088
1771369532156 0.5863747000694275 4089
1771369532215 0.5107218027114868 4090
1771369532276 0.8848803043365479 4091
1771369532336 0.8224184513092041 4092
1771369532394 1.4092992544174194 4093
1771369532452 0.3894849419593811 4094
1771369532513 0.8700529932975769 4095
1771369532574 0.8564960956573486 4096
1771369532635 0.6895081400871277 4097
1771369532695 0.9577040076255798 4098
1771369532758 0.560812771320343 4099
1771369532886 0.40077510476112366 4100
1771369532945 0.15138757228851318 4101
1771369533006 0.5757546424865723 4102
1771369533067 0.5110105276107788 4103
1771369533129 0.6734970211982727 4104
1771369533190 0.47539767622947693 4105
1771369533250 0.2984643876552582 4106
1771369533309 0.49509045481681824 4107
1771369533372 0.9217471480369568 4108
1771369533433 0.20775127410888672 4109
1771369533493 0.9592015743255615 4110
1771369533553 0.877142071723938 4111
1771369533612 0.5595054030418396 4112
1771369533672 0.8961185812950134 4113
1771369533733 0.2552223801612854 4114
1771369533792 0.5820127129554749 4115
1771369533851 0.7353741526603699 4116
1771369533982 0.38723990321159363 4117
1771369534048 0.9746362566947937 4118
1771369534109 0.8553508520126343 4119
1771369534170 0.9568486213684082 4120
1771369534233 0.8124995231628418 4121
1771369534293 0.45165112614631653 4122
1771369534353 0.37614455819129944 4123
1771369534415 0.5546871423721313 4124
1771369534475 0.4734061658382416 4125
1771369534535 0.7119925618171692 4126
1771369534593 0.5858817100524902 4127
1771369534652 0.9621762037277222 4128
1771369534713 0.7307234406471252 4129
1771369534772 0.7172906994819641 4130
1771369534832 0.6870293021202087 4131
1771369534892 0.8080218434333801 4132
1771369534956 0.7404501438140869 4133
1771369535017 0.9532979726791382 4134
1771369535145 0.23910585045814514 4135
1771369535208 0.47107264399528503 4136
1771369535269 0.8640123009681702 4137
1771369535329 0.8129413723945618 4138
1771369535388 0.8109455108642578 4139
1771369535446 0.5473014712333679 4140
1771369535507 0.6580174565315247 4141
1771369535568 0.6576441526412964 4142
1771369535628 0.6027514934539795 4143
1771369535688 0.5081652402877808 4144
1771369535751 0.4760560989379883 4145
1771369535810 0.5233646631240845 4146
1771369535871 0.3465345501899719 4147
1771369535931 0.5861218571662903 4148
1771369535992 0.5851268768310547 4149
1771369536058 0.18380770087242126 4150
1771369536119 0.7174270749092102 4151
1771369536247 0.9818316102027893 4152
1771369536311 0.772537112236023 4153
1771369536370 0.6689420342445374 4154
1771369536428 0.8113810420036316 4155
1771369536487 0.3614690899848938 4156
1771369536546 0.9662813544273376 4157
1771369536604 0.48087361454963684 4158
1771369536664 0.8016089200973511 4159
1771369536722 0.3912599980831146 4160
1771369536781 0.8550711870193481 4161
1771369536839 0.9470228552818298 4162
1771369536901 0.4545474648475647 4163
1771369536960 1.4686193466186523 4164
1771369537018 1.607240080833435 4165
1771369537077 0.4526293873786926 4166
1771369537135 0.9267297983169556 4167
1771369537193 0.3989369571208954 4168
1771369537252 0.4241928160190582 4169
1771369537376 0.37676119804382324 4170
1771369537434 0.7261866927146912 4171
1771369537492 0.9739203453063965 4172
1771369537552 0.5692886114120483 4173
1771369537610 0.524878203868866 4174
1771369537669 0.5495134592056274 4175
1771369537727 1.50570547580719 4176
1771369537786 1.2723236083984375 4177
1771369537845 0.5471307635307312 4178
1771369537904 0.6246328353881836 4179
1771369537962 0.4418860971927643 4180
1771369538024 0.47558167576789856 4181
1771369538082 0.6292255520820618 4182
1771369538148 0.8178001642227173 4183
1771369538208 0.5828096866607666 4184
1771369538268 0.6197629570960999 4185
1771369538328 0.7357198596000671 4186
1771369538388 0.25028085708618164 4187
1771369538514 0.41352176666259766 4188
1771369538573 1.0264780521392822 4189
1771369538633 0.3958527445793152 4190
1771369538693 0.9232630133628845 4191
1771369538752 0.7594440579414368 4192
1771369538812 0.5865184664726257 4193
1771369538870 0.6031010746955872 4194
1771369538929 1.2585217952728271 4195
1771369538989 0.7961184978485107 4196
1771369539048 0.9444104433059692 4197
1771369539108 0.8314318656921387 4198
1771369539168 0.4794970452785492 4199
1771369539231 0.3616151511669159 4200
1771369539293 0.6749483942985535 4201
1771369539354 0.6264486312866211 4202
1771369539414 0.23395121097564697 4203
1771369539473 0.7335035800933838 4204
1771369539532 0.931843101978302 4205
1771369539662 0.507729709148407 4206
1771369539723 1.2205274105072021 4207
1771369539783 1.0022205114364624 4208
1771369539843 1.047824740409851 4209
1771369539902 0.654453456401825 4210
1771369539962 1.2029606103897095 4211
1771369540021 0.5162031650543213 4212
1771369540082 0.7445675730705261 4213
1771369540142 0.7288231253623962 4214
1771369540204 1.0762736797332764 4215
1771369540268 0.4838657081127167 4216
1771369540328 0.5936141610145569 4217
1771369540388 0.6588075160980225 4218
1771369540449 0.7741407155990601 4219
1771369540511 0.6795029044151306 4220
1771369540646 0.6708840727806091 4221
1771369540772 0.7547956705093384 4222
1771369540833 0.09862003475427628 4223
1771369540895 0.9110908508300781 4224
1771369540957 0.39103513956069946 4225
1771369541017 0.439515084028244 4226
1771369541079 0.8088759779930115 4227
1771369541139 0.35760870575904846 4228
1771369541198 0.6852514147758484 4229
1771369541260 0.39458754658699036 4230
1771369541319 0.47538065910339355 4231
1771369541381 0.5015151500701904 4232
1771369541441 0.12954528629779816 4233
1771369541502 0.46595078706741333 4234
1771369541566 0.4877324402332306 4235
1771369541629 0.708331286907196 4236
1771369541691 0.6431179642677307 4237
1771369541750 0.6188638806343079 4238
1771369541812 0.7018533945083618 4239
1771369541873 1.01300048828125 4240
1771369541934 0.45968934893608093 4241
1771369541996 0.4405241310596466 4242
1771369542121 0.43246933817863464 4243
1771369542182 0.36691656708717346 4244
1771369542242 0.6366603374481201 4245
1771369542309 0.14843489229679108 4246
1771369542372 0.39032694697380066 4247
1771369542434 0.31553345918655396 4248
1771369542493 0.6857139468193054 4249
1771369542558 0.7806358337402344 4250
1771369542625 0.7847583293914795 4251
1771369542691 1.2665479183197021 4252
1771369542756 0.6009427309036255 4253
1771369542820 0.9873934388160706 4254
1771369542881 1.4108493328094482 4255
1771369542944 1.0011074542999268 4256
1771369543009 0.30994826555252075 4257
1771369543073 0.42111119627952576 4258
1771369543138 0.5473490357398987 4259
1771369543200 0.691813588142395 4260
1771369543261 0.6840781569480896 4261
1771369543323 0.48761627078056335 4262
1771369543454 0.189479261636734 4263
1771369543516 0.5938883423805237 4264
1771369543580 0.25725311040878296 4265
1771369543643 0.20145587623119354 4266
1771369543707 0.5525110960006714 4267
1771369543770 0.6598279476165771 4268
1771369543833 0.36686381697654724 4269
1771369543896 0.9903807044029236 4270
1771369543959 0.32874199748039246 4271
1771369544023 0.724456250667572 4272
1771369544087 0.3463992178440094 4273
1771369544153 0.9023768305778503 4274
1771369544211 0.6583394408226013 4275
1771369544273 0.6709796190261841 4276
1771369544335 0.9138545989990234 4277
1771369544401 0.4430341124534607 4278
1771369544525 1.1705256700515747 4279
1771369544589 1.078122615814209 4280
1771369544649 0.1918753683567047 4281
1771369544710 0.850801408290863 4282
1771369544771 0.9280775189399719 4283
1771369544833 0.5638635754585266 4284
1771369544896 0.7903866171836853 4285
1771369544960 0.83323734998703 4286
1771369545021 0.8824313282966614 4287
1771369545082 0.4476093053817749 4288
1771369545149 1.1963139772415161 4289
1771369545214 0.6538363099098206 4290
1771369545278 1.0297574996948242 4291
1771369545339 1.26376211643219 4292
1771369545403 0.7078948616981506 4293
1771369545528 0.5440592765808105 4294
1771369545591 0.47573256492614746 4295
1771369545652 0.646700918674469 4296
1771369545714 0.46895161271095276 4297
1771369545779 0.6562260985374451 4298
1771369545842 0.6423454284667969 4299
1771369545905 0.5644882321357727 4300
1771369545969 0.4926087260246277 4301
1771369546031 0.6641096472740173 4302
1771369546095 0.5916545987129211 4303
1771369546161 0.4402123689651489 4304
1771369546229 0.6154879927635193 4305
1771369546355 0.7635254859924316 4306
1771369546420 0.7496212124824524 4307
1771369546486 0.8100720047950745 4308
1771369546550 0.4700193405151367 4309
1771369546616 0.509851336479187 4310
1771369546677 0.37598785758018494 4311
1771369546740 0.5685930848121643 4312
1771369546804 0.6226463317871094 4313
1771369546867 0.52955561876297 4314
1771369546930 0.37867996096611023 4315
1771369546992 0.3297888934612274 4316
1771369547055 0.6011792421340942 4317
1771369547179 0.6226430535316467 4318
1771369547242 0.4221481680870056 4319
1771369547305 0.7454122304916382 4320
1771369547367 1.2253406047821045 4321
1771369547431 0.33896270394325256 4322
1771369547494 0.6810682415962219 4323
1771369547562 0.8102031946182251 4324
1771369547627 0.5708730816841125 4325
1771369547691 0.48644670844078064 4326
1771369547754 0.9114377498626709 4327
1771369547902 1.168761968612671 4328
1771369547965 0.4393288791179657 4329
1771369548029 0.31772497296333313 4330
1771369548093 0.8396264910697937 4331
1771369548154 0.7942171692848206 4332
1771369548214 0.9130048751831055 4333
1771369548274 0.7739505767822266 4334
1771369548337 0.9436058402061462 4335
1771369548398 0.5778574347496033 4336
1771369548523 0.4569338858127594 4337
1771369548588 0.4569442868232727 4338
1771369548649 0.6071626543998718 4339
1771369548710 0.6731656789779663 4340
1771369548772 0.45135125517845154 4341
1771369548833 0.8281328678131104 4342
1771369548896 0.4553724229335785 4343
1771369548959 0.847572922706604 4344
1771369549021 0.9089792966842651 4345
1771369549147 0.4827815592288971 4346
1771369549212 0.5834586024284363 4347
1771369549274 0.35133111476898193 4348
1771369549337 0.618901789188385 4349
1771369549398 0.18378715217113495 4350
1771369549462 1.0296374559402466 4351
1771369549545 0.7296450734138489 4352
1771369549608 1.1456836462020874 4353
1771369549676 1.1904611587524414 4354
1771369549737 0.5389768481254578 4355
1771369549802 0.6212850213050842 4356
1771369549862 0.746634840965271 4357
1771369549927 0.5053299069404602 4358
1771369549988 0.5915236473083496 4359
1771369550059 0.8449766039848328 4360
1771369550127 0.5095080733299255 4361
1771369550206 0.59803706407547 4362
1771369550268 0.4178088307380676 4363
1771369550332 0.5389192700386047 4364
1771369550393 0.1888253092765808 4365
1771369550463 0.6505112051963806 4366
1771369550528 0.6691747903823853 4367
1771369550591 0.8350345492362976 4368
1771369550657 0.5693821907043457 4369
1771369550719 0.4722420573234558 4370
1771369550785 0.7094779014587402 4371
1771369550859 0.5440933704376221 4372
1771369550924 0.7878627777099609 4373
1771369550987 0.6495711803436279 4374
1771369551049 0.8104512691497803 4375
1771369551119 0.3823360204696655 4376
1771369551185 0.6502919793128967 4377
1771369551247 0.8046446442604065 4378
1771369551310 0.5156817436218262 4379
1771369551376 0.6462017297744751 4380
1771369551436 0.6460675001144409 4381
1771369551497 0.5647679567337036 4382
1771369551557 0.7439667582511902 4383
1771369551628 0.8422459363937378 4384
1771369551692 0.4584709703922272 4385
1771369551757 0.9056954979896545 4386
1771369551824 0.5516020059585571 4387
1771369551886 1.0846781730651855 4388
1771369551945 0.44852232933044434 4389
1771369552011 0.4297710955142975 4390
1771369552101 0.6463626623153687 4391
1771369552164 0.2914447486400604 4392
1771369552235 0.43025749921798706 4393
1771369552297 1.1053032875061035 4394
1771369552363 0.3831641376018524 4395
1771369552430 0.3758576214313507 4396
1771369552499 0.4665248394012451 4397
1771369552566 0.5008691549301147 4398
1771369552634 0.5391814708709717 4399
1771369552734 1.1165117025375366 4400
1771369552801 0.702944278717041 4401
1771369552862 0.5136921405792236 4402
1771369552925 0.3770456612110138 4403
1771369552987 0.6944337487220764 4404
1771369553219 0.7296968102455139 4405
1771369553286 0.39201223850250244 4406
1771369553349 0.7070973515510559 4407
1771369553418 0.7319062948226929 4408
1771369553482 0.6707227826118469 4409
1771369553546 0.20848935842514038 4410
1771369553614 1.121016502380371 4411
1771369553681 1.2034580707550049 4412
1771369553745 0.7533295750617981 4413
1771369553817 1.0357614755630493 4414
1771369553889 1.2239372730255127 4415
1771369553958 0.9046826958656311 4416
1771369554022 1.0183805227279663 4417
1771369554084 1.1186378002166748 4418
1771369554152 0.6637772917747498 4419
1771369554215 0.8251696825027466 4420
1771369554279 1.030015468597412 4421
1771369554344 0.5436549782752991 4422
1771369554409 0.5751237869262695 4423
1771369554474 0.7414851784706116 4424
1771369554573 0.6390465497970581 4425
1771369554766 0.7763223052024841 4426
1771369554836 0.21350792050361633 4427
1771369554901 0.6474176049232483 4428
1771369554965 0.8569643497467041 4429
1771369555030 0.7688456773757935 4430
1771369555101 0.6688704490661621 4431
1771369555173 0.39064455032348633 4432
1771369555311 0.6120465993881226 4433
1771369555373 1.2152104377746582 4434
1771369555437 0.9760962724685669 4435
1771369555504 0.8421803712844849 4436
1771369555569 0.5152170658111572 4437
1771369555631 0.5002208352088928 4438
1771369555696 0.13794337213039398 4439
1771369555759 0.28453895449638367 4440
1771369555825 0.6847623586654663 4441
1771369555890 0.3600214421749115 4442
1771369555951 0.6278648972511292 4443
1771369556014 0.47180843353271484 4444
1771369556076 0.7485594153404236 4445
1771369556137 0.7261059284210205 4446
1771369556198 0.48961323499679565 4447
1771369556259 0.4544379711151123 4448
1771369556322 0.5979400277137756 4449
1771369556384 0.5809816718101501 4450
1771369556446 0.9653912782669067 4451
1771369556514 0.7295307517051697 4452
1771369556579 0.6509161591529846 4453
1771369556641 0.675102710723877 4454
1771369556704 0.4274105727672577 4455
1771369556765 0.697769284248352 4456
1771369556828 0.769268810749054 4457
1771369556893 0.7724881768226624 4458
1771369556954 0.6240318417549133 4459
1771369557017 0.8460444808006287 4460
1771369557081 0.5407012701034546 4461
1771369557145 0.7256494760513306 4462
1771369557211 0.999687910079956 4463
1771369557273 0.7410716414451599 4464
1771369557336 0.38975998759269714 4465
1771369557397 0.15606245398521423 4466
1771369557459 0.756514847278595 4467
1771369557520 0.8268312215805054 4468
1771369557581 0.23649923503398895 4469
1771369557642 0.4616783559322357 4470
1771369557704 0.5783372521400452 4471
1771369557765 0.7585911750793457 4472
1771369557826 0.7429869771003723 4473
1771369557886 0.852260947227478 4474
1771369557948 0.49215179681777954 4475
1771369558009 0.9671876430511475 4476
1771369558072 0.8107555508613586 4477
1771369558135 0.5435675978660583 4478
1771369558269 0.5368704199790955 4479
1771369558335 0.3476976156234741 4480
1771369558398 0.6340657472610474 4481
1771369558462 0.6916948556900024 4482
1771369558527 1.003454327583313 4483
1771369558591 1.1745401620864868 4484
1771369558655 0.6763129830360413 4485
1771369558718 0.49222925305366516 4486
1771369558780 0.4509531557559967 4487
1771369558843 0.13891208171844482 4488
1771369558907 0.8507415056228638 4489
1771369558974 0.5705671310424805 4490
1771369559037 0.7104846835136414 4491
1771369559099 0.8136232495307922 4492
1771369559162 0.6967705488204956 4493
1771369559225 0.6746711730957031 4494
1771369559287 0.89732426404953 4495
1771369559348 0.8732585906982422 4496
1771369559410 0.3786693215370178 4497
1771369559473 0.3158155083656311 4498
1771369559536 0.5919995903968811 4499
1771369559600 0.8186442255973816 4500
1771369559664 0.9235833287239075 4501
1771369559727 0.2872229218482971 4502
1771369559789 0.8198737502098083 4503
1771369559852 0.7842415571212769 4504
1771369559916 0.6589469313621521 4505
1771369559978 0.5188443064689636 4506
1771369560040 0.504518985748291 4507
1771369560103 0.1610899567604065 4508
1771369560166 0.8616814017295837 4509
1771369560227 0.5151352882385254 4510
1771369560354 0.9791668653488159 4511
1771369560420 0.6266708970069885 4512
1771369560483 0.6431323289871216 4513
1771369560547 0.8176611661911011 4514
1771369560609 0.5704534649848938 4515
1771369560672 0.6709775328636169 4516
1771369560734 0.7783613801002502 4517
1771369560796 0.779064416885376 4518
1771369560858 0.4434780478477478 4519
1771369560919 0.7179551124572754 4520
1771369560981 0.8265222907066345 4521
1771369561047 0.33395808935165405 4522
1771369561109 0.8326740264892578 4523
1771369561172 0.7757793664932251 4524
1771369561235 0.8340794444084167 4525
1771369561298 1.3131120204925537 4526
1771369561359 1.31438410282135 4527
1771369561422 0.8247097134590149 4528
1771369561484 0.456367164850235 4529
1771369561546 0.6279472708702087 4530
1771369561607 1.002880334854126 4531
1771369561667 0.834627091884613 4532
1771369561731 0.4250890612602234 4533
1771369561794 0.3304078280925751 4534
1771369561859 1.3064854145050049 4535
1771369561987 1.0879453420639038 4536
1771369562050 0.30349287390708923 4537
1771369562115 0.8509715795516968 4538
1771369562178 1.016515851020813 4539
1771369562241 0.7801976799964905 4540
1771369562306 0.4389382600784302 4541
1771369562370 0.9610898494720459 4542
1771369562432 0.8514501452445984 4543
1771369562496 0.5241079926490784 4544
1771369562564 0.8001387715339661 4545
1771369562631 0.9219316244125366 4546
1771369562697 0.6820920705795288 4547
1771369562761 0.33627378940582275 4548
1771369562823 0.28805944323539734 4549
1771369562885 0.36505478620529175 4550
1771369562949 0.6308268308639526 4551
1771369563013 1.8376778364181519 4552
1771369563079 1.4085711240768433 4553
1771369563149 0.1818818598985672 4554
1771369563214 0.3840152323246002 4555
1771369563280 1.1008127927780151 4556
1771369563346 0.8838481307029724 4557
1771369563412 0.5283635258674622 4558
1771369563477 0.08533630520105362 4559
1771369563610 0.4002225697040558 4560
1771369563676 0.6816813349723816 4561
1771369563740 0.37995344400405884 4562
1771369563804 0.9458728432655334 4563
1771369563867 1.4410048723220825 4564
1771369563932 0.8545303344726562 4565
1771369563993 0.9045318365097046 4566
1771369564055 0.3573147654533386 4567
1771369564118 1.3498250246047974 4568
1771369564180 1.378926396369934 4569
1771369564243 0.5283350348472595 4570
1771369564307 0.38919496536254883 4571
1771369564372 0.6990368962287903 4572
1771369564438 0.39261487126350403 4573
1771369564502 0.4343630373477936 4574
1771369564567 0.9607961773872375 4575
1771369564631 1.4108314514160156 4576
1771369564693 0.25869426131248474 4577
1771369564757 0.6114357113838196 4578
1771369564821 1.172582745552063 4579
1771369564884 0.37384384870529175 4580
1771369564946 0.7833124995231628 4581
1771369565010 0.7240613102912903 4582
1771369565075 1.0479469299316406 4583
1771369565206 0.736288845539093 4584
1771369565269 1.1048402786254883 4585
1771369565333 0.6198206543922424 4586
1771369565397 0.915361762046814 4587
1771369565464 0.6955148577690125 4588
1771369565525 1.0899451971054077 4589
1771369565588 1.2208815813064575 4590
1771369565651 0.4595102071762085 4591
1771369565714 0.6696741580963135 4592
1771369565777 0.6522161364555359 4593
1771369565839 0.5988414883613586 4594
1771369565903 0.27642345428466797 4595
1771369565967 0.2861782908439636 4596
1771369566030 0.557955265045166 4597
1771369566094 0.8934663534164429 4598
1771369566223 0.3386807441711426 4599
1771369566286 0.7203161120414734 4600
1771369566350 0.5396002531051636 4601
1771369566412 0.829235851764679 4602
1771369566481 0.6553226113319397 4603
1771369566545 0.5164708495140076 4604
1771369566610 1.0008571147918701 4605
1771369566673 0.6623638272285461 4606
1771369566738 0.9675678014755249 4607
1771369566802 0.9767135381698608 4608
1771369566867 0.7507649660110474 4609
1771369566931 0.465251624584198 4610
1771369566997 0.615405261516571 4611
1771369567061 0.5174954533576965 4612
1771369567189 0.6971632242202759 4613
1771369567258 0.8592743277549744 4614
1771369567324 0.7468737959861755 4615
1771369567391 0.5281972289085388 4616
1771369567457 0.23293079435825348 4617
1771369567523 0.7689567804336548 4618
1771369567591 0.6242227554321289 4619
1771369567657 1.0537132024765015 4620
1771369567724 0.5614444613456726 4621
1771369567789 0.3406428396701813 4622
1771369567856 0.8274446725845337 4623
1771369567922 0.5569542646408081 4624
1771369567990 0.9915445446968079 4625
1771369568121 0.3948045074939728 4626
1771369568187 0.8721656799316406 4627
1771369568255 0.7922065258026123 4628
1771369568325 1.0150964260101318 4629
1771369568392 0.9348284602165222 4630
1771369568460 0.8999338746070862 4631
1771369568527 0.343253493309021 4632
1771369568594 0.8169137239456177 4633
1771369568660 0.8935422301292419 4634
1771369568727 0.4048134386539459 4635
1771369568792 0.23932097852230072 4636
1771369568856 1.2569572925567627 4637
1771369568924 0.998603343963623 4638
1771369569062 0.44249850511550903 4639
1771369569127 0.7265682816505432 4640
1771369569192 0.6837453246116638 4641
1771369569260 0.3122822940349579 4642
1771369569326 0.8578233122825623 4643
1771369569393 0.6152840256690979 4644
1771369569460 0.43659815192222595 4645
1771369569526 0.3232211172580719 4646
1771369569594 0.5061267614364624 4647
1771369569661 0.6035726070404053 4648
1771369569726 0.5421587824821472 4649
1771369569794 1.1990628242492676 4650
1771369569862 0.5128930807113647 4651
1771369569993 0.8709203600883484 4652
1771369570062 0.18306604027748108 4653
1771369570130 0.7067283391952515 4654
1771369570200 1.0091885328292847 4655
1771369570269 0.9128331542015076 4656
1771369570335 1.0066403150558472 4657
1771369570401 0.7534196376800537 4658
1771369570468 0.34038954973220825 4659
1771369570536 0.8692619800567627 4660
1771369570603 0.7275623679161072 4661
1771369570666 0.4850516617298126 4662
1771369570732 0.37722715735435486 4663
1771369570797 0.5520456433296204 4664
1771369570934 0.5564180612564087 4665
1771369570999 0.5383530259132385 4666
1771369571063 0.9698378443717957 4667
1771369571128 0.6931677460670471 4668
1771369571197 0.6893784999847412 4669
1771369571265 0.6014772057533264 4670
1771369571332 0.6918675899505615 4671
1771369571402 0.38946351408958435 4672
1771369571469 0.5957670211791992 4673
1771369571535 0.6468251347541809 4674
1771369571599 1.481416940689087 4675
1771369571660 0.5364930629730225 4676
1771369571723 0.5680348873138428 4677
1771369571859 0.6153814196586609 4678
1771369571924 0.6332583427429199 4679
1771369571987 0.598847508430481 4680
1771369572050 0.3308113217353821 4681
1771369572114 0.6775671243667603 4682
1771369572178 0.5125707983970642 4683
1771369572240 0.40504190325737 4684
1771369572302 0.7179312109947205 4685
1771369572366 0.27713415026664734 4686
1771369572428 0.8647096753120422 4687
1771369572491 0.46606123447418213 4688
1771369572557 1.0091534852981567 4689
1771369572777 0.5052146315574646 4690
1771369572842 0.49741658568382263 4691
1771369572905 0.23982465267181396 4692
1771369572969 1.0203837156295776 4693
1771369573050 0.2802785336971283 4694
1771369573113 1.1922098398208618 4695
1771369573178 0.6728826761245728 4696
1771369573245 0.5909326076507568 4697
1771369573310 0.572236955165863 4698
1771369573376 0.6435990333557129 4699
1771369573444 0.47461068630218506 4700
1771369573511 0.6821367144584656 4701
1771369573579 0.9831791520118713 4702
1771369573646 1.1040503978729248 4703
1771369573711 0.48925718665122986 4704
1771369573842 0.732525646686554 4705
1771369573907 0.33303582668304443 4706
1771369573975 0.32621651887893677 4707
1771369574042 0.7270528674125671 4708
1771369574107 0.2777855396270752 4709
1771369574171 0.4435923993587494 4710
1771369574237 0.7290430068969727 4711
1771369574302 0.8207587599754333 4712
1771369574366 0.8430558443069458 4713
1771369574432 0.3201693594455719 4714
1771369574499 0.4449033737182617 4715
1771369574562 0.3127501904964447 4716
1771369574689 0.6478546857833862 4717
1771369574754 0.3622163236141205 4718
1771369574816 0.7414276003837585 4719
1771369574879 0.5177969932556152 4720
1771369574941 0.5022807121276855 4721
1771369575004 0.6698150038719177 4722
1771369575066 0.6288189888000488 4723
1771369575131 0.558858335018158 4724
1771369575196 0.6487337946891785 4725
1771369575262 0.9285556674003601 4726
1771369575327 0.7217698693275452 4727
1771369575392 0.5610601902008057 4728
1771369575463 0.7185075283050537 4729
1771369575603 0.6121132969856262 4730
1771369575672 0.5624688863754272 4731
1771369575738 1.3503752946853638 4732
1771369575802 0.31303495168685913 4733
1771369575867 0.7200382351875305 4734
1771369575933 0.5471755266189575 4735
1771369575999 0.7102417945861816 4736
1771369576063 0.4770001471042633 4737
1771369576127 1.034406065940857 4738
1771369576192 0.4546542763710022 4739
1771369576259 0.4553731083869934 4740
1771369576325 0.6321870684623718 4741
1771369576387 0.789103090763092 4742
1771369576523 0.38522017002105713 4743
1771369576593 0.3730480372905731 4744
1771369576656 0.8823774456977844 4745
1771369576719 0.5639113187789917 4746
1771369576782 0.7745025157928467 4747
1771369576846 0.7627542614936829 4748
1771369576910 1.0837630033493042 4749
1771369576972 0.8402230739593506 4750
1771369577034 0.22655169665813446 4751
1771369577096 0.49679744243621826 4752
1771369577158 0.5617257356643677 4753
1771369577219 0.5218631625175476 4754
1771369577281 0.24372924864292145 4755
1771369577408 0.5046172142028809 4756
1771369577471 0.7013957500457764 4757
1771369577533 0.7256135940551758 4758
1771369577594 0.46716034412384033 4759
1771369577659 0.6775197982788086 4760
1771369577721 0.6781123876571655 4761
1771369577783 0.7842893004417419 4762
1771369577846 0.3334619402885437 4763
1771369577910 0.7451999187469482 4764
1771369577974 0.8579167723655701 4765
1771369578037 0.8734198808670044 4766
1771369578100 0.7884629368782043 4767
1771369578162 0.7165920734405518 4768
1771369578225 0.2883966267108917 4769
1771369578353 0.7564256191253662 4770
1771369578417 0.2258991003036499 4771
1771369578478 0.36607885360717773 4772
1771369578539 0.612994909286499 4773
1771369578603 0.41942813992500305 4774
1771369578668 0.3029610514640808 4775
1771369578731 0.7156866788864136 4776
1771369578794 0.37740734219551086 4777
1771369578856 0.7975473999977112 4778
1771369578917 0.617895781993866 4779
1771369578980 1.1598941087722778 4780
1771369579042 0.4076043665409088 4781
1771369579104 0.7696142196655273 4782
1771369579227 0.6692155003547668 4783
1771369579290 0.5486723780632019 4784
1771369579351 0.691106379032135 4785
1771369579413 0.7510121464729309 4786
1771369579474 0.5089010000228882 4787
1771369579538 0.32657989859580994 4788
1771369579599 0.3167916238307953 4789
1771369579663 1.1749619245529175 4790
1771369579729 0.6775248050689697 4791
1771369579794 1.0279755592346191 4792
1771369579859 0.6417959928512573 4793
1771369579923 0.33709007501602173 4794
1771369579986 0.6417407393455505 4795
1771369580049 0.6775628924369812 4796
1771369580113 0.5059536695480347 4797
1771369580242 0.8623426556587219 4798
1771369580308 0.3923482596874237 4799
1771369580372 0.5713827013969421 4800
1771369580436 0.6615840196609497 4801
1771369580500 0.5022978186607361 4802
1771369580564 0.9190077781677246 4803
1771369580629 1.457888126373291 4804
1771369580696 0.21960502862930298 4805
1771369580760 0.5521078705787659 4806
1771369580823 0.4097539186477661 4807
1771369580885 0.478311151266098 4808
1771369580948 0.8760468363761902 4809
1771369581011 0.3343318700790405 4810
1771369581139 0.4402691423892975 4811
1771369581202 0.6141569018363953 4812
1771369581270 0.8502134680747986 4813
1771369581334 1.4020020961761475 4814
1771369581397 0.5528846383094788 4815
1771369581459 0.5245986580848694 4816
1771369581523 0.5262516736984253 4817
1771369581585 0.8608717918395996 4818
1771369581648 1.1346790790557861 4819
1771369581713 0.4479406177997589 4820
1771369581781 0.36954832077026367 4821
1771369581848 0.816371500492096 4822
1771369581910 0.6922308802604675 4823
1771369582047 0.44054514169692993 4824
1771369582110 0.5334905385971069 4825
1771369582174 0.4216686487197876 4826
1771369582239 0.8918696045875549 4827
1771369582304 0.916027843952179 4828
1771369582369 0.9477396011352539 4829
1771369582433 0.9555666446685791 4830
1771369582498 0.4534895122051239 4831
1771369582566 0.8967839479446411 4832
1771369582631 0.292097270488739 4833
1771369582697 0.6481341123580933 4834
1771369582762 0.45359301567077637 4835
1771369582827 0.660507082939148 4836
1771369582960 0.5912945866584778 4837
1771369583024 0.5699446201324463 4838
1771369583086 0.7384601831436157 4839
1771369583150 0.24356506764888763 4840
1771369583214 0.5621951222419739 4841
1771369583279 0.3561706244945526 4842
1771369583344 0.9027056694030762 4843
1771369583410 0.5919697284698486 4844
1771369583472 0.4213887155056 4845
1771369583534 0.3614818751811981 4846
1771369583598 0.3402206301689148 4847
1771369583661 0.3511216640472412 4848
1771369583726 0.41506531834602356 4849
1771369583856 0.7193523049354553 4850
1771369583924 0.6743244528770447 4851
1771369583988 0.5578028559684753 4852
1771369584053 0.8829527497291565 4853
1771369584118 1.0165467262268066 4854
1771369584185 0.7729122042655945 4855
1771369584251 0.7624505162239075 4856
1771369584315 1.1262145042419434 4857
1771369584381 0.6584398150444031 4858
1771369584447 0.3753386437892914 4859
1771369584510 1.2248318195343018 4860
1771369584580 1.1022833585739136 4861
1771369584643 0.595866322517395 4862
1771369584782 1.031602382659912 4863
1771369584847 0.4551668167114258 4864
1771369584909 0.3740287721157074 4865
1771369584972 0.6806063652038574 4866
1771369585036 0.3596310615539551 4867
1771369585101 0.5190187692642212 4868
1771369585166 0.44805821776390076 4869
1771369585231 0.7089506387710571 4870
1771369585295 0.21137329936027527 4871
1771369585359 0.7017490267753601 4872
1771369585427 0.6059211492538452 4873
1771369585493 0.7358335852622986 4874
1771369585557 0.9092500805854797 4875
1771369585625 0.7608746886253357 4876
1771369585754 0.48383986949920654 4877
1771369585820 0.7389888167381287 4878
1771369585884 0.5486581325531006 4879
1771369585952 0.30076393485069275 4880
1771369586018 0.7994881868362427 4881
1771369586083 0.4105013608932495 4882
1771369586149 1.05746591091156 4883
1771369586217 0.7419642806053162 4884
1771369586287 0.5087605714797974 4885
1771369586354 0.19531670212745667 4886
1771369586423 0.4415949583053589 4887
1771369586490 0.4475833773612976 4888
1771369586557 0.9225884079933167 4889
1771369586624 0.7464730143547058 4890
1771369586752 0.686187744140625 4891
1771369586818 0.6661047339439392 4892
1771369586883 0.9162765145301819 4893
1771369586946 0.8466418981552124 4894
1771369587009 0.9837616682052612 4895
1771369587073 0.8543573021888733 4896
1771369587138 0.6399949193000793 4897
1771369587205 0.9119960069656372 4898
1771369587272 0.338668555021286 4899
1771369587338 0.7062053084373474 4900
1771369587402 0.37009504437446594 4901
1771369587468 0.5996276140213013 4902
1771369587534 0.4592067301273346 4903
1771369587664 0.20665672421455383 4904
1771369587730 0.5257430076599121 4905
1771369587796 0.6263365149497986 4906
1771369587862 0.42564627528190613 4907
1771369587929 0.9120595455169678 4908
1771369587995 0.7510583996772766 4909
1771369588065 1.030895709991455 4910
1771369588133 0.4370895326137543 4911
1771369588198 0.818699061870575 4912
1771369588265 0.647911548614502 4913
1771369588330 0.7511619329452515 4914
1771369588397 0.844142735004425 4915
1771369588462 0.7486692667007446 4916
1771369588594 0.7007030248641968 4917
1771369588657 0.6590737700462341 4918
1771369588723 0.9717664122581482 4919
1771369588787 0.1844179481267929 4920
1771369588853 0.46366268396377563 4921
1771369588919 0.7083232998847961 4922
1771369588986 0.6644392609596252 4923
1771369589052 0.7646043300628662 4924
1771369589119 0.56313556432724 4925
1771369589185 0.5178834795951843 4926
1771369589250 0.8817443251609802 4927
1771369589314 1.0627565383911133 4928
1771369589381 0.818647027015686 4929
1771369589506 0.3664277493953705 4930
1771369589575 0.5052377581596375 4931
1771369589640 0.23426897823810577 4932
1771369589705 0.21876510977745056 4933
1771369589772 0.2694920599460602 4934
1771369589836 0.8808987140655518 4935
1771369589903 0.43395277857780457 4936
1771369589970 0.9148279428482056 4937
1771369590035 0.7539621591567993 4938
1771369590105 0.7990294694900513 4939
1771369590170 0.3739476203918457 4940
1771369590237 0.3769919276237488 4941
1771369590305 0.9033712148666382 4942
1771369590433 0.8960607647895813 4943
1771369590497 0.9300096035003662 4944
1771369590561 0.6410343647003174 4945
1771369590625 0.7758336663246155 4946
1771369590690 0.4206084609031677 4947
1771369590753 0.4945618808269501 4948
1771369590817 0.7919567227363586 4949
1771369590882 0.792316734790802 4950
1771369590946 0.5540058612823486 4951
1771369591011 0.7567975521087646 4952
1771369591076 0.7689786553382874 4953
1771369591142 0.44664502143859863 4954
1771369591207 0.34000521898269653 4955
1771369591334 0.9940710067749023 4956
1771369591400 0.5478687286376953 4957
1771369591464 0.5700045228004456 4958
1771369591527 0.527294933795929 4959
1771369591592 0.7660979628562927 4960
1771369591655 0.3896688222885132 4961
1771369591722 0.5198567509651184 4962
1771369591785 0.7257420420646667 4963
1771369591853 0.6444537043571472 4964
1771369591920 0.5538039803504944 4965
1771369591984 0.8961061239242554 4966
1771369592117 1.299800157546997 4967
1771369592188 0.5734601020812988 4968
1771369592254 0.7443262934684753 4969
1771369592318 0.5415778756141663 4970
1771369592382 0.762946367263794 4971
1771369592450 0.3984818458557129 4972
1771369592518 0.6348603963851929 4973
1771369592585 0.4682293236255646 4974
1771369592655 0.17341427505016327 4975
1771369592724 0.42757147550582886 4976
1771369592790 0.7261561155319214 4977
1771369592857 0.5143045783042908 4978
1771369592923 0.18539203703403473 4979
1771369593057 0.9540578126907349 4980
1771369593127 0.16623623669147491 4981
1771369593194 0.7533183097839355 4982
1771369593263 0.3178001940250397 4983
1771369593335 0.6786472797393799 4984
1771369593402 0.7278611660003662 4985
1771369593467 0.581778883934021 4986
1771369593533 0.42488452792167664 4987
1771369593598 0.5400949120521545 4988
1771369593663 0.6689075827598572 4989
1771369593728 0.7795923352241516 4990
1771369593793 0.6992471814155579 4991
1771369593924 0.3308969736099243 4992
1771369593988 0.7351296544075012 4993
1771369594057 1.0947611331939697 4994
1771369594123 0.20048312842845917 4995
1771369594194 0.38814786076545715 4996
1771369594263 0.3190987706184387 4997
1771369594336 0.907997190952301 4998
1771369594405 1.174154281616211 4999
1771369594470 0.8105277419090271 5000
1771369594536 0.823052167892456 5001
1771369594600 0.49556711316108704 5002
1771369594663 1.0150848627090454 5003
1771369594726 1.4679112434387207 5004
1771369594856 0.22930605709552765 5005
1771369594921 0.4818756878376007 5006
1771369594986 0.3694162964820862 5007
1771369595053 0.532696545124054 5008
1771369595118 0.5351045727729797 5009
1771369595182 0.20825189352035522 5010
1771369595250 1.1444321870803833 5011
1771369595317 0.7300480604171753 5012
1771369595394 0.8471677899360657 5013
1771369595464 0.5265496969223022 5014
1771369595531 0.7485924363136292 5015
1771369595661 0.6010181903839111 5016
1771369595728 0.5145275592803955 5017
1771369595797 0.41260215640068054 5018
1771369595866 0.40073564648628235 5019
1771369595935 0.6577163338661194 5020
1771369596003 0.4324634075164795 5021
1771369596069 0.285481721162796 5022
1771369596135 0.7224342226982117 5023
1771369596200 0.9936334490776062 5024
1771369596266 1.1886948347091675 5025
1771369596336 0.4709087014198303 5026
1771369596404 0.47242531180381775 5027
1771369596479 0.4401561915874481 5028
1771369596617 0.49974754452705383 5029
1771369596685 0.6338106393814087 5030
1771369596750 0.5990177392959595 5031
1771369596814 0.971768319606781 5032
1771369596881 0.8126928210258484 5033
1771369596948 0.8239188194274902 5034
1771369597014 0.9013028740882874 5035
1771369597080 0.8898044228553772 5036
1771369597147 1.100943922996521 5037
1771369597210 0.568812906742096 5038
1771369597274 0.3992055356502533 5039
1771369597337 0.7246624827384949 5040
1771369597464 0.382004052400589 5041
1771369597527 0.3663616478443146 5042
1771369597591 1.1386467218399048 5043
1771369597656 0.5120551586151123 5044
1771369597720 1.1792899370193481 5045
1771369597785 0.411957323551178 5046
1771369597849 0.6075799465179443 5047
1771369597915 0.3399066627025604 5048
1771369597980 0.8681566715240479 5049
1771369598046 0.5473048090934753 5050
1771369598111 0.9576113224029541 5051
1771369598179 0.7673699855804443 5052
1771369598252 0.3267334997653961 5053
1771369598414 0.5108216404914856 5054
1771369598481 1.0487017631530762 5055
1771369598546 0.2921253740787506 5056
1771369598612 0.8187302947044373 5057
1771369598678 0.655904233455658 5058
1771369598744 0.42968547344207764 5059
1771369598809 0.677233874797821 5060
1771369598875 0.6675511002540588 5061
1771369598942 1.0482017993927002 5062
1771369599010 0.6398066878318787 5063
1771369599079 1.0611337423324585 5064
1771369599217 0.6900611519813538 5065
1771369599289 0.4205911457538605 5066
1771369599360 0.2781974971294403 5067
1771369599432 0.39874106645584106 5068
1771369599502 0.5694531798362732 5069
1771369599566 0.9269965887069702 5070
1771369599632 0.9359177947044373 5071
1771369599699 0.7992878556251526 5072
1771369599767 1.1706703901290894 5073
1771369599833 0.6446254253387451 5074
1771369599900 0.687133252620697 5075
1771369599969 0.43144017457962036 5076
1771369600038 0.8190865516662598 5077
1771369600183 0.4505155682563782 5078
1771369600254 1.499204158782959 5079
1771369600321 0.9081301689147949 5080
1771369600390 0.9044774174690247 5081
1771369600457 0.3417881429195404 5082
1771369600526 0.5375198721885681 5083
1771369600592 0.789134681224823 5084
1771369600659 0.3897440433502197 5085
1771369600725 0.6793001294136047 5086
1771369600792 0.5131838321685791 5087
1771369600857 0.6417534351348877 5088
1771369600923 0.5995759963989258 5089
1771369601060 0.7847586274147034 5090
1771369601126 0.5847919583320618 5091
1771369601193 0.6275853514671326 5092
1771369601259 0.4416801333427429 5093
1771369601324 0.6541609764099121 5094
1771369601390 1.1504038572311401 5095
1771369601455 0.3087368905544281 5096
1771369601521 0.5843657851219177 5097
1771369601589 0.8442614674568176 5098
1771369601655 0.3814454674720764 5099
1771369601720 0.3399254083633423 5100
1771369601788 0.7901533246040344 5101
1771369601854 1.152269721031189 5102
1771369601986 0.48755401372909546 5103
1771369602053 0.7151525616645813 5104
1771369602119 0.8697826862335205 5105
1771369602185 0.5269930958747864 5106
1771369602252 0.7016968131065369 5107
1771369602318 0.6886365413665771 5108
1771369602382 0.6341310143470764 5109
1771369602450 0.9540205597877502 5110
1771369602518 1.3297523260116577 5111
1771369602590 0.6436102986335754 5112
1771369602661 0.5534283518791199 5113
1771369602800 0.6167472004890442 5114
1771369602867 0.9048408269882202 5115
1771369602933 1.095954418182373 5116
1771369602998 0.4453865587711334 5117
1771369603065 0.5070055723190308 5118
1771369603130 0.6129090189933777 5119
1771369603197 1.032997727394104 5120
1771369603265 0.8217805027961731 5121
1771369603332 0.5085985064506531 5122
1771369603401 0.48844113945961 5123
1771369603465 0.5809139013290405 5124
1771369603530 1.0464245080947876 5125
1771369603595 0.8872175216674805 5126
1771369603726 0.47182244062423706 5127
1771369603794 0.6743674278259277 5128
1771369603860 0.8275398015975952 5129
1771369603925 0.6881322860717773 5130
1771369603990 0.5538994073867798 5131
1771369604057 0.3939529061317444 5132
1771369604123 0.5113375186920166 5133
1771369604191 0.2361999899148941 5134
1771369604258 0.5772494077682495 5135
1771369604325 0.9143482446670532 5136
1771369604397 0.6333527565002441 5137
1771369604465 0.6374635100364685 5138
1771369604593 0.41240841150283813 5139
1771369604662 0.5350393652915955 5140
1771369604729 0.7077752947807312 5141
1771369604796 0.5741965770721436 5142
1771369604863 0.842496395111084 5143
1771369604929 0.6754567623138428 5144
1771369604995 0.8076462149620056 5145
1771369605060 0.4834931492805481 5146
1771369605124 0.1783478707075119 5147
1771369605189 0.5021771788597107 5148
1771369605255 0.479672908782959 5149
1771369605323 0.7027274370193481 5150
1771369605392 0.5095746517181396 5151
1771369605527 0.7831383943557739 5152
1771369605597 0.7503187656402588 5153
1771369605666 0.33375197649002075 5154
1771369605734 0.526837944984436 5155
1771369605803 0.7911276817321777 5156
1771369605869 0.836121141910553 5157
1771369605935 1.4509702920913696 5158
1771369606092 1.0577611923217773 5159
1771369606157 0.4339008331298828 5160
1771369606284 0.4849155843257904 5161
1771369606353 0.7556084394454956 5162
1771369606420 0.6369835138320923 5163
1771369606491 0.828636884689331 5164
1771369606557 1.1285223960876465 5165
1771369606621 0.5153522491455078 5166
1771369606685 0.4680076837539673 5167
1771369606754 0.8700276017189026 5168
1771369606823 0.6930795907974243 5169
1771369606889 1.093392252922058 5170
1771369606954 0.5354306101799011 5171
1771369607024 1.005482792854309 5172
1771369607089 0.5368050336837769 5173
1771369607223 0.4572494924068451 5174
1771369607292 0.8010386824607849 5175
1771369607360 0.6930529475212097 5176
1771369607427 0.8984896540641785 5177
1771369607492 0.35213571786880493 5178
1771369607560 0.3144831657409668 5179
1771369607628 0.4155588448047638 5180
1771369607697 0.2914144694805145 5181
1771369607765 0.7215617895126343 5182
1771369607834 0.4110030233860016 5183
1771369607902 0.25417932868003845 5184
1771369607968 0.8981877565383911 5185
1771369608101 0.7598631381988525 5186
1771369608171 0.7896208167076111 5187
1771369608238 0.1894422471523285 5188
1771369608305 0.8937311172485352 5189
1771369608370 0.33342066407203674 5190
1771369608439 0.5998316407203674 5191
1771369608505 0.3605695366859436 5192
1771369608574 0.45599842071533203 5193
1771369608642 0.6044348478317261 5194
1771369608709 0.5881053805351257 5195
1771369608776 0.418681263923645 5196
1771369608846 0.6081569790840149 5197
1771369608912 0.46756666898727417 5198
1771369609046 0.5720255970954895 5199
1771369609113 0.25662699341773987 5200
1771369609179 0.5079659819602966 5201
1771369609247 0.4533599019050598 5202
1771369609314 0.4901198148727417 5203
1771369609383 0.27009668946266174 5204
1771369609449 0.9852822422981262 5205
1771369609516 0.6815950274467468 5206
1771369609583 0.462138831615448 5207
1771369609650 0.4676738381385803 5208
1771369609718 0.6876085996627808 5209
1771369609846 0.8259196281433105 5210
1771369609914 0.56368088722229 5211
1771369609981 0.3320673406124115 5212
1771369610049 0.3850995600223541 5213
1771369610115 0.5740028023719788 5214
1771369610180 0.2404019981622696 5215
1771369610247 0.2924744188785553 5216
1771369610314 0.813251793384552 5217
1771369610382 1.3016973733901978 5218
1771369610448 0.698985755443573 5219
1771369610515 0.5242540836334229 5220
1771369610582 0.5571364760398865 5221
1771369610651 0.3881000876426697 5222
1771369610790 0.5116703510284424 5223
1771369610860 0.6038029193878174 5224
1771369610929 0.5700233578681946 5225
1771369610997 1.407717227935791 5226
1771369611065 0.43083345890045166 5227
1771369611132 0.2793528437614441 5228
1771369611199 0.7330107688903809 5229
1771369611265 0.31827646493911743 5230
1771369611332 0.6032366156578064 5231
1771369611402 0.3224843144416809 5232
1771369611469 0.3543427288532257 5233
1771369611538 0.23731350898742676 5234
1771369611680 0.5249672532081604 5235
1771369611746 0.5350424647331238 5236
1771369611814 0.27700766921043396 5237
1771369611881 0.20232707262039185 5238
1771369611946 0.5895721912384033 5239
1771369612016 0.7743786573410034 5240
1771369612085 1.0875102281570435 5241
1771369612150 0.3408713936805725 5242
1771369612215 1.10468590259552 5243
1771369612282 0.7015308141708374 5244
1771369612415 0.9854968786239624 5245
1771369612485 0.795474648475647 5246
1771369612554 0.27426591515541077 5247
1771369612622 0.35532987117767334 5248
1771369612689 0.7378829717636108 5249
1771369612758 0.7579777836799622 5250
1771369612826 0.6468600034713745 5251
1771369612896 0.6428924798965454 5252
1771369612966 0.7830954790115356 5253
1771369613038 0.7108154892921448 5254
1771369613106 0.8839496374130249 5255
1771369613173 0.4952406883239746 5256
1771369613312 0.41697973012924194 5257
1771369613383 0.5944476127624512 5258
1771369613450 0.49535372853279114 5259
1771369613516 0.7420516610145569 5260
1771369613581 0.8737332224845886 5261
1771369613647 0.668175220489502 5262
1771369613713 0.291912317276001 5263
1771369613780 1.0639017820358276 5264
1771369613846 0.6201853156089783 5265
1771369613912 0.385987788438797 5266
1771369613978 0.9084922671318054 5267
1771369614044 0.3487716615200043 5268
1771369614176 0.47835445404052734 5269
1771369614242 0.7824820280075073 5270
1771369614309 0.41268885135650635 5271
1771369614375 0.9210603833198547 5272
1771369614446 1.06890070438385 5273
1771369614512 0.40848308801651 5274
1771369614580 0.31288763880729675 5275
1771369614676 0.7933915853500366 5276
1771369614743 0.6196164488792419 5277
1771369614809 0.9282427430152893 5278
1771369614938 0.8748924136161804 5279
1771369615021 0.7139724493026733 5280
1771369615087 0.40100929141044617 5281
1771369615152 0.7687152028083801 5282
1771369615218 0.45905429124832153 5283
1771369615283 0.2592720091342926 5284
1771369615348 0.6844061017036438 5285
1771369615412 0.773082971572876 5286
1771369615485 0.47268208861351013 5287
1771369615552 0.43276363611221313 5288
1771369615622 0.524206817150116 5289
1771369615692 0.5572577714920044 5290
1771369615826 0.48516732454299927 5291
1771369615895 0.8551270365715027 5292
1771369615965 1.0640215873718262 5293
1771369616033 0.5973135232925415 5294
1771369616100 0.8880416750907898 5295
1771369616167 0.6934420466423035 5296
1771369616235 0.5029057860374451 5297
1771369616303 0.7889260053634644 5298
1771369616369 0.7465446591377258 5299
1771369616435 0.6427812576293945 5300
1771369616572 1.253555178642273 5301
1771369616639 0.6037960648536682 5302
1771369616704 0.6263661980628967 5303
1771369616769 0.33895236253738403 5304
1771369616838 0.7097585797309875 5305
1771369616905 0.6849294304847717 5306
1771369616969 1.2566636800765991 5307
1771369617035 1.1508218050003052 5308
1771369617102 0.5942147374153137 5309
1771369617169 0.5212774872779846 5310
1771369617303 0.5185624957084656 5311
1771369617374 0.787703812122345 5312
1771369617442 0.36843782663345337 5313
1771369617510 0.6517216563224792 5314
1771369617577 0.9102898240089417 5315
1771369617645 0.7227699756622314 5316
1771369617710 1.0848661661148071 5317
1771369617778 0.7339387536048889 5318
1771369617845 0.49751874804496765 5319
1771369617910 0.47318235039711 5320
1771369617975 1.064543604850769 5321
1771369618043 0.26307958364486694 5322
1771369618187 1.735205888748169 5323
1771369618256 1.0907522439956665 5324
1771369618323 0.13796626031398773 5325
1771369618397 0.4021892547607422 5326
1771369618467 0.2570871412754059 5327
1771369618535 0.44165104627609253 5328
1771369618602 0.4089072048664093 5329
1771369618670 0.8401013016700745 5330
1771369618737 0.47382044792175293 5331
1771369618804 1.373589277267456 5332
1771369618872 1.086082100868225 5333
1771369619006 0.32987892627716064 5334
1771369619075 0.21042309701442719 5335
1771369619141 0.7176612615585327 5336
1771369619209 0.5120205879211426 5337
1771369619277 0.5080984234809875 5338
1771369619344 0.6080927848815918 5339
1771369619411 0.4056050479412079 5340
1771369619481 0.33145537972450256 5341
1771369619550 0.8769764304161072 5342
1771369619619 0.5551514029502869 5343
1771369619753 0.3732413649559021 5344
1771369619820 0.4744214117527008 5345
1771369619888 0.6009966135025024 5346
1771369619955 0.304787814617157 5347
1771369620023 0.3187725245952606 5348
1771369620093 0.35372161865234375 5349
1771369620162 0.5952847003936768 5350
1771369620230 0.6768805980682373 5351
1771369620298 0.576083242893219 5352
1771369620366 0.6075854897499084 5353
1771369620434 1.026503086090088 5354
1771369620502 0.3751370906829834 5355
1771369620634 0.40161895751953125 5356
1771369620702 0.7614112496376038 5357
1771369620767 0.32504794001579285 5358
1771369620834 0.6356844305992126 5359
1771369620902 0.6292319893836975 5360
1771369620968 0.4666304588317871 5361
1771369621037 1.1799678802490234 5362
1771369621105 0.8044067025184631 5363
1771369621172 1.1333427429199219 5364
1771369621240 0.8888059258460999 5365
1771369621373 1.4497474431991577 5366
1771369621441 0.6927199959754944 5367
1771369621510 0.5835894346237183 5368
1771369621576 0.2589625418186188 5369
1771369621645 1.0774013996124268 5370
1771369621714 1.050930380821228 5371
1771369621782 0.8679852485656738 5372
1771369621850 0.2749289870262146 5373
1771369621919 0.6603376269340515 5374
1771369621989 0.566130518913269 5375
1771369622118 0.9364693760871887 5376
1771369622189 0.36118730902671814 5377
1771369622258 0.9253350496292114 5378
1771369622326 0.5433917045593262 5379
1771369622394 0.5169505476951599 5380
1771369622462 1.5662727355957031 5381
1771369622533 1.021548867225647 5382
1771369622602 0.746828019618988 5383
1771369622673 0.4567067623138428 5384
1771369622742 1.2126392126083374 5385
1771369622809 0.9679701924324036 5386
1771369622878 0.9264150261878967 5387
1771369623014 0.3405398726463318 5388
1771369623081 0.6624625325202942 5389
1771369623148 1.3759520053863525 5390
1771369623217 0.8420376777648926 5391
1771369623284 0.9022412300109863 5392
1771369623355 1.2186321020126343 5393
1771369623424 0.9456292986869812 5394
1771369623494 0.6661409139633179 5395
1771369623560 0.5551150441169739 5396
1771369623628 1.0308579206466675 5397
1771369623696 0.5139767527580261 5398
1771369623837 1.0263698101043701 5399
1771369623909 0.1958819031715393 5400
1771369623978 0.5028064250946045 5401
1771369624046 1.0321654081344604 5402
1771369624115 0.22404801845550537 5403
1771369624182 0.5186685919761658 5404
1771369624251 0.7630971074104309 5405
1771369624320 0.8592597842216492 5406
1771369624393 0.4234354496002197 5407
1771369624460 0.5501055717468262 5408
1771369624597 1.1332660913467407 5409
1771369624670 0.8487206697463989 5410
1771369624739 0.5595504641532898 5411
1771369624810 0.6011278033256531 5412
1771369624879 0.21262896060943604 5413
1771369624948 0.5315139889717102 5414
1771369625015 0.9328780770301819 5415
1771369625086 0.7569486498832703 5416
1771369625154 1.4855756759643555 5417
1771369625224 0.8943768739700317 5418
1771369625293 0.3570946753025055 5419
1771369625360 0.5976877212524414 5420
1771369625498 0.6331358551979065 5421
1771369625565 0.5439427495002747 5422
1771369625631 0.6095333099365234 5423
1771369625696 0.4736378788948059 5424
1771369625762 0.6525382995605469 5425
1771369625828 0.4577823877334595 5426
1771369625894 0.6701534390449524 5427
1771369625962 0.774109423160553 5428
1771369626029 0.42577123641967773 5429
1771369626099 0.4275417923927307 5430
1771369626231 0.5803961753845215 5431
1771369626303 0.6427357196807861 5432
1771369626373 0.45950886607170105 5433
1771369626446 0.3614037036895752 5434
1771369626517 0.4032606780529022 5435
1771369626587 0.5940467119216919 5436
1771369626656 0.5029183030128479 5437
1771369626725 0.9081513285636902 5438
1771369626792 0.650178849697113 5439
1771369626859 1.172425627708435 5440
1771369627001 0.27075672149658203 5441
1771369627071 0.3698873519897461 5442
1771369627139 0.45775318145751953 5443
1771369627206 0.31993165612220764 5444
1771369627274 0.3281421661376953 5445
1771369627342 0.8739838600158691 5446
1771369627412 0.4177546799182892 5447
1771369627480 0.6679303050041199 5448
1771369627549 0.9068031311035156 5449
1771369627619 0.9727981090545654 5450
1771369627688 0.13705602288246155 5451
1771369627757 0.7584155797958374 5452
1771369627885 0.817175567150116 5453
1771369627953 0.21514983475208282 5454
1771369628020 0.4789983332157135 5455
1771369628088 0.8270521759986877 5456
1771369628159 0.2787596583366394 5457
1771369628230 0.6782729625701904 5458
1771369628298 0.7523220181465149 5459
1771369628368 0.5682849884033203 5460
1771369628437 0.8699117302894592 5461
1771369628506 0.7993295788764954 5462
1771369628576 0.564786434173584 5463
1771369628708 0.8341369032859802 5464
1771369628778 0.6040251851081848 5465
1771369628848 0.9026913046836853 5466
1771369628918 0.6889825463294983 5467
1771369628988 0.6151353120803833 5468
1771369629056 0.3683081567287445 5469
1771369629123 0.5146964192390442 5470
1771369629190 0.7149971723556519 5471
1771369629260 0.5554723143577576 5472
1771369629330 0.8385454416275024 5473
1771369629464 0.8551082611083984 5474
1771369629533 0.6838516592979431 5475
1771369629603 0.6025388240814209 5476
1771369629670 0.8122825026512146 5477
1771369629736 0.40732550621032715 5478
1771369629803 0.13883215188980103 5479
1771369629870 0.5382708311080933 5480
1771369629937 0.6298589110374451 5481
1771369630005 0.35197076201438904 5482
1771369630072 0.6135255098342896 5483
1771369630142 0.5212082266807556 5484
1771369630210 0.8451033234596252 5485
1771369630354 0.4868236482143402 5486
1771369630423 0.398241251707077 5487
1771369630496 0.3943673074245453 5488
1771369630564 0.6313936710357666 5489
1771369630630 0.7670449614524841 5490
1771369630697 0.5611412525177002 5491
1771369630764 1.1213194131851196 5492
1771369630830 0.9298960566520691 5493
1771369630897 0.6720312833786011 5494
1771369630964 0.6352023482322693 5495
1771369631106 0.8555254340171814 5496
1771369631178 0.984595775604248 5497
1771369631247 0.4809999167919159 5498
1771369631315 0.7150442600250244 5499
1771369631383 0.8266338109970093 5500
1771369631453 0.8441604971885681 5501
1771369631520 0.615979015827179 5502
1771369631589 0.501459538936615 5503
1771369631658 0.3785347044467926 5504
1771369631725 0.5455217361450195 5505
1771369631865 0.8446766138076782 5506
1771369631936 0.6456472277641296 5507
1771369632006 0.6600792407989502 5508
1771369632075 0.6789668202400208 5509
1771369632142 0.3025379478931427 5510
1771369632211 0.17345376312732697 5511
1771369632279 0.9105502367019653 5512
1771369632348 0.6871530413627625 5513
1771369632418 0.5015828609466553 5514
1771369632487 0.8065693974494934 5515
1771369632558 0.5466674566268921 5516
1771369632631 0.4031149446964264 5517
1771369632773 0.6708070635795593 5518
1771369632845 0.6182751655578613 5519
1771369632915 1.0805517435073853 5520
1771369632989 0.36839669942855835 5521
1771369633058 0.6531511545181274 5522
1771369633127 0.8426342010498047 5523
1771369633197 0.5896427631378174 5524
1771369633269 0.7948724627494812 5525
1771369633341 0.75223708152771 5526
1771369633414 0.5823884606361389 5527
1771369633483 0.9173442125320435 5528
1771369633619 0.6175861358642578 5529
1771369633689 0.8491165041923523 5530
1771369633761 0.9767423272132874 5531
1771369633829 0.5656344294548035 5532
1771369633901 0.5199636816978455 5533
1771369633970 0.4792066514492035 5534
1771369634039 0.3991452157497406 5535
1771369634109 0.31178998947143555 5536
1771369634180 0.4253254532814026 5537
1771369634250 0.9393749833106995 5538
1771369634387 0.6647099852561951 5539
1771369634460 0.6509243845939636 5540
1771369634532 0.8977459669113159 5541
1771369634602 1.1203800439834595 5542
1771369634672 0.7951533794403076 5543
1771369634740 1.0871955156326294 5544
1771369634810 0.6863551735877991 5545
1771369634881 0.7106020450592041 5546
1771369634951 0.6583123207092285 5547
1771369635021 0.8387309908866882 5548
1771369635091 0.17507213354110718 5549
1771369635164 1.0638734102249146 5550
1771369635298 0.5827633142471313 5551
1771369635369 0.8058133721351624 5552
1771369635444 0.9404105544090271 5553
1771369635513 0.48825782537460327 5554
1771369635582 0.792479395866394 5555
1771369635651 0.587601900100708 5556
1771369635723 0.5230585336685181 5557
1771369635794 0.3023838400840759 5558
1771369635865 0.9965896010398865 5559
1771369635934 0.4749683737754822 5560
1771369636069 0.8152065873146057 5561
1771369636139 0.6519919633865356 5562
1771369636209 0.5423033833503723 5563
1771369636280 0.762372612953186 5564
1771369636347 0.37413227558135986 5565
1771369636414 0.9912709593772888 5566
1771369636488 0.9225214719772339 5567
1771369636558 0.9448078274726868 5568
1771369636627 0.9321378469467163 5569
1771369636694 0.4705151617527008 5570
1771369636825 0.6696310043334961 5571
1771369636894 1.3580018281936646 5572
1771369636964 0.8898847103118896 5573
1771369637035 0.5251659750938416 5574
1771369637103 0.5934261679649353 5575
1771369637173 0.4336686432361603 5576
1771369637240 0.6275838017463684 5577
1771369637309 0.8851172924041748 5578
1771369637378 0.6883276104927063 5579
1771369637447 0.5825206637382507 5580
1771369637520 0.6155708432197571 5581
1771369637588 0.6835958957672119 5582
1771369637718 0.1693548560142517 5583
1771369637787 0.5495012402534485 5584
1771369637853 0.5954219698905945 5585
1771369637920 0.9100509881973267 5586
1771369637984 1.3335826396942139 5587
1771369638051 1.2720309495925903 5588
1771369638117 0.6339060068130493 5589
1771369638184 0.7223633527755737 5590
1771369638250 0.27555960416793823 5591
1771369638314 0.4916200339794159 5592
1771369638382 0.7366175055503845 5593
1771369638449 0.6688776016235352 5594
1771369638581 0.6005370020866394 5595
1771369638647 0.8912147879600525 5596
1771369638712 1.15288507938385 5597
1771369638778 0.7279969453811646 5598
1771369638842 0.4461950361728668 5599
1771369638908 0.7210657000541687 5600
1771369638974 0.8637979030609131 5601
1771369639041 0.7026098966598511 5602
1771369639107 0.4325559735298157 5603
1771369639174 1.0130518674850464 5604
1771369639240 0.3904241621494293 5605
1771369639307 0.43881097435951233 5606
1771369639439 0.19404661655426025 5607
1771369639506 0.6483128666877747 5608
1771369639574 0.8189616203308105 5609
1771369639641 0.6550887227058411 5610
1771369639706 0.2712559700012207 5611
1771369639774 0.8834567666053772 5612
1771369639839 0.9380809664726257 5613
1771369639905 0.8730427026748657 5614
1771369639975 0.4392496943473816 5615
1771369640043 0.4491482675075531 5616
1771369640108 0.7634033560752869 5617
1771369640175 0.8001922369003296 5618
1771369640306 0.6053280234336853 5619
1771369640373 0.37355247139930725 5620
1771369640440 0.7007754445075989 5621
1771369640507 0.5008036494255066 5622
1771369640573 0.29611045122146606 5623
1771369640640 0.8044554591178894 5624
1771369640708 0.797195315361023 5625
1771369640777 1.0657786130905151 5626
1771369640842 1.40341055393219 5627
1771369640999 0.36493998765945435 5628
1771369641131 0.7890759706497192 5629
1771369641201 0.8212066888809204 5630
1771369641269 0.39990609884262085 5631
1771369641339 0.6477103233337402 5632
1771369641406 0.759797215461731 5633
1771369641474 0.6746376156806946 5634
1771369641541 0.21024681627750397 5635
1771369641608 0.36123454570770264 5636
1771369641679 0.3495021164417267 5637
1771369641746 0.34051069617271423 5638
1771369641887 0.35939446091651917 5639
1771369641958 0.8553818464279175 5640
1771369642027 0.8344056010246277 5641
1771369642099 0.7305883765220642 5642
1771369642168 0.5502658486366272 5643
1771369642234 0.26228317618370056 5644
1771369642301 0.8481837511062622 5645
1771369642369 0.5489256381988525 5646
1771369642438 0.43646612763404846 5647
1771369642512 0.42802056670188904 5648
1771369642582 0.2963376045227051 5649
1771369642722 0.3074282705783844 5650
1771369642790 0.30018988251686096 5651
1771369642856 0.7874208688735962 5652
1771369642926 0.532198965549469 5653
1771369642994 0.46692296862602234 5654
1771369643063 0.6082484722137451 5655
1771369643132 0.48085156083106995 5656
1771369643205 0.17289666831493378 5657
1771369643272 0.6704680323600769 5658
1771369643340 0.5381270051002502 5659
1771369643473 0.42283740639686584 5660
1771369643541 0.5693708658218384 5661
1771369643611 0.43619227409362793 5662
1771369643679 0.599144458770752 5663
1771369643747 0.6764706969261169 5664
1771369643815 0.30874210596084595 5665
1771369643882 0.5033525824546814 5666
1771369643951 0.5166738629341125 5667
1771369644019 0.6268202066421509 5668
1771369644087 0.3253341317176819 5669
1771369644222 0.43529826402664185 5670
1771369644291 0.6583203077316284 5671
1771369644359 0.5247423648834229 5672
1771369644429 0.7524330615997314 5673
1771369644498 0.23736993968486786 5674
1771369644566 0.5039300322532654 5675
1771369644632 0.2516726553440094 5676
1771369644699 0.8956604599952698 5677
1771369644828 0.6521498560905457 5678
1771369644895 0.7276455760002136 5679
1771369644962 0.4304058253765106 5680
1771369645028 0.33066630363464355 5681
1771369645094 0.8114883899688721 5682
1771369645161 0.16826196014881134 5683
1771369645232 0.7788788080215454 5684
1771369645299 0.5593637824058533 5685
1771369645367 1.1798042058944702 5686
1771369645437 0.6933432817459106 5687
1771369645504 0.6495116949081421 5688
1771369645571 0.7221948504447937 5689
1771369645703 0.5508849024772644 5690
1771369645772 0.7210962772369385 5691
1771369645840 0.7147822380065918 5692
1771369645909 0.4269750714302063 5693
1771369645976 0.7123985886573792 5694
1771369646044 0.5986957550048828 5695
1771369646113 0.6367615461349487 5696
1771369646181 0.7265357971191406 5697
1771369646250 0.518328070640564 5698
1771369646318 0.5700157880783081 5699
1771369646452 0.4759700894355774 5700
1771369646538 0.29023468494415283 5701
1771369646610 0.9970898628234863 5702
1771369646679 0.5410552620887756 5703
1771369646746 0.09918897598981857 5704
1771369646812 0.942341685295105 5705
1771369646885 0.647890567779541 5706
1771369646958 0.5593021512031555 5707
1771369647027 0.5767599940299988 5708
1771369647161 0.5559693574905396 5709
1771369647234 0.8442578911781311 5710
1771369647304 0.6252408027648926 5711
1771369647377 0.7952219843864441 5712
1771369647447 0.41272130608558655 5713
1771369647517 0.6305180191993713 5714
1771369647584 0.9625778198242188 5715
1771369647653 0.838401734828949 5716
1771369647722 0.5235419869422913 5717
1771369647859 0.5601441264152527 5718
1771369647929 0.6452443599700928 5719
1771369647999 0.2621033191680908 5720
1771369648068 0.56955885887146 5721
1771369648138 0.2313021570444107 5722
1771369648207 0.33881279826164246 5723
1771369648280 0.19966381788253784 5724
1771369648350 0.2743097245693207 5725
1771369648420 0.5127711296081543 5726
1771369648488 0.6802950501441956 5727
1771369648557 0.9586606621742249 5728
1771369648713 0.9748902320861816 5729
1771369648785 0.971213161945343 5730
1771369648855 0.4978454113006592 5731
1771369648928 0.41859516501426697 5732
1771369648999 0.3677825629711151 5733
1771369649074 0.7251210808753967 5734
1771369649144 0.8242403268814087 5735
1771369649215 1.005833625793457 5736
1771369649285 1.0939743518829346 5737
1771369649353 0.7648469805717468 5738
1771369649491 0.8633885383605957 5739
1771369649560 0.532023012638092 5740
1771369649627 0.7294518947601318 5741
1771369649695 0.6141594648361206 5742
1771369649766 0.29205000400543213 5743
1771369649836 0.9619725942611694 5744
1771369649904 0.7037431597709656 5745
1771369649973 0.5400797128677368 5746
1771369650043 0.3056691586971283 5747
1771369650113 0.2755938172340393 5748
1771369650253 1.0062283277511597 5749
1771369650323 1.3019403219223022 5750
1771369650397 1.0786739587783813 5751
1771369650469 0.40900781750679016 5752
1771369650539 0.3349955976009369 5753
1771369650609 0.520690381526947 5754
1771369650678 0.3866414725780487 5755
1771369650746 0.7259953022003174 5756
1771369650881 0.687108039855957 5757
1771369650951 0.2928829789161682 5758
1771369651018 0.8269519209861755 5759
1771369651086 0.3001032769680023 5760
1771369651154 0.5551198720932007 5761
1771369651222 0.39241915941238403 5762
1771369651290 0.29184094071388245 5763
1771369651358 0.9560694098472595 5764
1771369651427 0.657623291015625 5765
1771369651495 0.4491012394428253 5766
1771369651563 0.5201571583747864 5767
1771369651632 0.7938951849937439 5768
1771369651763 0.4332842230796814 5769
1771369651831 0.442299485206604 5770
1771369651901 0.6380311250686646 5771
1771369651973 0.9049678444862366 5772
1771369652042 0.5736467242240906 5773
1771369652115 0.3142096698284149 5774
1771369652194 0.22577068209648132 5775
1771369652269 0.7229523658752441 5776
1771369652344 0.2639247477054596 5777
1771369652413 0.6692923307418823 5778
1771369652566 0.753726065158844 5779
1771369652647 0.5294281244277954 5780
1771369652717 1.044058084487915 5781
1771369652788 0.7019591927528381 5782
1771369652864 0.5532659292221069 5783
1771369652935 0.6637772917747498 5784
1771369653006 0.4891023635864258 5785
1771369653075 0.33598408102989197 5786
1771369653144 0.5758152604103088 5787
1771369653282 0.8451578617095947 5788
1771369653352 2.047220230102539 5789
1771369653423 1.2480895519256592 5790
1771369653493 1.0485140085220337 5791
1771369653566 0.5792800784111023 5792
1771369653641 0.9501999020576477 5793
1771369653709 0.4765368700027466 5794
1771369653783 0.3480510115623474 5795
1771369653849 0.34028953313827515 5796
1771369653983 0.9615435004234314 5797
1771369654051 0.28473901748657227 5798
1771369654125 0.32571160793304443 5799
1771369654193 0.5572470426559448 5800
1771369654263 0.5479211211204529 5801
1771369654338 0.4024619460105896 5802
1771369654413 0.520764946937561 5803
1771369654482 0.7912105917930603 5804
1771369654580 0.44838806986808777 5805
1771369654650 0.7614655494689941 5806
1771369654717 0.4336676597595215 5807
1771369654850 0.3121652603149414 5808
1771369654921 0.18401166796684265 5809
1771369654993 0.6120606660842896 5810
1771369655063 0.6042680740356445 5811
1771369655131 0.664289653301239 5812
1771369655199 0.5667245984077454 5813
1771369655266 1.0920017957687378 5814
1771369655345 0.8725141286849976 5815
1771369655417 0.7666317224502563 5816
1771369655485 0.35178014636039734 5817
1771369655633 0.8612885475158691 5818
1771369655703 0.3772056996822357 5819
1771369655773 0.6447696089744568 5820
1771369655842 0.3402719795703888 5821
1771369655910 0.15908296406269073 5822
1771369655978 1.031118392944336 5823
1771369656047 1.1499665975570679 5824
1771369656116 0.5716924071311951 5825
1771369656184 0.2054135650396347 5826
1771369656252 0.755658745765686 5827
1771369656389 0.5907460451126099 5828
1771369656458 0.5947613716125488 5829
1771369656526 0.5579656958580017 5830
1771369656593 0.6249630451202393 5831
1771369656665 0.7736493349075317 5832
1771369656732 0.4348534047603607 5833
1771369656800 0.7388737797737122 5834
1771369656869 0.5775216817855835 5835
1771369657002 0.6568245887756348 5836
1771369657073 0.601715087890625 5837
1771369657142 0.15459024906158447 5838
1771369657211 0.780238926410675 5839
1771369657281 0.4260995388031006 5840
1771369657352 0.6031973361968994 5841
1771369657420 0.5218257904052734 5842
1771369657488 0.9066415429115295 5843
1771369657560 0.6816757321357727 5844
1771369657631 0.34153661131858826 5845
1771369657704 0.7002321481704712 5846
1771369657774 0.5809784531593323 5847
1771369657911 0.6195953488349915 5848
1771369657978 0.7610805630683899 5849
1771369658047 0.58396315574646 5850
1771369658116 0.7112021446228027 5851
1771369658187 0.6449479460716248 5852
1771369658258 0.5043122172355652 5853
1771369658330 0.5465846657752991 5854
1771369658402 0.5141162276268005 5855
1771369658475 0.7860876321792603 5856
1771369658547 0.595135509967804 5857
1771369658681 0.450044721364975 5858
1771369658758 1.312520146369934 5859
1771369658828 1.2837942838668823 5860
1771369658899 0.8220276236534119 5861
1771369658968 0.2524520754814148 5862
1771369659037 0.6163124442100525 5863
1771369659105 0.4451630413532257 5864
1771369659174 0.8054257035255432 5865
1771369659243 0.5722142457962036 5866
1771369659375 0.14605781435966492 5867
1771369659446 1.1934646368026733 5868
1771369659521 0.21162764728069305 5869
1771369659594 0.7719873785972595 5870
1771369659663 1.3884973526000977 5871
1771369659732 1.033268690109253 5872
1771369659801 0.7239290475845337 5873
1771369659870 0.4306216537952423 5874
1771369659937 0.5008854866027832 5875
1771369660077 0.43029338121414185 5876
1771369660145 0.869744598865509 5877
1771369660213 0.9200416803359985 5878
1771369660283 0.33983147144317627 5879
1771369660353 0.9585195183753967 5880
1771369660422 0.49775639176368713 5881
1771369660495 0.8125699758529663 5882
1771369660567 0.7733851075172424 5883
1771369660640 0.3019426167011261 5884
1771369660708 0.5397424697875977 5885
1771369660778 0.6608860492706299 5886
1771369660917 0.8843179941177368 5887
1771369660986 0.433864951133728 5888
1771369661053 0.45561012625694275 5889
1771369661121 0.4708181619644165 5890
1771369661188 0.5603312253952026 5891
1771369661255 0.5255720019340515 5892
1771369661323 0.5550305843353271 5893
1771369661390 0.5297335982322693 5894
1771369661462 1.0400248765945435 5895
1771369661531 0.6228087544441223 5896
1771369661665 0.46751758456230164 5897
1771369661734 0.3236006796360016 5898
1771369661802 0.5235196948051453 5899
1771369661871 0.3103101849555969 5900
1771369661942 0.8606984615325928 5901
1771369662013 0.46419769525527954 5902
1771369662084 0.38829243183135986 5903
1771369662155 0.477499783039093 5904
1771369662225 0.5162888169288635 5905
1771369662295 0.6546053886413574 5906
1771369662427 0.777431309223175 5907
1771369662495 0.7565545439720154 5908
1771369662569 0.7048810720443726 5909
1771369662641 0.9568783640861511 5910
1771369662714 0.7571095824241638 5911
1771369662784 0.38609007000923157 5912
1771369662857 0.5631251931190491 5913
1771369662932 0.6474247574806213 5914
1771369663076 0.7306337356567383 5915
1771369663150 0.46954429149627686 5916
1771369663220 0.3462504744529724 5917
1771369663293 0.5616170763969421 5918
1771369663366 0.7308661937713623 5919
1771369663437 0.884899914264679 5920
1771369663506 0.3702056407928467 5921
1771369663578 0.47370269894599915 5922
1771369663649 0.40805450081825256 5923
1771369663721 0.4387563467025757 5924
1771369663791 0.5872597098350525 5925
1771369663861 0.5389052033424377 5926
1771369663997 0.3700363039970398 5927
1771369664070 0.6319980025291443 5928
1771369664143 0.6465741395950317 5929
1771369664217 0.9374469518661499 5930
1771369664288 0.6176742911338806 5931
1771369664357 1.0276296138763428 5932
1771369664433 1.0816723108291626 5933
1771369664504 0.6308649778366089 5934
1771369664574 0.51381915807724 5935
1771369664644 0.699828028678894 5936
1771369664714 0.19336111843585968 5937
1771369664847 1.0807098150253296 5938
1771369664916 0.7450064420700073 5939
1771369664990 0.28061607480049133 5940
1771369665059 0.5187146663665771 5941
1771369665127 0.5430405735969543 5942
1771369665200 0.5179494619369507 5943
1771369665272 0.6220788359642029 5944
1771369665343 0.15355917811393738 5945
1771369665420 0.5454532504081726 5946
1771369665491 0.9263125061988831 5947
1771369665564 0.6107843518257141 5948
1771369665707 0.42168378829956055 5949
1771369665779 0.9237427115440369 5950
1771369665847 0.5074567198753357 5951
1771369665915 0.6730558276176453 5952
1771369665984 0.8688830137252808 5953
1771369666053 0.680968165397644 5954
1771369666125 0.3064538240432739 5955
1771369666197 0.7384980320930481 5956
1771369666267 0.8891409039497375 5957
1771369666339 1.1356050968170166 5958
1771369666412 1.3906118869781494 5959
1771369666550 1.123754620552063 5960
1771369666622 0.6119439601898193 5961
1771369666696 1.0373002290725708 5962
1771369666770 0.7701774835586548 5963
1771369666841 0.5857353806495667 5964
1771369666911 0.6387761831283569 5965
1771369666981 0.7711204290390015 5966
1771369667057 0.5866333842277527 5967
1771369667129 0.5917032361030579 5968
1771369667203 0.6341977715492249 5969
1771369667276 0.8969931602478027 5970
1771369667414 0.6878037452697754 5971
1771369667489 0.975416362285614 5972
1771369667562 0.4382206201553345 5973
1771369667637 0.48633524775505066 5974
1771369667711 0.7009406089782715 5975
1771369667786 0.8859686255455017 5976
1771369667857 0.3326355218887329 5977
1771369667931 0.688040554523468 5978
1771369668004 0.37099549174308777 5979
1771369668078 0.7337592244148254 5980
1771369668148 0.6812295317649841 5981
1771369668223 0.8002036213874817 5982
1771369668370 0.3408465087413788 5983
1771369668443 0.6856621503829956 5984
1771369668513 0.5391230583190918 5985
1771369668586 1.0338859558105469 5986
1771369668656 1.051590919494629 5987
1771369668725 0.8248804211616516 5988
1771369668796 0.681312084197998 5989
1771369668866 0.5124908089637756 5990
1771369668937 0.6458281874656677 5991
1771369669008 0.8577515482902527 5992
1771369669152 0.8922553062438965 5993
1771369669221 0.886193573474884 5994
1771369669293 0.434560090303421 5995
1771369669363 0.8203696608543396 5996
1771369669435 0.7354539632797241 5997
1771369669505 0.6180526614189148 5998
1771369669573 0.6704249382019043 5999
1771369669643 0.9381441473960876 6000
1771369669713 0.482998251914978 6001
1771369669855 0.6595711708068848 6002
1771369669926 0.2663099765777588 6003
1771369669997 1.0382100343704224 6004
1771369670070 0.573578953742981 6005
1771369670141 0.5335351824760437 6006
1771369670213 0.44473305344581604 6007
1771369670285 1.237015724182129 6008
1771369670358 0.4360188841819763 6009
1771369670493 0.860098659992218 6010
1771369670567 0.45570677518844604 6011
1771369670638 0.7826696038246155 6012
1771369670710 0.6100584268569946 6013
1771369670782 0.7150717973709106 6014
1771369670852 0.8209887146949768 6015
1771369670921 0.6428612470626831 6016
1771369670991 0.664269745349884 6017
1771369671060 0.31337887048721313 6018
1771369671199 1.0629476308822632 6019
1771369671270 0.8156692981719971 6020
1771369671341 1.2766883373260498 6021
1771369671411 0.2640385031700134 6022
1771369671480 0.8286852240562439 6023
1771369671548 1.0414758920669556 6024
1771369671618 1.0236568450927734 6025
1771369671688 0.5513224601745605 6026
1771369671757 0.7394880652427673 6027
1771369671895 0.418975830078125 6028
1771369671966 0.5080037117004395 6029
1771369672036 0.79703289270401 6030
1771369672106 0.6381872296333313 6031
1771369672176 0.31154653429985046 6032
1771369672247 0.8139054775238037 6033
1771369672319 0.4876617193222046 6034
1771369672390 0.4288393557071686 6035
1771369672460 1.1353018283843994 6036
1771369672603 0.9455462694168091 6037
1771369672679 0.8057984113693237 6038
1771369672752 0.2510971426963806 6039
1771369672825 0.9596928358078003 6040
1771369672898 0.51668381690979 6041
1771369672974 0.35585761070251465 6042
1771369673046 0.33568379282951355 6043
1771369673120 0.6341879963874817 6044
1771369673194 0.5444008111953735 6045
1771369673334 0.5007489323616028 6046
1771369673410 0.5088512301445007 6047
1771369673484 0.7954759001731873 6048
1771369673556 0.8694090843200684 6049
1771369673626 0.6907939314842224 6050
1771369673696 0.5637767314910889 6051
1771369673765 0.3829526901245117 6052
1771369673834 0.612285852432251 6053
1771369673904 0.5044480562210083 6054
1771369674035 0.7423152327537537 6055
1771369674107 0.6495863199234009 6056
1771369674177 1.205836296081543 6057
1771369674248 0.5494868755340576 6058
1771369674318 0.4186006188392639 6059
1771369674390 0.5639693140983582 6060
1771369674460 0.6790772080421448 6061
1771369674530 0.5587893724441528 6062
1771369674600 0.29138562083244324 6063
1771369674731 1.0961779356002808 6064
1771369674804 0.5226107835769653 6065
1771369674873 0.36569294333457947 6066
1771369674944 0.5735092759132385 6067
1771369675017 0.5929953455924988 6068
1771369675089 0.464326947927475 6069
1771369675163 0.9894376993179321 6070
1771369675237 0.9801174402236938 6071
1771369675308 0.5816015601158142 6072
1771369675384 0.7680014371871948 6073
1771369675523 0.7857877016067505 6074
1771369675593 0.3539291024208069 6075
1771369675678 0.7357314825057983 6076
1771369675749 0.9760466814041138 6077
1771369675820 0.5941538214683533 6078
1771369675891 0.7114970088005066 6079
1771369675961 0.982883095741272 6080
1771369676034 0.36596283316612244 6081
1771369676166 0.9461364150047302 6082
1771369676236 0.6097385883331299 6083
1771369676307 0.5181910395622253 6084
1771369676375 0.33776021003723145 6085
1771369676445 0.7958824038505554 6086
1771369676521 0.7002567648887634 6087
1771369676591 0.9331592917442322 6088
1771369676662 0.7704262137413025 6089
1771369676733 0.6226922273635864 6090
1771369676869 0.7217409014701843 6091
1771369676940 0.6949092149734497 6092
1771369677011 0.45986852049827576 6093
1771369677081 0.5028323531150818 6094
1771369677151 0.42807918787002563 6095
1771369677220 1.1971925497055054 6096
1771369677462 0.219382643699646 6097
1771369677538 0.4259525239467621 6098
1771369677611 0.28996098041534424 6099
1771369677684 0.5570478439331055 6100
1771369677757 0.4840959906578064 6101
1771369677831 0.5415881872177124 6102
1771369677902 0.8645099997520447 6103
1771369677974 0.5042777061462402 6104
1771369678044 0.5946873426437378 6105
1771369678186 0.2588216960430145 6106
1771369678257 0.41589075326919556 6107
1771369678332 0.9618063569068909 6108
1771369678402 0.5582669377326965 6109
1771369678472 0.24761079251766205 6110
1771369678541 1.2326077222824097 6111
1771369678614 0.5288954377174377 6112
1771369678685 0.30586668848991394 6113
1771369678822 0.9034407138824463 6114
1771369678895 0.3565604090690613 6115
1771369678964 0.4934864044189453 6116
1771369679034 0.9590722322463989 6117
1771369679104 0.8121780157089233 6118
1771369679173 0.6202620267868042 6119
1771369679243 0.7723058462142944 6120
1771369679317 0.33857718110084534 6121
1771369679387 0.43454307317733765 6122
1771369679526 0.9062567353248596 6123
1771369679600 0.5826042890548706 6124
1771369679671 0.9170975685119629 6125
1771369679741 0.33739185333251953 6126
1771369679811 0.24377450346946716 6127
1771369679882 0.6708270907402039 6128
1771369679952 0.7920137047767639 6129
1771369680022 0.6507664322853088 6130
1771369680156 0.6993241906166077 6131
1771369680228 0.6861597895622253 6132
1771369680299 0.5335556864738464 6133
1771369680371 0.5552342534065247 6134
1771369680445 0.2977520227432251 6135
1771369680517 0.2191208451986313 6136
1771369680588 0.5555455684661865 6137
1771369680658 0.379000723361969 6138
1771369680731 0.489867627620697 6139
1771369680868 0.5511957406997681 6140
1771369680942 1.08357834815979 6141
1771369681015 0.9292635917663574 6142
1771369681088 0.9747076630592346 6143
1771369681160 0.778253436088562 6144
1771369681229 0.26216891407966614 6145
1771369681300 0.4756527245044708 6146
1771369681370 0.6001327037811279 6147
1771369681506 0.6981226801872253 6148
1771369681579 0.8759596347808838 6149
1771369681652 1.1703259944915771 6150
1771369681723 0.5687278509140015 6151
1771369681805 0.3384285569190979 6152
1771369681876 0.6486703753471375 6153
1771369681949 0.47849053144454956 6154
1771369682019 0.543800950050354 6155
1771369682090 0.6408623456954956 6156
1771369682232 0.7295511960983276 6157
1771369682304 0.5617154240608215 6158
1771369682373 0.2591491937637329 6159
1771369682443 0.809170126914978 6160
1771369682517 0.5322126746177673 6161
1771369682586 0.12951350212097168 6162
1771369682659 0.4435138404369354 6163
1771369682732 0.5890299677848816 6164
1771369682873 0.2851994037628174 6165
1771369682950 0.48767486214637756 6166
1771369683023 0.6371593475341797 6167
1771369683096 0.5468844175338745 6168
1771369683168 0.6984895467758179 6169
1771369683241 0.6780353784561157 6170
1771369683323 1.3436223268508911 6171
1771369683397 0.5212289690971375 6172
1771369683470 0.315560907125473 6173
1771369683609 0.17145904898643494 6174
1771369683703 0.232305109500885 6175
1771369683808 1.038156270980835 6176
1771369683899 0.793341875076294 6177
1771369683971 0.773000180721283 6178
1771369684044 0.6354367136955261 6179
1771369684118 0.7107056975364685 6180
1771369684189 0.3986135423183441 6181
1771369684326 0.4282146692276001 6182
1771369684402 0.48415955901145935 6183
1771369684475 0.21347400546073914 6184
1771369684545 0.6936131715774536 6185
1771369684621 0.6448706984519958 6186
1771369684694 0.7419896125793457 6187
1771369684767 0.47315970063209534 6188
1771369684841 0.3149624168872833 6189
1771369684914 0.7117204070091248 6190
1771369685050 0.10737668722867966 6191
1771369685122 0.39662399888038635 6192
1771369685196 0.3606492280960083 6193
1771369685266 0.6325435042381287 6194
1771369685339 0.4488466680049896 6195
1771369685416 0.6463005542755127 6196
1771369685488 0.30766236782073975 6197
1771369685560 0.5499507188796997 6198
1771369685693 0.736992597579956 6199
1771369685769 0.713904857635498 6200
1771369685842 0.4430330693721771 6201
1771369685912 0.7477244138717651 6202
1771369685985 0.132236510515213 6203
1771369686057 0.22690202295780182 6204
1771369686129 0.5325326919555664 6205
1771369686202 0.7936949133872986 6206
1771369686274 0.6716291904449463 6207
1771369686412 0.48924311995506287 6208
1771369686486 0.4189613163471222 6209
1771369686559 0.7137802243232727 6210
1771369686632 1.3031914234161377 6211
1771369686703 0.4438018500804901 6212
1771369686776 0.4998607337474823 6213
1771369686847 0.6570619344711304 6214
1771369686918 0.8089791536331177 6215
1771369687056 0.3611074686050415 6216
1771369687132 0.3927408754825592 6217
1771369687206 0.8146435022354126 6218
1771369687279 0.22325460612773895 6219
1771369687354 1.0805351734161377 6220
1771369687428 0.6152155995368958 6221
1771369687501 0.7326709032058716 6222
1771369687572 0.9079515933990479 6223
1771369687644 0.6297351717948914 6224
1771369687781 0.761651337146759 6225
1771369687859 0.8989992141723633 6226
1771369687931 0.7922289371490479 6227
1771369688004 0.5770664811134338 6228
1771369688078 0.632677435874939 6229
1771369688181 0.36486223340034485 6230
1771369688298 0.6928940415382385 6231
1771369688396 0.5353911519050598 6232
1771369688543 0.4445238709449768 6233
1771369688623 0.486322820186615 6234
1771369688699 0.695809543132782 6235
1771369688776 0.6037277579307556 6236
1771369688850 0.6650782823562622 6237
1771369688926 0.4899924099445343 6238
1771369689002 0.8193931579589844 6239
1771369689079 0.31865012645721436 6240
1771369689155 0.48837798833847046 6241
1771369689294 0.643783450126648 6242
1771369689366 0.8119893670082092 6243
1771369689439 0.6869163513183594 6244
1771369689512 0.2990932762622833 6245
1771369689584 0.41103851795196533 6246
1771369689657 0.7607955932617188 6247
1771369689731 0.13589482009410858 6248
1771369689802 0.24779444932937622 6249
1771369689944 0.6054089069366455 6250
1771369690019 0.5690506100654602 6251
1771369690090 0.8740665316581726 6252
1771369690160 0.7646123766899109 6253
1771369690231 0.8065827488899231 6254
1771369690303 0.5913817882537842 6255
1771369690373 0.6913370490074158 6256
1771369690444 0.8572784066200256 6257
1771369690514 0.23347027599811554 6258
1771369690652 0.7509520649909973 6259
1771369690723 0.5750981569290161 6260
1771369690794 0.6788262128829956 6261
1771369690865 0.11620162427425385 6262
1771369690939 0.5053890943527222 6263
1771369691014 0.8447394371032715 6264
1771369691086 0.40319252014160156 6265
1771369691158 0.9226748943328857 6266
1771369691293 0.824250340461731 6267
1771369691368 0.904992938041687 6268
1771369691438 0.8341153264045715 6269
1771369691510 0.4668443202972412 6270
1771369691580 0.8707211017608643 6271
1771369691651 0.584346354007721 6272
1771369691722 0.8257428407669067 6273
1771369691791 1.0708487033843994 6274
1771369691862 0.4393141567707062 6275
1771369692001 0.6163551211357117 6276
1771369692077 0.3682417571544647 6277
1771369692150 0.5542016625404358 6278
1771369692237 0.8545756936073303 6279
1771369692309 0.8215472102165222 6280
1771369692379 0.32747402787208557 6281
1771369692448 1.0620293617248535 6282
1771369692520 0.9832954406738281 6283
1771369692665 0.7193969488143921 6284
1771369692738 0.438615083694458 6285
1771369692810 0.5536068677902222 6286
1771369692882 0.8441782593727112 6287
1771369692952 0.8576576709747314 6288
1771369693023 0.1518283188343048 6289
1771369693094 0.6558487415313721 6290
1771369693166 0.866789698600769 6291
1771369693239 0.5806560516357422 6292
1771369693386 0.5493690967559814 6293
1771369693461 0.6706876158714294 6294
1771369693534 0.3642009496688843 6295
1771369693605 1.1122347116470337 6296
1771369693678 0.7699641585350037 6297
1771369693750 0.9548997282981873 6298
1771369693822 1.0625723600387573 6299
1771369693892 0.3791182339191437 6300
1771369693964 0.4520344138145447 6301
1771369694106 0.9417904019355774 6302
1771369694177 0.7436667680740356 6303
1771369694249 0.8362731337547302 6304
1771369694320 1.153853178024292 6305
1771369694390 0.47825101017951965 6306
1771369694465 0.6277467608451843 6307
1771369694535 0.6996273994445801 6308
1771369694605 0.917064368724823 6309
1771369694742 0.21541963517665863 6310
1771369694813 0.8696907758712769 6311
1771369694884 0.4525274336338043 6312
1771369694957 0.6407938003540039 6313
1771369695029 0.29854580760002136 6314
1771369695099 0.4316200911998749 6315
1771369695170 0.7895777821540833 6316
1771369695240 0.6006885766983032 6317
1771369695314 0.43179628252983093 6318
1771369695449 0.5857304930686951 6319
1771369695526 0.6514792442321777 6320
1771369695598 0.6792059540748596 6321
1771369695671 0.540785551071167 6322
1771369695747 0.780182957649231 6323
1771369695818 0.6685898900032043 6324
1771369695889 0.3029801845550537 6325
1771369695960 0.6007906794548035 6326
1771369696034 0.4716903269290924 6327
1771369696177 0.4587402641773224 6328
1771369696254 0.31004276871681213 6329
1771369696326 0.277253657579422 6330
1771369696397 0.6482649445533752 6331
1771369696468 0.6108436584472656 6332
1771369696552 1.1032952070236206 6333
1771369696627 0.6795171499252319 6334
1771369696701 0.23685747385025024 6335
1771369696772 0.4847869277000427 6336
1771369696911 0.23554910719394684 6337
1771369696985 0.591404914855957 6338
1771369697061 0.3278486728668213 6339
1771369697137 0.45858290791511536 6340
1771369697210 0.2279524803161621 6341
1771369697282 0.6359842419624329 6342
1771369697356 0.6613821387290955 6343
1771369697514 0.3463095426559448 6344
1771369697588 0.901302695274353 6345
1771369697660 0.5877878069877625 6346
1771369697730 0.7113564610481262 6347
1771369697800 0.952343761920929 6348
1771369697869 0.4422288239002228 6349
1771369697938 0.25494882464408875 6350
1771369698006 0.5027275085449219 6351
1771369698074 0.4094799757003784 6352
1771369698142 0.3762873113155365 6353
1771369698289 0.5719186663627625 6354
1771369698363 0.6857599020004272 6355
1771369698433 0.7095944881439209 6356
1771369698503 0.8282725811004639 6357
1771369698572 0.7584316730499268 6358
1771369698641 0.5785382986068726 6359
1771369698711 0.6427237391471863 6360
1771369698781 0.43040961027145386 6361
1771369698851 0.30943623185157776 6362
1771369698920 0.18294815719127655 6363
1771369699055 0.5175360441207886 6364
1771369699125 0.49991869926452637 6365
1771369699196 0.5495715141296387 6366
1771369699266 0.4025516211986542 6367
1771369699340 0.8580243587493896 6368
1771369699410 0.36392858624458313 6369
1771369699483 0.3875710070133209 6370
1771369699553 1.1588464975357056 6371
1771369699687 0.5429013967514038 6372
1771369699763 0.6807851195335388 6373
1771369699838 1.144333004951477 6374
1771369699912 0.9825454950332642 6375
1771369699987 0.2906392812728882 6376
1771369700062 0.6146553158760071 6377
1771369700138 0.24632753431797028 6378
1771369700213 0.9847808480262756 6379
1771369700359 0.7014355659484863 6380
1771369700439 0.7067080140113831 6381
1771369700516 0.9120913147926331 6382
1771369700593 0.41330137848854065 6383
1771369700669 0.7634495496749878 6384
1771369700745 0.47358962893486023 6385
1771369700821 0.4748338758945465 6386
1771369700894 0.3601214289665222 6387
1771369701035 0.14900898933410645 6388
1771369701107 0.5067929029464722 6389
1771369701178 0.6099672317504883 6390
1771369701249 0.8366440534591675 6391
1771369701322 0.81231689453125 6392
1771369701394 0.518897294998169 6393
1771369701466 0.804936408996582 6394
1771369701607 0.6366373896598816 6395
1771369701680 0.5471583604812622 6396
1771369701752 0.756260335445404 6397
1771369701823 0.3829982876777649 6398
1771369701894 0.5997822880744934 6399
1771369701963 0.5342843532562256 6400
1771369702034 0.412516713142395 6401
1771369702103 0.5359792113304138 6402
1771369702174 1.0301322937011719 6403
1771369702243 0.7616540193557739 6404
1771369702382 0.9841446280479431 6405
1771369702458 0.5256575345993042 6406
1771369702531 0.3907313942909241 6407
1771369702603 0.4278528094291687 6408
1771369702674 1.1369850635528564 6409
1771369702748 0.8261228799819946 6410
1771369702820 1.0578763484954834 6411
1771369702892 0.3342674970626831 6412
1771369702965 0.4519355595111847 6413
1771369703104 0.27994972467422485 6414
1771369703178 0.46297168731689453 6415
1771369703254 0.7542504668235779 6416
1771369703329 0.37028732895851135 6417
1771369703405 0.5541149973869324 6418
1771369703477 1.1014304161071777 6419
1771369703548 0.7898604273796082 6420
1771369703618 0.55152428150177 6421
1771369703688 0.8372775316238403 6422
1771369703827 0.5388507843017578 6423
1771369703899 1.2389699220657349 6424
1771369703973 0.8794243335723877 6425
1771369704046 0.36699026823043823 6426
1771369704132 0.42903611063957214 6427
1771369704204 0.3569501042366028 6428
1771369704281 0.17675794661045074 6429
1771369704357 0.9872806668281555 6430
1771369704501 0.6354750990867615 6431
1771369704579 0.6834898591041565 6432
1771369704652 0.40846702456474304 6433
1771369704724 0.9795600175857544 6434
1771369704795 0.7026422619819641 6435
1771369704869 0.261539101600647 6436
1771369704941 0.9415536522865295 6437
1771369705080 0.772517740726471 6438
1771369705155 0.5410811305046082 6439
1771369705228 0.6544545888900757 6440
1771369705299 0.5554318428039551 6441
1771369705370 0.4517424702644348 6442
1771369705446 0.6891894340515137 6443
1771369705519 0.7135180234909058 6444
1771369705653 0.8349491357803345 6445
1771369705727 0.6848914623260498 6446
1771369705802 0.6370805501937866 6447
1771369705876 0.7463518381118774 6448
1771369705950 0.7232046723365784 6449
1771369706051 0.7994753122329712 6450
1771369706143 0.17839331924915314 6451
1771369706220 0.831221878528595 6452
1771369706292 0.9379190802574158 6453
1771369706364 0.5700957775115967 6454
1771369706506 0.7653148770332336 6455
1771369706581 0.7183102965354919 6456
1771369706659 0.7368997931480408 6457
1771369706740 0.28151676058769226 6458
1771369706816 0.623595654964447 6459
1771369706892 1.0616077184677124 6460
1771369706970 0.3832191824913025 6461
1771369707045 0.560178816318512 6462
1771369707118 0.6505890488624573 6463
1771369707191 0.6692228317260742 6464
1771369707336 0.24504020810127258 6465
1771369707408 0.9130451083183289 6466
1771369707480 0.3844127357006073 6467
1771369707554 0.544856607913971 6468
1771369707625 0.8340854048728943 6469
1771369707706 0.5796564221382141 6470
1771369707787 0.5126645565032959 6471
1771369707859 0.5037775635719299 6472
1771369707996 0.6661236882209778 6473
1771369708071 0.6468921303749084 6474
1771369708144 0.5965012907981873 6475
1771369708218 0.551427960395813 6476
1771369708291 0.8254356980323792 6477
1771369708365 0.6537198424339294 6478
1771369708436 0.8629817366600037 6479
1771369708509 0.6979278326034546 6480
1771369708643 0.7210426926612854 6481
1771369708724 0.6471026539802551 6482
1771369708801 0.5493850111961365 6483
1771369708875 0.9408590197563171 6484
1771369708952 0.7072793245315552 6485
1771369709029 0.4750112295150757 6486
1771369709105 0.40465304255485535 6487
1771369709183 0.44105055928230286 6488
1771369709337 0.6710844039916992 6489
1771369709414 0.6960038542747498 6490
1771369709493 1.179136037826538 6491
1771369709568 1.5941671133041382 6492
1771369709640 0.669568657875061 6493
1771369709713 0.3194822072982788 6494
1771369709791 0.8120518922805786 6495
1771369709937 1.3476481437683105 6496
1771369710013 0.7266951203346252 6497
1771369710091 0.7875891923904419 6498
1771369710169 0.5838090777397156 6499
1771369710246 0.31452977657318115 6500
1771369710324 0.554215133190155 6501
1771369710399 1.0304652452468872 6502
1771369710479 0.7322891354560852 6503
1771369710562 0.44467154145240784 6504
1771369710636 0.6323078274726868 6505
1771369710782 0.6469454169273376 6506
1771369710863 0.9027771353721619 6507
1771369710940 1.0156816244125366 6508
1771369711019 1.092348575592041 6509
1771369711096 0.3798733651638031 6510
1771369711176 0.3721950948238373 6511
1771369711254 0.6620822548866272 6512
1771369711331 0.7362502217292786 6513
1771369711409 0.8670512437820435 6514
1771369711557 0.9195830821990967 6515
1771369711638 0.2505948841571808 6516
1771369711716 1.1052850484848022 6517
1771369711795 0.47838932275772095 6518
1771369711873 0.47146129608154297 6519
1771369711947 0.939706027507782 6520
1771369712025 0.4197121858596802 6521
1771369712102 0.9405803680419922 6522
1771369712181 0.8404369354248047 6523
1771369712321 0.6029325723648071 6524
1771369712398 0.3750678598880768 6525
1771369712476 0.7036024332046509 6526
1771369712561 0.9118565917015076 6527
1771369712652 1.4023874998092651 6528
1771369712742 0.8492738008499146 6529
1771369712824 0.29031649231910706 6530
1771369712908 0.5883060097694397 6531
1771369713061 0.44628310203552246 6532
1771369713141 0.7448343634605408 6533
1771369713223 0.18098264932632446 6534
1771369713299 0.623212993144989 6535
1771369713375 0.5228939056396484 6536
1771369713448 0.7789865136146545 6537
1771369713521 0.7798206806182861 6538
1771369713663 0.3770238757133484 6539
1771369713739 0.2493111491203308 6540
1771369713813 0.4331451952457428 6541
1771369713889 0.7283663153648376 6542
1771369713963 0.5386910438537598 6543
1771369714039 1.1357977390289307 6544
1771369714114 0.9048513174057007 6545
1771369714253 0.6363997459411621 6546
1771369714329 0.8951008319854736 6547
1771369714403 0.5456132888793945 6548
1771369714474 0.4275035262107849 6549
1771369714545 0.5489984750747681 6550
1771369714617 0.23480476438999176 6551
1771369714690 0.28500932455062866 6552
1771369714765 0.9506564736366272 6553
1771369714837 1.3220157623291016 6554
1771369714910 0.673950731754303 6555
1771369715055 0.7955803275108337 6556
1771369715131 0.9159707427024841 6557
1771369715207 0.5997203588485718 6558
1771369715283 0.514038622379303 6559
1771369715363 1.313943862915039 6560
1771369715438 0.44272249937057495 6561
1771369715518 0.7286721467971802 6562
1771369715594 0.5905644297599792 6563
1771369715671 1.0066158771514893 6564
1771369715745 1.2443459033966064 6565
1771369715991 0.9923738241195679 6566
1771369716072 0.9079312086105347 6567
1771369716151 0.8156693577766418 6568
1771369716231 0.4336533546447754 6569
1771369716309 0.6320434212684631 6570
1771369716388 0.3771802484989166 6571
1771369716549 0.37839803099632263 6572
1771369716627 0.7723714709281921 6573
1771369716705 0.43690425157546997 6574
1771369716785 0.39907142519950867 6575
1771369716864 0.3357931077480316 6576
1771369716945 1.1333063840866089 6577
1771369717028 0.35177361965179443 6578
1771369717108 0.9045438170433044 6579
1771369717253 0.5601354837417603 6580
1771369717336 0.18025746941566467 6581
1771369717415 0.5370650291442871 6582
1771369717493 0.6593441963195801 6583
1771369717572 0.47231486439704895 6584
1771369717650 0.33721646666526794 6585
1771369717726 0.16322648525238037 6586
1771369717805 0.3856046497821808 6587
1771369717952 0.4564153254032135 6588
1771369718033 0.5947570204734802 6589
1771369718114 0.5031164288520813 6590
1771369718193 0.5919626355171204 6591
1771369718270 0.8224731087684631 6592
1771369718347 0.43973758816719055 6593
1771369718424 0.4966806471347809 6594
1771369718566 0.7663615345954895 6595
1771369718643 0.7449359893798828 6596
1771369718719 0.33832189440727234 6597
1771369718797 0.654321014881134 6598
1771369718874 0.391263484954834 6599
1771369718952 0.7825825214385986 6600
1771369719029 1.428477168083191 6601
1771369719110 1.0921688079833984 6602
1771369719189 0.799353301525116 6603
1771369719266 0.44266822934150696 6604
1771369719412 0.7426235675811768 6605
1771369719487 0.18739581108093262 6606
1771369719564 0.4889860451221466 6607
1771369719645 0.5095270276069641 6608
1771369719725 0.8307456374168396 6609
1771369719807 1.2803765535354614 6610
1771369719889 0.6281496286392212 6611
1771369719988 0.5213682055473328 6612
1771369720064 0.5611037611961365 6613
1771369720219 0.40767064690589905 6614
1771369720300 1.3426657915115356 6615
1771369720377 0.5889953374862671 6616
1771369720457 0.41754674911499023 6617
1771369720536 0.2975882291793823 6618
1771369720615 0.3546260893344879 6619
1771369720691 0.7416275143623352 6620
1771369720769 0.6314898729324341 6621
1771369720846 0.5770182609558105 6622
1771369720989 0.3904877305030823 6623
1771369721067 0.36098289489746094 6624
1771369721147 0.44894132018089294 6625
1771369721233 0.2383514791727066 6626
1771369721312 0.6490980982780457 6627
1771369721389 0.5500073432922363 6628
1771369721466 0.41019442677497864 6629
1771369721542 0.26404330134391785 6630
1771369721687 0.42868557572364807 6631
1771369721765 0.5242311358451843 6632
1771369721841 0.3743775486946106 6633
1771369721921 0.40650004148483276 6634
1771369722000 0.14373688399791718 6635
1771369722077 0.8743661642074585 6636
1771369722153 0.4023401141166687 6637
1771369722228 0.5250241756439209 6638
1771369722304 0.5620513558387756 6639
1771369722448 0.7961093783378601 6640
1771369722529 0.5685129165649414 6641
1771369722606 0.47378697991371155 6642
1771369722684 0.6694624423980713 6643
1771369722758 0.7306935787200928 6644
1771369722833 0.4162658751010895 6645
1771369722908 0.7756200432777405 6646
1771369722984 0.5166797041893005 6647
1771369723146 0.9311125874519348 6648
1771369723227 0.6024859547615051 6649
1771369723310 0.44522392749786377 6650
1771369723386 0.3426412343978882 6651
1771369723459 0.980292797088623 6652
1771369723530 0.6936717629432678 6653
1771369723602 0.7467770576477051 6654
1771369723677 0.421652615070343 6655
1771369723750 0.9248793721199036 6656
1771369723895 0.5294642448425293 6657
1771369723969 0.2529071569442749 6658
1771369724043 0.4912250339984894 6659
1771369724115 0.3264269232749939 6660
1771369724192 0.49820250272750854 6661
1771369724270 0.5487830638885498 6662
1771369724344 0.7387841939926147 6663
1771369724423 0.8636257648468018 6664
1771369724576 0.7177592515945435 6665
1771369724658 0.5901616811752319 6666
1771369724738 0.9519280195236206 6667
1771369724818 0.4989098906517029 6668
1771369724896 0.5578219294548035 6669
1771369724974 0.8460245728492737 6670
1771369725053 0.4483000636100769 6671
1771369725133 0.7617608308792114 6672
1771369725212 0.6298654675483704 6673
1771369725361 0.8023350834846497 6674
1771369725442 0.588402509689331 6675
1771369725517 0.4855218529701233 6676
1771369725595 0.5766341090202332 6677
1771369725673 0.3577961325645447 6678
1771369725750 0.5766132473945618 6679
1771369725831 0.2474043220281601 6680
1771369725908 0.721897542476654 6681
1771369726056 0.7373512387275696 6682
1771369726136 0.47136202454566956 6683
1771369726213 0.5668995380401611 6684
1771369726290 0.5750308632850647 6685
1771369726368 0.5092387795448303 6686
1771369726447 0.5071024894714355 6687
1771369726532 0.7152696847915649 6688
1771369726610 1.0268216133117676 6689
1771369726688 1.0935022830963135 6690
1771369726837 0.7659872174263 6691
1771369726914 0.5459371209144592 6692
1771369726994 0.44496414065361023 6693
1771369727071 0.43867164850234985 6694
1771369727148 0.22955112159252167 6695
1771369727226 0.6754364371299744 6696
1771369727304 0.24967387318611145 6697
1771369727454 0.504546046257019 6698
1771369727535 0.6066665053367615 6699
1771369727614 0.9693218469619751 6700
1771369727693 0.48321932554244995 6701
1771369727773 1.0516008138656616 6702
1771369727846 0.19394001364707947 6703
1771369727921 0.967049241065979 6704
1771369727995 0.586083710193634 6705
1771369728142 0.8579615354537964 6706
1771369728217 0.2297525405883789 6707
1771369728294 0.642092764377594 6708
1771369728371 0.4014982283115387 6709
1771369728448 0.411265105009079 6710
1771369728525 0.823395848274231 6711
1771369728603 0.3057059049606323 6712
1771369728744 0.38816037774086 6713
1771369728823 0.3745655417442322 6714
1771369728900 0.9166219830513 6715
1771369728979 1.3444982767105103 6716
1771369729057 0.6277717351913452 6717
1771369729136 0.31568989157676697 6718
1771369729209 0.7979686856269836 6719
1771369729281 0.2042607069015503 6720
1771369729428 0.9963845610618591 6721
1771369729506 0.6376639008522034 6722
1771369729584 0.23949429392814636 6723
1771369729658 0.512820303440094 6724
1771369729733 0.7403615117073059 6725
1771369729806 0.5177392363548279 6726
1771369729885 0.603399395942688 6727
1771369729962 1.0020513534545898 6728
1771369730116 0.7459321618080139 6729
1771369730193 0.845534086227417 6730
1771369730271 0.7847444415092468 6731
1771369730346 0.9452074766159058 6732
1771369730424 1.038554310798645 6733
1771369730501 0.5992072224617004 6734
1771369730580 0.27524200081825256 6735
1771369730732 0.5707443356513977 6736
1771369730811 0.4296809732913971 6737
1771369730885 0.46015429496765137 6738
1771369730959 0.4077845513820648 6739
1771369731034 0.12059485167264938 6740
1771369731106 0.42062416672706604 6741
1771369731181 0.39618179202079773 6742
1771369731326 0.7573844790458679 6743
1771369731402 0.6558932662010193 6744
1771369731475 0.7477151155471802 6745
1771369731548 0.7706195116043091 6746
1771369731626 0.8030975461006165 6747
1771369731706 0.7619808912277222 6748
1771369731786 1.0953866243362427 6749
1771369731866 0.0872221514582634 6750
1771369732011 0.517400324344635 6751
1771369732090 0.45316073298454285 6752
1771369732166 0.7450358867645264 6753
1771369732243 0.8929885625839233 6754
1771369732321 0.5461086630821228 6755
1771369732399 0.6131066679954529 6756
1771369732477 0.6726794242858887 6757
1771369732637 0.8630240559577942 6758
1771369732722 0.6193639039993286 6759
1771369732806 0.663836658000946 6760
1771369732891 1.1662675142288208 6761
1771369732976 0.5446661710739136 6762
1771369733060 0.30111709237098694 6763
1771369733140 0.21531346440315247 6764
1771369733222 0.5859540700912476 6765
1771369733377 0.2966390550136566 6766
1771369733463 0.5442389845848083 6767
1771369733545 0.44507715106010437 6768
1771369733625 0.17730142176151276 6769
1771369733711 0.3384834825992584 6770
1771369733793 0.5533100962638855 6771
1771369733871 0.7734568119049072 6772
1771369733950 0.30622047185897827 6773
1771369734103 0.7736940383911133 6774
1771369734178 0.4358803331851959 6775
1771369734253 0.8625074028968811 6776
1771369734329 0.5856109857559204 6777
1771369734404 0.7197805047035217 6778
1771369734482 0.20379045605659485 6779
1771369734559 0.5086535215377808 6780
1771369734701 0.411373496055603 6781
1771369734774 0.3208901286125183 6782
1771369734848 1.2257457971572876 6783
1771369734924 0.35253670811653137 6784
1771369735000 1.3851076364517212 6785
1771369735073 0.45380333065986633 6786
1771369735147 0.23866499960422516 6787
1771369735287 0.5357900857925415 6788
1771369735363 0.7146276831626892 6789
1771369735438 0.6806973814964294 6790
1771369735519 0.6080669164657593 6791
1771369735596 0.8591485619544983 6792
1771369735673 0.14415839314460754 6793
1771369735758 0.29757824540138245 6794
1771369735843 0.5309745669364929 6795
1771369735992 0.7491859793663025 6796
1771369736071 0.3954394459724426 6797
1771369736145 0.6543986797332764 6798
1771369736221 1.0758187770843506 6799
1771369736298 1.752634882926941 6800
1771369736374 1.2122195959091187 6801
1771369736450 0.35978469252586365 6802
1771369736602 0.18671885132789612 6803
1771369736680 0.5142419934272766 6804
1771369736760 0.7683118581771851 6805
1771369736840 0.653785228729248 6806
1771369736919 1.0812015533447266 6807
1771369737001 0.6790096759796143 6808
1771369737081 0.5954819321632385 6809
1771369737160 0.43899935483932495 6810
1771369737304 0.9405509233474731 6811
1771369737383 1.1670029163360596 6812
1771369737462 0.5400630831718445 6813
1771369737541 0.48686695098876953 6814
1771369737619 0.7608621716499329 6815
1771369737696 0.21795350313186646 6816
1771369737773 1.0923489332199097 6817
1771369737857 0.364136278629303 6818
1771369738008 0.2740555703639984 6819
1771369738088 0.692363440990448 6820
1771369738164 0.7597302198410034 6821
1771369738241 1.0082790851593018 6822
1771369738320 0.8170083165168762 6823
1771369738398 0.7127457857131958 6824
1771369738474 0.6713011264801025 6825
1771369738621 0.8351482152938843 6826
1771369738695 0.600527822971344 6827
1771369738769 0.3967558741569519 6828
1771369738845 0.31297147274017334 6829
1771369738919 0.8385751843452454 6830
1771369738994 0.6813859939575195 6831
1771369739067 0.812049388885498 6832
1771369739212 1.0103331804275513 6833
1771369739287 0.7236929535865784 6834
1771369739361 0.41364505887031555 6835
1771369739436 0.5673315525054932 6836
1771369739515 0.806313157081604 6837
1771369739593 0.8630178570747375 6838
1771369739668 0.3863160014152527 6839
1771369739750 1.1133887767791748 6840
1771369739893 0.7436496019363403 6841
1771369739980 0.5203925967216492 6842
1771369740063 0.8032812476158142 6843
1771369740144 0.4887901246547699 6844
1771369740222 0.45031148195266724 6845
1771369740303 0.4597017467021942 6846
1771369740379 0.6457112431526184 6847
1771369740530 0.7363702058792114 6848
1771369740606 0.26872965693473816 6849
1771369740683 0.6565995812416077 6850
1771369740757 0.3887019157409668 6851
1771369740833 0.3336951732635498 6852
1771369740908 0.7492172122001648 6853
1771369740988 0.628274142742157 6854
1771369741068 0.5167121291160583 6855
1771369741210 0.8337501883506775 6856
1771369741288 0.7821513414382935 6857
1771369741366 0.9076998233795166 6858
1771369741445 0.4745975732803345 6859
1771369741523 0.2757089138031006 6860
1771369741602 0.6593513488769531 6861
1771369741680 0.6514483690261841 6862
1771369741759 0.3844796419143677 6863
1771369741903 0.9887130260467529 6864
1771369741976 0.41233325004577637 6865
1771369742061 1.1168369054794312 6866
1771369742142 0.3915634751319885 6867
1771369742221 0.3375556170940399 6868
1771369742302 0.6583803296089172 6869
1771369742384 0.4494665563106537 6870
1771369742533 0.6723551154136658 6871
1771369742615 0.8587532639503479 6872
1771369742697 0.5427608489990234 6873
1771369742772 0.32388848066329956 6874
1771369742847 0.5674854516983032 6875
1771369742922 0.09683036804199219 6876
1771369742996 0.6064101457595825 6877
1771369743156 0.6311248540878296 6878
1771369743232 0.732309103012085 6879
1771369743308 0.6075502038002014 6880
1771369743388 0.738055944442749 6881
1771369743466 0.2838909327983856 6882
1771369743546 0.6014381647109985 6883
1771369743622 0.342180073261261 6884
1771369743698 0.708788275718689 6885
1771369743842 0.6652920842170715 6886
1771369743918 0.7869347333908081 6887
1771369743994 0.7432966232299805 6888
1771369744072 0.9908977746963501 6889
1771369744152 1.0693013668060303 6890
1771369744230 0.8716697692871094 6891
1771369744307 0.47294601798057556 6892
1771369744466 0.6726059317588806 6893
1771369744551 0.5747073292732239 6894
1771369744627 0.7816787958145142 6895
1771369744701 0.22603347897529602 6896
1771369744775 0.440794974565506 6897
1771369744850 0.16503886878490448 6898
1771369744925 0.4170292317867279 6899
1771369745004 0.47417134046554565 6900
1771369745147 0.8083884716033936 6901
1771369745224 0.5486499071121216 6902
1771369745301 0.3155058026313782 6903
1771369745379 0.7779725193977356 6904
1771369745458 0.5273455381393433 6905
1771369745549 0.4018400013446808 6906
1771369745631 0.3093925714492798 6907
1771369745709 0.58635413646698 6908
1771369745874 0.217790424823761 6909
1771369745955 0.7789095640182495 6910
1771369746036 0.6355929970741272 6911
1771369746116 0.860660195350647 6912
1771369746202 0.4731746017932892 6913
1771369746285 0.11729159951210022 6914
1771369746367 1.0885956287384033 6915
1771369746518 0.5913258194923401 6916
1771369746606 0.6547830700874329 6917
1771369746688 0.4795994460582733 6918
1771369746767 0.9816740155220032 6919
1771369746849 0.8199846744537354 6920
1771369746931 0.6520757079124451 6921
1771369747010 0.30597642064094543 6922
1771369747155 1.0256084203720093 6923
1771369747238 0.697451114654541 6924
1771369747318 1.4553641080856323 6925
1771369747400 0.7670921683311462 6926
1771369747482 0.8076073527336121 6927
1771369747562 0.698491096496582 6928
1771369747638 1.0428813695907593 6929
1771369747713 1.0415685176849365 6930
1771369747851 0.595676839351654 6931
1771369747929 0.4357224702835083 6932
1771369748002 0.6199057102203369 6933
1771369748076 0.995080828666687 6934
1771369748150 1.079689621925354 6935
1771369748230 0.8436595797538757 6936
1771369748316 0.5146362781524658 6937
1771369748470 0.9060088396072388 6938
1771369748546 0.4947216808795929 6939
1771369748621 0.8730160593986511 6940
1771369748694 0.4393067955970764 6941
1771369748769 0.2904375195503235 6942
1771369748842 0.7289732098579407 6943
1771369748917 0.4709528982639313 6944
1771369748991 0.7302997708320618 6945
1771369749134 0.5418841242790222 6946
1771369749207 0.738213062286377 6947
1771369749282 0.995202362537384 6948
1771369749357 0.17097018659114838 6949
1771369749433 0.16804486513137817 6950
1771369749510 0.6734340190887451 6951
1771369749587 0.8913114666938782 6952
1771369749661 0.3837776184082031 6953
1771369749802 0.728606104850769 6954
1771369749877 0.6331745386123657 6955
1771369749952 1.301082968711853 6956
1771369750026 0.4224174916744232 6957
1771369750100 0.3319249451160431 6958
1771369750175 0.8446432948112488 6959
1771369750248 0.31577783823013306 6960
1771369750398 0.6766936779022217 6961
1771369750476 0.842746376991272 6962
1771369750554 0.9789271354675293 6963
1771369750631 0.4021727442741394 6964
1771369750707 0.40226292610168457 6965
1771369750790 0.8832801580429077 6966
1771369750874 0.6123690009117126 6967
