1771366601102 1.9982295036315918 0
1771366601145 1.039785623550415 1
1771366601184 1.0564384460449219 2
1771366601224 1.0735276937484741 3
1771366601262 1.0911757946014404 4
1771366601301 0.9604467749595642 5
1771366601341 0.9985439777374268 6
1771366601380 1.308544635772705 7
1771366601419 1.2765498161315918 8
1771366601460 0.8453298807144165 9
1771366601502 0.9264102578163147 10
1771366601543 0.8097327351570129 11
1771366601585 0.7191619277000427 12
1771366601626 1.1280779838562012 13
1771366601666 0.8277740478515625 14
1771366601706 0.9430160522460938 15
1771366601747 0.6819166541099548 16
1771366601790 1.5422061681747437 17
1771366601831 1.268212080001831 18
1771366601872 0.6802064776420593 19
1771366601912 0.8994972109794617 20
1771366601950 1.1388956308364868 21
1771366601990 1.3482863903045654 22
1771366602029 1.472346305847168 23
1771366602068 0.9693553447723389 24
1771366602107 1.0052802562713623 25
1771366602148 1.672012448310852 26
1771366602188 1.597166657447815 27
1771366602228 0.7823992967605591 28
1771366602270 0.8326208591461182 29
1771366602325 0.9566261768341064 30
1771366602370 1.429591417312622 31
1771366602416 1.289371371269226 32
1771366602463 0.7846636176109314 33
1771366602507 0.8874824643135071 34
1771366602553 0.6773200631141663 35
1771366602597 0.7867218852043152 36
1771366602642 0.6044821739196777 37
1771366602687 0.9676812291145325 38
1771366602730 0.9103744626045227 39
1771366602775 0.9755834341049194 40
1771366602820 0.8021382689476013 41
1771366602865 1.3064806461334229 42
1771366602909 1.8375227451324463 43
1771366602955 1.6046031713485718 44
1771366603000 0.7792825102806091 45
1771366603045 0.8045423626899719 46
1771366603089 0.715590238571167 47
1771366603133 0.6975330114364624 48
1771366603177 0.9948598742485046 49
1771366603223 1.4124277830123901 50
1771366603270 1.1555501222610474 51
1771366603314 0.5945090651512146 52
1771366603359 0.7537356615066528 53
1771366603407 0.5926680564880371 54
1771366603451 0.6131967306137085 55
1771366603494 0.723935067653656 56
1771366603539 0.7131094336509705 57
1771366603583 0.7391491532325745 58
1771366603628 0.6865515112876892 59
1771366603673 0.7182486653327942 60
1771366603717 1.1089085340499878 61
1771366603762 1.2866541147232056 62
1771366603808 0.7986147999763489 63
1771366603855 1.3068053722381592 64
1771366603903 0.9869832396507263 65
1771366603948 0.7203040719032288 66
1771366603992 0.9903302788734436 67
1771366604038 1.3381441831588745 68
1771366604083 1.2123292684555054 69
1771366604128 0.6622448563575745 70
1771366604173 1.1430678367614746 71
1771366604219 0.7642428278923035 72
1771366604264 0.5961145162582397 73
1771366604309 0.8412643074989319 74
1771366604354 1.203553318977356 75
1771366604400 1.1842288970947266 76
1771366604449 0.8349763751029968 77
1771366604495 0.7348955869674683 78
1771366604540 1.220765233039856 79
1771366604586 1.5348087549209595 80
1771366604630 1.0446866750717163 81
1771366604673 0.7851758599281311 82
1771366604717 0.9219911098480225 83
1771366604763 1.3420600891113281 84
1771366604809 0.8461987376213074 85
1771366604853 0.7065230011940002 86
1771366604898 0.8813157081604004 87
1771366604942 0.915418803691864 88
1771366604987 1.0994538068771362 89
1771366605032 0.6031636595726013 90
1771366605078 1.1620510816574097 91
1771366605123 0.9956899285316467 92
1771366605169 1.1219944953918457 93
1771366605213 0.8253282308578491 94
1771366605257 0.5936671495437622 95
1771366605303 0.916928231716156 96
1771366605349 0.7979433536529541 97
1771366605394 0.9090602397918701 98
1771366605439 0.6906448602676392 99
1771366605486 0.9059144258499146 100
1771366605532 1.1206552982330322 101
1771366605579 1.283960223197937 102
1771366605625 0.8123107552528381 103
1771366605672 0.7690178751945496 104
1771366605717 0.575610339641571 105
1771366605763 0.7479252219200134 106
1771366605808 1.134756088256836 107
1771366605852 1.050906777381897 108
1771366605899 0.5691125988960266 109
1771366605949 0.7400164604187012 110
1771366605994 0.914608895778656 111
1771366606040 1.3486847877502441 112
1771366606087 0.9496205449104309 113
1771366606135 1.0821778774261475 114
1771366606181 1.2124040126800537 115
1771366606226 0.6221693158149719 116
1771366606273 0.6657494306564331 117
1771366606320 0.7939393520355225 118
1771366606367 0.5238437056541443 119
1771366606412 0.7331655621528625 120
1771366606458 0.9724757075309753 121
1771366606505 0.7289352416992188 122
1771366606550 0.6641983389854431 123
1771366606596 0.9518561363220215 124
1771366606641 0.6086529493331909 125
1771366606684 0.6708592176437378 126
1771366606727 0.7652946710586548 127
1771366606772 0.7537556886672974 128
1771366606816 0.6127405762672424 129
1771366606861 0.7545943260192871 130
1771366606907 0.782108724117279 131
1771366606952 0.5592429637908936 132
1771366606997 0.7634042501449585 133
1771366607043 0.9880712032318115 134
1771366607088 0.8748561143875122 135
1771366607135 0.6291515827178955 136
1771366607182 0.6130229830741882 137
1771366607227 0.9249670505523682 138
1771366607273 0.9300341606140137 139
1771366607318 0.725856602191925 140
1771366607363 0.6671740412712097 141
1771366607418 0.6869124174118042 142
1771366607465 0.8576338291168213 143
1771366607508 1.413252830505371 144
1771366607550 1.367699384689331 145
1771366607593 1.2696505784988403 146
1771366607638 0.853469967842102 147
1771366607682 0.628799319267273 148
1771366607727 1.0624134540557861 149
1771366607771 0.9824825525283813 150
1771366607815 0.7280837297439575 151
1771366607860 1.2217323780059814 152
1771366607905 1.381492257118225 153
1771366607950 0.6017941236495972 154
1771366607995 0.7311831712722778 155
1771366608039 1.0136650800704956 156
1771366608085 0.7030407786369324 157
1771366608130 0.6965106725692749 158
1771366608176 0.6217395663261414 159
1771366608216 0.9535402655601501 160
1771366608256 0.645681619644165 161
1771366608296 0.911791980266571 162
1771366608337 0.6333727240562439 163
1771366608377 1.3518096208572388 164
1771366608416 0.8913644552230835 165
1771366608456 0.5935747623443604 166
1771366608497 0.507350504398346 167
1771366608538 0.7589350938796997 168
1771366608579 0.7845425605773926 169
1771366608620 0.8649232983589172 170
1771366608659 0.6535459756851196 171
1771366608698 0.6034134030342102 172
1771366608739 0.6715272665023804 173
1771366608780 0.6924451589584351 174
1771366608820 1.254995584487915 175
1771366608861 1.3802844285964966 176
1771366608901 1.0177137851715088 177
1771366608942 0.9854725003242493 178
1771366608984 0.7929298877716064 179
1771366609026 0.6791204810142517 180
1771366609069 0.5915128588676453 181
1771366609112 0.5273011326789856 182
1771366609155 0.48403048515319824 183
1771366609198 0.47477656602859497 184
1771366609240 0.7811812162399292 185
1771366609284 0.9699802398681641 186
1771366609326 0.7138981819152832 187
1771366609366 1.1835761070251465 188
1771366609407 1.4898754358291626 189
1771366609448 0.8785703182220459 190
1771366609489 0.7286159992218018 191
1771366609530 0.6811947226524353 192
1771366609571 1.3976064920425415 193
1771366609613 0.680128276348114 194
1771366609654 0.7470148205757141 195
1771366609693 0.923008382320404 196
1771366609732 0.6093469262123108 197
1771366609771 0.686055064201355 198
1771366609811 0.5337141752243042 199
1771366609850 0.6452344655990601 200
1771366609889 0.7042709589004517 201
1771366609928 1.0887842178344727 202
1771366609968 0.8429630398750305 203
1771366610007 0.7954314947128296 204
1771366610046 0.8221175074577332 205
1771366610088 0.7267239093780518 206
1771366610130 0.7044968605041504 207
1771366610170 0.7784494161605835 208
1771366610210 0.9119388461112976 209
1771366610250 0.7964093089103699 210
1771366610291 0.9554349184036255 211
1771366610331 0.9504246115684509 212
1771366610374 0.5216169953346252 213
1771366610415 0.690057635307312 214
1771366610456 1.1641030311584473 215
1771366610498 0.5503373146057129 216
1771366610539 0.9313277006149292 217
1771366610579 0.8007849454879761 218
1771366610619 0.7739081978797913 219
1771366610660 0.9403049945831299 220
1771366610700 0.5480453372001648 221
1771366610739 0.7845190763473511 222
1771366610782 0.8701654076576233 223
1771366610823 0.8443742990493774 224
1771366610864 0.6378157138824463 225
1771366610904 1.131264090538025 226
1771366610944 0.7706770300865173 227
1771366610985 0.8947984576225281 228
1771366611027 0.6403809785842896 229
1771366611067 0.8161264061927795 230
1771366611110 0.5932692289352417 231
1771366611152 0.8391752243041992 232
1771366611196 1.219714641571045 233
1771366611237 0.5580803751945496 234
1771366611279 0.6619988679885864 235
1771366611338 0.8407453298568726 236
1771366611384 1.0437932014465332 237
1771366611431 1.1637446880340576 238
1771366611478 0.501528263092041 239
1771366611524 0.6068059802055359 240
1771366611569 0.5403474569320679 241
1771366611615 0.7245513200759888 242
1771366611659 0.5289733409881592 243
1771366611705 0.7237080335617065 244
1771366611745 0.7465012073516846 245
1771366611786 0.9085785746574402 246
1771366611828 0.9721360802650452 247
1771366611870 1.0054758787155151 248
1771366611912 0.5934887528419495 249
1771366611955 1.5774576663970947 250
1771366611998 0.9323368668556213 251
1771366612046 0.9819664359092712 252
1771366612092 0.9228512644767761 253
1771366612137 0.5849133133888245 254
1771366612186 0.8178296089172363 255
1771366612235 0.8180942535400391 256
1771366612284 0.7535278797149658 257
1771366612329 1.1742759943008423 258
1771366612379 0.7090266942977905 259
1771366612428 1.0856605768203735 260
1771366612473 0.7727809548377991 261
1771366612521 0.6758155226707458 262
1771366612566 0.6628299951553345 263
1771366612611 0.8221964836120605 264
1771366612662 1.032935619354248 265
1771366612709 0.6989300847053528 266
1771366612756 0.8560417294502258 267
1771366612802 0.7745670080184937 268
1771366612848 1.1306004524230957 269
1771366612895 0.7299042344093323 270
1771366612943 1.017858862876892 271
1771366612992 0.8716931939125061 272
1771366613039 0.6063892245292664 273
1771366613086 0.7094055414199829 274
1771366613131 0.6384925246238708 275
1771366613177 0.9228461980819702 276
1771366613223 0.6433060765266418 277
1771366613270 0.5821654200553894 278
1771366613315 1.356849193572998 279
1771366613362 1.0694496631622314 280
1771366613406 0.6353963017463684 281
1771366613450 0.6540088653564453 282
1771366613495 0.8885157108306885 283
1771366613539 0.6623113751411438 284
1771366613583 0.6197130084037781 285
1771366613627 0.37239357829093933 286
1771366613671 0.5685864090919495 287
1771366613717 0.4439947009086609 288
1771366613762 0.4936573803424835 289
1771366613806 0.5638211369514465 290
1771366613850 0.6992670893669128 291
1771366613895 0.5142133831977844 292
1771366613940 0.8461712002754211 293
1771366613986 0.6038346886634827 294
1771366614030 0.6358108520507812 295
1771366614075 0.6713943481445312 296
1771366614120 0.6622267365455627 297
1771366614167 0.7664473056793213 298
1771366614212 0.9458171725273132 299
1771366614260 0.671561062335968 300
1771366614309 1.0055913925170898 301
1771366614357 0.6011678576469421 302
1771366614403 0.7531687021255493 303
1771366614449 1.0082430839538574 304
1771366614496 1.0230114459991455 305
1771366614542 0.6094265580177307 306
1771366614589 0.4678322970867157 307
1771366614636 0.7125594615936279 308
1771366614681 0.9241166710853577 309
1771366614727 0.8687443137168884 310
1771366614771 0.5737650394439697 311
1771366614816 0.7615894079208374 312
1771366614863 0.5702164173126221 313
1771366614909 0.7769848108291626 314
1771366614954 0.8734734058380127 315
1771366615005 0.9392881393432617 316
1771366615051 0.7664271593093872 317
1771366615097 0.6804311871528625 318
1771366615144 0.8402274250984192 319
1771366615192 0.5159369707107544 320
1771366615239 0.6134705543518066 321
1771366615286 0.7984043955802917 322
1771366615332 0.7202290296554565 323
1771366615380 0.8900831341743469 324
1771366615426 0.7186844944953918 325
1771366615473 0.6798274517059326 326
1771366615519 0.9328452944755554 327
1771366615564 0.9212606549263 328
1771366615609 0.695193886756897 329
1771366615655 0.7305927872657776 330
1771366615700 0.5868468284606934 331
1771366615746 0.4371298849582672 332
1771366615792 0.8202605843544006 333
1771366615838 0.7586915493011475 334
1771366615883 0.615525484085083 335
1771366615929 0.8129816651344299 336
1771366615974 1.098397970199585 337
1771366616021 0.9881325364112854 338
1771366616067 0.7517309188842773 339
1771366616112 0.6009657382965088 340
1771366616158 0.7343222498893738 341
1771366616204 0.9226946830749512 342
1771366616249 0.6997984051704407 343
1771366616294 1.035430669784546 344
1771366616344 0.6287893652915955 345
1771366616391 1.181452751159668 346
1771366616440 0.7749252915382385 347
1771366616488 0.6320222020149231 348
1771366616534 0.6951056718826294 349
1771366616576 0.5969534516334534 350
1771366616616 0.6682677268981934 351
1771366616662 1.0634198188781738 352
1771366616708 0.9187247157096863 353
1771366616755 0.6544247269630432 354
1771366616801 0.8977784514427185 355
1771366616847 0.698543131351471 356
1771366616893 0.7351275086402893 357
1771366616939 1.0158857107162476 358
1771366616986 0.9914243221282959 359
1771366617033 0.6228371858596802 360
1771366617079 0.5917426347732544 361
1771366617126 0.8550262451171875 362
1771366617172 1.339769959449768 363
1771366617219 1.3845542669296265 364
1771366617266 0.8927336931228638 365
1771366617313 0.5060907602310181 366
1771366617359 1.0040420293807983 367
1771366617405 0.9584717750549316 368
1771366617456 0.6602101922035217 369
1771366617503 1.1254256963729858 370
1771366617549 1.2007375955581665 371
1771366617594 0.7303781509399414 372
1771366617641 0.6734912991523743 373
1771366617687 0.5197538733482361 374
1771366617733 0.8736081719398499 375
1771366617779 1.482883095741272 376
1771366617826 1.364491581916809 377
1771366617872 0.5975050926208496 378
1771366617918 0.5609041452407837 379
1771366617964 0.9423025250434875 380
1771366618010 0.7655631303787231 381
1771366618057 0.7076520919799805 382
1771366618104 0.8378068208694458 383
1771366618151 1.123925805091858 384
1771366618197 0.715885579586029 385
1771366618243 1.0887010097503662 386
1771366618288 0.6477949619293213 387
1771366618334 0.53220134973526 388
1771366618379 0.45479682087898254 389
1771366618431 0.7181540727615356 390
1771366618479 0.5921493768692017 391
1771366618525 0.8953511714935303 392
1771366618571 0.6773477792739868 393
1771366618617 0.651685357093811 394
1771366618662 0.7877657413482666 395
1771366618708 0.7011258602142334 396
1771366618754 0.6418033838272095 397
1771366618800 0.7583609223365784 398
1771366618849 0.5920403599739075 399
1771366618896 0.7140200734138489 400
1771366618938 0.5932470560073853 401
1771366618980 0.5662780404090881 402
1771366619021 0.8445253968238831 403
1771366619063 0.5947907567024231 404
1771366619104 0.5669538378715515 405
1771366619144 0.41818472743034363 406
1771366619185 0.9467654228210449 407
1771366619227 0.7397171258926392 408
1771366619267 0.6426601409912109 409
1771366619308 0.6020203828811646 410
1771366619350 0.6135599613189697 411
1771366619392 0.7348321676254272 412
1771366619433 0.6496772766113281 413
1771366619475 0.543256402015686 414
1771366619517 0.6445788741111755 415
1771366619560 0.7431961297988892 416
1771366619604 0.9018935561180115 417
1771366619646 0.4448469281196594 418
1771366619686 0.8351393342018127 419
1771366619727 0.8543195724487305 420
1771366619771 0.8088934421539307 421
1771366619812 0.5479475259780884 422
1771366619853 1.188360333442688 423
1771366619894 0.5408744215965271 424
1771366619936 0.5838266015052795 425
1771366619977 0.551279604434967 426
1771366620019 0.6098747253417969 427
1771366620061 1.1915799379348755 428
1771366620104 0.7759217619895935 429
1771366620147 0.7630079388618469 430
1771366620191 0.4653450846672058 431
1771366620233 1.0084688663482666 432
1771366620275 0.48551177978515625 433
1771366620318 0.8998028039932251 434
1771366620361 0.8772335052490234 435
1771366620403 1.3664132356643677 436
1771366620444 0.815796971321106 437
1771366620488 0.6602290868759155 438
1771366620535 0.9873589873313904 439
1771366620577 1.2046667337417603 440
1771366620621 1.4662610292434692 441
1771366620663 0.6323780417442322 442
1771366620704 0.6955344080924988 443
1771366620746 0.8268855810165405 444
1771366620789 0.7366089820861816 445
1771366620830 0.8000567555427551 446
1771366620872 1.0313032865524292 447
1771366620915 0.817697286605835 448
1771366620958 0.6087608933448792 449
1771366621001 0.6560782790184021 450
1771366621044 0.5476671457290649 451
1771366621088 0.789118230342865 452
1771366621132 1.0012630224227905 453
1771366621174 0.7058555483818054 454
1771366621216 0.8401978015899658 455
1771366621257 0.5895119309425354 456
1771366621298 0.4768644869327545 457
1771366621340 0.5380378365516663 458
1771366621382 0.866044819355011 459
1771366621424 0.5576481223106384 460
1771366621466 0.8744648098945618 461
1771366621509 0.709410548210144 462
1771366621551 0.6244378685951233 463
1771366621594 1.044133186340332 464
1771366621638 0.4456825852394104 465
1771366621683 1.20722234249115 466
1771366621727 0.6290102601051331 467
1771366621767 1.154203176498413 468
1771366621851 0.9132300019264221 469
1771366621894 0.6764679551124573 470
1771366621938 0.6799774765968323 471
1771366621985 0.9901636242866516 472
1771366622029 0.5249728560447693 473
1771366622072 0.6686516404151917 474
1771366622115 0.7254623174667358 475
1771366622159 0.5578640103340149 476
1771366622203 1.0020984411239624 477
1771366622246 0.5667333602905273 478
1771366622289 1.0777562856674194 479
1771366622332 0.5393597483634949 480
1771366622374 0.5518227219581604 481
1771366622418 0.987843930721283 482
1771366622460 1.0864770412445068 483
1771366622503 0.5568569302558899 484
1771366622547 0.6280893087387085 485
1771366622593 0.6365355253219604 486
1771366622644 0.9900267124176025 487
1771366622693 1.077124834060669 488
1771366622741 1.0112485885620117 489
1771366622789 0.8654960989952087 490
1771366622841 0.7244842648506165 491
1771366622888 1.0268527269363403 492
1771366622935 0.894614040851593 493
1771366622984 0.6872568726539612 494
1771366623032 0.71799635887146 495
1771366623080 0.7814297080039978 496
1771366623127 0.7471809387207031 497
1771366623174 0.6079499125480652 498
1771366623221 0.7544715404510498 499
1771366623267 0.5944890379905701 500
1771366623316 0.609815239906311 501
1771366623365 0.6296616792678833 502
1771366623411 0.6248853802680969 503
1771366623457 0.8163996934890747 504
1771366623505 0.5386978983879089 505
1771366623553 0.9500718712806702 506
1771366623601 0.9457932710647583 507
1771366623650 0.9777916073799133 508
1771366623698 1.4793299436569214 509
1771366623747 1.244947910308838 510
1771366623797 0.7443261742591858 511
1771366623846 0.8159734010696411 512
1771366623897 0.5706260800361633 513
1771366623946 0.9287521839141846 514
1771366623995 1.0470539331436157 515
1771366624043 0.8489949703216553 516
1771366624091 1.2091299295425415 517
1771366624141 0.5906339287757874 518
1771366624190 0.6545588374137878 519
1771366624239 0.5961363315582275 520
1771366624287 0.8613093495368958 521
1771366624336 0.6472968459129333 522
1771366624385 0.9178991913795471 523
1771366624433 0.4255298376083374 524
1771366624481 0.7230139374732971 525
1771366624528 0.8514336943626404 526
1771366624579 0.9120110273361206 527
1771366624627 0.7606536746025085 528
1771366624682 0.6401716470718384 529
1771366624732 0.5874057412147522 530
1771366624782 0.6831163167953491 531
1771366624830 1.2855521440505981 532
1771366624879 1.3719431161880493 533
1771366624927 0.81645667552948 534
1771366624979 0.5041288137435913 535
1771366625027 1.3473502397537231 536
1771366625074 0.8883365392684937 537
1771366625123 0.7103397846221924 538
1771366625171 1.2246555089950562 539
1771366625218 0.8679714798927307 540
1771366625265 0.6992692947387695 541
1771366625312 1.0136816501617432 542
1771366625359 0.6309076547622681 543
1771366625407 0.7950710654258728 544
1771366625456 0.7859049439430237 545
1771366625504 0.6438180804252625 546
1771366625551 0.8737181425094604 547
1771366625599 0.9237263798713684 548
1771366625647 0.791265070438385 549
1771366625695 0.789503276348114 550
1771366625743 0.5418593883514404 551
1771366625790 0.6635854244232178 552
1771366625837 0.9256996512413025 553
1771366625884 0.6647099852561951 554
1771366625931 0.8073238134384155 555
1771366625979 1.3299585580825806 556
1771366626028 0.9831563830375671 557
1771366626077 0.640869677066803 558
1771366626123 0.5986908674240112 559
1771366626171 0.7289473414421082 560
1771366626218 0.8185673356056213 561
1771366626264 0.95501309633255 562
1771366626312 0.7565191984176636 563
1771366626359 0.8814552426338196 564
1771366626406 0.655750572681427 565
1771366626459 0.4294576048851013 566
1771366626507 0.8238005042076111 567
1771366626555 0.6919977068901062 568
1771366626603 0.9110935926437378 569
1771366626653 0.9380514025688171 570
1771366626697 0.6066239476203918 571
1771366626743 0.6488463282585144 572
1771366626790 0.7241822481155396 573
1771366626837 0.7674087882041931 574
1771366626885 0.8344736695289612 575
1771366626933 0.4689497649669647 576
1771366626978 0.6045224666595459 577
1771366627022 0.5918330550193787 578
1771366627065 0.5909607410430908 579
1771366627108 1.0203146934509277 580
1771366627151 0.9496665000915527 581
1771366627195 0.5419126152992249 582
1771366627239 0.7398737668991089 583
1771366627282 0.7522938847541809 584
1771366627330 0.6765220761299133 585
1771366627374 0.8647227883338928 586
1771366627417 0.686617374420166 587
1771366627459 1.2516852617263794 588
1771366627503 0.8288998007774353 589
1771366627546 0.7525865435600281 590
1771366627590 0.7238118648529053 591
1771366627631 0.8275571465492249 592
1771366627673 0.9164445400238037 593
1771366627716 0.9337457418441772 594
1771366627758 0.6513174176216125 595
1771366627803 0.9920452833175659 596
1771366627850 0.7140812873840332 597
1771366627895 0.4524497091770172 598
1771366627939 0.5532363057136536 599
1771366627984 0.6602312922477722 600
1771366628032 0.9458770751953125 601
1771366628075 0.8248502016067505 602
1771366628124 1.0415911674499512 603
1771366628169 0.903717577457428 604
1771366628231 0.5717464089393616 605
1771366628283 0.9759085774421692 606
1771366628337 0.6860904693603516 607
1771366628390 0.6400399208068848 608
1771366628442 0.726970911026001 609
1771366628491 0.42078855633735657 610
1771366628538 0.8445459604263306 611
1771366628586 0.9518086314201355 612
1771366628634 0.654268741607666 613
1771366628682 0.5441564917564392 614
1771366628731 0.8700162172317505 615
1771366628781 0.9583726525306702 616
1771366628836 0.958708643913269 617
1771366628890 0.7512948513031006 618
1771366628944 0.7026532292366028 619
1771366628995 0.8087278008460999 620
1771366629043 0.6337679028511047 621
1771366629101 0.6662777662277222 622
1771366629148 0.5994486808776855 623
1771366629191 0.8013781905174255 624
1771366629241 0.6311734914779663 625
1771366629288 0.7228734493255615 626
1771366629335 0.5500931739807129 627
1771366629383 0.4418705403804779 628
1771366629429 0.9586120247840881 629
1771366629478 1.0158417224884033 630
1771366629525 0.8764544129371643 631
1771366629572 0.6354417204856873 632
1771366629620 0.657964289188385 633
1771366629668 0.44761502742767334 634
1771366629716 0.45732685923576355 635
1771366629764 0.8019319772720337 636
1771366629813 0.794945240020752 637
1771366629861 0.6829414367675781 638
1771366629908 0.6395602822303772 639
1771366629956 0.6367178559303284 640
1771366630006 0.5645468235015869 641
1771366630053 0.4933682084083557 642
1771366630104 0.5262504816055298 643
1771366630151 0.7800886034965515 644
1771366630198 0.820720911026001 645
1771366630244 0.810373842716217 646
1771366630291 0.7972119450569153 647
1771366630337 0.9413747787475586 648
1771366630384 0.6371636986732483 649
1771366630430 0.6609153151512146 650
1771366630477 0.8877789974212646 651
1771366630525 0.9490818977355957 652
1771366630571 0.7856644988059998 653
1771366630616 0.8877609372138977 654
1771366630664 0.8225759863853455 655
1771366630711 0.39029958844184875 656
1771366630758 0.5104498863220215 657
1771366630805 0.8665297031402588 658
1771366630851 0.9478626251220703 659
1771366630902 0.6750409603118896 660
1771366630952 0.5963197350502014 661
1771366630999 0.7952677607536316 662
1771366631046 0.7116405963897705 663
1771366631091 0.6371853351593018 664
1771366631133 1.076542615890503 665
1771366631174 1.0377267599105835 666
1771366631216 0.6012407541275024 667
1771366631256 0.497685045003891 668
1771366631304 0.9066592454910278 669
1771366631351 0.7768352031707764 670
1771366631397 0.3767973482608795 671
1771366631444 0.8586567640304565 672
1771366631490 0.8399592638015747 673
1771366631536 0.8492408990859985 674
1771366631583 0.5252223610877991 675
1771366631630 0.6671130061149597 676
1771366631677 0.6387382745742798 677
1771366631724 0.8171526789665222 678
1771366631772 1.1529326438903809 679
1771366631818 1.0133901834487915 680
1771366631865 0.5899023413658142 681
1771366631912 0.5296388268470764 682
1771366631958 0.9800615906715393 683
1771366632005 1.4964609146118164 684
1771366632051 0.6478475332260132 685
1771366632098 0.47373688220977783 686
1771366632145 0.8013900518417358 687
1771366632191 0.6610238552093506 688
1771366632237 0.9587149024009705 689
1771366632284 0.8140444159507751 690
1771366632333 0.7305795550346375 691
1771366632380 1.2013063430786133 692
1771366632430 0.4741966724395752 693
1771366632477 0.8456838726997375 694
1771366632526 0.989806592464447 695
1771366632575 0.7293485999107361 696
1771366632623 0.8430598378181458 697
1771366632673 0.36050137877464294 698
1771366632722 0.6398730874061584 699
1771366632773 0.6412706971168518 700
1771366632822 0.797810435295105 701
1771366632870 1.3713219165802002 702
1771366632918 0.7333971261978149 703
1771366632968 0.7113385200500488 704
1771366633028 1.214285969734192 705
1771366633078 0.6822395920753479 706
1771366633128 0.7629557847976685 707
1771366633177 0.7749989032745361 708
1771366633227 0.5358433723449707 709
1771366633277 0.6227967739105225 710
1771366633326 0.7270373106002808 711
1771366633378 0.45054250955581665 712
1771366633430 0.678911030292511 713
1771366633479 0.9788442850112915 714
1771366633528 0.6386191844940186 715
1771366633576 0.6681003570556641 716
1771366633624 0.5255831480026245 717
1771366633673 0.6955170035362244 718
1771366633721 0.4444297254085541 719
1771366633770 0.25447434186935425 720
1771366633818 0.5325934886932373 721
1771366633867 0.5523932576179504 722
1771366633916 0.7274230718612671 723
1771366633964 0.9895195960998535 724
1771366634012 0.7267619967460632 725
1771366634060 0.6031678318977356 726
1771366634108 0.6370570063591003 727
1771366634155 0.8372631072998047 728
1771366634203 0.88518887758255 729
1771366634252 0.5040247440338135 730
1771366634299 0.8766597509384155 731
1771366634349 0.6675069332122803 732
1771366634394 0.4096680283546448 733
1771366634437 0.5770211219787598 734
1771366634482 0.7962325811386108 735
1771366634527 0.7236716747283936 736
1771366634570 0.592755913734436 737
1771366634613 0.99314284324646 738
1771366634657 0.7840531468391418 739
1771366634702 0.8989198207855225 740
1771366634744 0.5614198446273804 741
1771366634791 0.8119116425514221 742
1771366634835 0.5648517608642578 743
1771366634879 1.1005338430404663 744
1771366634921 0.8469271659851074 745
1771366634964 0.951160728931427 746
1771366635007 0.7384644746780396 747
1771366635049 0.9625450968742371 748
1771366635098 1.088730812072754 749
1771366635142 0.5620381236076355 750
1771366635187 0.36254310607910156 751
1771366635231 0.610527753829956 752
1771366635275 0.5799726843833923 753
1771366635317 0.6053534150123596 754
1771366635361 0.4241424798965454 755
1771366635408 0.6864475011825562 756
1771366635457 0.8176272511482239 757
1771366635504 0.7932503819465637 758
1771366635551 0.7841340899467468 759
1771366635601 0.5102236270904541 760
1771366635650 0.563328742980957 761
1771366635700 0.833823561668396 762
1771366635748 0.6283819079399109 763
1771366635797 0.6246553063392639 764
1771366635845 0.594183087348938 765
1771366635892 0.3934617042541504 766
1771366635940 0.9184193015098572 767
1771366635988 0.956779420375824 768
1771366636036 0.7592688798904419 769
1771366636087 0.6377592086791992 770
1771366636138 0.9416673183441162 771
1771366636189 0.5663203597068787 772
1771366636239 1.0048364400863647 773
1771366636290 0.3839500844478607 774
1771366636339 0.631770133972168 775
1771366636389 0.5908104777336121 776
1771366636448 0.7050960063934326 777
1771366636500 0.9324713349342346 778
1771366636550 0.707377016544342 779
1771366636601 0.7790588736534119 780
1771366636649 0.685212254524231 781
1771366636803 0.673728883266449 782
1771366636852 0.6118741035461426 783
1771366636901 1.2527366876602173 784
1771366636949 0.6774450540542603 785
1771366636999 1.2321677207946777 786
1771366637049 0.6298739910125732 787
1771366637101 0.7261067628860474 788
1771366637154 0.17887236177921295 789
1771366637206 0.7466574907302856 790
1771366637256 0.6106464266777039 791
1771366637306 1.0105648040771484 792
1771366637355 0.7922825813293457 793
1771366637406 0.7153068780899048 794
1771366637456 0.7574760317802429 795
1771366637506 0.8036983609199524 796
1771366637556 1.3145688772201538 797
1771366637606 0.8649839758872986 798
1771366637654 0.9010303020477295 799
1771366637702 1.279125452041626 800
1771366637749 0.6946942210197449 801
1771366637796 0.5366542935371399 802
1771366637844 1.1024376153945923 803
1771366637890 0.8266364336013794 804
1771366637938 0.5657774209976196 805
1771366637985 0.4490715563297272 806
1771366638031 0.6299265027046204 807
1771366638077 0.49778077006340027 808
1771366638123 0.9165410399436951 809
1771366638170 0.8984259366989136 810
1771366638217 0.7726433277130127 811
1771366638264 0.9301132559776306 812
1771366638312 0.7615641951560974 813
1771366638364 0.6376364827156067 814
1771366638412 0.8238716125488281 815
1771366638461 0.553274393081665 816
1771366638510 0.8294060826301575 817
1771366638559 1.2596720457077026 818
1771366638608 0.7743491530418396 819
1771366638657 0.8179157972335815 820
1771366638706 0.8360849618911743 821
1771366638756 0.9024713039398193 822
1771366638806 0.6060793399810791 823
1771366638856 0.8906619548797607 824
1771366638903 0.7630264163017273 825
1771366638950 0.8661900758743286 826
1771366638999 0.6508198976516724 827
1771366639046 0.8471357226371765 828
1771366639095 0.6438532471656799 829
1771366639144 0.7778963446617126 830
1771366639193 0.5295085906982422 831
1771366639245 0.5384767651557922 832
1771366639297 0.8425068855285645 833
1771366639348 0.7163240909576416 834
1771366639396 0.7004102468490601 835
1771366639444 0.7444298267364502 836
1771366639492 1.1212968826293945 837
1771366639541 0.6403805613517761 838
1771366639589 0.7670859694480896 839
1771366639637 1.2147854566574097 840
1771366639684 0.8586767911911011 841
1771366639733 0.5897348523139954 842
1771366639781 0.8385626673698425 843
1771366639825 0.5831690430641174 844
1771366639868 0.3497525751590729 845
1771366639911 0.7736997604370117 846
1771366639955 0.6365602016448975 847
1771366640002 0.7475548982620239 848
1771366640046 1.072888970375061 849
1771366640091 0.7693125605583191 850
1771366640136 0.5053964257240295 851
1771366640179 0.5488606691360474 852
1771366640223 0.7877966165542603 853
1771366640265 0.43333300948143005 854
1771366640308 0.7433233857154846 855
1771366640350 0.637599527835846 856
1771366640393 0.9421166777610779 857
1771366640436 0.8940445780754089 858
1771366640478 0.48876744508743286 859
1771366640521 0.803822934627533 860
1771366640563 0.7163417339324951 861
1771366640606 1.0189197063446045 862
1771366640649 0.46220827102661133 863
1771366640696 0.6311635971069336 864
1771366640740 0.747096061706543 865
1771366640784 0.7896255254745483 866
1771366640829 0.900022566318512 867
1771366640874 0.7125946879386902 868
1771366640918 0.5453836917877197 869
1771366640961 1.1984657049179077 870
1771366641004 0.40612152218818665 871
1771366641048 0.6215577125549316 872
1771366641092 1.1527997255325317 873
1771366641135 1.5404795408248901 874
1771366641179 0.569362223148346 875
1771366641223 1.341644048690796 876
1771366641266 1.064697265625 877
1771366641312 0.9105730056762695 878
1771366641360 0.9034526944160461 879
1771366641411 0.7058044075965881 880
1771366641461 0.7014559507369995 881
1771366641504 1.1122605800628662 882
1771366641548 0.9696946740150452 883
1771366641592 0.9029547572135925 884
1771366641635 0.9877802133560181 885
1771366641685 0.6544144749641418 886
1771366641734 0.6560279130935669 887
1771366641779 0.39761099219322205 888
1771366641823 0.6235572099685669 889
1771366641866 0.48627111315727234 890
1771366641909 0.6729622483253479 891
1771366641952 0.8220444321632385 892
1771366641996 0.6663205027580261 893
1771366642041 0.8900514245033264 894
1771366642084 0.5526752471923828 895
1771366642127 0.9216678142547607 896
1771366642170 0.6865552067756653 897
1771366642213 0.9695680737495422 898
1771366642257 0.8936448097229004 899
1771366642300 0.7662320733070374 900
1771366642344 0.5650037527084351 901
1771366642387 0.7188186645507812 902
1771366642430 0.8893184661865234 903
1771366642474 0.6156843900680542 904
1771366642519 0.5098724961280823 905
1771366642565 0.9683954119682312 906
1771366642610 0.892744779586792 907
1771366642657 0.8747720718383789 908
1771366642701 1.0731425285339355 909
1771366642745 0.8109664916992188 910
1771366642789 0.8544633984565735 911
1771366642833 0.7859365940093994 912
1771366642883 0.6292334794998169 913
1771366642934 0.8257235288619995 914
1771366642984 0.7487562298774719 915
1771366643033 0.5412634015083313 916
1771366643081 0.6297867298126221 917
1771366643130 0.8958781361579895 918
1771366643178 0.3152020573616028 919
1771366643228 0.27006304264068604 920
1771366643277 0.5482176542282104 921
1771366643326 0.5527665615081787 922
1771366643375 0.700105607509613 923
1771366643424 0.5850118398666382 924
1771366643475 0.4950025975704193 925
1771366643521 0.5791512727737427 926
1771366643568 0.5391775369644165 927
1771366643613 0.7523946762084961 928
1771366643659 0.8079036474227905 929
1771366643704 0.9570165276527405 930
1771366643750 0.9923804402351379 931
1771366643793 0.9106153249740601 932
1771366643837 0.3320155739784241 933
1771366643886 0.35301917791366577 934
1771366643935 0.8800591826438904 935
1771366643985 0.8135571479797363 936
1771366644031 0.5538806319236755 937
1771366644121 0.678446888923645 938
1771366644171 0.7390609383583069 939
1771366644219 0.9260521531105042 940
1771366644268 0.5049416422843933 941
1771366644317 0.6654718518257141 942
1771366644366 0.675245463848114 943
1771366644416 0.697822630405426 944
1771366644466 0.6177805066108704 945
1771366644515 0.9648605585098267 946
1771366644563 0.6476378440856934 947
1771366644612 0.9081207513809204 948
1771366644660 0.4628795087337494 949
1771366644709 1.4779084920883179 950
1771366644758 1.0067555904388428 951
1771366644808 0.6023308038711548 952
1771366644857 0.94761061668396 953
1771366644905 1.1671350002288818 954
1771366644955 0.6040588617324829 955
1771366645003 0.6537682414054871 956
1771366645052 0.5696622729301453 957
1771366645105 0.6742526292800903 958
1771366645155 0.6440234184265137 959
1771366645205 0.7547070980072021 960
1771366645255 0.6604059338569641 961
1771366645304 0.5072000026702881 962
1771366645353 0.978420078754425 963
1771366645403 0.6304537653923035 964
1771366645455 0.8062687516212463 965
1771366645508 0.9602470993995667 966
1771366645561 0.624387800693512 967
1771366645611 0.7386820912361145 968
1771366645661 0.9571537375450134 969
1771366645711 0.5041917562484741 970
1771366645759 0.7953814268112183 971
1771366645809 1.2018553018569946 972
1771366645859 0.41782233119010925 973
1771366645909 1.0302706956863403 974
1771366645958 0.8231345415115356 975
1771366646008 0.6631566286087036 976
1771366646056 0.6586620211601257 977
1771366646106 0.6309790015220642 978
1771366646156 0.5479820370674133 979
1771366646205 0.7915248274803162 980
1771366646255 0.27429571747779846 981
1771366646305 0.4899170994758606 982
1771366646356 0.6549848914146423 983
1771366646406 1.1098557710647583 984
1771366646458 0.9106872081756592 985
1771366646513 0.6044917702674866 986
1771366646564 0.54327392578125 987
1771366646616 0.7885214686393738 988
1771366646666 0.8302646279335022 989
1771366646717 0.8875486254692078 990
1771366646767 0.6167770624160767 991
1771366646820 0.47853901982307434 992
1771366646871 0.8499085903167725 993
1771366646921 0.5633421540260315 994
1771366646972 0.9569568037986755 995
1771366647021 0.7945833802223206 996
1771366647072 0.38375192880630493 997
1771366647122 0.526044487953186 998
1771366647172 0.8122245073318481 999
1771366647222 0.9500129222869873 1000
1771366647273 0.930290937423706 1001
1771366647324 0.9277750253677368 1002
1771366647376 0.6443737149238586 1003
1771366647426 0.48537546396255493 1004
1771366647478 0.6906578540802002 1005
1771366647531 0.4890787601470947 1006
1771366647582 0.7011440396308899 1007
1771366647635 1.045087218284607 1008
1771366647687 1.1372543573379517 1009
1771366647737 1.013396978378296 1010
1771366647788 0.41237080097198486 1011
1771366647840 0.5324187874794006 1012
1771366647890 0.7999112010002136 1013
1771366647940 0.7107962369918823 1014
1771366647992 0.7174111008644104 1015
1771366648042 1.0212115049362183 1016
1771366648096 0.984890878200531 1017
1771366648146 0.7847582697868347 1018
1771366648198 0.6686179041862488 1019
1771366648250 0.4891403317451477 1020
1771366648301 0.9088806509971619 1021
1771366648351 0.7073246240615845 1022
1771366648403 1.0075645446777344 1023
1771366648453 0.641623318195343 1024
1771366648505 0.67997145652771 1025
1771366648555 0.6535162329673767 1026
1771366648604 0.72105872631073 1027
1771366648658 0.6664318442344666 1028
1771366648709 0.7925119400024414 1029
1771366648760 0.9121789336204529 1030
1771366648810 0.6041623950004578 1031
1771366648860 0.6460604071617126 1032
1771366648909 0.7287598252296448 1033
1771366648958 0.49045318365097046 1034
1771366649007 0.793462336063385 1035
1771366649056 1.0694626569747925 1036
1771366649104 0.8408827781677246 1037
1771366649152 0.5718160271644592 1038
1771366649200 0.9000043272972107 1039
1771366649249 0.6237776875495911 1040
1771366649297 0.6301674842834473 1041
1771366649346 0.6070020198822021 1042
1771366649396 0.5169026851654053 1043
1771366649444 0.7546869516372681 1044
1771366649492 0.4893989861011505 1045
1771366649539 0.7198662757873535 1046
1771366649587 0.8084507584571838 1047
1771366649636 0.7089525461196899 1048
1771366649689 0.7250479459762573 1049
1771366649737 1.0484192371368408 1050
1771366649785 0.6766270399093628 1051
1771366649832 0.9105895161628723 1052
1771366649881 0.8076063990592957 1053
1771366649929 0.8273624777793884 1054
1771366649978 1.0174150466918945 1055
1771366650027 0.9073238372802734 1056
1771366650079 0.8169719576835632 1057
1771366650128 0.6250609159469604 1058
1771366650176 1.4791911840438843 1059
1771366650224 1.1006853580474854 1060
1771366650272 0.6159943342208862 1061
1771366650320 0.7219944596290588 1062
1771366650369 0.8973760008811951 1063
1771366650417 0.6994296908378601 1064
1771366650465 0.7099445462226868 1065
1771366650514 0.9194900393486023 1066
1771366650562 0.869193434715271 1067
1771366650610 0.5094044208526611 1068
1771366650659 0.9214920401573181 1069
1771366650707 0.7138009667396545 1070
1771366650755 1.2834415435791016 1071
1771366650802 1.5990386009216309 1072
1771366650853 0.9513247609138489 1073
1771366650902 0.636107861995697 1074
1771366650950 0.741589367389679 1075
1771366650999 0.5804287195205688 1076
1771366651048 0.7397667765617371 1077
1771366651097 1.0621994733810425 1078
1771366651146 0.8383835554122925 1079
1771366651194 0.783740222454071 1080
1771366651242 0.7088829874992371 1081
1771366651290 0.6946877837181091 1082
1771366651338 0.9642453193664551 1083
1771366651389 0.8109896779060364 1084
1771366651439 1.1768701076507568 1085
1771366651488 0.6231241822242737 1086
1771366651540 0.5133230090141296 1087
1771366651588 0.5801932215690613 1088
1771366651638 0.8144965767860413 1089
1771366651686 0.6216033101081848 1090
1771366651736 0.6000916361808777 1091
1771366651786 0.7950292825698853 1092
1771366651834 0.6447605490684509 1093
1771366651882 1.0152710676193237 1094
1771366651930 1.006602168083191 1095
1771366651979 0.8163520097732544 1096
1771366652026 0.7597717046737671 1097
1771366652075 0.8039028644561768 1098
1771366652122 1.2580372095108032 1099
1771366652170 0.7737758159637451 1100
1771366652219 0.45113763213157654 1101
1771366652267 0.564853310585022 1102
1771366652316 1.0690155029296875 1103
1771366652364 0.9297121167182922 1104
1771366652412 0.7903180122375488 1105
1771366652461 1.177679181098938 1106
1771366652507 0.3550296127796173 1107
1771366652552 0.3925822973251343 1108
1771366652598 0.7559811472892761 1109
1771366652650 0.6871365904808044 1110
1771366652696 0.6883270144462585 1111
1771366652741 0.6738964915275574 1112
1771366652786 0.5838929414749146 1113
1771366652831 0.5771002173423767 1114
1771366652876 0.8918601274490356 1115
1771366652919 0.8124072551727295 1116
1771366652963 1.1582273244857788 1117
1771366653008 0.8436164855957031 1118
1771366653052 0.7572118043899536 1119
1771366653096 0.716623842716217 1120
1771366653140 1.300904393196106 1121
1771366653186 0.912177324295044 1122
1771366653230 0.7345627546310425 1123
1771366653276 0.46995216608047485 1124
1771366653322 0.9722578525543213 1125
1771366653369 0.7685756683349609 1126
1771366653414 0.8576123714447021 1127
1771366653460 0.8285894989967346 1128
1771366653505 0.4044879972934723 1129
1771366653550 0.8596799373626709 1130
1771366653594 0.9109899401664734 1131
1771366653639 0.8458450436592102 1132
1771366653684 0.6587134003639221 1133
1771366653729 0.691149115562439 1134
1771366653773 0.6028333902359009 1135
1771366653820 0.8222688436508179 1136
1771366653865 0.5409362316131592 1137
1771366653910 0.5048952698707581 1138
1771366653953 0.6752928495407104 1139
1771366653998 0.7120766043663025 1140
1771366654043 1.0068304538726807 1141
1771366654088 0.5487724542617798 1142
1771366654134 0.9840239882469177 1143
1771366654179 0.577824592590332 1144
1771366654225 0.7991616725921631 1145
1771366654270 0.463279128074646 1146
1771366654315 0.696584165096283 1147
1771366654360 0.6420809626579285 1148
1771366654410 0.6170490384101868 1149
1771366654456 0.6606453061103821 1150
1771366654505 0.6865072250366211 1151
1771366654551 0.7574082612991333 1152
1771366654598 0.8321665525436401 1153
1771366654644 0.47464311122894287 1154
1771366654692 0.6660658121109009 1155
1771366654739 1.0077643394470215 1156
1771366654784 0.7827067971229553 1157
1771366654829 0.5572786331176758 1158
1771366654873 0.940819501876831 1159
1771366654919 0.9920163154602051 1160
1771366654964 0.5433997511863708 1161
1771366655010 0.44541195034980774 1162
1771366655056 0.3373028039932251 1163
1771366655100 0.36766234040260315 1164
1771366655145 0.4417736828327179 1165
1771366655191 0.672203540802002 1166
1771366655236 0.6256420612335205 1167
1771366655283 0.6967468857765198 1168
1771366655329 0.5060997009277344 1169
1771366655376 0.735293447971344 1170
1771366655426 1.2178173065185547 1171
1771366655472 0.5167587995529175 1172
1771366655519 0.819111704826355 1173
1771366655566 0.676154375076294 1174
1771366655613 0.6995160579681396 1175
1771366655660 0.7487514019012451 1176
1771366655708 1.0755399465560913 1177
1771366655755 0.6319023966789246 1178
1771366655800 0.6735589504241943 1179
1771366655845 0.958000123500824 1180
1771366655892 0.6909932494163513 1181
1771366655938 1.0655933618545532 1182
1771366655985 0.7776521444320679 1183
1771366656031 0.5302178263664246 1184
1771366656076 0.7560204863548279 1185
1771366656120 0.7926443219184875 1186
1771366656165 0.7373676896095276 1187
1771366656209 0.31026691198349 1188
1771366656256 0.7518557906150818 1189
1771366656307 0.7371441721916199 1190
1771366656356 0.8936560750007629 1191
1771366656407 0.6044507026672363 1192
1771366656462 0.8938405513763428 1193
1771366656512 0.7202209830284119 1194
1771366656562 0.6276025772094727 1195
1771366656612 1.0396984815597534 1196
1771366656662 0.7888458967208862 1197
1771366656712 0.7784144878387451 1198
1771366656761 0.6403416395187378 1199
1771366656811 0.8364464640617371 1200
1771366656860 0.5235611796379089 1201
1771366656909 0.766653835773468 1202
1771366656958 0.3770619034767151 1203
1771366657008 0.6516187191009521 1204
1771366657058 0.7752360105514526 1205
1771366657108 0.9652227759361267 1206
1771366657158 0.8498596549034119 1207
1771366657208 0.9979273080825806 1208
1771366657257 0.8543440103530884 1209
1771366657306 1.18486487865448 1210
1771366657356 0.7433838248252869 1211
1771366657407 0.5483692288398743 1212
1771366657458 0.4517763555049896 1213
1771366657509 1.0141198635101318 1214
1771366657559 1.1213603019714355 1215
1771366657710 0.6892663836479187 1216
1771366657760 0.5091102719306946 1217
1771366657809 0.6300873160362244 1218
1771366657859 0.8389196395874023 1219
1771366657912 0.8902016878128052 1220
1771366657963 1.1596356630325317 1221
1771366658017 0.6658689975738525 1222
1771366658067 1.2014484405517578 1223
1771366658118 0.6502279043197632 1224
1771366658167 0.91695636510849 1225
1771366658217 0.841841459274292 1226
1771366658269 1.1310088634490967 1227
1771366658319 0.8073983192443848 1228
1771366658368 0.8284761309623718 1229
1771366658418 0.36176612973213196 1230
1771366658468 0.3796504735946655 1231
1771366658519 0.531354546546936 1232
1771366658569 0.9739869832992554 1233
1771366658618 0.6009885668754578 1234
1771366658669 0.5733332633972168 1235
1771366658720 1.0271520614624023 1236
1771366658771 0.6646761298179626 1237
1771366658820 0.9893810749053955 1238
1771366658871 0.6651561260223389 1239
1771366658922 0.5631916522979736 1240
1771366658972 1.025067687034607 1241
1771366659020 0.6553046703338623 1242
1771366659069 0.8054685592651367 1243
1771366659119 1.044736623764038 1244
1771366659171 0.8594892024993896 1245
1771366659221 1.071466326713562 1246
1771366659271 1.0704017877578735 1247
1771366659318 1.1601064205169678 1248
1771366659365 0.7090346813201904 1249
1771366659412 0.8209001421928406 1250
1771366659459 0.6921820640563965 1251
1771366659505 1.4439270496368408 1252
1771366659551 0.676106870174408 1253
1771366659598 0.80745530128479 1254
1771366659646 0.9725800156593323 1255
1771366659691 1.5223033428192139 1256
1771366659737 1.2047407627105713 1257
1771366659784 0.4045998752117157 1258
1771366659829 0.6130722761154175 1259
1771366659876 0.7842175960540771 1260
1771366659921 0.9459931254386902 1261
1771366659966 0.7814571261405945 1262
1771366660012 0.6960811614990234 1263
1771366660060 0.8012052774429321 1264
1771366660107 0.4251314103603363 1265
1771366660154 0.5917820930480957 1266
1771366660201 0.467769593000412 1267
1771366660248 0.7564347982406616 1268
1771366660295 0.8374530673027039 1269
1771366660342 1.075964331626892 1270
1771366660390 0.6101189255714417 1271
1771366660437 0.8643392324447632 1272
1771366660484 0.7436472177505493 1273
1771366660534 0.6768972873687744 1274
1771366660582 0.5427124500274658 1275
1771366660629 0.6898436546325684 1276
1771366660678 0.5418301820755005 1277
1771366660728 0.5875194072723389 1278
1771366660773 0.5913370847702026 1279
1771366660820 0.5078890323638916 1280
1771366660867 0.5789262056350708 1281
1771366660913 0.7470977902412415 1282
1771366660958 0.6396102905273438 1283
1771366661003 0.6974541544914246 1284
1771366661049 0.650293231010437 1285
1771366661096 0.8813585638999939 1286
1771366661143 0.6996856927871704 1287
1771366661189 0.7859475016593933 1288
1771366661235 0.5229232907295227 1289
1771366661282 0.643548309803009 1290
1771366661328 0.6988343000411987 1291
1771366661374 1.0938465595245361 1292
1771366661421 0.879319965839386 1293
1771366661465 1.1286756992340088 1294
1771366661509 0.4341472089290619 1295
1771366661553 0.9799951910972595 1296
1771366661598 0.30871468782424927 1297
1771366661643 0.7899937033653259 1298
1771366661689 1.2102818489074707 1299
1771366661736 0.4198458790779114 1300
1771366661780 0.8216884732246399 1301
1771366661829 0.18774136900901794 1302
1771366661875 0.5972889065742493 1303
1771366661920 0.4725494980812073 1304
1771366661967 0.4752677083015442 1305
1771366662013 0.671978235244751 1306
1771366662058 0.7015489339828491 1307
1771366662104 0.47829318046569824 1308
1771366662152 0.548582136631012 1309
1771366662200 0.6121425032615662 1310
1771366662247 0.5062251091003418 1311
1771366662292 0.4018940329551697 1312
1771366662337 0.7918750643730164 1313
1771366662384 0.6089917421340942 1314
1771366662435 0.6326553821563721 1315
1771366662486 0.6945511698722839 1316
1771366662538 0.8480592370033264 1317
1771366662588 0.9606198072433472 1318
1771366662639 0.6963409781455994 1319
1771366662689 1.084465503692627 1320
1771366662739 0.7234328389167786 1321
1771366662791 0.5159357786178589 1322
1771366662841 0.8778666853904724 1323
1771366662891 0.8938736915588379 1324
1771366662943 0.5334627628326416 1325
1771366662995 0.8529190421104431 1326
1771366663046 0.5939034223556519 1327
1771366663099 0.7669728398323059 1328
1771366663150 0.7870846390724182 1329
1771366663202 0.6340351104736328 1330
1771366663251 0.68592369556427 1331
1771366663302 0.6324108242988586 1332
1771366663355 0.4711676836013794 1333
1771366663405 0.9393565058708191 1334
1771366663455 0.5198267102241516 1335
1771366663505 0.8256236910820007 1336
1771366663554 0.6765355467796326 1337
1771366663604 0.487621933221817 1338
1771366663655 0.6751148700714111 1339
1771366663705 0.929266631603241 1340
1771366663755 0.8235015869140625 1341
1771366663806 0.6973747611045837 1342
1771366663856 0.447084903717041 1343
1771366663905 0.6147669553756714 1344
1771366663956 0.5898120403289795 1345
1771366664006 0.6590965390205383 1346
1771366664057 0.6810264587402344 1347
1771366664107 1.0609636306762695 1348
1771366664158 0.9660593867301941 1349
1771366664210 0.780077338218689 1350
1771366664262 0.7333446145057678 1351
1771366664312 0.7912753820419312 1352
1771366664364 0.6653440594673157 1353
1771366664415 0.782036304473877 1354
1771366664467 0.8001421093940735 1355
1771366664517 1.0228718519210815 1356
1771366664568 0.5544163584709167 1357
1771366664620 0.8637874126434326 1358
1771366664671 0.5929868817329407 1359
1771366664723 0.8061415553092957 1360
1771366664774 0.8013229370117188 1361
1771366664825 0.6537465453147888 1362
1771366664876 0.559042751789093 1363
1771366664928 0.666934609413147 1364
1771366664979 0.6152563691139221 1365
1771366665030 0.461105614900589 1366
1771366665081 0.6292112469673157 1367
1771366665132 0.6275363564491272 1368
1771366665185 0.47608843445777893 1369
1771366665237 0.6733484864234924 1370
1771366665288 1.0624674558639526 1371
1771366665337 0.9330602884292603 1372
1771366665390 1.17011296749115 1373
1771366665443 0.6569833159446716 1374
1771366665493 0.8733243346214294 1375
1771366665544 1.2881196737289429 1376
1771366665595 0.8674547672271729 1377
1771366665645 0.5246286988258362 1378
1771366665697 0.6719601154327393 1379
1771366665749 0.8526667356491089 1380
1771366665800 0.512326717376709 1381
1771366665851 0.4463097155094147 1382
1771366665900 0.6383470296859741 1383
1771366665948 0.4958014190196991 1384
1771366665995 0.7440186738967896 1385
1771366666050 0.4864986538887024 1386
1771366666101 0.8008846044540405 1387
1771366666154 0.6726183891296387 1388
1771366666205 1.0276515483856201 1389
1771366666258 1.236154317855835 1390
1771366666311 0.6241104602813721 1391
1771366666362 0.9519447684288025 1392
1771366666412 0.466036319732666 1393
1771366666467 0.5101197361946106 1394
1771366666519 0.4404850900173187 1395
1771366666570 0.8894809484481812 1396
1771366666622 0.3426814079284668 1397
1771366666675 0.7437371611595154 1398
1771366666728 0.9227698445320129 1399
1771366666883 0.7413623332977295 1400
1771366666934 0.9044503569602966 1401
1771366666983 0.8166715502738953 1402
1771366667034 1.0273971557617188 1403
1771366667084 0.934867799282074 1404
1771366667133 1.208858847618103 1405
1771366667180 1.4248321056365967 1406
1771366667274 0.7341437339782715 1407
1771366667325 0.4007638990879059 1408
1771366667375 0.5065793395042419 1409
1771366667426 0.5462600588798523 1410
1771366667476 0.501408040523529 1411
1771366667525 0.5687393546104431 1412
1771366667576 0.530994176864624 1413
1771366667625 0.790874183177948 1414
1771366667677 0.7685147523880005 1415
1771366667730 0.44732075929641724 1416
1771366667781 0.7083579301834106 1417
1771366667832 0.638506293296814 1418
1771366667883 0.3065330684185028 1419
1771366667933 0.815576434135437 1420
1771366667983 0.9684545397758484 1421
1771366668034 0.9389052391052246 1422
1771366668085 0.7382297515869141 1423
1771366668137 0.5991502404212952 1424
1771366668187 0.7481440901756287 1425
1771366668241 1.1612343788146973 1426
1771366668291 0.821571946144104 1427
1771366668341 0.6113875508308411 1428
1771366668396 1.0767676830291748 1429
1771366668451 0.6617729663848877 1430
1771366668504 0.7420786619186401 1431
1771366668555 0.635786771774292 1432
1771366668605 0.6056934595108032 1433
1771366668656 0.43503811955451965 1434
1771366668707 0.72136390209198 1435
1771366668759 0.4579193890094757 1436
1771366668810 1.002646803855896 1437
1771366668861 0.913284182548523 1438
1771366668911 0.8026636242866516 1439
1771366668962 0.8136125206947327 1440
1771366669013 0.5612108707427979 1441
1771366669063 0.7343448996543884 1442
1771366669114 0.6253113746643066 1443
1771366669164 0.884510338306427 1444
1771366669218 0.5526256561279297 1445
1771366669271 1.1076253652572632 1446
1771366669322 0.6722588539123535 1447
1771366669373 0.6476617455482483 1448
1771366669426 0.5762467384338379 1449
1771366669474 0.6459240913391113 1450
1771366669519 0.6469331979751587 1451
1771366669566 0.583035409450531 1452
1771366669611 0.7593209147453308 1453
1771366669658 0.8956340551376343 1454
1771366669704 0.5553972721099854 1455
1771366669751 0.4037618637084961 1456
1771366669797 0.8943905830383301 1457
1771366669844 0.6180693507194519 1458
1771366669891 0.3155227601528168 1459
1771366669937 0.6108224987983704 1460
1771366669984 0.553949773311615 1461
1771366670031 0.8465777039527893 1462
1771366670077 0.3783310055732727 1463
1771366670123 0.9408082365989685 1464
1771366670168 0.5087338089942932 1465
1771366670214 0.6733579635620117 1466
1771366670259 0.48836448788642883 1467
1771366670305 0.36604857444763184 1468
1771366670352 0.6493262648582458 1469
1771366670397 0.5647227168083191 1470
1771366670443 0.6331958174705505 1471
1771366670493 0.5404386520385742 1472
1771366670543 0.5920536518096924 1473
1771366670590 1.0642898082733154 1474
1771366670638 0.6606469750404358 1475
1771366670685 0.6108595728874207 1476
1771366670733 0.8214299082756042 1477
1771366670780 0.49487438797950745 1478
1771366670827 0.3652227222919464 1479
1771366670874 0.6137723922729492 1480
1771366670921 0.756485641002655 1481
1771366670968 0.8556379675865173 1482
1771366671014 0.9598478674888611 1483
1771366671065 0.986200213432312 1484
1771366671113 0.628550112247467 1485
1771366671161 0.9666378498077393 1486
1771366671208 0.6653674840927124 1487
1771366671254 0.5568404793739319 1488
1771366671299 0.6397565603256226 1489
1771366671346 0.41157266497612 1490
1771366671392 0.741364061832428 1491
1771366671440 0.6454456448554993 1492
1771366671487 0.4990468919277191 1493
1771366671533 0.43261221051216125 1494
1771366671579 0.742120623588562 1495
1771366671627 0.5741058588027954 1496
1771366671673 0.49944567680358887 1497
1771366671719 0.584369421005249 1498
1771366671765 0.4996849298477173 1499
1771366671811 0.9598609209060669 1500
1771366671858 0.7019440531730652 1501
1771366671905 0.7034377455711365 1502
1771366671952 1.0198862552642822 1503
1771366671999 0.6585812568664551 1504
1771366672046 0.6332711577415466 1505
1771366672092 0.9179391264915466 1506
1771366672138 0.8534110188484192 1507
1771366672185 0.8286741375923157 1508
1771366672232 0.60105299949646 1509
1771366672277 0.5629380345344543 1510
1771366672322 0.7904912829399109 1511
1771366672368 0.5818037390708923 1512
1771366672414 0.6667688488960266 1513
1771366672460 0.6064132452011108 1514
1771366672508 0.740450382232666 1515
1771366672555 0.6464388370513916 1516
1771366672608 0.37474045157432556 1517
1771366672657 0.7162476181983948 1518
1771366672704 0.4830819070339203 1519
1771366672753 1.0288697481155396 1520
1771366672800 0.6527542471885681 1521
1771366672847 0.8209055066108704 1522
1771366672893 0.810396671295166 1523
1771366672940 0.666858971118927 1524
1771366672986 0.9099245667457581 1525
1771366673031 0.7821595072746277 1526
1771366673077 1.1981934309005737 1527
1771366673122 0.45370006561279297 1528
1771366673169 0.709721565246582 1529
1771366673219 0.5523145794868469 1530
1771366673268 0.4141087532043457 1531
1771366673315 0.8197947144508362 1532
1771366673366 0.6061887145042419 1533
1771366673412 0.3679136633872986 1534
1771366673459 0.9455800652503967 1535
1771366673507 0.9546778798103333 1536
1771366673553 1.1075431108474731 1537
1771366673601 0.9084161520004272 1538
1771366673647 0.49734583497047424 1539
1771366673693 0.6649162173271179 1540
1771366673742 1.1504912376403809 1541
1771366673892 1.012136697769165 1542
1771366673941 0.7134149670600891 1543
1771366673988 1.1585503816604614 1544
1771366674035 0.8553102612495422 1545
1771366674085 0.821833610534668 1546
1771366674132 1.0741924047470093 1547
1771366674183 0.8533679842948914 1548
1771366674231 0.7776978015899658 1549
1771366674285 0.913096010684967 1550
1771366674341 0.42697805166244507 1551
1771366674396 0.7608155608177185 1552
1771366674451 0.5340915322303772 1553
1771366674504 1.0876283645629883 1554
1771366674556 1.0303953886032104 1555
1771366674607 0.6462288498878479 1556
1771366674662 0.5085062980651855 1557
1771366674718 0.7931692004203796 1558
1771366674771 0.9245028495788574 1559
1771366674819 0.8203452825546265 1560
1771366674866 0.7707524299621582 1561
1771366674913 0.8904039859771729 1562
1771366674959 0.5804913640022278 1563
1771366675007 0.806605875492096 1564
1771366675054 0.5681476593017578 1565
1771366675104 0.7599145770072937 1566
1771366675152 0.6959035992622375 1567
1771366675199 0.9436936378479004 1568
1771366675247 0.7339763045310974 1569
1771366675294 0.819319486618042 1570
1771366675342 0.789971113204956 1571
1771366675393 0.3177666664123535 1572
1771366675443 0.5885764956474304 1573
1771366675497 1.079179048538208 1574
1771366675552 0.8200674057006836 1575
1771366675604 0.592711865901947 1576
1771366675660 0.4568856358528137 1577
1771366675714 0.690826952457428 1578
1771366675769 0.3472245931625366 1579
1771366675823 1.085473656654358 1580
1771366675877 0.36126086115837097 1581
1771366675934 1.1300020217895508 1582
1771366675986 0.30886968970298767 1583
1771366676038 0.21711039543151855 1584
1771366676090 1.3442844152450562 1585
1771366676140 1.1290537118911743 1586
1771366676187 0.7509738802909851 1587
1771366676233 0.7616602182388306 1588
1771366676280 0.6443585753440857 1589
1771366676327 0.8010783791542053 1590
1771366676374 0.5549200177192688 1591
1771366676423 0.6457395553588867 1592
1771366676470 0.6483922600746155 1593
1771366676517 0.5930116772651672 1594
1771366676562 0.7237205505371094 1595
1771366676610 0.6229223608970642 1596
1771366676655 0.6084340214729309 1597
1771366676702 0.5288487672805786 1598
1771366676752 0.6691605448722839 1599
1771366676804 0.6792306303977966 1600
1771366676858 0.6492398381233215 1601
1771366676913 0.5949331521987915 1602
1771366676966 0.6141115427017212 1603
1771366677020 0.8989735245704651 1604
1771366677075 0.5321881175041199 1605
1771366677127 0.83245450258255 1606
1771366677180 0.6510426998138428 1607
1771366677233 0.46348726749420166 1608
1771366677287 0.8670496344566345 1609
1771366677340 0.41601377725601196 1610
1771366677394 0.6171180009841919 1611
1771366677447 0.7035114765167236 1612
1771366677501 1.0371822118759155 1613
1771366677554 0.8101938366889954 1614
1771366677607 0.5628012418746948 1615
1771366677661 0.7129469513893127 1616
1771366677715 0.8884401321411133 1617
1771366677770 0.8420236110687256 1618
1771366677824 0.8534107804298401 1619
1771366677876 0.8891640305519104 1620
1771366677930 0.5726944208145142 1621
1771366677983 0.7752885818481445 1622
1771366678035 0.7978149652481079 1623
1771366678088 0.8930553793907166 1624
1771366678141 0.6301088333129883 1625
1771366678198 1.2252583503723145 1626
1771366678252 0.7858215570449829 1627
1771366678306 0.3839470446109772 1628
1771366678360 0.8932105302810669 1629
1771366678413 0.5077136754989624 1630
1771366678467 0.4432598054409027 1631
1771366678521 0.30375176668167114 1632
1771366678575 0.5326687097549438 1633
1771366678628 0.49709564447402954 1634
1771366678681 0.8390226364135742 1635
1771366678735 0.6855177283287048 1636
1771366678894 0.7244275808334351 1637
1771366678946 0.6653546690940857 1638
1771366679000 1.054140567779541 1639
1771366679057 0.5737804174423218 1640
1771366679112 0.510201632976532 1641
1771366679170 0.6613042950630188 1642
1771366679226 0.7914445400238037 1643
1771366679279 0.987080454826355 1644
1771366679334 0.8636036515235901 1645
1771366679387 0.7984649538993835 1646
1771366679440 0.6779787540435791 1647
1771366679492 0.4485989511013031 1648
1771366679545 0.43420708179473877 1649
1771366679599 1.0195924043655396 1650
1771366679652 0.9244391918182373 1651
1771366679705 0.929892361164093 1652
1771366679759 0.9641103148460388 1653
1771366679814 0.8100730776786804 1654
1771366679867 0.6949349641799927 1655
1771366679921 0.41022348403930664 1656
1771366679974 0.3918633759021759 1657
1771366680028 0.4925924837589264 1658
1771366680082 0.8843459486961365 1659
1771366680134 1.0378749370574951 1660
1771366680189 0.5179297924041748 1661
1771366680243 0.518905520439148 1662
1771366680293 0.4664638042449951 1663
1771366680342 0.9801725745201111 1664
1771366680393 0.6990165710449219 1665
1771366680441 0.9395394325256348 1666
1771366680490 0.634884774684906 1667
1771366680539 0.7721057534217834 1668
1771366680585 1.1452003717422485 1669
1771366680633 0.6678983569145203 1670
1771366680682 0.9028395414352417 1671
1771366680730 0.7273716926574707 1672
1771366680779 0.7343937158584595 1673
1771366680828 0.9269953370094299 1674
1771366680875 0.6531467437744141 1675
1771366680927 1.0884511470794678 1676
1771366680978 0.7027141451835632 1677
1771366681033 0.39581045508384705 1678
1771366681087 0.7009976506233215 1679
1771366681140 0.490981787443161 1680
1771366681192 0.5438709259033203 1681
1771366681245 0.43306979537010193 1682
1771366681299 1.1464473009109497 1683
1771366681354 0.5367050170898438 1684
1771366681408 0.45989835262298584 1685
1771366681463 0.660154402256012 1686
1771366681519 0.8526493310928345 1687
1771366681573 0.16163289546966553 1688
1771366681628 1.0604078769683838 1689
1771366681682 0.8250010013580322 1690
1771366681735 0.5699633359909058 1691
1771366681789 0.4225602149963379 1692
1771366681839 0.4268547296524048 1693
1771366681888 0.7872419357299805 1694
1771366681937 0.5737044215202332 1695
1771366681985 0.6970710158348083 1696
1771366682033 0.5621556639671326 1697
1771366682083 0.6782852411270142 1698
1771366682132 0.6579146981239319 1699
1771366682182 0.8880256414413452 1700
1771366682232 0.561691403388977 1701
1771366682284 1.221737265586853 1702
1771366682334 0.6621994376182556 1703
1771366682384 0.4857408404350281 1704
1771366682437 0.8403228521347046 1705
1771366682485 1.1757344007492065 1706
1771366682536 1.0085558891296387 1707
1771366682584 0.5749601721763611 1708
1771366682720 0.5761332511901855 1709
1771366682771 0.9588416218757629 1710
1771366682823 0.37146881222724915 1711
1771366682871 0.4919627904891968 1712
1771366682921 0.8969959616661072 1713
1771366682970 0.7515786290168762 1714
1771366683030 0.409781813621521 1715
1771366683087 0.8980316519737244 1716
1771366683140 1.034002661705017 1717
1771366683194 0.5442194938659668 1718
1771366683248 1.2392750978469849 1719
1771366683303 0.5632583498954773 1720
1771366683358 0.6010140776634216 1721
1771366683414 1.0171009302139282 1722
1771366683467 0.4783495366573334 1723
1771366683520 0.8672209978103638 1724
1771366683573 0.931460440158844 1725
1771366683625 0.4561316668987274 1726
1771366683679 0.7116668820381165 1727
1771366683732 0.6815571784973145 1728
1771366683786 0.20163407921791077 1729
1771366683839 0.5993117094039917 1730
1771366683894 0.3716255724430084 1731
1771366683949 0.6244582533836365 1732
1771366684003 0.663601815700531 1733
1771366684057 0.693270742893219 1734
1771366684110 0.5435782670974731 1735
1771366684164 0.5850454568862915 1736
1771366684214 0.6411543488502502 1737
1771366684263 0.5973845720291138 1738
1771366684312 0.28962239623069763 1739
1771366684360 0.7634301781654358 1740
1771366684411 0.6220049262046814 1741
1771366684465 0.7730945348739624 1742
1771366684520 0.7571335434913635 1743
1771366684576 0.864470899105072 1744
1771366684630 0.5528914332389832 1745
1771366684679 0.7450230121612549 1746
1771366684729 0.6258425712585449 1747
1771366684779 0.5482369065284729 1748
1771366684829 0.7079640030860901 1749
1771366684878 0.6580787301063538 1750
1771366684928 0.712295651435852 1751
1771366684977 0.8537172675132751 1752
1771366685026 1.0474488735198975 1753
1771366685077 0.8746019601821899 1754
1771366685129 0.4589358866214752 1755
1771366685185 0.8775935769081116 1756
1771366685241 0.8017109632492065 1757
1771366685296 0.6809454560279846 1758
1771366685351 1.051234245300293 1759
1771366685405 0.8467469215393066 1760
1771366685463 0.4979472756385803 1761
1771366685519 0.5438876748085022 1762
1771366685573 0.2955208420753479 1763
1771366685629 0.8816865086555481 1764
1771366685682 0.3801276683807373 1765
1771366685737 0.7785755395889282 1766
1771366685791 0.5556949973106384 1767
1771366685845 0.675636887550354 1768
1771366685901 0.4247875213623047 1769
1771366685956 0.7588847279548645 1770
1771366686008 0.36536580324172974 1771
1771366686060 0.4160007834434509 1772
1771366686108 0.5412532687187195 1773
1771366686158 0.7352473139762878 1774
1771366686212 0.818007230758667 1775
1771366686265 0.8208370804786682 1776
1771366686319 0.8742414116859436 1777
1771366686372 0.2606530487537384 1778
1771366686428 0.766485333442688 1779
1771366686485 0.7280718684196472 1780
1771366686539 0.9284771084785461 1781
1771366686593 0.7107698321342468 1782
1771366686647 0.875676691532135 1783
1771366686699 0.6418352127075195 1784
1771366686748 0.9504381418228149 1785
1771366686798 0.7274668216705322 1786
1771366686849 0.5352098345756531 1787
1771366686899 0.5728870034217834 1788
1771366686950 0.793310284614563 1789
1771366687003 0.6464083790779114 1790
1771366687055 0.516362190246582 1791
1771366687104 0.5849464535713196 1792
1771366687155 0.5446196794509888 1793
1771366687209 0.5025551319122314 1794
1771366687260 0.5148645639419556 1795
1771366687310 0.6742182374000549 1796
1771366687360 0.5673052668571472 1797
1771366687414 0.46522873640060425 1798
1771366687468 0.8904054164886475 1799
1771366687523 1.1529840230941772 1800
1771366687578 1.2781356573104858 1801
1771366687632 1.1202455759048462 1802
1771366687688 0.4621870517730713 1803
1771366687745 1.0742428302764893 1804
1771366687801 0.8257927298545837 1805
1771366687856 0.42180660367012024 1806
1771366687911 0.5827987790107727 1807
1771366687969 1.1494981050491333 1808
1771366688026 0.8986310362815857 1809
1771366688082 0.4672897458076477 1810
1771366688138 0.7757807374000549 1811
1771366688193 0.6107524037361145 1812
1771366688248 0.6872092485427856 1813
1771366688303 1.0298353433609009 1814
1771366688356 0.5483640432357788 1815
1771366688406 0.6169252395629883 1816
1771366688455 1.0982989072799683 1817
1771366688509 0.5780133605003357 1818
1771366688562 0.7025307416915894 1819
1771366688614 0.42619088292121887 1820
1771366688668 0.48886120319366455 1821
1771366688721 0.38852059841156006 1822
1771366688775 0.7185408473014832 1823
1771366688830 0.7086629867553711 1824
1771366688884 0.6497353315353394 1825
1771366688937 0.8081395030021667 1826
1771366688990 1.1118603944778442 1827
1771366689047 0.9586535096168518 1828
1771366689099 0.8632479906082153 1829
1771366689148 0.5952277183532715 1830
1771366689199 0.8481850028038025 1831
1771366689251 0.7060024738311768 1832
1771366689304 0.8456446528434753 1833
1771366689446 0.7294626235961914 1834
1771366689494 0.5492943525314331 1835
1771366689543 0.7242218255996704 1836
1771366689593 0.4791463315486908 1837
1771366689642 1.0954036712646484 1838
1771366689691 0.9290366172790527 1839
1771366689739 0.6587980389595032 1840
1771366689789 0.6493212580680847 1841
1771366689838 0.7735905647277832 1842
1771366689887 0.502119243144989 1843
1771366689938 0.692762017250061 1844
1771366689999 0.423600435256958 1845
1771366690049 0.9767836928367615 1846
1771366690099 0.4159702956676483 1847
1771366690148 0.6773959994316101 1848
1771366690196 0.657383143901825 1849
1771366690246 0.6019003987312317 1850
1771366690294 0.7582575082778931 1851
1771366690345 0.5368176698684692 1852
1771366690395 0.6595290303230286 1853
1771366690443 0.5869879126548767 1854
1771366690493 0.8516031503677368 1855
1771366690544 0.9448516964912415 1856
1771366690593 0.6765294075012207 1857
1771366690642 0.7186776995658875 1858
1771366690694 0.5179620385169983 1859
1771366690742 0.7810418605804443 1860
1771366690792 0.42392343282699585 1861
1771366690843 0.7082117199897766 1862
1771366690891 1.0268698930740356 1863
1771366690940 1.1426934003829956 1864
1771366690990 0.4985392093658447 1865
1771366691039 0.9551263451576233 1866
1771366691088 0.6247527599334717 1867
1771366691137 0.4068967401981354 1868
1771366691186 0.5433995723724365 1869
1771366691235 0.8712880611419678 1870
1771366691284 1.131211757659912 1871
1771366691335 0.6331591010093689 1872
1771366691389 0.5775816440582275 1873
1771366691438 0.9563996195793152 1874
1771366691485 0.6628884673118591 1875
1771366691585 0.6134340167045593 1876
1771366691634 0.6145774126052856 1877
1771366691682 0.5132482051849365 1878
1771366691732 0.8313826322555542 1879
1771366691794 0.6847135424613953 1880
1771366691849 0.4288066029548645 1881
1771366691898 0.5980733633041382 1882
1771366691949 1.1521488428115845 1883
1771366691997 0.5295372009277344 1884
1771366692048 0.9397920370101929 1885
1771366692100 0.7200077772140503 1886
1771366692150 0.8743876218795776 1887
1771366692200 0.3758021295070648 1888
1771366692250 1.1851551532745361 1889
1771366692300 0.6940613389015198 1890
1771366692349 1.1031290292739868 1891
1771366692398 0.6791197061538696 1892
1771366692448 0.48086440563201904 1893
1771366692496 0.32257822155952454 1894
1771366692552 0.6854088306427002 1895
1771366692603 0.5832341313362122 1896
1771366692655 0.47870710492134094 1897
1771366692706 0.3160325884819031 1898
1771366692756 0.36549776792526245 1899
1771366692806 0.3717048764228821 1900
1771366692856 0.48905694484710693 1901
1771366692907 0.780918300151825 1902
1771366692960 0.4203149378299713 1903
1771366693013 0.9432217478752136 1904
1771366693067 0.6153209209442139 1905
1771366693119 0.8492160439491272 1906
1771366693172 0.977672815322876 1907
1771366693293 0.6637372970581055 1908
1771366693343 0.6753560900688171 1909
1771366693396 0.3784022927284241 1910
1771366693451 0.8547495603561401 1911
1771366693501 0.6371051669120789 1912
1771366693552 0.4762518107891083 1913
1771366693604 0.7196532487869263 1914
1771366693655 0.6074442267417908 1915
1771366693704 0.638314962387085 1916
1771366693753 0.5368316769599915 1917
1771366693804 0.8181112408638 1918
1771366693854 0.6611847877502441 1919
1771366693903 0.3687366843223572 1920
1771366693953 0.5299649238586426 1921
1771366694003 0.5563348531723022 1922
1771366694053 0.6267839670181274 1923
1771366694101 0.6206014156341553 1924
1771366694152 0.6049554944038391 1925
1771366694201 0.44729548692703247 1926
1771366694250 0.7868615388870239 1927
1771366694300 0.9263056516647339 1928
1771366694351 0.47421038150787354 1929
1771366694403 0.3838021457195282 1930
1771366694452 0.4610825777053833 1931
1771366694502 0.4499017894268036 1932
1771366694551 0.9444329142570496 1933
1771366694600 0.567314088344574 1934
1771366694650 0.4795439541339874 1935
1771366694699 0.5443514585494995 1936
1771366694747 1.1269875764846802 1937
1771366694798 0.5218657851219177 1938
1771366694849 0.5137789249420166 1939
1771366694899 0.840677797794342 1940
1771366694950 0.5478726625442505 1941
1771366695010 0.4957801401615143 1942
1771366695061 0.5277281999588013 1943
1771366695110 0.8496999144554138 1944
1771366695160 1.039419412612915 1945
1771366695210 0.6748630404472351 1946
1771366695261 0.8358557224273682 1947
1771366695311 0.9079063534736633 1948
1771366695360 0.4805082082748413 1949
1771366695412 0.6488586068153381 1950
1771366695464 0.9317779541015625 1951
1771366695516 0.8728049993515015 1952
1771366695569 0.7425490021705627 1953
1771366695619 0.6672104001045227 1954
1771366695669 0.9371834993362427 1955
1771366695719 0.3834306299686432 1956
1771366695769 0.875110387802124 1957
1771366695818 0.5122856497764587 1958
1771366695869 0.8490907549858093 1959
1771366695920 1.3074264526367188 1960
1771366695968 1.0429624319076538 1961
1771366696017 0.6445677280426025 1962
1771366696067 1.2491151094436646 1963
1771366696115 0.7511689066886902 1964
1771366696164 0.5533934235572815 1965
1771366696212 0.6442725658416748 1966
1771366696264 0.832956075668335 1967
1771366696313 0.4378831088542938 1968
1771366696362 0.9403036832809448 1969
1771366696413 0.7193202972412109 1970
1771366696464 0.6992577314376831 1971
1771366696514 0.9995236992835999 1972
1771366696565 0.5449893474578857 1973
1771366696616 0.5893076658248901 1974
1771366696667 0.7462990880012512 1975
1771366696720 0.7512193322181702 1976
1771366696769 0.42321744561195374 1977
1771366696820 0.6032900810241699 1978
1771366696870 0.8025857210159302 1979
1771366696919 0.8433682322502136 1980
1771366696968 0.4765089750289917 1981
1771366697097 1.0550569295883179 1982
1771366697148 0.6726925373077393 1983
1771366697198 0.6660645008087158 1984
1771366697249 0.5385539531707764 1985
1771366697299 0.6188436150550842 1986
1771366697348 0.6038587093353271 1987
1771366697399 0.6960789561271667 1988
1771366697448 0.8272035717964172 1989
1771366697499 0.8062635064125061 1990
1771366697555 0.8090099692344666 1991
1771366697610 0.6595123410224915 1992
1771366697662 0.6069015860557556 1993
1771366697713 0.8156870007514954 1994
1771366697765 0.4832887351512909 1995
1771366697816 0.6267831921577454 1996
1771366697867 0.5458490252494812 1997
1771366697916 0.7328178286552429 1998
1771366697964 0.23279911279678345 1999
1771366698013 0.5345879197120667 2000
1771366698064 0.7471210956573486 2001
1771366698115 0.7802268862724304 2002
1771366698162 0.6709107756614685 2003
1771366698210 0.775570809841156 2004
1771366698258 0.739657461643219 2005
1771366698305 0.9382696747779846 2006
1771366698353 0.6938389539718628 2007
1771366698404 0.6869261264801025 2008
1771366698454 1.014438509941101 2009
1771366698504 0.5015461444854736 2010
1771366698556 0.9067318439483643 2011
1771366698609 0.6424986124038696 2012
1771366698661 0.3961271047592163 2013
1771366698711 0.7676047682762146 2014
1771366698761 0.6489085555076599 2015
1771366698812 0.9276101589202881 2016
1771366698862 0.8074237108230591 2017
1771366698911 0.3567005693912506 2018
1771366698961 0.6320077776908875 2019
1771366699011 0.49622246623039246 2020
1771366699061 0.9740036129951477 2021
1771366699110 0.7584092617034912 2022
1771366699160 0.6862181425094604 2023
1771366699210 1.0561259984970093 2024
1771366699260 0.9845660328865051 2025
1771366699311 0.6644089818000793 2026
1771366699362 0.988431990146637 2027
1771366699412 0.25266212224960327 2028
1771366699462 0.6123650670051575 2029
1771366699510 0.9367629289627075 2030
1771366699558 1.0984742641448975 2031
1771366699607 0.7612714767456055 2032
1771366699659 0.5399722456932068 2033
1771366699713 0.4466320872306824 2034
1771366699764 0.8940762877464294 2035
1771366699814 0.7438436150550842 2036
1771366699864 0.4877610504627228 2037
1771366699913 0.5023411512374878 2038
1771366699962 0.894673764705658 2039
1771366700012 0.5606792569160461 2040
1771366700060 0.5682175159454346 2041
1771366700109 0.5265395641326904 2042
1771366700157 0.7092052102088928 2043
1771366700208 0.5440118312835693 2044
1771366700257 0.726018488407135 2045
1771366700306 0.5494251847267151 2046
1771366700356 0.5269349813461304 2047
1771366700406 0.567466139793396 2048
1771366700456 1.1452991962432861 2049
1771366700506 0.8649953007698059 2050
1771366700557 0.8111013770103455 2051
1771366700608 0.8873187303543091 2052
1771366700659 0.6523610353469849 2053
1771366700711 0.6743571162223816 2054
1771366700762 0.7139105200767517 2055
1771366700814 0.8854339122772217 2056
1771366700863 0.582339882850647 2057
1771366700983 0.5505015850067139 2058
1771366701033 0.356768935918808 2059
1771366701084 0.6331424117088318 2060
1771366701133 0.7998948693275452 2061
1771366701183 0.6695346832275391 2062
1771366701233 0.7739982604980469 2063
1771366701284 0.8869250416755676 2064
1771366701334 0.64873868227005 2065
1771366701384 0.6538009643554688 2066
1771366701433 0.5867753624916077 2067
1771366701485 0.684056282043457 2068
1771366701535 1.023350477218628 2069
1771366701585 1.35889732837677 2070
1771366701636 0.8435131311416626 2071
1771366701686 1.0261046886444092 2072
1771366701738 0.5843939185142517 2073
1771366701792 0.5121538639068604 2074
1771366701844 0.5255272388458252 2075
1771366701894 0.5538943409919739 2076
1771366701943 0.7067849040031433 2077
1771366701993 0.9484381079673767 2078
1771366702047 0.562165379524231 2079
1771366702098 0.7543900012969971 2080
1771366702148 0.36403295397758484 2081
1771366702197 0.5784823894500732 2082
1771366702246 1.1549115180969238 2083
1771366702295 0.5164963603019714 2084
1771366702346 0.6707822680473328 2085
1771366702395 0.9075276255607605 2086
1771366702444 0.4527353048324585 2087
1771366702494 0.9590251445770264 2088
1771366702545 0.6950302124023438 2089
1771366702597 0.46968626976013184 2090
1771366702648 0.6709279417991638 2091
1771366702699 0.37459662556648254 2092
1771366702749 0.8417039513587952 2093
1771366702800 0.5669073462486267 2094
1771366702852 0.5396860837936401 2095
1771366702902 0.8050850033760071 2096
1771366702952 0.7220743298530579 2097
1771366703002 0.7088735699653625 2098
1771366703052 0.5005346536636353 2099
1771366703102 0.8570488095283508 2100
1771366703152 0.49115803837776184 2101
1771366703204 0.690723717212677 2102
1771366703255 0.32678937911987305 2103
1771366703306 0.5916835069656372 2104
1771366703363 0.4908995032310486 2105
1771366703419 0.7768756151199341 2106
1771366703471 0.6573051810264587 2107
1771366703522 0.4735933840274811 2108
1771366703572 0.5178049206733704 2109
1771366703622 0.6773260831832886 2110
1771366703673 1.195563793182373 2111
1771366703723 0.5270059704780579 2112
1771366703773 0.7068350315093994 2113
1771366703825 0.7692958116531372 2114
1771366703880 0.8307685852050781 2115
1771366703929 0.7113970518112183 2116
1771366703978 0.5988764762878418 2117
1771366704028 0.7004265785217285 2118
1771366704077 0.747642457485199 2119
1771366704128 1.096394419670105 2120
1771366704177 0.848419189453125 2121
1771366704227 0.7515013813972473 2122
1771366704279 0.8165892362594604 2123
1771366704331 0.5634893178939819 2124
1771366704381 0.9949928522109985 2125
1771366704430 0.8767886757850647 2126
1771366704479 0.5700721740722656 2127
1771366704529 0.8177279233932495 2128
1771366704579 0.9346336722373962 2129
1771366704630 0.654781699180603 2130
1771366704681 0.5869260430335999 2131
1771366704730 1.0664111375808716 2132
1771366704884 0.5494377017021179 2133
1771366704933 0.48423483967781067 2134
1771366704982 0.904839277267456 2135
1771366705033 0.9689527750015259 2136
1771366705083 0.6807306408882141 2137
1771366705133 0.8827215433120728 2138
1771366705183 0.52926105260849 2139
1771366705233 0.8802717328071594 2140
1771366705284 0.31441015005111694 2141
1771366705338 0.6052314043045044 2142
1771366705387 0.7194731831550598 2143
1771366705438 0.9061726927757263 2144
1771366705488 1.0042093992233276 2145
1771366705538 0.6228862404823303 2146
1771366705588 0.9354767203330994 2147
1771366705639 0.8476083874702454 2148
1771366705692 0.8757337927818298 2149
1771366705744 0.732552707195282 2150
1771366705795 0.7638653516769409 2151
1771366705846 0.883391797542572 2152
1771366705900 0.6459750533103943 2153
1771366705953 0.8900250792503357 2154
1771366706004 0.6879196166992188 2155
1771366706055 0.5815017819404602 2156
1771366706105 0.8279040455818176 2157
1771366706155 0.42703935503959656 2158
1771366706207 0.44440510869026184 2159
1771366706257 1.0285663604736328 2160
1771366706308 1.1033508777618408 2161
1771366706362 0.5893228054046631 2162
1771366706413 0.29804757237434387 2163
1771366706465 0.32543322443962097 2164
1771366706518 0.9080978631973267 2165
1771366706641 0.6416972875595093 2166
1771366706692 0.7847343683242798 2167
1771366706745 0.4444755017757416 2168
1771366706795 0.2983165383338928 2169
1771366706850 0.8709856867790222 2170
1771366706908 0.6240826845169067 2171
1771366706963 0.9509873390197754 2172
1771366707013 0.38483673334121704 2173
1771366707063 1.1242358684539795 2174
1771366707113 0.4339364767074585 2175
1771366707163 0.922540545463562 2176
1771366707213 0.41554757952690125 2177
1771366707266 0.7590448260307312 2178
1771366707315 0.4365946054458618 2179
1771366707364 0.9998519420623779 2180
1771366707415 1.0465630292892456 2181
1771366707464 0.4904695749282837 2182
1771366707513 0.24532637000083923 2183
1771366707562 0.4463157653808594 2184
1771366707612 0.6419792771339417 2185
1771366707663 0.4347853362560272 2186
1771366707713 0.805950939655304 2187
1771366707764 0.6536248922348022 2188
1771366707816 0.4329780340194702 2189
1771366707867 0.3716736435890198 2190
1771366707918 0.5856029391288757 2191
1771366707969 0.6612324714660645 2192
1771366708025 0.542706310749054 2193
1771366708076 0.6032441854476929 2194
1771366708126 0.7445528507232666 2195
1771366708176 0.8745707869529724 2196
1771366708228 0.6648645401000977 2197
1771366708281 0.3132944703102112 2198
1771366708332 1.1971702575683594 2199
1771366708382 0.5933790802955627 2200
1771366708434 0.6300153136253357 2201
1771366708485 0.850848376750946 2202
1771366708535 0.37067872285842896 2203
1771366708585 0.5431991815567017 2204
1771366708637 1.4940526485443115 2205
1771366708688 0.8150344491004944 2206
1771366708738 0.5018811225891113 2207
1771366708790 0.5145136117935181 2208
1771366708843 1.2231605052947998 2209
1771366708895 0.39451783895492554 2210
1771366708944 0.7167743444442749 2211
1771366708996 0.7045660018920898 2212
1771366709049 1.199872374534607 2213
1771366709101 0.5389379262924194 2214
1771366709150 0.65184086561203 2215
1771366709200 0.4129170775413513 2216
1771366709250 0.9227874875068665 2217
1771366709303 0.902864396572113 2218
1771366709355 0.689491868019104 2219
1771366709406 0.5043671727180481 2220
1771366709456 0.4765263795852661 2221
1771366709508 0.8449928164482117 2222
1771366709559 0.5998804569244385 2223
1771366709609 0.4354759156703949 2224
1771366709659 0.5244259238243103 2225
1771366709709 0.6926055550575256 2226
1771366709760 0.5519211888313293 2227
1771366709810 1.1780189275741577 2228
1771366709863 0.7795535326004028 2229
1771366709915 1.595618486404419 2230
1771366709964 0.8231799006462097 2231
1771366710016 0.7368187308311462 2232
1771366710070 0.8552401661872864 2233
1771366710123 0.4651780426502228 2234
1771366710174 0.6861573457717896 2235
1771366710224 0.9737464189529419 2236
1771366710275 0.7149410843849182 2237
1771366710328 0.662495493888855 2238
1771366710378 0.8069115877151489 2239
1771366710429 0.9497838020324707 2240
1771366710479 0.9024454355239868 2241
1771366710531 0.5281663537025452 2242
1771366710582 1.0590795278549194 2243
1771366710635 0.6073599457740784 2244
1771366710685 0.38512393832206726 2245
1771366710736 0.6463063359260559 2246
1771366710787 0.6950893402099609 2247
1771366710838 0.6255465745925903 2248
1771366710889 1.0832573175430298 2249
1771366710940 1.3461040258407593 2250
1771366710992 0.5195204615592957 2251
1771366711043 0.5849647521972656 2252
1771366711093 0.5670384764671326 2253
1771366711143 1.1193701028823853 2254
1771366711194 0.8758828639984131 2255
1771366711244 0.8732245564460754 2256
1771366711294 0.7071964740753174 2257
1771366711344 0.9877537488937378 2258
1771366711393 0.712246298789978 2259
1771366711444 0.6987962126731873 2260
1771366711495 0.8666470050811768 2261
1771366711545 1.1347194910049438 2262
1771366711596 0.7987769842147827 2263
1771366711647 0.6355540156364441 2264
1771366711699 1.0186517238616943 2265
1771366711750 1.3435986042022705 2266
1771366711801 0.3646850883960724 2267
1771366711852 0.6062524318695068 2268
1771366711904 0.7966093420982361 2269
1771366711954 0.6726884245872498 2270
1771366712005 0.3640686273574829 2271
1771366712057 0.9058305621147156 2272
1771366712106 0.8369737863540649 2273
1771366712159 0.6693457961082458 2274
1771366712212 0.6959158778190613 2275
1771366712263 0.7609766125679016 2276
1771366712313 0.9123044610023499 2277
1771366712363 0.4081754684448242 2278
1771366712414 0.2771117091178894 2279
1771366712466 0.7666321396827698 2280
1771366712518 0.5803947448730469 2281
1771366712568 0.8021212816238403 2282
1771366712620 0.5340151190757751 2283
1771366712673 1.0253527164459229 2284
1771366712725 0.6163284182548523 2285
1771366712777 0.42884695529937744 2286
1771366712830 1.1361910104751587 2287
1771366712884 1.114104151725769 2288
1771366712936 1.1885671615600586 2289
1771366712990 0.937360942363739 2290
1771366713043 0.5170036554336548 2291
1771366713094 0.4787898063659668 2292
1771366713146 0.719219982624054 2293
1771366713199 0.5768781304359436 2294
1771366713250 0.3244476616382599 2295
1771366713303 0.6143860816955566 2296
1771366713358 0.4974145293235779 2297
1771366713412 0.7383690476417542 2298
1771366713466 0.5197516083717346 2299
1771366713518 0.4283169209957123 2300
1771366713570 0.9046618938446045 2301
1771366713623 1.3333107233047485 2302
1771366713676 0.5519263744354248 2303
1771366713729 0.9439491629600525 2304
1771366713783 0.613728404045105 2305
1771366713837 0.6336865425109863 2306
1771366713890 0.4507238566875458 2307
1771366713942 0.5931957960128784 2308
1771366713995 0.9572523236274719 2309
1771366714048 0.9595645666122437 2310
1771366714100 0.49079594016075134 2311
1771366714152 0.5501108765602112 2312
1771366714202 0.923989474773407 2313
1771366714257 0.8742056488990784 2314
1771366714309 0.2998755872249603 2315
1771366714361 1.267755150794983 2316
1771366714415 0.49218764901161194 2317
1771366714467 1.0976269245147705 2318
1771366714518 1.6929420232772827 2319
1771366714568 0.9956089854240417 2320
1771366714618 0.4560966491699219 2321
1771366714668 0.8105474710464478 2322
1771366714718 0.6037060618400574 2323
1771366714767 1.1028684377670288 2324
1771366714817 1.0604913234710693 2325
1771366714870 0.5711914896965027 2326
1771366714922 0.5628781914710999 2327
1771366714973 0.7898988723754883 2328
1771366715024 0.7943128943443298 2329
1771366715075 0.6722329258918762 2330
1771366715125 0.7603941559791565 2331
1771366715176 0.9255387187004089 2332
1771366715227 1.0076690912246704 2333
1771366715278 0.7462526559829712 2334
1771366715414 1.2759838104248047 2335
1771366715467 0.9199704527854919 2336
1771366715517 0.9966356754302979 2337
1771366715567 0.3539835214614868 2338
1771366715617 0.854205310344696 2339
1771366715666 0.7294444441795349 2340
1771366715716 1.4817190170288086 2341
1771366715766 0.4865680932998657 2342
1771366715816 0.6282281279563904 2343
1771366715865 0.7496859431266785 2344
1771366715975 0.6662619113922119 2345
1771366716028 0.9326717257499695 2346
1771366716082 0.7268228530883789 2347
1771366716133 0.41371098160743713 2348
1771366716183 0.44554468989372253 2349
1771366716232 0.49581611156463623 2350
1771366716282 0.5578568577766418 2351
1771366716334 0.3965851068496704 2352
1771366716386 0.7504357099533081 2353
1771366716440 0.8310481905937195 2354
1771366716490 0.6281975507736206 2355
1771366716544 0.37801459431648254 2356
1771366716594 0.37775540351867676 2357
1771366716647 0.7209298610687256 2358
1771366716698 0.5613215565681458 2359
1771366716748 0.5688154101371765 2360
1771366716799 0.8054238557815552 2361
1771366716852 0.6117430329322815 2362
1771366716910 0.7045894861221313 2363
1771366716966 0.7674714922904968 2364
1771366717016 0.3717411458492279 2365
1771366717070 0.5147411227226257 2366
1771366717121 0.683351993560791 2367
1771366717172 0.3520919382572174 2368
1771366717223 0.41501638293266296 2369
1771366717273 0.7280168533325195 2370
1771366717325 0.689063549041748 2371
1771366717379 0.6712591648101807 2372
1771366717437 0.5371096134185791 2373
1771366717491 0.8961669206619263 2374
1771366717545 0.6081815958023071 2375
1771366717597 0.5903544425964355 2376
1771366717653 0.34336113929748535 2377
1771366717707 1.140926480293274 2378
1771366717760 0.9783172607421875 2379
1771366717815 0.28062155842781067 2380
1771366717871 0.81080162525177 2381
1771366717926 0.8953731656074524 2382
1771366717986 0.8973512649536133 2383
1771366718041 0.6346850395202637 2384
1771366718096 0.5280780792236328 2385
1771366718151 0.31190189719200134 2386
1771366718205 0.6093076467514038 2387
1771366718258 0.75803142786026 2388
1771366718312 0.6346887946128845 2389
1771366718367 0.7062199711799622 2390
1771366718425 0.6153057217597961 2391
1771366718480 0.9919954538345337 2392
1771366718533 0.6521955728530884 2393
1771366718585 0.49016624689102173 2394
1771366718638 0.5169301629066467 2395
1771366718693 0.6605095267295837 2396
1771366718747 1.1557281017303467 2397
1771366718799 0.6091943383216858 2398
1771366718852 0.602148711681366 2399
1771366718905 0.772344708442688 2400
1771366718959 0.5102006793022156 2401
1771366719013 0.43662652373313904 2402
1771366719065 0.74421226978302 2403
1771366719117 0.21320590376853943 2404
1771366719169 1.1829354763031006 2405
1771366719220 0.9066308736801147 2406
1771366719274 0.6298477053642273 2407
1771366719327 0.4541691541671753 2408
1771366719382 0.37215137481689453 2409
1771366719436 0.323889821767807 2410
1771366719491 1.0295301675796509 2411
1771366719543 0.7110503911972046 2412
1771366719596 0.47513866424560547 2413
1771366719650 0.7253594398498535 2414
1771366719705 1.1223084926605225 2415
1771366719757 0.48859545588493347 2416
1771366719809 0.9123132824897766 2417
1771366719862 0.8468038439750671 2418
1771366719915 0.9398841261863708 2419
1771366719968 0.49143946170806885 2420
1771366720021 0.8142419457435608 2421
1771366720073 0.5551474094390869 2422
1771366720124 0.39716053009033203 2423
1771366720176 0.7871223092079163 2424
1771366720319 0.7690294981002808 2425
1771366720373 1.132171392440796 2426
1771366720426 1.1501437425613403 2427
1771366720478 0.7866196036338806 2428
1771366720532 0.7831748723983765 2429
1771366720584 0.6881391406059265 2430
1771366720638 0.578332781791687 2431
1771366720690 1.1425139904022217 2432
1771366720741 0.2958555519580841 2433
1771366720793 0.5140341520309448 2434
1771366720845 0.6363147497177124 2435
1771366720900 0.5509961843490601 2436
1771366720953 0.6234480142593384 2437
1771366721004 0.8405976295471191 2438
1771366721056 0.5300811529159546 2439
1771366721108 0.8010954856872559 2440
1771366721159 0.5528092980384827 2441
1771366721210 0.7253746390342712 2442
1771366721261 0.342926561832428 2443
1771366721315 0.730100154876709 2444
1771366721369 0.5036856532096863 2445
1771366721421 0.8243168592453003 2446
1771366721475 0.5497066974639893 2447
1771366721529 0.48938706517219543 2448
1771366721584 0.7448916435241699 2449
1771366721637 0.42530128359794617 2450
1771366721690 1.0856544971466064 2451
1771366721744 0.9751368165016174 2452
1771366721796 1.210471272468567 2453
1771366721851 0.9144394397735596 2454
1771366721908 0.615734875202179 2455
1771366721967 0.9675101637840271 2456
1771366722021 0.4300304055213928 2457
1771366722072 0.5351305603981018 2458
1771366722123 1.012073278427124 2459
1771366722174 0.6371228098869324 2460
1771366722225 0.6894140839576721 2461
1771366722277 0.25763264298439026 2462
1771366722329 0.49462616443634033 2463
1771366722380 0.8462041020393372 2464
1771366722432 0.7744112014770508 2465
1771366722482 0.5997335314750671 2466
1771366722535 0.18078181147575378 2467
1771366722590 0.7815477252006531 2468
1771366722642 0.4422965943813324 2469
1771366722694 0.817782998085022 2470
1771366722745 0.6640180945396423 2471
1771366722799 0.7073386311531067 2472
1771366722852 0.7594296932220459 2473
1771366722905 0.7015958428382874 2474
1771366722963 0.7425498366355896 2475
1771366723019 0.38183608651161194 2476
1771366723074 0.7622774839401245 2477
1771366723126 0.7050573229789734 2478
1771366723178 0.6548101305961609 2479
1771366723229 0.679243803024292 2480
1771366723281 0.40664833784103394 2481
1771366723334 0.3736664652824402 2482
1771366723390 0.618675172328949 2483
1771366723444 0.8948659896850586 2484
1771366723497 0.6632221341133118 2485
1771366723551 0.5410559773445129 2486
1771366723604 0.44596007466316223 2487
1771366723657 0.9523747563362122 2488
1771366723710 0.6336085200309753 2489
1771366723764 0.6966656446456909 2490
1771366723820 0.948875367641449 2491
1771366723874 0.7006267309188843 2492
1771366723930 0.7311293482780457 2493
1771366723982 0.6307106614112854 2494
1771366724034 0.7856095433235168 2495
1771366724086 0.3034587502479553 2496
1771366724140 0.9087695479393005 2497
1771366724264 0.7191607356071472 2498
1771366724317 0.39860859513282776 2499
1771366724370 0.7908006906509399 2500
1771366724427 0.5722463130950928 2501
1771366724481 0.423559308052063 2502
1771366724537 0.5840959548950195 2503
1771366724591 0.6703904867172241 2504
1771366724648 0.9028362035751343 2505
1771366724705 0.5925353765487671 2506
1771366724761 0.7132570147514343 2507
1771366724816 0.5263639688491821 2508
1771366724871 0.6689202785491943 2509
1771366724925 0.7377983927726746 2510
1771366724983 0.9191317558288574 2511
1771366725038 1.0415188074111938 2512
1771366725095 0.6263827085494995 2513
1771366725150 0.6630108952522278 2514
1771366725204 0.6996162533760071 2515
1771366725260 0.8799267411231995 2516
1771366725317 0.7105815410614014 2517
1771366725371 0.6926054954528809 2518
1771366725430 0.7391459941864014 2519
1771366725484 0.5204150080680847 2520
1771366725539 0.9028447866439819 2521
1771366725595 0.5924019813537598 2522
1771366725652 0.46852484345436096 2523
1771366725707 0.3617410659790039 2524
1771366725760 0.5017947554588318 2525
1771366725814 1.1506437063217163 2526
1771366725868 0.3673713207244873 2527
1771366725921 0.3999366760253906 2528
1771366725975 0.8517642021179199 2529
1771366726028 0.7588934302330017 2530
1771366726081 0.5561994314193726 2531
1771366726135 0.5629550814628601 2532
1771366726188 0.6644033789634705 2533
1771366726242 0.5290959477424622 2534
1771366726297 1.142282247543335 2535
1771366726351 0.7508730292320251 2536
1771366726407 0.46916770935058594 2537
1771366726537 0.5205206274986267 2538
1771366726592 1.3452937602996826 2539
1771366726647 0.5324336886405945 2540
1771366726702 0.7787036299705505 2541
1771366726760 0.29034826159477234 2542
1771366726814 0.6376141905784607 2543
1771366726866 0.47198641300201416 2544
1771366726921 1.3251289129257202 2545
1771366726974 0.6466881036758423 2546
1771366727027 0.28205204010009766 2547
1771366727082 0.25969642400741577 2548
1771366727135 0.18391966819763184 2549
1771366727187 0.3943488299846649 2550
1771366727240 0.6537423729896545 2551
1771366727293 0.6962325572967529 2552
1771366727344 0.7978419065475464 2553
1771366727397 0.5167440176010132 2554
1771366727449 0.9050773978233337 2555
1771366727500 0.5935588479042053 2556
1771366727551 0.48744672536849976 2557
1771366727602 0.6376650929450989 2558
1771366727655 0.8037301898002625 2559
1771366727708 0.46324622631073 2560
1771366727760 0.5918254256248474 2561
1771366727813 0.7804844975471497 2562
1771366727864 0.4662676453590393 2563
1771366727918 0.8367121815681458 2564
1771366727972 0.7296974658966064 2565
1771366728026 0.5514185428619385 2566
1771366728079 0.6959676146507263 2567
1771366728131 0.6305133104324341 2568
1771366728184 0.9818493723869324 2569
1771366728238 0.789753794670105 2570
1771366728289 0.605481743812561 2571
1771366728342 0.7606388926506042 2572
1771366728395 0.7565897107124329 2573
1771366728451 0.591242253780365 2574
1771366728504 0.8625585436820984 2575
1771366728558 0.4304359257221222 2576
1771366728613 0.9183183312416077 2577
1771366728669 0.5873876810073853 2578
1771366728724 0.8082420229911804 2579
1771366728846 0.9965834617614746 2580
1771366728902 0.4593438506126404 2581
1771366728956 0.8643645644187927 2582
1771366729009 0.7826857566833496 2583
1771366729063 0.644102156162262 2584
1771366729116 0.3952081501483917 2585
1771366729169 0.5391589999198914 2586
1771366729224 0.40235811471939087 2587
1771366729279 0.3297397792339325 2588
1771366729335 0.6588171720504761 2589
1771366729393 0.70587158203125 2590
1771366729450 0.4712940454483032 2591
1771366729506 0.6270913481712341 2592
1771366729562 0.46675726771354675 2593
1771366729616 0.5078324675559998 2594
1771366729671 0.8048767447471619 2595
1771366729728 0.6868826746940613 2596
1771366729782 0.5556044578552246 2597
1771366729837 0.9472640752792358 2598
1771366729891 0.9835298657417297 2599
1771366729946 0.7424361109733582 2600
1771366730001 0.4724980592727661 2601
1771366730055 0.5670293569564819 2602
1771366730109 0.6893931031227112 2603
1771366730165 0.6694568395614624 2604
1771366730219 0.5961232781410217 2605
1771366730274 0.5388217568397522 2606
1771366730328 0.2870712876319885 2607
1771366730383 0.7203767895698547 2608
1771366730437 0.906211793422699 2609
1771366730493 0.6163166165351868 2610
1771366730547 0.8095437288284302 2611
1771366730601 0.4623790681362152 2612
1771366730656 0.3886900842189789 2613
1771366730711 0.6559911370277405 2614
1771366730764 0.8566043376922607 2615
1771366730818 0.7873041033744812 2616
1771366730873 0.26434165239334106 2617
1771366730932 0.897636353969574 2618
1771366730985 1.2490447759628296 2619
1771366731040 0.6864485144615173 2620
1771366731094 0.562317430973053 2621
1771366731213 0.7117593288421631 2622
1771366731269 0.7492169737815857 2623
1771366731325 0.44654393196105957 2624
1771366731381 0.8353881239891052 2625
1771366731435 0.8419573903083801 2626
1771366731489 0.812771201133728 2627
1771366731544 0.2792477309703827 2628
1771366731600 0.5810843110084534 2629
1771366731654 0.3197076618671417 2630
1771366731707 0.592255175113678 2631
1771366731761 0.7587553858757019 2632
1771366731813 0.7119796872138977 2633
1771366731867 0.6121251583099365 2634
1771366731922 0.6554293632507324 2635
1771366731975 0.8512370586395264 2636
1771366732030 0.5730820298194885 2637
1771366732083 0.7076719403266907 2638
1771366732138 0.9701676368713379 2639
1771366732193 0.7853464484214783 2640
1771366732248 0.6313974261283875 2641
1771366732305 0.5470596551895142 2642
1771366732359 0.9937387108802795 2643
1771366732415 0.7338031530380249 2644
1771366732470 0.6527881622314453 2645
1771366732525 0.7354476451873779 2646
1771366732577 0.5316305160522461 2647
1771366732629 1.0203043222427368 2648
1771366732681 0.3286837637424469 2649
1771366732734 0.8415746688842773 2650
1771366732786 0.7429813146591187 2651
1771366732839 0.38782376050949097 2652
1771366732893 0.6455927491188049 2653
1771366732948 0.9655758738517761 2654
1771366733007 0.34240156412124634 2655
1771366733061 0.692902147769928 2656
1771366733114 0.4368516206741333 2657
1771366733170 0.8354508280754089 2658
1771366733226 0.9470752477645874 2659
1771366733282 0.5580030679702759 2660
1771366733337 1.0818355083465576 2661
1771366733458 0.6067915558815002 2662
1771366733513 0.7908876538276672 2663
1771366733565 0.6442520618438721 2664
1771366733621 0.4829357862472534 2665
1771366733676 0.32372021675109863 2666
1771366733729 0.8840498924255371 2667
1771366733785 0.48729631304740906 2668
1771366733841 0.5319328904151917 2669
1771366733893 0.71193927526474 2670
1771366733949 0.8782459497451782 2671
1771366734005 0.6932045221328735 2672
1771366734058 0.9918466210365295 2673
1771366734113 0.8919135928153992 2674
1771366734167 0.8673538565635681 2675
1771366734221 0.5149441361427307 2676
1771366734293 0.9342894554138184 2677
1771366734349 0.7446315288543701 2678
1771366734415 0.4594043791294098 2679
1771366734469 0.6822218894958496 2680
1771366734522 0.37000900506973267 2681
1771366734576 0.3023785948753357 2682
1771366734631 0.2735925614833832 2683
1771366734688 0.9710519313812256 2684
1771366734741 0.7333014607429504 2685
1771366734797 0.9813916683197021 2686
1771366734853 0.481941282749176 2687
1771366734908 0.4981318712234497 2688
1771366734961 0.9062758684158325 2689
1771366735013 0.44680100679397583 2690
1771366735070 0.7787255644798279 2691
1771366735123 0.6033974289894104 2692
1771366735178 0.5601368546485901 2693
1771366735231 1.0030088424682617 2694
1771366735283 1.124864935874939 2695
1771366735339 0.3842938542366028 2696
1771366735392 0.7510347962379456 2697
1771366735449 0.9152334928512573 2698
1771366735503 0.5529014468193054 2699
1771366735556 0.5148237347602844 2700
1771366735607 0.6871452927589417 2701
1771366735660 0.5071613192558289 2702
1771366735714 0.7187681794166565 2703
1771366735841 0.7005691528320312 2704
1771366735898 0.6471286416053772 2705
1771366735952 0.9038687944412231 2706
1771366736008 0.5618361830711365 2707
1771366736063 0.7492035031318665 2708
1771366736115 0.24072043597698212 2709
1771366736172 0.46723106503486633 2710
1771366736226 0.805975079536438 2711
1771366736286 0.717797577381134 2712
1771366736342 1.3054957389831543 2713
1771366736398 0.8657246232032776 2714
1771366736453 0.7357717156410217 2715
1771366736508 0.25500065088272095 2716
1771366736564 0.551176130771637 2717
1771366736619 1.03372323513031 2718
1771366736674 0.7175663113594055 2719
1771366736729 0.6482913494110107 2720
1771366736784 0.43248671293258667 2721
1771366736839 0.9793951511383057 2722
1771366736893 0.6175375580787659 2723
1771366736950 0.4840163588523865 2724
1771366737004 0.3845096528530121 2725
1771366737059 0.5097808837890625 2726
1771366737112 0.45949625968933105 2727
1771366737174 0.522637665271759 2728
1771366737228 0.8161525130271912 2729
1771366737284 0.41550832986831665 2730
1771366737340 0.7932054400444031 2731
1771366737395 0.49180668592453003 2732
1771366737451 0.5929282903671265 2733
1771366737507 0.40309613943099976 2734
1771366737562 0.8303006887435913 2735
1771366737619 1.225840449333191 2736
1771366737672 1.3693974018096924 2737
1771366737724 0.5852673053741455 2738
1771366737777 0.6254866123199463 2739
1771366737830 0.5592679977416992 2740
1771366737883 0.772735595703125 2741
1771366737938 0.9504013657569885 2742
1771366737992 0.528655469417572 2743
1771366738047 0.6184768676757812 2744
1771366738099 1.3410964012145996 2745
1771366738151 1.161027431488037 2746
1771366738291 0.6503720879554749 2747
1771366738346 0.9119458794593811 2748
1771366738414 1.1512718200683594 2749
1771366738474 0.6396694779396057 2750
1771366738534 0.6135302186012268 2751
1771366738593 0.753869354724884 2752
1771366738653 0.4643980860710144 2753
1771366738714 0.6231765151023865 2754
1771366738775 1.0552653074264526 2755
1771366738835 0.6896328926086426 2756
1771366738896 0.5086430311203003 2757
1771366738959 0.5490654110908508 2758
1771366739022 0.7130134105682373 2759
1771366739081 0.5608866214752197 2760
1771366739140 0.8154023885726929 2761
1771366739199 0.37895944714546204 2762
1771366739263 0.8047328591346741 2763
1771366739322 0.3178367614746094 2764
1771366739381 0.5056373476982117 2765
1771366739440 0.5583496689796448 2766
1771366739499 1.0228681564331055 2767
1771366739557 0.5283084511756897 2768
1771366739614 0.4093153476715088 2769
1771366739672 0.6380283236503601 2770
1771366739731 0.43880409002304077 2771
1771366739789 0.6836335062980652 2772
1771366739848 0.7563452124595642 2773
1771366739907 0.18351911008358002 2774
1771366739968 0.5119713544845581 2775
1771366740029 0.7518506050109863 2776
1771366740090 1.1088924407958984 2777
1771366740151 0.4419465661048889 2778
1771366740215 0.5936898589134216 2779
1771366740277 0.6084778904914856 2780
1771366740342 0.7010361552238464 2781
1771366740404 0.523688554763794 2782
1771366740466 0.5658503770828247 2783
1771366740527 0.9663313031196594 2784
1771366740590 1.6128472089767456 2785
1771366740651 1.623598575592041 2786
1771366740779 0.8514924049377441 2787
1771366740840 0.509633481502533 2788
1771366740903 0.6711639761924744 2789
1771366740965 0.4972466230392456 2790
1771366741030 1.0677852630615234 2791
1771366741091 0.5882850885391235 2792
1771366741151 0.8471861481666565 2793
1771366741213 0.7054299116134644 2794
1771366741274 1.1919610500335693 2795
1771366741339 0.9757313132286072 2796
1771366741402 1.0702648162841797 2797
1771366741464 0.6757593154907227 2798
1771366741525 0.7127404808998108 2799
1771366741585 0.5105063319206238 2800
1771366741644 0.6623671054840088 2801
1771366741707 0.6627776622772217 2802
1771366741767 0.42808106541633606 2803
1771366741829 1.1446690559387207 2804
1771366741889 0.793856680393219 2805
1771366741949 0.6314427256584167 2806
1771366742012 0.4651064872741699 2807
1771366742073 0.5535091161727905 2808
1771366742135 0.5505754947662354 2809
1771366742199 0.7329275012016296 2810
1771366742263 0.5964767932891846 2811
1771366742323 0.7277361750602722 2812
1771366742382 0.9808141589164734 2813
1771366742512 0.4973438084125519 2814
1771366742572 0.6470214128494263 2815
1771366742633 0.6757752299308777 2816
1771366742693 0.5176339745521545 2817
1771366742752 0.6067507863044739 2818
1771366742810 0.7911648750305176 2819
1771366742870 0.7137396931648254 2820
1771366742931 0.8224626779556274 2821
1771366742992 0.39422497153282166 2822
1771366743053 0.47143682837486267 2823
1771366743115 0.8937605619430542 2824
1771366743176 0.6876442432403564 2825
1771366743235 0.5253227949142456 2826
1771366743362 1.0071864128112793 2827
1771366743429 0.7762683629989624 2828
1771366743494 0.5480238199234009 2829
1771366743554 0.620780348777771 2830
1771366743615 0.34282082319259644 2831
1771366743679 0.8529982566833496 2832
1771366743741 0.4307924509048462 2833
1771366743802 1.0245964527130127 2834
1771366743867 0.5947734713554382 2835
1771366743929 0.7920987010002136 2836
1771366743991 1.1215993165969849 2837
1771366744055 1.2322571277618408 2838
1771366744118 0.6129810214042664 2839
1771366744182 0.902711033821106 2840
1771366744245 0.6589553952217102 2841
1771366744306 1.2174338102340698 2842
1771366744367 0.36060577630996704 2843
1771366744430 1.0524097681045532 2844
1771366744495 1.0687540769577026 2845
1771366744559 0.5282037854194641 2846
1771366744620 0.9157124757766724 2847
1771366744681 0.9583881497383118 2848
1771366744745 0.7030035257339478 2849
1771366744811 0.37740474939346313 2850
1771366744872 0.3062554895877838 2851
1771366744935 0.39307376742362976 2852
1771366745003 0.9633999466896057 2853
1771366745067 0.7966652512550354 2854
1771366745132 0.531128466129303 2855
1771366745196 1.035123348236084 2856
1771366745257 0.7357295751571655 2857
1771366745319 0.19350823760032654 2858
1771366745465 1.445409893989563 2859
1771366745526 0.713397741317749 2860
1771366745587 0.25054073333740234 2861
1771366745649 0.46857357025146484 2862
1771366745710 0.35936692357063293 2863
1771366745772 0.7144403457641602 2864
1771366745833 0.5038063526153564 2865
1771366745898 0.5566499829292297 2866
1771366745959 0.8219715356826782 2867
1771366746025 0.4536669850349426 2868
1771366746088 0.6698973178863525 2869
1771366746150 0.6936540007591248 2870
1771366746212 0.9599063992500305 2871
1771366746274 0.6466962099075317 2872
1771366746335 0.6355738639831543 2873
1771366746396 0.25528594851493835 2874
1771366746458 0.3469894528388977 2875
1771366746524 0.5542274117469788 2876
1771366746587 0.5056553483009338 2877
1771366746649 0.6821086406707764 2878
1771366746712 0.484243243932724 2879
1771366746775 0.449391633272171 2880
1771366746839 0.7154020071029663 2881
1771366746902 0.7721261978149414 2882
1771366746963 0.7563778758049011 2883
1771366747091 0.2250708043575287 2884
1771366747153 0.4958771765232086 2885
1771366747219 0.3810679614543915 2886
1771366747276 0.6837957501411438 2887
1771366747331 0.5989768505096436 2888
1771366747387 0.5855869054794312 2889
1771366747445 0.6826866865158081 2890
1771366747502 0.4881138503551483 2891
1771366747564 0.4369269907474518 2892
1771366747622 0.5956630706787109 2893
1771366747680 0.694949746131897 2894
1771366747735 0.8334472179412842 2895
1771366747791 0.7057617902755737 2896
1771366747848 0.7561807036399841 2897
1771366747902 0.49962228536605835 2898
1771366747955 0.2670917212963104 2899
1771366748009 0.8297285437583923 2900
1771366748062 0.6206681132316589 2901
1771366748116 0.7584848403930664 2902
1771366748169 0.7151846885681152 2903
1771366748222 0.8134704828262329 2904
1771366748277 0.49021679162979126 2905
1771366748332 0.6656414270401001 2906
1771366748385 0.4494286775588989 2907
1771366748442 0.6420323252677917 2908
1771366748498 0.8523184061050415 2909
1771366748551 0.5561686158180237 2910
1771366748606 0.41102373600006104 2911
1771366748662 0.8051176071166992 2912
1771366748717 0.7888006567955017 2913
1771366748773 0.732602059841156 2914
1771366748828 0.7465440034866333 2915
1771366748881 0.5169948935508728 2916
1771366748935 0.735002875328064 2917
1771366748988 0.7419108748435974 2918
1771366749042 0.4663377106189728 2919
1771366749096 0.435560017824173 2920
1771366749149 0.6809146404266357 2921
1771366749202 0.44071391224861145 2922
1771366749255 0.8882851004600525 2923
1771366749308 0.34777018427848816 2924
1771366749361 0.8214988708496094 2925
1771366749415 0.9245176315307617 2926
1771366749470 0.867737352848053 2927
1771366749524 0.42234280705451965 2928
1771366749577 0.6827924847602844 2929
1771366749637 0.3052068054676056 2930
1771366749693 0.67926025390625 2931
1771366749817 0.9924648404121399 2932
1771366749872 1.0692551136016846 2933
1771366749926 0.711945116519928 2934
1771366749981 0.47265908122062683 2935
1771366750035 0.5445919632911682 2936
1771366750092 0.5668585300445557 2937
1771366750145 0.5479869842529297 2938
1771366750198 0.720661997795105 2939
1771366750253 0.5884286761283875 2940
1771366750307 0.5016266107559204 2941
1771366750363 0.6365026235580444 2942
1771366750416 0.7681834101676941 2943
1771366750471 0.30103686451911926 2944
1771366750526 0.552336573600769 2945
1771366750581 0.7426003217697144 2946
1771366750636 0.33000320196151733 2947
1771366750690 0.5770131945610046 2948
1771366750746 0.8688768148422241 2949
1771366750801 0.728704035282135 2950
1771366750856 0.45357996225357056 2951
1771366750910 0.3950873017311096 2952
1771366750965 0.4050444960594177 2953
1771366751030 0.7995377779006958 2954
1771366751091 0.6798597574234009 2955
1771366751149 0.6800583600997925 2956
1771366751209 0.773949384689331 2957
1771366751267 0.6886360049247742 2958
1771366751327 0.4940658509731293 2959
1771366751385 0.5010073184967041 2960
1771366751444 0.8714278936386108 2961
1771366751504 0.7431315779685974 2962
1771366751565 0.8217219114303589 2963
1771366751628 0.6972176432609558 2964
1771366751693 0.6922166347503662 2965
1771366751760 0.8116075396537781 2966
1771366751823 0.5871127843856812 2967
1771366751884 0.689514696598053 2968
1771366752016 0.8212056159973145 2969
1771366752077 0.8704469203948975 2970
1771366752140 0.3648413419723511 2971
1771366752202 0.515859842300415 2972
1771366752264 0.6795337796211243 2973
1771366752324 1.5882562398910522 2974
1771366752383 0.7766827940940857 2975
1771366752445 1.179551362991333 2976
1771366752506 0.5475485920906067 2977
1771366752568 0.6094261407852173 2978
1771366752631 0.483350932598114 2979
1771366752694 0.38176506757736206 2980
1771366752756 0.635787844657898 2981
1771366752817 0.5127612948417664 2982
1771366752876 0.6243953108787537 2983
1771366752931 1.2210257053375244 2984
1771366752985 0.24824921786785126 2985
1771366753040 0.6109591722488403 2986
1771366753094 0.40331903100013733 2987
1771366753149 0.5947940349578857 2988
1771366753202 0.7114536762237549 2989
1771366753256 0.5529311895370483 2990
1771366753310 0.831028938293457 2991
1771366753367 0.6613057255744934 2992
1771366753423 0.48673000931739807 2993
1771366753480 0.488238126039505 2994
1771366753537 0.388870507478714 2995
1771366753594 1.0929408073425293 2996
1771366753648 1.5840022563934326 2997
1771366753772 0.745722770690918 2998
1771366753832 1.4330769777297974 2999
1771366753886 0.7769041657447815 3000
1771366753941 1.1253173351287842 3001
1771366753996 0.7832197546958923 3002
1771366754050 0.5394695401191711 3003
1771366754106 0.3875074088573456 3004
1771366754161 0.9617979526519775 3005
1771366754218 0.6325997114181519 3006
1771366754273 0.7024856805801392 3007
1771366754328 0.693519115447998 3008
1771366754394 0.9941840171813965 3009
1771366754453 0.6911171078681946 3010
1771366754513 0.959570586681366 3011
1771366754572 0.640203058719635 3012
1771366754631 0.5598634481430054 3013
1771366754692 0.3650193512439728 3014
1771366754752 0.652632474899292 3015
1771366754812 0.965595006942749 3016
1771366754871 0.2836967408657074 3017
1771366754930 0.745062530040741 3018
1771366754990 0.9781888127326965 3019
1771366755049 1.0141273736953735 3020
1771366755110 0.4895384907722473 3021
1771366755168 0.5761833190917969 3022
1771366755293 0.6835517883300781 3023
1771366755352 0.768926739692688 3024
1771366755414 0.6912645697593689 3025
1771366755473 0.32940736413002014 3026
1771366755532 0.9860177040100098 3027
1771366755585 0.7594711780548096 3028
1771366755640 0.3122127056121826 3029
1771366755697 0.6340925693511963 3030
1771366755752 0.7442707419395447 3031
1771366755806 0.6989946961402893 3032
1771366755868 0.9631655812263489 3033
1771366755924 0.5411224961280823 3034
1771366755979 0.6943717002868652 3035
1771366756033 0.9354970455169678 3036
1771366756090 0.30270645022392273 3037
1771366756147 0.6467564702033997 3038
1771366756204 0.6295318603515625 3039
1771366756260 0.49777427315711975 3040
1771366756315 0.35111650824546814 3041
1771366756370 0.5302590131759644 3042
1771366756426 1.010228157043457 3043
1771366756481 1.0551306009292603 3044
1771366756536 0.560107946395874 3045
1771366756591 0.43919289112091064 3046
1771366756645 0.25109291076660156 3047
1771366756699 0.9260517358779907 3048
1771366756753 0.6322345733642578 3049
1771366756806 0.5447332859039307 3050
1771366756865 0.5315095782279968 3051
1771366756918 0.6597660183906555 3052
1771366756974 1.1964961290359497 3053
1771366757030 0.6815871000289917 3054
1771366757089 0.3569955825805664 3055
1771366757145 0.6844528913497925 3056
1771366757201 0.7227128148078918 3057
1771366757256 0.712449848651886 3058
1771366757313 0.7819972038269043 3059
1771366757368 0.8381591439247131 3060
1771366757427 0.6423234939575195 3061
1771366757483 0.496677428483963 3062
1771366757538 0.7679139375686646 3063
1771366757594 0.6202108263969421 3064
1771366757649 0.7468515038490295 3065
1771366757701 0.527899444103241 3066
1771366757755 1.946410894393921 3067
1771366757808 1.1820670366287231 3068
1771366757864 0.8556623458862305 3069
1771366757923 0.7197251915931702 3070
1771366758093 0.6114596724510193 3071
1771366758148 0.272436261177063 3072
1771366758202 0.8091828227043152 3073
1771366758256 0.7681466937065125 3074
1771366758310 0.8045750260353088 3075
1771366758364 0.5279791951179504 3076
1771366758418 1.1028904914855957 3077
1771366758472 0.6849101781845093 3078
1771366758525 0.9276298880577087 3079
1771366758579 0.6163210272789001 3080
1771366758638 0.2810400724411011 3081
1771366758694 1.2023037672042847 3082
1771366758749 1.304256796836853 3083
1771366758803 0.8865348100662231 3084
1771366758858 0.33324572443962097 3085
1771366758912 1.0998039245605469 3086
1771366758968 0.4937921166419983 3087
1771366759028 0.7990427017211914 3088
1771366759090 0.6169657707214355 3089
1771366759152 0.5214349031448364 3090
1771366759214 0.8774752020835876 3091
1771366759277 0.6336979866027832 3092
1771366759339 1.5312825441360474 3093
1771366759401 1.25282621383667 3094
1771366759460 0.49124282598495483 3095
1771366759516 0.6711649298667908 3096
1771366759572 0.5511589646339417 3097
1771366759626 0.6960844993591309 3098
1771366759681 0.29216882586479187 3099
1771366759735 0.6046815514564514 3100
1771366759790 0.6145017743110657 3101
1771366759851 0.899850606918335 3102
1771366759911 0.9886560440063477 3103
1771366759969 0.6752693057060242 3104
1771366760036 0.6118342876434326 3105
1771366760097 0.3347999155521393 3106
1771366760159 1.1509530544281006 3107
1771366760310 0.7735168933868408 3108
1771366760372 0.4338357746601105 3109
1771366760434 0.9068102240562439 3110
1771366760496 0.5399869084358215 3111
1771366760558 0.5390565991401672 3112
1771366760618 0.5363596677780151 3113
1771366760680 1.0784443616867065 3114
1771366760740 0.8070183396339417 3115
1771366760801 0.5001553297042847 3116
1771366760864 0.9271336793899536 3117
1771366760925 0.45664849877357483 3118
1771366760984 0.43782010674476624 3119
1771366761045 0.5513043999671936 3120
1771366761106 0.5427840352058411 3121
1771366761167 0.5955227613449097 3122
1771366761228 0.6899552345275879 3123
1771366761289 0.507160484790802 3124
1771366761352 0.5246415138244629 3125
1771366761413 0.8960781097412109 3126
1771366761473 0.8186136484146118 3127
1771366761534 1.0900049209594727 3128
1771366761595 1.0210487842559814 3129
1771366761655 0.21853020787239075 3130
1771366761715 0.5931513905525208 3131
1771366761771 0.9034902453422546 3132
1771366761835 0.45447272062301636 3133
1771366761892 0.681209146976471 3134
1771366761948 0.19242803752422333 3135
1771366762004 0.6841179132461548 3136
1771366762144 0.6721943020820618 3137
1771366762202 0.6208353638648987 3138
1771366762259 0.458759069442749 3139
1771366762314 0.9970595240592957 3140
1771366762370 0.30800530314445496 3141
1771366762424 0.5495069026947021 3142
1771366762486 0.9019834399223328 3143
1771366762548 0.5480698943138123 3144
1771366762609 0.8410936594009399 3145
1771366762671 0.8802341222763062 3146
1771366762734 0.6286502480506897 3147
1771366762794 0.6821683049201965 3148
1771366762856 0.6743817925453186 3149
1771366762919 0.9845391511917114 3150
1771366762982 1.1859005689620972 3151
1771366763046 0.7478146553039551 3152
1771366763109 0.30969536304473877 3153
1771366763173 0.7231837511062622 3154
1771366763234 0.9117765426635742 3155
1771366763300 0.6614788770675659 3156
1771366763362 0.5859489440917969 3157
1771366763422 0.5603184103965759 3158
1771366763482 0.6563289165496826 3159
1771366763543 0.6590783596038818 3160
1771366763603 0.9710204601287842 3161
1771366763662 1.1477285623550415 3162
1771366763721 1.0108458995819092 3163
1771366763782 0.6947224736213684 3164
1771366763843 0.6554702520370483 3165
1771366763903 0.4768557548522949 3166
1771366764032 0.6019327044487 3167
1771366764097 0.3193674683570862 3168
1771366764154 0.8667590618133545 3169
1771366764222 0.4268600642681122 3170
1771366764286 0.8624593019485474 3171
1771366764351 0.6410419344902039 3172
1771366764411 0.9313935041427612 3173
1771366764471 0.4589686393737793 3174
1771366764531 0.29151585698127747 3175
1771366764592 0.4650299847126007 3176
1771366764651 0.8642635941505432 3177
1771366764711 0.6911687850952148 3178
1771366764773 0.29770365357398987 3179
1771366764833 1.3397667407989502 3180
1771366764892 0.6131020784378052 3181
1771366764954 0.6846334338188171 3182
1771366765014 0.5591475367546082 3183
1771366765073 0.5389739274978638 3184
1771366765134 0.5143201947212219 3185
1771366765194 0.4001138508319855 3186
1771366765254 0.24542003870010376 3187
1771366765313 0.6483435034751892 3188
1771366765378 0.8468189239501953 3189
1771366765440 0.9937914609909058 3190
1771366765501 0.8502413630485535 3191
1771366765560 0.7182724475860596 3192
1771366765620 0.5489636659622192 3193
1771366765746 0.48672112822532654 3194
1771366765808 1.0210795402526855 3195
1771366765868 0.8626389503479004 3196
1771366765928 0.6982221007347107 3197
1771366765989 0.7745040059089661 3198
1771366766049 0.6266066431999207 3199
1771366766112 0.5395649075508118 3200
1771366766175 0.733577311038971 3201
1771366766238 0.7601125836372375 3202
1771366766307 0.6128827929496765 3203
1771366766370 0.7826763391494751 3204
1771366766430 0.9691062569618225 3205
1771366766491 0.5027797222137451 3206
1771366766551 0.7772191762924194 3207
1771366766612 0.6632551550865173 3208
1771366766676 1.2447816133499146 3209
1771366766738 0.7751330733299255 3210
1771366766799 0.29962489008903503 3211
1771366766861 0.6038594841957092 3212
1771366766921 0.5637452602386475 3213
1771366766981 0.4664345681667328 3214
1771366767043 0.3187134265899658 3215
1771366767104 0.9570249319076538 3216
1771366767166 0.5764301419258118 3217
1771366767226 0.4999849498271942 3218
1771366767288 0.5952348709106445 3219
1771366767349 0.40297964215278625 3220
1771366767410 1.0134037733078003 3221
1771366767470 0.7877928614616394 3222
1771366767531 0.6542515754699707 3223
1771366767593 0.6404989361763 3224
1771366767653 0.6998991370201111 3225
1771366767782 0.6032804250717163 3226
1771366767845 0.5068042874336243 3227
1771366767907 0.3991580605506897 3228
1771366767970 0.695385217666626 3229
1771366768032 0.7782872319221497 3230
1771366768094 1.0388716459274292 3231
1771366768156 0.870560884475708 3232
1771366768218 0.5677363872528076 3233
1771366768277 0.52618807554245 3234
1771366768340 1.1772412061691284 3235
1771366768407 0.8717597723007202 3236
1771366768468 0.8447189331054688 3237
1771366768529 0.6933006644248962 3238
1771366768590 0.9605940580368042 3239
1771366768650 0.8168231248855591 3240
1771366768712 0.5399019122123718 3241
1771366768774 0.5303406715393066 3242
1771366768834 1.1450107097625732 3243
1771366768896 0.6371428966522217 3244
1771366768958 0.7849947810173035 3245
1771366769019 0.3682565689086914 3246
1771366769082 0.7571621537208557 3247
1771366769144 0.44895583391189575 3248
1771366769205 0.7414441704750061 3249
1771366769266 0.3263721764087677 3250
1771366769327 0.7117209434509277 3251
1771366769466 0.8568481206893921 3252
1771366769529 0.8594741821289062 3253
1771366769589 0.4731016159057617 3254
1771366769650 1.025071382522583 3255
1771366769710 0.29033899307250977 3256
1771366769772 0.48736220598220825 3257
1771366769834 1.0528652667999268 3258
1771366769895 0.8714752793312073 3259
1771366769956 0.7866134643554688 3260
1771366770017 0.9555056691169739 3261
1771366770080 0.8086517453193665 3262
1771366770143 0.3728339970111847 3263
1771366770204 0.610102653503418 3264
1771366770266 0.6537837982177734 3265
1771366770327 0.3257892429828644 3266
1771366770389 0.4476502239704132 3267
1771366770458 0.5428248047828674 3268
1771366770521 0.8090202212333679 3269
1771366770583 0.5469352006912231 3270
1771366770646 0.2785246670246124 3271
1771366770707 0.5378499627113342 3272
1771366770771 0.7644415497779846 3273
1771366770903 0.5097254514694214 3274
1771366770967 0.7371810078620911 3275
1771366771034 0.6054252982139587 3276
1771366771097 0.21067461371421814 3277
1771366771161 0.6783968806266785 3278
1771366771225 0.6653733849525452 3279
1771366771289 0.6121877431869507 3280
1771366771350 0.42397624254226685 3281
1771366771407 1.2336316108703613 3282
1771366771536 0.6613956689834595 3283
1771366771597 0.754136860370636 3284
1771366771657 0.7240567207336426 3285
1771366771717 0.7120035290718079 3286
1771366771779 0.9088345766067505 3287
1771366771843 0.387744665145874 3288
1771366771905 0.8609201908111572 3289
1771366771966 0.48091766238212585 3290
1771366772028 0.9812988042831421 3291
1771366772089 1.4952903985977173 3292
1771366772152 0.379197359085083 3293
1771366772213 0.7803139686584473 3294
1771366772274 0.6668741106987 3295
1771366772334 0.7767225503921509 3296
1771366772396 0.7365296483039856 3297
1771366772461 0.40339919924736023 3298
1771366772532 1.1356613636016846 3299
1771366772596 0.765602171421051 3300
1771366772668 1.201953649520874 3301
1771366772722 0.780556321144104 3302
1771366772778 0.8127017617225647 3303
1771366772903 0.552668571472168 3304
1771366772960 0.6334034204483032 3305
1771366773017 0.6692540645599365 3306
1771366773073 0.5836531519889832 3307
1771366773131 0.5128306150436401 3308
1771366773188 0.62827068567276 3309
1771366773245 0.6480466723442078 3310
1771366773303 0.4791828989982605 3311
1771366773360 0.2390109896659851 3312
1771366773416 0.7511351704597473 3313
1771366773471 0.44610562920570374 3314
1771366773531 0.4695967137813568 3315
1771366773586 0.9482069611549377 3316
1771366773644 0.4030482769012451 3317
1771366773701 0.7688488960266113 3318
1771366773758 0.2859872579574585 3319
1771366773816 0.49632173776626587 3320
1771366773873 0.8186481595039368 3321
1771366773930 0.7452414631843567 3322
1771366773987 0.5647916197776794 3323
1771366774045 0.7709170579910278 3324
1771366774101 0.3606032133102417 3325
1771366774157 0.725283682346344 3326
1771366774213 0.5289485454559326 3327
1771366774270 0.8693713545799255 3328
1771366774328 0.6317988038063049 3329
1771366774448 0.17499138414859772 3330
1771366774504 0.3480435311794281 3331
1771366774560 0.5842574238777161 3332
1771366774622 0.2536030113697052 3333
1771366774680 0.7095475792884827 3334
1771366774737 1.0091111660003662 3335
1771366774794 1.0654650926589966 3336
1771366774852 0.4323735535144806 3337
1771366774909 0.5412691235542297 3338
1771366774965 0.3015655279159546 3339
1771366775020 0.6244768500328064 3340
1771366775077 1.0730345249176025 3341
1771366775136 1.2981194257736206 3342
1771366775192 0.7058834433555603 3343
1771366775247 0.12137433141469955 3344
1771366775304 0.565186083316803 3345
1771366775362 0.969170868396759 3346
1771366775418 0.3634736239910126 3347
1771366775473 0.4106915295124054 3348
1771366775529 0.7150627374649048 3349
1771366775585 0.794524610042572 3350
1771366775706 0.49276578426361084 3351
1771366775762 0.28220000863075256 3352
1771366775818 1.0471311807632446 3353
1771366775874 0.880862295627594 3354
1771366775928 1.0701584815979004 3355
1771366775983 0.5229550004005432 3356
1771366776041 0.6590412855148315 3357
1771366776099 0.7957665324211121 3358
1771366776157 0.6520242691040039 3359
1771366776215 0.6351940035820007 3360
1771366776270 0.36148685216903687 3361
1771366776328 0.29560062289237976 3362
1771366776385 0.28590884804725647 3363
1771366776443 0.6163507103919983 3364
1771366776501 0.47765886783599854 3365
1771366776556 0.3600274920463562 3366
1771366776614 0.33555641770362854 3367
1771366776672 0.7217311263084412 3368
1771366776734 0.7280939221382141 3369
1771366776793 0.8246378898620605 3370
1771366776851 0.7630594968795776 3371
1771366776910 0.5209968090057373 3372
1771366776967 0.8143041729927063 3373
1771366777024 0.6845600605010986 3374
1771366777083 0.4914803206920624 3375
1771366777140 0.44513535499572754 3376
1771366777197 1.1099966764450073 3377
1771366777255 0.889426052570343 3378
1771366777312 0.7240727543830872 3379
1771366777368 0.7844971418380737 3380
1771366777423 0.7438399791717529 3381
1771366777486 0.5608968734741211 3382
1771366777609 0.7488844990730286 3383
1771366777667 0.530329704284668 3384
1771366777723 1.1249310970306396 3385
1771366777782 0.7747533917427063 3386
1771366777841 0.5522648096084595 3387
1771366777898 0.10674572736024857 3388
1771366777955 0.6260925531387329 3389
1771366778012 1.0873396396636963 3390
1771366778067 0.7455065250396729 3391
1771366778124 1.0949821472167969 3392
1771366778179 0.9707494378089905 3393
1771366778235 0.3452823758125305 3394
1771366778292 0.7465249300003052 3395
1771366778348 0.8776552677154541 3396
1771366778404 0.3723914623260498 3397
1771366778459 0.5715093612670898 3398
1771366778517 0.9586303234100342 3399
1771366778573 0.5213286876678467 3400
1771366778630 0.4782615005970001 3401
1771366778685 0.8022045493125916 3402
1771366778741 0.6624599695205688 3403
1771366778804 1.0490810871124268 3404
1771366778861 0.29075953364372253 3405
1771366778919 0.6453880071640015 3406
1771366778978 0.7227291464805603 3407
1771366779034 0.5004452466964722 3408
1771366779160 0.3149591386318207 3409
1771366779218 0.4248119592666626 3410
1771366779275 0.6743099689483643 3411
1771366779332 0.5014832019805908 3412
1771366779392 0.3576423227787018 3413
1771366779448 0.8395906090736389 3414
1771366779505 0.43650949001312256 3415
1771366779563 0.7195963263511658 3416
1771366779621 0.3576173782348633 3417
1771366779678 0.6865620017051697 3418
1771366779736 0.7321422100067139 3419
1771366779797 0.3943575918674469 3420
1771366779855 0.911557674407959 3421
1771366779913 0.689426064491272 3422
1771366780004 0.9826554656028748 3423
1771366780072 0.3844448924064636 3424
1771366780133 0.7659539580345154 3425
1771366780195 0.5679576992988586 3426
1771366780257 0.722669243812561 3427
1771366780318 0.49441608786582947 3428
1771366780380 0.2659136652946472 3429
1771366780442 0.6005247831344604 3430
1771366780568 0.3924599885940552 3431
1771366780630 0.9014610648155212 3432
1771366780694 0.9167330861091614 3433
1771366780751 0.835929811000824 3434
1771366780807 0.3823986053466797 3435
1771366780871 0.8566061854362488 3436
1771366780928 0.7469860315322876 3437
1771366780986 0.546066164970398 3438
1771366781042 1.1692397594451904 3439
1771366781101 0.6377342343330383 3440
1771366781161 0.5659471154212952 3441
1771366781217 0.6794545650482178 3442
1771366781275 0.24764999747276306 3443
1771366781333 0.798656165599823 3444
1771366781391 1.0414669513702393 3445
1771366781446 0.3524198830127716 3446
1771366781502 0.2918720543384552 3447
1771366781559 0.9103646874427795 3448
1771366781615 0.36674973368644714 3449
1771366781674 0.8883472084999084 3450
1771366781730 0.7659808397293091 3451
1771366781789 0.7593945264816284 3452
1771366781845 0.5841578841209412 3453
1771366781902 0.2735157012939453 3454
1771366781957 0.8829032778739929 3455
1771366782014 0.35320478677749634 3456
1771366782070 0.5945889949798584 3457
1771366782129 1.1223474740982056 3458
1771366782186 0.4094342291355133 3459
1771366782243 0.5986948609352112 3460
1771366782300 0.34669798612594604 3461
1771366782356 0.818000316619873 3462
1771366782481 0.6113256812095642 3463
1771366782538 0.678048849105835 3464
1771366782594 0.6215217113494873 3465
1771366782653 0.5448139309883118 3466
1771366782710 0.6695631146430969 3467
1771366782769 0.5698792934417725 3468
1771366782828 0.6645559668540955 3469
1771366782887 0.8065616488456726 3470
1771366782952 0.5151894688606262 3471
1771366783012 0.6117045283317566 3472
1771366783074 0.3041176199913025 3473
1771366783133 0.6386975049972534 3474
1771366783193 1.4406589269638062 3475
1771366783251 0.7137404084205627 3476
1771366783308 0.8424579501152039 3477
1771366783368 0.6428781747817993 3478
1771366783429 0.6058856248855591 3479
1771366783488 0.8925099968910217 3480
1771366783545 0.6651259660720825 3481
1771366783601 0.42589861154556274 3482
1771366783657 0.45895126461982727 3483
1771366783712 0.9846901297569275 3484
1771366783770 0.6735138297080994 3485
1771366783829 1.00698983669281 3486
1771366783885 0.3043281137943268 3487
1771366783942 0.5019505620002747 3488
1771366783998 0.7621265649795532 3489
1771366784056 0.8325142860412598 3490
1771366784113 0.6569535732269287 3491
1771366784172 0.689402163028717 3492
1771366784229 0.5405914783477783 3493
1771366784357 1.1489773988723755 3494
1771366784418 0.4507724642753601 3495
1771366784476 0.7335498929023743 3496
1771366784534 0.8818037509918213 3497
1771366784590 0.555264413356781 3498
1771366784649 0.700520932674408 3499
1771366784708 0.34374964237213135 3500
1771366784764 0.38233843445777893 3501
1771366784822 0.7818061113357544 3502
1771366784881 0.48132768273353577 3503
1771366784946 0.49409762024879456 3504
1771366785006 0.297988623380661 3505
1771366785069 0.4356100261211395 3506
1771366785129 0.43444105982780457 3507
1771366785188 0.8078829646110535 3508
1771366785248 0.6952127814292908 3509
1771366785308 0.8196366429328918 3510
1771366785368 0.8049443960189819 3511
1771366785426 0.6876477599143982 3512
1771366785485 0.7155259251594543 3513
1771366785541 1.0717134475708008 3514
1771366785600 0.5987101197242737 3515
1771366785657 0.5389879941940308 3516
1771366785713 0.31664377450942993 3517
1771366785770 0.7964844703674316 3518
1771366785826 0.5828108191490173 3519
1771366785883 0.39317017793655396 3520
1771366785941 0.9431349039077759 3521
1771366785997 0.9343820810317993 3522
1771366786054 1.1381350755691528 3523
1771366786110 0.5932547450065613 3524
1771366786166 0.39658817648887634 3525
1771366786222 0.7870347499847412 3526
1771366786369 0.5417644381523132 3527
1771366786426 1.1320217847824097 3528
1771366786486 0.603111207485199 3529
1771366786542 0.4159840941429138 3530
1771366786599 0.3938157260417938 3531
1771366786657 0.5473529100418091 3532
1771366786714 0.822714626789093 3533
1771366786774 0.3436296582221985 3534
1771366786830 0.57270747423172 3535
1771366786887 0.3830602467060089 3536
1771366786944 0.8783182501792908 3537
1771366787001 0.7833444476127625 3538
1771366787057 0.6945599913597107 3539
1771366787124 1.1341298818588257 3540
1771366787186 0.648991048336029 3541
1771366787243 0.32871687412261963 3542
1771366787301 0.5643218159675598 3543
1771366787358 0.5672523975372314 3544
1771366787415 0.35731086134910583 3545
1771366787472 0.8039124608039856 3546
1771366787528 1.4364300966262817 3547
1771366787586 0.5679722428321838 3548
1771366787643 0.8860423564910889 3549
1771366787700 0.7492619156837463 3550
1771366787823 0.8028594255447388 3551
1771366787882 0.5097048282623291 3552
1771366787940 0.4762744605541229 3553
1771366787997 0.37163245677948 3554
1771366788054 0.9512731432914734 3555
1771366788112 0.8708130717277527 3556
1771366788173 0.5540494322776794 3557
1771366788231 0.4525492489337921 3558
1771366788288 0.5864329934120178 3559
1771366788346 1.2036901712417603 3560
1771366788404 0.5843107104301453 3561
1771366788460 0.702858567237854 3562
1771366788517 0.6036500930786133 3563
1771366788573 0.4296361804008484 3564
1771366788630 0.3478914201259613 3565
1771366788687 0.4510399103164673 3566
1771366788744 0.3751978278160095 3567
1771366788801 0.6771993041038513 3568
1771366788859 0.9924185276031494 3569
1771366788916 1.343212604522705 3570
1771366789037 0.7923134565353394 3571
1771366789095 0.6778173446655273 3572
1771366789153 0.7503358721733093 3573
1771366789216 0.8389971852302551 3574
1771366789274 0.7305746674537659 3575
1771366789333 0.6814637780189514 3576
1771366789393 1.2764253616333008 3577
1771366789455 0.6473784446716309 3578
1771366789515 0.46163517236709595 3579
1771366789576 1.123464584350586 3580
1771366789637 0.5067254900932312 3581
1771366789698 0.6193928122520447 3582
1771366789758 0.6291940212249756 3583
1771366789827 0.7324101328849792 3584
1771366789893 0.530848503112793 3585
1771366789961 0.37466415762901306 3586
1771366790027 0.3472920060157776 3587
1771366790095 0.6589319109916687 3588
1771366790162 0.6271194219589233 3589
1771366790228 0.570722758769989 3590
1771366790293 0.3735048770904541 3591
1771366790359 0.4837891161441803 3592
1771366790427 0.5962259769439697 3593
1771366790560 0.7643780708312988 3594
1771366790628 0.7965693473815918 3595
1771366790695 0.6985926628112793 3596
1771366790762 0.2586626708507538 3597
1771366790828 0.5423380136489868 3598
1771366790894 0.3369733989238739 3599
1771366790960 0.3140532970428467 3600
1771366791026 0.994079053401947 3601
1771366791093 0.6862310767173767 3602
1771366791160 0.6232355237007141 3603
1771366791227 0.38721373677253723 3604
1771366791298 0.700360119342804 3605
1771366791366 0.4170708954334259 3606
1771366791433 0.696187436580658 3607
1771366791500 0.8532840013504028 3608
1771366791569 0.5436280369758606 3609
1771366791634 0.7225454449653625 3610
1771366791701 0.9979993104934692 3611
1771366791767 1.2756701707839966 3612
1771366791832 0.4533938467502594 3613
1771366791900 0.5792447328567505 3614
1771366792034 0.6517293453216553 3615
1771366792098 0.6247816681861877 3616
1771366792162 0.6527270674705505 3617
1771366792229 0.6080027222633362 3618
1771366792296 0.6694067120552063 3619
1771366792361 0.8292840123176575 3620
1771366792427 1.089471697807312 3621
1771366792491 0.7365193963050842 3622
1771366792557 0.3787175714969635 3623
1771366792621 0.9235057234764099 3624
1771366792687 0.8532255291938782 3625
1771366792751 0.6981591582298279 3626
1771366792816 0.7909235954284668 3627
1771366792883 1.0866875648498535 3628
1771366792952 0.5551579594612122 3629
1771366793018 0.29105591773986816 3630
1771366793083 0.6022576093673706 3631
1771366793152 0.8569954037666321 3632
1771366793220 0.6523793339729309 3633
1771366793286 0.4393237233161926 3634
1771366793353 0.8689028024673462 3635
1771366793420 0.9482924938201904 3636
1771366793487 0.8929306268692017 3637
1771366793554 0.661202073097229 3638
1771366793685 0.6239413022994995 3639
1771366793750 1.4565104246139526 3640
1771366793813 0.7963196635246277 3641
1771366793908 1.203904390335083 3642
1771366793975 0.3398854732513428 3643
1771366794043 0.4265521764755249 3644
1771366794106 0.581577718257904 3645
1771366794178 0.37639763951301575 3646
1771366794241 0.9516407251358032 3647
1771366794303 1.0197745561599731 3648
1771366794365 0.9523136615753174 3649
1771366794432 0.827499508857727 3650
1771366794495 0.8499040603637695 3651
1771366794562 0.44063353538513184 3652
1771366794623 0.6482534408569336 3653
1771366794688 0.7578392624855042 3654
1771366794749 0.9679721593856812 3655
1771366794814 0.6517001390457153 3656
1771366794900 0.5245392918586731 3657
1771366794964 0.592768669128418 3658
1771366795098 0.9332804679870605 3659
1771366795167 0.6453390717506409 3660
1771366795230 0.701843798160553 3661
1771366795318 0.8416215181350708 3662
1771366795384 1.0218456983566284 3663
1771366795457 0.5922532677650452 3664
1771366795517 0.6974502801895142 3665
1771366795574 0.7518782019615173 3666
1771366795633 0.5916759371757507 3667
1771366795689 0.9283092021942139 3668
1771366795746 0.5991842150688171 3669
1771366795804 0.8146578669548035 3670
1771366795866 0.8585247993469238 3671
1771366795922 1.4286121129989624 3672
1771366795979 0.6410058736801147 3673
1771366796036 0.4303530752658844 3674
1771366796095 0.5845260620117188 3675
1771366796156 0.8160648345947266 3676
1771366796216 0.6380870342254639 3677
1771366796273 0.4579225182533264 3678
1771366796332 0.7341551184654236 3679
1771366796394 0.7350371479988098 3680
1771366796453 1.6102502346038818 3681
1771366796513 0.9299737215042114 3682
1771366796637 0.4425782859325409 3683
1771366796694 0.18947643041610718 3684
1771366796751 0.9281499981880188 3685
1771366796809 0.7609512805938721 3686
1771366796871 0.5796756148338318 3687
1771366796930 0.46046480536460876 3688
1771366796988 0.7183346748352051 3689
1771366797048 0.662116289138794 3690
1771366797106 0.9799594283103943 3691
1771366797162 1.0156598091125488 3692
1771366797225 0.7542334794998169 3693
1771366797302 0.9390954375267029 3694
1771366797360 0.6210507750511169 3695
1771366797417 0.9180783033370972 3696
1771366797476 0.9657135009765625 3697
1771366797539 0.6634835004806519 3698
1771366797599 0.23187865316867828 3699
1771366797656 0.911334216594696 3700
1771366797715 1.2448874711990356 3701
1771366797773 0.9184804558753967 3702
1771366797838 0.6405515670776367 3703
1771366797986 0.4218125641345978 3704
1771366798049 0.4151358902454376 3705
1771366798112 0.947956919670105 3706
1771366798174 1.381932020187378 3707
1771366798237 0.35404494404792786 3708
1771366798300 1.1279371976852417 3709
1771366798364 0.6341169476509094 3710
1771366798427 0.7021083831787109 3711
1771366798491 1.1598414182662964 3712
1771366798553 0.4453345239162445 3713
1771366798617 0.5149148106575012 3714
1771366798683 0.9013722538948059 3715
1771366798749 0.6050028800964355 3716
1771366798813 0.8412015438079834 3717
1771366798876 0.3648216128349304 3718
1771366798942 0.4772953689098358 3719
1771366799009 0.7043773531913757 3720
1771366799074 0.5147832036018372 3721
1771366799137 0.4175816774368286 3722
1771366799205 0.5219439268112183 3723
1771366799272 0.8502672910690308 3724
1771366799335 1.1432979106903076 3725
1771366799401 1.0480231046676636 3726
1771366799466 0.4729004502296448 3727
1771366799598 0.8664380311965942 3728
1771366799667 1.528698205947876 3729
1771366799736 0.5362305641174316 3730
1771366799804 0.8881561160087585 3731
1771366799871 0.6491842269897461 3732
1771366799938 0.47559186816215515 3733
1771366800005 0.8766317963600159 3734
1771366800071 0.8013633489608765 3735
1771366800141 1.0988768339157104 3736
1771366800212 0.7693383097648621 3737
1771366800281 0.6247743368148804 3738
1771366800346 0.9641004204750061 3739
1771366800412 0.4344603419303894 3740
1771366800477 0.860960841178894 3741
1771366800542 0.8551368117332458 3742
1771366800608 0.5588117837905884 3743
1771366800675 0.5989707708358765 3744
1771366800742 0.53672856092453 3745
1771366800809 0.5160555243492126 3746
1771366800874 0.7598621249198914 3747
1771366801005 0.636966347694397 3748
1771366801071 0.6433089375495911 3749
1771366801133 0.6661803126335144 3750
1771366801190 0.2534022629261017 3751
1771366801332 0.2432626485824585 3752
1771366801398 0.9113888144493103 3753
1771366801465 0.553371787071228 3754
1771366801532 0.6826735138893127 3755
1771366801592 0.23000065982341766 3756
1771366801655 0.741439700126648 3757
1771366801719 0.20543929934501648 3758
1771366801780 0.8213480710983276 3759
1771366801841 0.9083388447761536 3760
1771366801901 0.5930308103561401 3761
1771366801961 0.6514594554901123 3762
1771366802025 0.5362772345542908 3763
1771366802086 0.6263803839683533 3764
1771366802149 0.5415197014808655 3765
1771366802206 0.5899679660797119 3766
1771366802269 0.7439228892326355 3767
1771366802326 0.6225658655166626 3768
1771366802382 0.794933021068573 3769
1771366802508 0.6221565008163452 3770
1771366802565 0.5615097284317017 3771
1771366802621 0.41907453536987305 3772
1771366802684 0.58409583568573 3773
1771366802747 0.9047407507896423 3774
1771366802811 0.5586798191070557 3775
1771366802874 0.7319781184196472 3776
1771366802937 0.5638542771339417 3777
1771366802999 0.7695692181587219 3778
1771366803064 0.5115078091621399 3779
1771366803128 0.7358746528625488 3780
1771366803192 1.0017340183258057 3781
1771366803260 1.1527210474014282 3782
1771366803326 0.4184183180332184 3783
1771366803392 0.299612432718277 3784
1771366803458 0.8225401043891907 3785
1771366803521 0.8468711972236633 3786
1771366803586 0.6297667026519775 3787
1771366803650 0.6701779365539551 3788
1771366803713 1.1438761949539185 3789
1771366803783 1.0095082521438599 3790
1771366803915 0.6483603715896606 3791
1771366803980 0.6051905155181885 3792
1771366804047 0.2923092842102051 3793
1771366804112 0.8441163897514343 3794
1771366804178 0.7558500170707703 3795
1771366804243 0.4057115912437439 3796
1771366804309 0.34769898653030396 3797
1771366804375 0.5381684899330139 3798
1771366804441 0.6004642248153687 3799
1771366804506 0.7728901505470276 3800
1771366804568 0.8577314019203186 3801
1771366804632 0.47746142745018005 3802
1771366804697 0.44884830713272095 3803
1771366804762 0.7287274599075317 3804
1771366804827 0.5849395394325256 3805
1771366804893 0.5113703012466431 3806
1771366804957 0.2622937858104706 3807
1771366805022 0.8698980808258057 3808
1771366805088 0.6956518292427063 3809
1771366805152 0.824920654296875 3810
1771366805219 0.5565611124038696 3811
1771366805282 0.6238986849784851 3812
1771366805345 0.9218778014183044 3813
1771366805414 1.5413259267807007 3814
1771366805541 1.080055594444275 3815
1771366805604 0.4865337014198303 3816
1771366805667 0.5737837553024292 3817
1771366805729 0.6298554539680481 3818
1771366805793 0.42215877771377563 3819
1771366805863 0.5016530156135559 3820
1771366805933 0.4315411448478699 3821
1771366805998 0.6074221134185791 3822
1771366806063 0.8355411887168884 3823
1771366806127 0.6939828991889954 3824
1771366806191 0.9383352398872375 3825
1771366806258 0.6746477484703064 3826
1771366806321 0.7712553143501282 3827
1771366806384 0.4827170968055725 3828
1771366806454 0.428821325302124 3829
1771366806517 0.7122968435287476 3830
1771366806580 0.45021605491638184 3831
1771366806643 0.4387938976287842 3832
1771366806707 1.1980905532836914 3833
1771366806771 0.5352131128311157 3834
1771366806834 0.9103593826293945 3835
1771366806898 0.698393702507019 3836
1771366806964 1.2076513767242432 3837
1771366807030 0.6718035340309143 3838
1771366807159 0.3648777902126312 3839
1771366807222 0.6665500998497009 3840
1771366807291 0.4328409433364868 3841
1771366807353 0.4283024072647095 3842
1771366807416 1.0148792266845703 3843
1771366807479 0.7639422416687012 3844
1771366807541 0.6868273019790649 3845
1771366807602 0.5099046230316162 3846
1771366807666 0.9246664047241211 3847
1771366807728 0.40302321314811707 3848
1771366807791 0.9503986835479736 3849
1771366807856 0.5434073209762573 3850
1771366807926 0.6593095660209656 3851
1771366807992 0.28287050127983093 3852
1771366808060 0.8637731671333313 3853
1771366808125 0.2509912848472595 3854
1771366808189 0.13990798592567444 3855
1771366808251 0.48754075169563293 3856
1771366808316 0.806503176689148 3857
1771366808378 0.8045740723609924 3858
1771366808442 0.47681954503059387 3859
1771366808506 0.7133920192718506 3860
1771366808570 0.5688319802284241 3861
1771366808633 0.5658383965492249 3862
1771366808763 0.764875590801239 3863
1771366808826 0.6358816027641296 3864
1771366808891 0.39595624804496765 3865
1771366808956 0.4223080575466156 3866
1771366809022 0.9188035130500793 3867
1771366809088 0.7357999086380005 3868
1771366809152 0.40717819333076477 3869
1771366809217 0.6338747143745422 3870
1771366809283 0.8018873929977417 3871
1771366809348 0.39190909266471863 3872
1771366809416 0.6221176981925964 3873
1771366809483 0.7506766319274902 3874
1771366809548 0.4973507225513458 3875
1771366809615 0.4429294764995575 3876
1771366809682 0.7538282871246338 3877
1771366809748 0.5462203621864319 3878
1771366809813 0.3966008424758911 3879
1771366809879 0.4808330833911896 3880
1771366809944 0.8858680725097656 3881
1771366810014 0.2302594780921936 3882
1771366810075 0.6968685388565063 3883
1771366810136 1.0138492584228516 3884
1771366810197 1.5393825769424438 3885
1771366810257 0.3184567093849182 3886
1771366810383 0.9544957280158997 3887
1771366810444 0.9388335347175598 3888
1771366810503 0.8651929497718811 3889
1771366810562 0.6856922507286072 3890
1771366810622 0.7101609706878662 3891
1771366810681 0.5478813648223877 3892
1771366810743 0.65562504529953 3893
1771366810803 0.7568838000297546 3894
1771366810863 0.8843651413917542 3895
1771366810920 0.596483588218689 3896
1771366810980 0.4862704277038574 3897
1771366811039 0.5479536652565002 3898
1771366811098 0.9687357544898987 3899
1771366811159 0.811637282371521 3900
1771366811219 0.5454919934272766 3901
1771366811280 0.10898089408874512 3902
1771366811339 1.1485508680343628 3903
1771366811397 0.658714771270752 3904
1771366811519 0.532661497592926 3905
1771366811577 0.7663034200668335 3906
1771366811635 0.8133442401885986 3907
1771366811695 0.7625378370285034 3908
1771366811752 0.9811380505561829 3909
1771366811810 0.5777202844619751 3910
1771366811869 1.1676174402236938 3911
1771366811928 0.18354564905166626 3912
1771366811988 0.3775087296962738 3913
1771366812053 0.8782109022140503 3914
1771366812116 0.7316303849220276 3915
1771366812180 0.6461992263793945 3916
1771366812242 0.4986278712749481 3917
1771366812303 0.7907155752182007 3918
1771366812363 0.6268929243087769 3919
1771366812422 0.6747769117355347 3920
1771366812481 0.9223766326904297 3921
1771366812540 0.4638003408908844 3922
1771366812671 1.0466766357421875 3923
1771366812730 0.8045178651809692 3924
1771366812790 0.9587894082069397 3925
1771366812851 0.8129028677940369 3926
1771366812911 0.6303269267082214 3927
1771366812972 0.6075208783149719 3928
1771366813033 0.4982376992702484 3929
1771366813094 0.6041409969329834 3930
1771366813158 0.5357275009155273 3931
1771366813218 0.44360554218292236 3932
1771366813276 1.049248456954956 3933
1771366813337 0.7294999957084656 3934
1771366813398 0.6792986989021301 3935
1771366813458 0.7000530958175659 3936
1771366813516 0.5162591338157654 3937
1771366813574 0.3417101204395294 3938
1771366813633 0.9079610705375671 3939
1771366813693 0.644026517868042 3940
1771366813815 0.6888425350189209 3941
1771366813875 0.6503646373748779 3942
1771366813933 0.45185351371765137 3943
1771366813993 0.43189138174057007 3944
1771366814053 0.9697050452232361 3945
1771366814113 0.6139848828315735 3946
1771366814178 1.06330144405365 3947
1771366814240 0.9235727190971375 3948
1771366814301 0.47990426421165466 3949
1771366814364 0.5228536128997803 3950
1771366814424 0.8052219152450562 3951
1771366814485 0.49495288729667664 3952
1771366814544 1.1696786880493164 3953
1771366814604 0.8216387033462524 3954
1771366814663 0.6237921118736267 3955
1771366814724 0.29577168822288513 3956
1771366814789 0.3616127371788025 3957
1771366814855 0.7185977697372437 3958
1771366814988 0.8546720147132874 3959
1771366815052 0.4728344678878784 3960
1771366815117 0.7339391708374023 3961
1771366815187 0.4968757629394531 3962
1771366815253 0.7313970923423767 3963
1771366815320 0.5184631943702698 3964
1771366815389 0.8859270811080933 3965
1771366815453 0.38162994384765625 3966
1771366815511 1.0449070930480957 3967
1771366815570 0.8607251048088074 3968
1771366815629 0.6141375303268433 3969
1771366815688 0.6561275124549866 3970
1771366815747 1.0967957973480225 3971
1771366815806 0.7657880187034607 3972
1771366815867 0.6045463681221008 3973
1771366815927 0.6283072233200073 3974
1771366815989 0.7875325679779053 3975
1771366816049 0.7678056955337524 3976
1771366816176 0.48132309317588806 3977
1771366816242 0.46899521350860596 3978
1771366816304 0.7510255575180054 3979
1771366816367 0.7372840046882629 3980
1771366816432 0.5280994176864624 3981
1771366816496 0.7641323208808899 3982
1771366816559 0.7645464539527893 3983
1771366816623 0.42973268032073975 3984
1771366816685 0.8709391951560974 3985
1771366816744 0.2094564586877823 3986
1771366816804 0.3682052493095398 3987
1771366816870 0.7917866706848145 3988
1771366816932 0.5667919516563416 3989
1771366816991 0.7728758454322815 3990
1771366817051 0.7773194313049316 3991
1771366817111 0.41964882612228394 3992
1771366817171 0.8289005160331726 3993
1771366817231 0.5462438464164734 3994
1771366817385 1.286153793334961 3995
1771366817441 0.7542610168457031 3996
1771366817499 0.7896012663841248 3997
1771366817559 0.7692239284515381 3998
1771366817618 0.5939514636993408 3999
1771366817675 0.31420227885246277 4000
1771366817733 0.5007902979850769 4001
1771366817790 0.5445323586463928 4002
1771366817849 0.8570422530174255 4003
1771366817912 0.5083919763565063 4004
1771366817974 0.4907478094100952 4005
1771366818037 0.9659329652786255 4006
1771366818101 0.5199260115623474 4007
1771366818164 0.36345991492271423 4008
1771366818228 0.6218366622924805 4009
1771366818299 0.30822888016700745 4010
1771366818368 0.5070218443870544 4011
1771366818434 0.4885978102684021 4012
1771366818568 0.6490290760993958 4013
1771366818632 1.0935975313186646 4014
1771366818695 0.8001528978347778 4015
1771366818759 0.5922819375991821 4016
1771366818824 0.3891128599643707 4017
1771366818888 0.7802225947380066 4018
1771366818952 0.7869345545768738 4019
1771366819016 0.3895813226699829 4020
1771366819080 1.1036015748977661 4021
1771366819145 0.7758057117462158 4022
1771366819208 0.8183236718177795 4023
1771366819271 0.2856394052505493 4024
1771366819336 0.6562061905860901 4025
1771366819399 0.6460957527160645 4026
1771366819462 0.34671494364738464 4027
1771366819527 0.7019392251968384 4028
1771366819592 0.458327054977417 4029
1771366819657 0.8085063099861145 4030
1771366819784 0.6145984530448914 4031
1771366819850 0.525684118270874 4032
1771366819914 1.0052735805511475 4033
1771366819978 0.9287927746772766 4034
1771366820043 0.46056047081947327 4035
1771366820108 0.3410150706768036 4036
1771366820172 0.7820435166358948 4037
1771366820235 0.5856492519378662 4038
1771366820298 0.6993047595024109 4039
1771366820362 0.2826162874698639 4040
1771366820434 0.28076234459877014 4041
1771366820500 0.36502137780189514 4042
1771366820566 0.7577700018882751 4043
1771366820630 0.5086289048194885 4044
1771366820693 0.643606424331665 4045
1771366820756 0.752108097076416 4046
1771366820821 0.5792492628097534 4047
1771366820885 0.1438191682100296 4048
1771366821015 0.6499155163764954 4049
1771366821080 0.6087753772735596 4050
1771366821143 0.4636361002922058 4051
1771366821210 0.2265547513961792 4052
1771366821274 0.1922333538532257 4053
1771366821338 0.4420183300971985 4054
1771366821402 0.8203182220458984 4055
1771366821468 0.6087796092033386 4056
1771366821535 0.6115714311599731 4057
1771366821609 1.0737296342849731 4058
1771366821674 0.5994333028793335 4059
1771366821739 0.9292024970054626 4060
1771366821802 0.47505977749824524 4061
1771366821865 0.47431302070617676 4062
1771366821929 0.7272628545761108 4063
1771366821993 0.5354493260383606 4064
1771366822058 0.791205644607544 4065
1771366822191 0.5155185461044312 4066
1771366822257 0.6025832295417786 4067
1771366822323 0.7434691786766052 4068
1771366822388 0.8408083915710449 4069
1771366822452 0.5010421872138977 4070
1771366822517 0.7239656448364258 4071
1771366822580 0.6653382182121277 4072
1771366822644 0.6945486664772034 4073
1771366822707 0.43332985043525696 4074
1771366822771 0.94374018907547 4075
1771366822834 0.5453677773475647 4076
1771366822898 0.8292322158813477 4077
1771366822971 0.5851033329963684 4078
1771366823034 0.5591631531715393 4079
1771366823094 0.45702454447746277 4080
1771366823152 0.6103265881538391 4081
1771366823213 0.3499835431575775 4082
1771366823274 0.3168613910675049 4083
1771366823402 1.1088300943374634 4084
1771366823462 0.9786791205406189 4085
1771366823523 0.8700305223464966 4086
1771366823582 0.6019338965415955 4087
1771366823642 0.44813695549964905 4088
1771366823701 0.51326584815979 4089
1771366823759 0.61803138256073 4090
1771366823817 0.9119323492050171 4091
1771366823880 0.5707967877388 4092
1771366823939 0.510459303855896 4093
1771366823999 0.7475262880325317 4094
1771366824059 0.938080906867981 4095
1771366824118 0.5451602935791016 4096
1771366824180 0.7856358289718628 4097
1771366824240 1.1253931522369385 4098
1771366824303 0.7388350963592529 4099
1771366824363 0.6381949782371521 4100
1771366824493 0.47963225841522217 4101
1771366824553 0.8219069838523865 4102
1771366824611 0.5962338447570801 4103
1771366824670 0.2865317463874817 4104
1771366824728 0.7802773118019104 4105
1771366824799 0.501693844795227 4106
1771366824864 0.2755981981754303 4107
1771366824924 1.124197244644165 4108
1771366824984 0.9146232604980469 4109
1771366825044 0.44191592931747437 4110
1771366825104 0.5088425278663635 4111
1771366825165 0.6033810973167419 4112
1771366825225 0.5741746425628662 4113
1771366825285 0.43504369258880615 4114
1771366825345 0.7885472178459167 4115
1771366825405 0.5154106020927429 4116
1771366825472 1.0550659894943237 4117
1771366825535 0.36426639556884766 4118
1771366825667 0.7116961479187012 4119
1771366825726 0.3200455605983734 4120
1771366825787 0.4497399628162384 4121
1771366825848 0.5262999534606934 4122
1771366825908 1.045652985572815 4123
1771366825969 1.1168116331100464 4124
1771366826031 0.5239049196243286 4125
1771366826093 0.2769125998020172 4126
1771366826157 0.6190938353538513 4127
1771366826218 0.7710320949554443 4128
1771366826281 0.7263689637184143 4129
1771366826349 0.8150366544723511 4130
1771366826417 0.46712297201156616 4131
1771366826483 0.5937000513076782 4132
1771366826544 0.44746243953704834 4133
1771366826605 0.7896825671195984 4134
1771366826665 0.41422659158706665 4135
1771366826827 0.6362704634666443 4136
1771366826890 0.29101166129112244 4137
1771366826960 0.12122905999422073 4138
1771366827025 0.2669453024864197 4139
1771366827088 1.4406940937042236 4140
1771366827156 0.634484052658081 4141
1771366827228 0.4380493462085724 4142
1771366827294 0.34481117129325867 4143
1771366827357 0.645373523235321 4144
1771366827427 0.7897213101387024 4145
1771366827498 0.6319363713264465 4146
1771366827566 0.8908303380012512 4147
1771366827633 0.6123859286308289 4148
1771366827699 0.40283483266830444 4149
1771366827776 0.8544968962669373 4150
1771366827844 0.5426018834114075 4151
1771366827910 0.8478270769119263 4152
1771366827982 0.7617287039756775 4153
1771366828142 0.46618932485580444 4154
1771366828207 0.5270904302597046 4155
1771366828275 0.6069913506507874 4156
1771366828339 1.1781009435653687 4157
1771366828404 1.1880943775177002 4158
1771366828467 0.39192694425582886 4159
1771366828529 0.479929119348526 4160
1771366828590 1.1643152236938477 4161
1771366828652 0.4335133135318756 4162
1771366828724 0.6191481947898865 4163
1771366828798 0.47152504324913025 4164
1771366828863 0.9372738003730774 4165
1771366828930 0.38448864221572876 4166
1771366829003 1.0490391254425049 4167
1771366829076 0.6391752362251282 4168
1771366829147 0.9188036918640137 4169
1771366829215 1.3810648918151855 4170
1771366829379 0.364301472902298 4171
1771366829459 0.30686551332473755 4172
1771366829543 0.7574827075004578 4173
1771366829615 1.5210713148117065 4174
1771366829683 0.6359289884567261 4175
1771366829752 0.8191290497779846 4176
1771366829816 0.8696365356445312 4177
1771366829886 0.6540058851242065 4178
1771366829955 0.26340532302856445 4179
1771366830025 0.6919938325881958 4180
1771366830096 0.9078209400177002 4181
1771366830162 0.9096569418907166 4182
1771366830229 0.6232966780662537 4183
1771366830297 0.7349631190299988 4184
1771366830363 1.164319396018982 4185
1771366830429 0.3634493052959442 4186
1771366830495 1.1421669721603394 4187
1771366830561 1.2951016426086426 4188
1771366830750 0.7677181363105774 4189
1771366830814 0.7761485576629639 4190
1771366830883 0.6495079398155212 4191
1771366830952 0.9366706609725952 4192
1771366831018 0.6199475526809692 4193
1771366831082 0.7373842597007751 4194
1771366831146 0.6528046727180481 4195
1771366831207 0.684424102306366 4196
1771366831266 1.337278127670288 4197
1771366831327 0.8188943266868591 4198
1771366831388 0.5542995929718018 4199
1771366831450 1.1330262422561646 4200
1771366831510 1.1691163778305054 4201
1771366831570 0.9160564541816711 4202
1771366831634 0.8743893504142761 4203
1771366831701 0.43038544058799744 4204
1771366831766 0.9154385924339294 4205
1771366831832 0.5640497207641602 4206
1771366831985 0.49211326241493225 4207
1771366832054 0.4838767349720001 4208
1771366832123 0.9286503791809082 4209
1771366832191 0.8706588745117188 4210
1771366832260 0.9468793272972107 4211
1771366832329 0.4910789430141449 4212
1771366832396 0.44150590896606445 4213
1771366832462 0.6324780583381653 4214
1771366832531 0.839500367641449 4215
1771366832605 0.5049875378608704 4216
1771366832677 0.0998867005109787 4217
1771366832748 0.8354616761207581 4218
1771366832817 0.5906763672828674 4219
1771366832880 0.33766433596611023 4220
1771366833026 0.37841296195983887 4221
1771366833089 0.6606025695800781 4222
1771366833219 0.8597744107246399 4223
1771366833281 0.8944589495658875 4224
1771366833345 0.6513989567756653 4225
1771366833408 0.5117799043655396 4226
1771366833472 0.8910682201385498 4227
1771366833535 0.9448862671852112 4228
1771366833599 0.7775144577026367 4229
1771366833664 0.9756679534912109 4230
1771366833727 0.7102127075195312 4231
1771366833791 0.7148467302322388 4232
1771366833855 0.6854659914970398 4233
1771366833923 0.5333340167999268 4234
1771366833992 0.588070809841156 4235
1771366834058 0.6754970550537109 4236
1771366834128 0.8551024198532104 4237
1771366834264 0.32550308108329773 4238
1771366834330 0.5750415921211243 4239
1771366834394 0.3212220072746277 4240
1771366834458 0.6825860738754272 4241
1771366834521 0.5935810804367065 4242
1771366834586 0.6924599409103394 4243
1771366834651 0.67662113904953 4244
1771366834715 0.4991132318973541 4245
1771366834779 0.23710450530052185 4246
1771366834907 0.2230767011642456 4247
1771366834975 0.4327251613140106 4248
1771366835044 0.8666435480117798 4249
1771366835115 0.7576413154602051 4250
1771366835181 0.48014912009239197 4251
1771366835244 0.6030701398849487 4252
1771366835313 0.7337244749069214 4253
1771366835378 0.6761268377304077 4254
1771366835441 0.4403524398803711 4255
1771366835579 0.5544745922088623 4256
1771366835646 0.9208893179893494 4257
1771366835713 0.499480277299881 4258
1771366835777 0.9000144004821777 4259
1771366835840 0.6070370674133301 4260
1771366835904 0.4707810580730438 4261
1771366835969 0.40199407935142517 4262
1771366836036 0.3585691452026367 4263
1771366836101 0.4322958290576935 4264
1771366836168 0.6040000319480896 4265
1771366836233 0.7778284549713135 4266
1771366836302 0.45721572637557983 4267
1771366836371 0.5041481256484985 4268
1771366836435 0.8345438838005066 4269
1771366836500 0.7287926077842712 4270
1771366836563 0.3109756112098694 4271
1771366836626 0.35153117775917053 4272
1771366836690 0.2591538727283478 4273
1771366836756 0.5261434316635132 4274
1771366836821 0.6258024573326111 4275
1771366836886 0.17676711082458496 4276
1771366836952 0.40092623233795166 4277
1771366837018 0.3810068368911743 4278
1771366837082 0.6516838669776917 4279
1771366837153 0.8448331356048584 4280
1771366837220 0.4362974464893341 4281
1771366837284 0.5998690724372864 4282
1771366837348 0.5276186466217041 4283
1771366837412 0.4445432722568512 4284
1771366837477 1.1858108043670654 4285
1771366837540 1.0625641345977783 4286
1771366837604 0.46509119868278503 4287
1771366837669 0.9446387887001038 4288
1771366837737 0.18822000920772552 4289
1771366837802 0.6361368894577026 4290
1771366837866 0.7900059223175049 4291
1771366837930 0.3207560181617737 4292
1771366837996 0.4356687664985657 4293
1771366838062 0.6095216274261475 4294
1771366838128 0.5172159075737 4295
1771366838193 0.6119140386581421 4296
1771366838257 0.7847297191619873 4297
1771366838317 0.5601584911346436 4298
1771366838375 0.7203302979469299 4299
1771366838432 0.6941850781440735 4300
1771366838490 0.8536205887794495 4301
1771366838547 0.69330894947052 4302
1771366838604 0.36965927481651306 4303
1771366838661 0.44285351037979126 4304
1771366838718 0.6324847340583801 4305
1771366838776 0.44308364391326904 4306
1771366838834 0.5748001337051392 4307
1771366838890 0.5213452577590942 4308
1771366838956 0.6408734917640686 4309
1771366839014 0.7694815397262573 4310
1771366839073 0.925285279750824 4311
1771366839132 0.5953596234321594 4312
1771366839193 0.8003116846084595 4313
1771366839256 0.9414085745811462 4314
1771366839316 0.988573431968689 4315
1771366839374 0.9010963439941406 4316
1771366839431 0.8879958987236023 4317
1771366839488 0.28809282183647156 4318
1771366839546 1.0499831438064575 4319
1771366839604 0.6490436792373657 4320
1771366839661 1.1464506387710571 4321
1771366839719 0.7458319664001465 4322
1771366839776 0.9584875106811523 4323
1771366839834 0.6297910809516907 4324
1771366839892 0.8089296221733093 4325
1771366839949 0.5048930048942566 4326
1771366840011 0.47836875915527344 4327
1771366840069 0.5296030044555664 4328
1771366840128 0.8343322277069092 4329
1771366840185 0.7641695737838745 4330
1771366840243 0.5317867398262024 4331
1771366840301 0.4148215651512146 4332
1771366840361 0.4241367280483246 4333
1771366840420 0.47940000891685486 4334
1771366840478 0.8333666324615479 4335
1771366840538 0.6448965668678284 4336
1771366840596 0.3385653793811798 4337
1771366840654 1.0682151317596436 4338
1771366840712 0.7605392932891846 4339
1771366840770 0.4204711616039276 4340
1771366840828 0.4996873736381531 4341
1771366840953 0.5890184044837952 4342
1771366841012 0.6258390545845032 4343
1771366841070 0.6715574860572815 4344
1771366841128 0.3438411355018616 4345
1771366841187 0.6694614887237549 4346
1771366841246 0.6852191686630249 4347
1771366841313 0.5084587931632996 4348
1771366841378 0.29676252603530884 4349
1771366841439 1.270729660987854 4350
1771366841499 0.5744555592536926 4351
1771366841565 0.7259171009063721 4352
1771366841631 0.6420620679855347 4353
1771366841696 0.5592235922813416 4354
1771366841760 0.34359440207481384 4355
1771366841824 1.0333564281463623 4356
1771366841890 0.7166493535041809 4357
1771366841954 0.9387644529342651 4358
1771366842020 0.7962862849235535 4359
1771366842084 0.5524788498878479 4360
1771366842150 0.6949838995933533 4361
1771366842215 0.4344845712184906 4362
1771366842278 0.3152594268321991 4363
1771366842347 0.6070292592048645 4364
1771366842413 0.6667460203170776 4365
1771366842478 1.2713440656661987 4366
1771366842545 0.5049530863761902 4367
1771366842613 0.924863874912262 4368
1771366842680 0.1989174485206604 4369
1771366842743 0.8636270761489868 4370
1771366842807 0.4849119484424591 4371
1771366842872 0.8663783073425293 4372
1771366842936 0.5575984716415405 4373
1771366843000 0.8988012671470642 4374
1771366843066 0.1834990233182907 4375
1771366843132 0.6651462912559509 4376
1771366843196 0.5907369256019592 4377
1771366843261 0.5639284253120422 4378
1771366843326 0.8653827905654907 4379
1771366843398 0.644934356212616 4380
1771366843464 0.8864942193031311 4381
1771366843529 0.784107506275177 4382
1771366843592 0.6463984847068787 4383
1771366843656 0.4332819879055023 4384
1771366843721 0.6213881373405457 4385
1771366843784 0.5791887640953064 4386
1771366843848 0.7370160818099976 4387
1771366843912 0.7214252352714539 4388
1771366844047 1.0644350051879883 4389
1771366844113 0.6688406467437744 4390
1771366844179 0.69745272397995 4391
1771366844244 0.4400164783000946 4392
1771366844309 0.3856866657733917 4393
1771366844379 0.9052781462669373 4394
1771366844446 0.5889683961868286 4395
1771366844511 0.7144207954406738 4396
1771366844576 0.7894929647445679 4397
1771366844640 0.2739361524581909 4398
1771366844706 0.5276653170585632 4399
1771366844771 0.6531898379325867 4400
1771366844836 0.20752502977848053 4401
1771366844903 0.8843160271644592 4402
1771366844969 0.5949399471282959 4403
1771366845034 0.6356621384620667 4404
1771366845099 0.676105797290802 4405
1771366845164 0.4017358422279358 4406
1771366845229 0.5288407206535339 4407
1771366845293 0.602084755897522 4408
1771366845359 0.30829551815986633 4409
1771366845432 0.42101964354515076 4410
1771366845500 0.5662110447883606 4411
1771366845567 1.0522898435592651 4412
1771366845632 0.5870528817176819 4413
1771366845697 0.27129584550857544 4414
1771366845765 0.6975930333137512 4415
1771366845833 0.8487778306007385 4416
1771366845900 0.6847125887870789 4417
1771366845966 1.0080479383468628 4418
1771366846031 0.42107459902763367 4419
1771366846098 0.32307618856430054 4420
1771366846235 0.726362407207489 4421
1771366846302 0.6481305360794067 4422
1771366846369 0.5431511402130127 4423
1771366846438 0.3055334687232971 4424
1771366846514 0.6034559607505798 4425
1771366846582 1.3204442262649536 4426
1771366846647 0.292912095785141 4427
1771366846713 0.19928096234798431 4428
1771366846781 0.8514266610145569 4429
1771366846848 0.7695246934890747 4430
1771366846917 0.45931103825569153 4431
1771366846986 0.6229366064071655 4432
1771366847062 0.9147133827209473 4433
1771366847134 0.45776140689849854 4434
1771366847203 0.43274742364883423 4435
1771366847265 0.7249760031700134 4436
1771366847327 0.3394199311733246 4437
1771366847392 0.34569746255874634 4438
1771366847453 0.6412723660469055 4439
1771366847517 0.7814300060272217 4440
1771366847580 0.5977679491043091 4441
1771366847641 0.580398440361023 4442
1771366847703 0.6502072215080261 4443
1771366847766 0.6895677447319031 4444
1771366847908 0.375478059053421 4445
1771366847975 0.7485288381576538 4446
1771366848040 1.5455988645553589 4447
1771366848108 1.0236324071884155 4448
1771366848172 0.4825301468372345 4449
1771366848236 0.30731502175331116 4450
1771366848302 0.20549841225147247 4451
1771366848368 0.5268550515174866 4452
1771366848434 0.7504233121871948 4453
1771366848503 0.5712262392044067 4454
1771366848569 0.5225034356117249 4455
1771366848638 0.5228014588356018 4456
1771366848701 0.4098438322544098 4457
1771366848763 0.6566325426101685 4458
1771366848824 1.1051522493362427 4459
1771366848887 0.4060707092285156 4460
1771366848946 0.8346056938171387 4461
1771366849009 0.9351686835289001 4462
1771366849070 0.37411394715309143 4463
1771366849131 0.6094028949737549 4464
1771366849263 0.9823702573776245 4465
1771366849323 0.2287108451128006 4466
1771366849383 0.4920763373374939 4467
1771366849443 0.28460001945495605 4468
1771366849503 0.45711928606033325 4469
1771366849562 0.39890748262405396 4470
1771366849624 0.5259131789207458 4471
1771366849686 0.4764724373817444 4472
1771366849747 0.37152230739593506 4473
1771366849809 0.3513927757740021 4474
1771366849869 0.5875545740127563 4475
1771366849929 0.5676438808441162 4476
1771366849989 0.09147133678197861 4477
1771366850050 0.48333659768104553 4478
1771366850113 0.535844624042511 4479
1771366850176 0.7394019365310669 4480
1771366850302 0.7129984498023987 4481
1771366850366 0.8658453226089478 4482
1771366850429 1.740151047706604 4483
1771366850491 0.5434869527816772 4484
1771366850552 0.2881348133087158 4485
1771366850612 0.876979410648346 4486
1771366850671 0.3312218189239502 4487
1771366850731 0.7427650690078735 4488
1771366850792 0.29080384969711304 4489
1771366850852 0.6968555450439453 4490
1771366850913 0.6054909825325012 4491
1771366850973 0.46784746646881104 4492
1771366851034 0.9762405157089233 4493
1771366851096 1.068359136581421 4494
1771366851156 0.884218692779541 4495
1771366851281 0.46788617968559265 4496
1771366851342 0.42439132928848267 4497
1771366851403 0.5496872663497925 4498
1771366851465 1.0585227012634277 4499
1771366851527 0.4950266480445862 4500
1771366851589 0.5434058308601379 4501
1771366851650 0.6605884432792664 4502
1771366851712 0.6727569103240967 4503
1771366851773 0.600735604763031 4504
1771366851835 0.8563547730445862 4505
1771366851896 0.908288836479187 4506
1771366851957 0.9176398515701294 4507
1771366852078 0.9759849905967712 4508
1771366852140 0.8766689300537109 4509
1771366852202 0.441662073135376 4510
1771366852263 0.7640040516853333 4511
1771366852323 0.2834388017654419 4512
1771366852385 0.9223172664642334 4513
1771366852448 1.057938814163208 4514
1771366852507 0.9518035054206848 4515
1771366852569 0.8695183992385864 4516
1771366852631 0.40169134736061096 4517
1771366852695 0.6306771039962769 4518
1771366852827 0.8695752620697021 4519
1771366852889 0.7928190231323242 4520
1771366852952 0.4171220064163208 4521
1771366853014 0.44376856088638306 4522
1771366853076 0.5293197631835938 4523
1771366853137 0.9758398532867432 4524
1771366853203 0.6141188144683838 4525
1771366853265 0.1862921118736267 4526
1771366853327 0.45656833052635193 4527
1771366853394 0.7761584520339966 4528
1771366853540 0.8457880616188049 4529
1771366853607 0.7518838047981262 4530
1771366853673 1.022301435470581 4531
1771366853736 1.1480119228363037 4532
1771366853797 1.1873778104782104 4533
1771366853857 1.0589641332626343 4534
1771366853920 0.721239447593689 4535
1771366853984 0.34677982330322266 4536
1771366854046 1.448706030845642 4537
1771366854107 0.5254649519920349 4538
1771366854230 0.6548565030097961 4539
1771366854292 0.434038370847702 4540
1771366854354 0.39577651023864746 4541
1771366854424 0.6375613212585449 4542
1771366854487 0.8172089457511902 4543
1771366854549 0.6738871932029724 4544
1771366854610 1.010754108428955 4545
1771366854672 0.9530702829360962 4546
1771366854732 0.6533657908439636 4547
1771366854793 0.7370348572731018 4548
1771366854916 1.014454960823059 4549
1771366854978 0.47838613390922546 4550
1771366855040 0.2782362103462219 4551
1771366855100 0.7794104218482971 4552
1771366855161 1.4616293907165527 4553
1771366855222 0.6142846941947937 4554
1771366855282 0.6395491361618042 4555
1771366855342 0.5992575883865356 4556
1771366855403 0.7015884518623352 4557
1771366855469 0.40785229206085205 4558
1771366855590 0.9265495538711548 4559
1771366855653 0.7129240036010742 4560
1771366855717 1.0868382453918457 4561
1771366855780 1.3165740966796875 4562
1771366855847 0.5655618906021118 4563
1771366855911 0.8611722588539124 4564
1771366855975 0.2972298562526703 4565
1771366856041 0.7130378484725952 4566
1771366856104 0.7496209740638733 4567
1771366856169 0.3690871298313141 4568
1771366856293 0.3096674978733063 4569
1771366856355 0.674095630645752 4570
1771366856417 1.1674894094467163 4571
1771366856482 0.7473675012588501 4572
1771366856545 0.3046514689922333 4573
1771366856607 0.7571631073951721 4574
1771366856669 0.44519686698913574 4575
1771366856731 0.6625217199325562 4576
1771366856791 0.7550836205482483 4577
1771366856856 0.294912189245224 4578
1771366856981 0.7940481305122375 4579
1771366857049 0.332408607006073 4580
1771366857113 0.5587752461433411 4581
1771366857180 0.6499060988426208 4582
1771366857244 0.7114119529724121 4583
1771366857307 0.6485298275947571 4584
1771366857369 0.676172137260437 4585
1771366857432 0.6039616465568542 4586
1771366857495 0.5298763513565063 4587
1771366857557 0.3255496323108673 4588
1771366857619 0.4385853409767151 4589
1771366857680 0.8552865386009216 4590
1771366857741 0.605171799659729 4591
1771366857866 0.6657101511955261 4592
1771366857928 0.6497294902801514 4593
1771366857991 0.8339167833328247 4594
1771366858054 0.8682345747947693 4595
1771366858118 0.4380253255367279 4596
1771366858183 0.7685155868530273 4597
1771366858246 0.9102858304977417 4598
1771366858310 0.5374130606651306 4599
1771366858370 0.6692447662353516 4600
1771366858430 0.6718509197235107 4601
1771366858491 0.8344079852104187 4602
1771366858551 0.4067624509334564 4603
1771366858612 0.6818082928657532 4604
1771366858735 0.6514949202537537 4605
1771366858797 0.6754997372627258 4606
1771366858857 0.957402765750885 4607
1771366858917 0.5155438780784607 4608
1771366858977 0.5643087029457092 4609
1771366859038 1.012280821800232 4610
1771366859097 0.39915043115615845 4611
1771366859157 0.3788241147994995 4612
1771366859216 0.9255903959274292 4613
1771366859276 0.5666092038154602 4614
1771366859340 0.37917134165763855 4615
1771366859403 0.6204070448875427 4616
1771366859464 0.8305711150169373 4617
1771366859525 0.917641818523407 4618
1771366859586 0.9101812839508057 4619
1771366859709 0.9981960654258728 4620
1771366859775 0.5609536170959473 4621
1771366859839 0.5233886241912842 4622
1771366859901 0.24112117290496826 4623
1771366859968 0.47104382514953613 4624
1771366860034 1.273041009902954 4625
1771366860097 1.152151107788086 4626
1771366860159 0.5214848518371582 4627
1771366860222 0.9060898423194885 4628
1771366860287 0.9571983218193054 4629
1771366860350 0.4205096960067749 4630
1771366860415 1.0191757678985596 4631
1771366860480 0.5507327318191528 4632
1771366860605 0.5666692852973938 4633
1771366860668 0.5469493865966797 4634
1771366860733 0.6599763631820679 4635
1771366860797 0.36793971061706543 4636
1771366860862 0.3523756265640259 4637
1771366860927 0.8893491625785828 4638
1771366860991 1.0407136678695679 4639
1771366861053 0.42583054304122925 4640
1771366861116 0.24913683533668518 4641
1771366861177 0.5630784630775452 4642
1771366861238 0.6420153379440308 4643
1771366861303 0.7480382919311523 4644
1771366861364 0.5103853940963745 4645
1771366861500 0.8675044775009155 4646
1771366861564 1.0240873098373413 4647
1771366861626 0.1749378740787506 4648
1771366861689 1.005108118057251 4649
1771366861750 0.5260652303695679 4650
1771366861813 0.6917403340339661 4651
1771366861878 0.8171501159667969 4652
1771366861942 0.5561313629150391 4653
1771366862004 0.5155143737792969 4654
1771366862068 0.7886224389076233 4655
1771366862132 0.4690513014793396 4656
1771366862195 0.3992747962474823 4657
1771366862257 0.6098328828811646 4658
1771366862379 0.23092736303806305 4659
1771366862442 0.810304582118988 4660
1771366862504 0.5016905069351196 4661
1771366862568 0.8081106543540955 4662
1771366862632 0.9193904995918274 4663
1771366862696 0.4185677468776703 4664
1771366862758 0.5976738333702087 4665
1771366862821 0.5957977175712585 4666
1771366862883 0.6396774649620056 4667
1771366862946 0.5385851860046387 4668
1771366863009 1.0623756647109985 4669
1771366863070 0.8711565136909485 4670
1771366863131 0.43777576088905334 4671
1771366863263 0.6521389484405518 4672
1771366863323 0.32810360193252563 4673
1771366863385 0.8677229881286621 4674
1771366863448 1.1165372133255005 4675
1771366863508 0.6693251729011536 4676
1771366863570 0.660049319267273 4677
1771366863630 0.5662283301353455 4678
1771366863691 0.9760342836380005 4679
1771366863750 0.4328049421310425 4680
1771366863810 0.9432072043418884 4681
1771366863871 0.6041256189346313 4682
1771366863932 0.1720810830593109 4683
1771366863994 0.6436854004859924 4684
1771366864114 0.26504379510879517 4685
1771366864175 0.566637396812439 4686
1771366864237 0.8845480680465698 4687
1771366864301 0.9201932549476624 4688
1771366864363 0.8136559724807739 4689
1771366864511 0.31693825125694275 4690
1771366864575 0.8341728448867798 4691
1771366864638 1.0292093753814697 4692
1771366864703 0.29670119285583496 4693
1771366864767 0.6536838412284851 4694
1771366864831 0.6486777663230896 4695
1771366864900 0.564164936542511 4696
1771366865027 0.4052949845790863 4697
1771366865091 0.5502611398696899 4698
1771366865154 0.6768598556518555 4699
1771366865218 0.37638410925865173 4700
1771366865285 0.26870301365852356 4701
1771366865347 0.8542311191558838 4702
1771366865415 1.061665415763855 4703
1771366865485 1.2099626064300537 4704
1771366865546 1.409590244293213 4705
1771366865608 0.6786515712738037 4706
1771366865669 0.47720372676849365 4707
1771366865731 0.8232245445251465 4708
1771366865792 1.0573372840881348 4709
1771366865854 0.5590002536773682 4710
1771366865917 0.525619626045227 4711
1771366866041 1.0694552659988403 4712
1771366866105 0.48841699957847595 4713
1771366866168 0.8305712342262268 4714
1771366866232 0.7258588075637817 4715
1771366866297 0.3806019723415375 4716
1771366866361 1.0961025953292847 4717
1771366866425 1.7291935682296753 4718
1771366866499 0.9086246490478516 4719
1771366866564 0.7998909950256348 4720
1771366866629 0.647533655166626 4721
1771366866692 0.42473483085632324 4722
1771366866755 0.48888739943504333 4723
1771366866880 1.0774763822555542 4724
1771366866951 1.2585111856460571 4725
1771366867017 0.4460637867450714 4726
1771366867079 0.6866229772567749 4727
1771366867142 0.4769791066646576 4728
1771366867205 0.3494529724121094 4729
1771366867268 0.8470223546028137 4730
1771366867334 0.5090282559394836 4731
1771366867398 1.1950162649154663 4732
1771366867462 0.7719091176986694 4733
1771366867523 0.8128870129585266 4734
1771366867585 0.269659161567688 4735
1771366867649 0.26279619336128235 4736
1771366867775 0.40462058782577515 4737
1771366867841 0.7568914890289307 4738
1771366867905 0.5756029486656189 4739
1771366867966 0.8923590183258057 4740
1771366868027 0.7594157457351685 4741
1771366868090 0.4706626534461975 4742
1771366868153 0.4104171693325043 4743
1771366868215 0.5091017484664917 4744
1771366868277 0.9684002995491028 4745
1771366868338 0.771788477897644 4746
1771366868401 0.6335093379020691 4747
1771366868463 0.19018162786960602 4748
1771366868524 0.5636808276176453 4749
1771366868649 0.6923744678497314 4750
1771366868714 0.37529078125953674 4751
1771366868777 0.5910398960113525 4752
1771366868840 0.8699302673339844 4753
1771366868901 0.5248807072639465 4754
1771366868964 0.37923136353492737 4755
1771366869029 0.7830708622932434 4756
1771366869095 0.5714638829231262 4757
1771366869159 0.9144741296768188 4758
1771366869224 0.8776605129241943 4759
1771366869287 0.44275161623954773 4760
1771366869349 0.39324870705604553 4761
1771366869412 0.7276710867881775 4762
1771366869533 0.7201488018035889 4763
1771366869597 0.6444002389907837 4764
1771366869661 0.3496558666229248 4765
1771366869722 0.880813717842102 4766
1771366869783 1.6388099193572998 4767
1771366869846 1.0161515474319458 4768
1771366869908 0.644332766532898 4769
1771366869969 0.680297315120697 4770
1771366870032 0.6134529113769531 4771
1771366870095 0.6071759462356567 4772
1771366870159 0.22920051217079163 4773
1771366870223 0.7630465626716614 4774
1771366870286 0.8623868823051453 4775
1771366870349 0.6583974361419678 4776
1771366870492 1.2308506965637207 4777
1771366870555 0.4582286775112152 4778
1771366870618 1.0266121625900269 4779
1771366870682 0.9260492324829102 4780
1771366870749 0.7326185703277588 4781
1771366870815 0.5511951446533203 4782
1771366870880 0.860346794128418 4783
1771366870947 0.8271884918212891 4784
1771366871009 0.6501246094703674 4785
1771366871071 0.7021582722663879 4786
1771366871136 0.26182612776756287 4787
1771366871198 0.7873885035514832 4788
1771366871259 0.8261633515357971 4789
1771366871384 0.5853122472763062 4790
1771366871453 0.5265437364578247 4791
1771366871517 0.6174901127815247 4792
1771366871579 0.32555341720581055 4793
1771366871642 0.38981562852859497 4794
1771366871704 0.40520524978637695 4795
1771366871769 0.38814598321914673 4796
1771366871831 0.6882830858230591 4797
1771366871893 0.2180735319852829 4798
1771366871955 0.3888047933578491 4799
1771366872017 0.30929479002952576 4800
1771366872079 0.6087289452552795 4801
1771366872141 0.6959397792816162 4802
1771366872204 0.7412017583847046 4803
1771366872266 0.6603155732154846 4804
1771366872391 0.750647783279419 4805
1771366872458 0.18555572628974915 4806
1771366872521 0.3602524399757385 4807
1771366872585 0.9876354932785034 4808
1771366872648 0.45375731587409973 4809
1771366872711 0.8734195828437805 4810
1771366872775 0.23059429228305817 4811
1771366872838 0.6158339977264404 4812
1771366872900 0.4685112237930298 4813
1771366872962 0.7649574279785156 4814
1771366873026 0.2647559344768524 4815
1771366873091 0.5478355884552002 4816
1771366873156 0.4117752015590668 4817
1771366873291 0.6762067675590515 4818
1771366873361 0.5121486186981201 4819
1771366873429 0.7972683906555176 4820
1771366873494 0.9028738141059875 4821
1771366873561 0.46754392981529236 4822
1771366873623 0.8523848652839661 4823
1771366873687 0.7763944268226624 4824
1771366873749 0.18225911259651184 4825
1771366873813 0.5074440240859985 4826
1771366873876 0.4715076982975006 4827
1771366873939 0.3412915766239166 4828
1771366874000 0.46517449617385864 4829
1771366874063 0.6971086859703064 4830
1771366874191 0.9698793292045593 4831
1771366874255 0.7956076860427856 4832
1771366874317 0.42481639981269836 4833
1771366874385 0.5219165086746216 4834
1771366874449 0.7248677611351013 4835
1771366874510 0.6585521101951599 4836
1771366874574 0.3896773159503937 4837
1771366874636 0.8802398443222046 4838
1771366874699 0.8671430349349976 4839
1771366874761 0.34679099917411804 4840
1771366874823 0.38736796379089355 4841
1771366874887 0.6674867868423462 4842
1771366874950 0.621356189250946 4843
1771366875075 0.7523300051689148 4844
1771366875139 0.3674525320529938 4845
1771366875206 0.6118430495262146 4846
1771366875273 0.1929897516965866 4847
1771366875339 0.1469307392835617 4848
1771366875406 0.3922468423843384 4849
1771366875472 0.4127277731895447 4850
1771366875535 0.9442071914672852 4851
1771366875599 0.6969863176345825 4852
1771366875663 0.29735931754112244 4853
1771366875728 0.6965447664260864 4854
1771366875794 0.7728922963142395 4855
1771366875859 0.5724257826805115 4856
1771366875989 0.6670953631401062 4857
1771366876053 0.7417230010032654 4858
1771366876118 0.9604666829109192 4859
1771366876184 0.4630522131919861 4860
1771366876248 0.7902514338493347 4861
1771366876316 0.5138629674911499 4862
1771366876381 0.6799091696739197 4863
1771366876445 0.6478554010391235 4864
1771366876512 0.36696499586105347 4865
1771366876577 0.7455817461013794 4866
1771366876639 0.543700098991394 4867
1771366876705 0.6931140422821045 4868
1771366876767 0.16885417699813843 4869
1771366876895 0.7046372890472412 4870
1771366876961 0.2678711414337158 4871
1771366877024 0.6953617930412292 4872
1771366877089 0.34224504232406616 4873
1771366877154 0.4258459508419037 4874
1771366877219 0.7704442143440247 4875
1771366877284 0.6112766861915588 4876
1771366877348 0.6141660809516907 4877
1771366877410 0.4485655426979065 4878
1771366877475 0.3289639353752136 4879
1771366877538 0.6282725930213928 4880
1771366877600 0.731112539768219 4881
1771366877661 0.29934269189834595 4882
1771366877722 0.7898155450820923 4883
1771366877847 0.9770856499671936 4884
1771366877908 0.48582711815834045 4885
1771366877969 0.8646056652069092 4886
1771366878030 0.8502352237701416 4887
1771366878091 0.7105405926704407 4888
1771366878152 0.7496451735496521 4889
1771366878216 0.3490939438343048 4890
1771366878278 0.8591727018356323 4891
1771366878337 1.07893967628479 4892
1771366878397 0.9198294878005981 4893
1771366878460 0.934381902217865 4894
1771366878524 0.5240585803985596 4895
1771366878588 0.34150418639183044 4896
1771366878649 0.6486851572990417 4897
1771366878777 0.6575579047203064 4898
1771366878840 0.5710069537162781 4899
1771366878902 0.7175388336181641 4900
1771366878964 0.26884955167770386 4901
1771366879024 0.6943987607955933 4902
1771366879086 0.8831250667572021 4903
1771366879147 0.6556792855262756 4904
1771366879210 0.7603329420089722 4905
1771366879271 0.9900327324867249 4906
1771366879332 0.6844474673271179 4907
1771366879395 1.2108858823776245 4908
1771366879459 0.3986677825450897 4909
1771366879519 0.8167932033538818 4910
1771366879642 0.5597708225250244 4911
1771366879706 0.9922943115234375 4912
1771366879767 0.4964360296726227 4913
1771366879830 0.5575907826423645 4914
1771366879893 0.5316001176834106 4915
1771366879956 0.6902768015861511 4916
1771366880018 0.39238446950912476 4917
1771366880081 0.9343492388725281 4918
1771366880144 0.6325992941856384 4919
1771366880206 0.46422475576400757 4920
1771366880267 0.5581373572349548 4921
1771366880330 0.5187153816223145 4922
1771366880392 0.864619791507721 4923
1771366880515 0.6810198426246643 4924
1771366880577 0.6864300966262817 4925
1771366880640 0.46140187978744507 4926
1771366880701 0.6165072917938232 4927
1771366880763 0.9603443741798401 4928
1771366880825 0.8277395367622375 4929
1771366880890 0.8001666069030762 4930
1771366880955 0.3205576539039612 4931
1771366881024 0.39143139123916626 4932
1771366881101 1.1493794918060303 4933
1771366881168 0.5684782266616821 4934
1771366881232 1.046543836593628 4935
1771366881299 0.8580849766731262 4936
1771366881440 0.8644437789916992 4937
1771366881505 0.7256858348846436 4938
1771366881571 0.8507792353630066 4939
1771366881635 0.7815739512443542 4940
1771366881700 0.5384788513183594 4941
1771366881763 0.3510768711566925 4942
1771366881826 0.6121517419815063 4943
1771366881891 0.7418658137321472 4944
1771366881955 0.37450268864631653 4945
1771366882018 0.9600827693939209 4946
1771366882080 0.5857572555541992 4947
1771366882146 0.4121817648410797 4948
1771366882283 0.9701182842254639 4949
1771366882347 0.6139853000640869 4950
1771366882429 0.7837685346603394 4951
1771366882494 0.45422717928886414 4952
1771366882559 0.5780677795410156 4953
1771366882623 0.4032168984413147 4954
1771366882687 0.4929911494255066 4955
1771366882750 0.9645246863365173 4956
1771366882814 0.9386798143386841 4957
1771366882876 0.6199887990951538 4958
1771366882940 0.8102359771728516 4959
1771366883004 0.4658210873603821 4960
1771366883066 0.8502376079559326 4961
1771366883197 0.5374412536621094 4962
1771366883259 0.7140650153160095 4963
1771366883324 0.5597653388977051 4964
1771366883384 0.33287513256073 4965
1771366883444 0.4003397226333618 4966
1771366883509 0.8545151352882385 4967
1771366883572 1.235982894897461 4968
1771366883639 0.7987781763076782 4969
1771366883703 0.8522189259529114 4970
1771366883764 0.9814499616622925 4971
1771366883826 1.3141204118728638 4972
1771366883953 0.9032473564147949 4973
1771366884017 0.6563370823860168 4974
1771366884079 0.9698424935340881 4975
1771366884144 0.25950756669044495 4976
1771366884208 0.7832958102226257 4977
1771366884270 0.8587285280227661 4978
1771366884334 0.6218056678771973 4979
1771366884398 0.5180374383926392 4980
1771366884461 0.572605550289154 4981
1771366884527 0.2203630656003952 4982
1771366884591 0.5166379809379578 4983
1771366884656 0.843778133392334 4984
1771366884719 0.45733940601348877 4985
1771366884843 0.9578551054000854 4986
1771366884906 0.43293657898902893 4987
1771366884969 0.8633325695991516 4988
1771366885032 0.37488603591918945 4989
1771366885096 0.7966365814208984 4990
1771366885160 0.36536240577697754 4991
1771366885223 0.2598133087158203 4992
1771366885287 0.5674799084663391 4993
1771366885353 0.6207163333892822 4994
1771366885416 0.9274004697799683 4995
1771366885479 0.5235808491706848 4996
1771366885543 0.6740527153015137 4997
1771366885669 0.889678955078125 4998
1771366885735 0.5078843832015991 4999
1771366885800 0.8655908703804016 5000
1771366885864 1.1020022630691528 5001
1771366885928 0.7502621412277222 5002
1771366885994 0.8734907507896423 5003
1771366886059 0.5512954592704773 5004
1771366886121 0.6824252605438232 5005
1771366886187 0.33125218749046326 5006
1771366886251 0.747667670249939 5007
1771366886316 0.7678752541542053 5008
1771366886383 0.602527379989624 5009
1771366886449 0.42868414521217346 5010
1771366886590 0.8734462857246399 5011
1771366886655 0.4531523585319519 5012
1771366886723 0.4338386356830597 5013
1771366886788 0.688485324382782 5014
1771366886849 0.5851252675056458 5015
1771366886912 0.9573806524276733 5016
1771366886974 0.6114025115966797 5017
1771366887037 0.5205844640731812 5018
1771366887100 0.2784281075000763 5019
1771366887163 0.17821909487247467 5020
1771366887227 0.618181049823761 5021
1771366887357 0.816144585609436 5022
1771366887419 0.594737708568573 5023
1771366887482 0.13177785277366638 5024
1771366887547 0.9778394103050232 5025
1771366887609 0.4291152060031891 5026
1771366887671 0.5827502012252808 5027
1771366887734 0.6530039310455322 5028
1771366887799 1.2726073265075684 5029
1771366887865 0.7109355330467224 5030
1771366887931 0.7681981921195984 5031
1771366887995 0.695843517780304 5032
1771366888059 1.0277600288391113 5033
1771366888122 0.9213405251502991 5034
1771366888250 0.46982550621032715 5035
1771366888318 0.9040131568908691 5036
1771366888384 1.0117086172103882 5037
1771366888449 0.3189590573310852 5038
1771366888515 0.4876701235771179 5039
1771366888583 0.2478349804878235 5040
1771366888649 0.6382247805595398 5041
1771366888716 0.6163033246994019 5042
1771366888782 1.5315110683441162 5043
1771366888847 0.32092586159706116 5044
1771366888909 0.7005131244659424 5045
1771366888973 1.1734694242477417 5046
1771366889106 0.29432615637779236 5047
1771366889169 0.6633135080337524 5048
1771366889232 1.0144963264465332 5049
1771366889293 0.4397192597389221 5050
1771366889356 0.6054336428642273 5051
1771366889418 0.3575547933578491 5052
1771366889479 0.4091103672981262 5053
1771366889545 0.5376706123352051 5054
1771366889613 0.353431761264801 5055
1771366889675 0.8987998962402344 5056
1771366889738 0.8114359378814697 5057
1771366889802 0.8963384628295898 5058
1771366889869 1.1328352689743042 5059
1771366890009 0.3677043616771698 5060
1771366890073 0.3969699442386627 5061
1771366890137 0.5591419339179993 5062
1771366890201 0.5643278956413269 5063
1771366890266 0.2874234616756439 5064
1771366890329 0.5910246968269348 5065
1771366890393 0.32175061106681824 5066
1771366890456 0.6757858991622925 5067
1771366890524 0.4274880588054657 5068
1771366890590 0.38734951615333557 5069
1771366890655 0.5871900916099548 5070
1771366890809 0.5702085494995117 5071
1771366890874 0.4573235511779785 5072
1771366890937 0.6152204871177673 5073
1771366891003 0.8802066445350647 5074
1771366891067 0.8078128099441528 5075
1771366891129 0.687598705291748 5076
1771366891192 0.5756768584251404 5077
1771366891257 0.6750934720039368 5078
1771366891321 1.16733717918396 5079
1771366891385 0.8295551538467407 5080
1771366891451 1.3582829236984253 5081
1771366891519 0.3101416826248169 5082
1771366891584 0.9438849091529846 5083
1771366891720 0.4414256513118744 5084
1771366891785 0.5668789744377136 5085
1771366891848 0.5866011381149292 5086
1771366891913 0.7035998702049255 5087
1771366891986 0.5918781757354736 5088
1771366892051 0.6425897479057312 5089
1771366892115 0.5118919610977173 5090
1771366892180 0.6532500982284546 5091
1771366892244 0.3903490900993347 5092
1771366892308 0.4274100661277771 5093
1771366892373 0.598614513874054 5094
1771366892438 0.7808043360710144 5095
1771366892577 0.5668386220932007 5096
1771366892645 0.7436477541923523 5097
1771366892715 0.8837635517120361 5098
1771366892788 0.8984805345535278 5099
1771366892859 0.6730356812477112 5100
1771366892924 0.49562859535217285 5101
1771366892989 0.8873708844184875 5102
1771366893054 0.5418977737426758 5103
1771366893118 0.8507387042045593 5104
1771366893183 1.160794734954834 5105
1771366893248 0.8208643794059753 5106
1771366893313 0.6367795467376709 5107
1771366893381 0.7416751980781555 5108
1771366893516 0.7802649140357971 5109
1771366893580 0.7386496067047119 5110
1771366893644 0.5348405241966248 5111
1771366893709 0.48497718572616577 5112
1771366893774 0.8384152054786682 5113
1771366893840 0.5716556310653687 5114
1771366893904 0.3436344265937805 5115
1771366893969 1.0873976945877075 5116
1771366894041 0.7328150868415833 5117
1771366894111 0.35027796030044556 5118
1771366894177 0.5175638198852539 5119
1771366894306 0.751909077167511 5120
1771366894377 0.6437779664993286 5121
1771366894441 0.7815734148025513 5122
1771366894504 0.49285849928855896 5123
1771366894566 0.14599458873271942 5124
1771366894630 1.226914644241333 5125
1771366894692 0.9138942360877991 5126
1771366894756 0.6490028500556946 5127
1771366894818 0.4433937966823578 5128
1771366894881 0.8558415770530701 5129
1771366894944 0.12475469708442688 5130
1771366895007 0.7909139394760132 5131
1771366895069 0.8015449643135071 5132
1771366895195 0.4487503170967102 5133
1771366895259 0.7060754299163818 5134
1771366895322 0.5574598908424377 5135
1771366895387 0.6800564527511597 5136
1771366895453 0.551774799823761 5137
1771366895516 0.19687892496585846 5138
1771366895583 0.6435151100158691 5139
1771366895646 0.938309907913208 5140
1771366895709 0.6802688241004944 5141
1771366895773 0.3170640468597412 5142
1771366895836 0.45434868335723877 5143
1771366895902 0.5066819190979004 5144
1771366896038 0.5587690472602844 5145
1771366896102 0.8435060977935791 5146
1771366896173 0.7621389031410217 5147
1771366896238 1.212233304977417 5148
1771366896302 0.8940476179122925 5149
1771366896367 0.6734673380851746 5150
1771366896434 0.6724534034729004 5151
1771366896501 0.6743101477622986 5152
1771366896570 0.844516396522522 5153
1771366896635 0.4670563042163849 5154
1771366896702 0.2719130516052246 5155
1771366896767 0.5704707503318787 5156
1771366896831 0.8335236310958862 5157
1771366896961 0.4194299280643463 5158
1771366897112 0.5518160462379456 5159
1771366897178 0.5570322871208191 5160
1771366897242 0.6501778960227966 5161
1771366897305 0.41821104288101196 5162
1771366897369 0.4051916301250458 5163
1771366897433 0.8806492686271667 5164
1771366897504 0.2639872431755066 5165
1771366897578 0.5921388268470764 5166
1771366897785 0.926674485206604 5167
1771366897863 0.24832919239997864 5168
1771366897939 0.3263513743877411 5169
1771366898021 0.23100019991397858 5170
1771366898090 0.3793015480041504 5171
1771366898160 0.5719305872917175 5172
1771366898229 0.6197523474693298 5173
1771366898294 0.5174905061721802 5174
1771366898359 0.7355850338935852 5175
1771366898422 0.4517017602920532 5176
1771366898486 0.6942740678787231 5177
1771366898550 0.6024019122123718 5178
1771366898613 0.8691746592521667 5179
1771366898802 0.3673395812511444 5180
1771366898875 0.459515243768692 5181
1771366898941 0.8299230933189392 5182
1771366899006 0.2695308029651642 5183
1771366899073 0.7235342264175415 5184
1771366899137 0.5910225510597229 5185
1771366899202 0.6400790810585022 5186
1771366899268 0.6711777448654175 5187
1771366899333 0.603394091129303 5188
1771366899398 0.4115971326828003 5189
1771366899462 0.7127270698547363 5190
1771366899526 0.47046560049057007 5191
1771366899661 0.596890926361084 5192
1771366899726 0.5568494200706482 5193
1771366899790 0.8963496685028076 5194
1771366899855 1.0767309665679932 5195
1771366899921 0.6768685579299927 5196
1771366899986 0.5702271461486816 5197
1771366900051 0.704123318195343 5198
1771366900115 0.36046579480171204 5199
1771366900180 0.7861137986183167 5200
1771366900245 1.072402834892273 5201
1771366900317 0.6486724019050598 5202
1771366900383 0.4562378525733948 5203
1771366900449 0.5443253517150879 5204
1771366900582 0.5301783084869385 5205
1771366900648 0.8424518704414368 5206
1771366900715 0.6282040476799011 5207
1771366900780 0.5693575739860535 5208
1771366900846 0.9412955045700073 5209
1771366900911 0.9118637442588806 5210
1771366900980 0.19162869453430176 5211
1771366901045 0.17565619945526123 5212
1771366901110 0.6069267392158508 5213
1771366901174 0.5775174498558044 5214
1771366901239 0.6394714713096619 5215
1771366901369 0.25274044275283813 5216
1771366901435 0.6571283936500549 5217
1771366901501 0.48754674196243286 5218
1771366901569 0.37840527296066284 5219
1771366901634 0.507175862789154 5220
1771366901701 0.8722144365310669 5221
1771366901766 0.6907498240470886 5222
1771366901832 0.4137818515300751 5223
1771366901897 0.5622668862342834 5224
1771366901962 0.6880029439926147 5225
1771366902028 0.839159369468689 5226
1771366902094 0.4900471866130829 5227
1771366902164 0.5804532170295715 5228
1771366902297 0.9247670769691467 5229
1771366902366 0.8504753708839417 5230
1771366902433 0.6930260062217712 5231
1771366902498 0.450727641582489 5232
1771366902567 0.5311440229415894 5233
1771366902631 0.5002811551094055 5234
1771366902696 0.5280570387840271 5235
1771366902760 0.6706435084342957 5236
1771366902823 0.31063440442085266 5237
1771366902889 0.3109690845012665 5238
1771366902957 0.890795886516571 5239
1771366903029 0.5190761089324951 5240
1771366903096 0.7762301564216614 5241
1771366903252 0.6502124071121216 5242
1771366903323 1.281398057937622 5243
1771366903390 0.8309878706932068 5244
1771366903457 0.5825360417366028 5245
1771366903524 0.8734209537506104 5246
1771366903590 1.1267590522766113 5247
1771366903657 0.37931111454963684 5248
1771366903724 0.5757054090499878 5249
1771366903791 0.7444086074829102 5250
1771366903858 0.4704872667789459 5251
1771366903931 0.8580251336097717 5252
1771366903999 0.5947773456573486 5253
1771366904136 0.2658151686191559 5254
1771366904201 0.379844605922699 5255
1771366904264 0.8428757190704346 5256
1771366904331 0.43544894456863403 5257
1771366904399 0.40545371174812317 5258
1771366904472 0.5570828914642334 5259
1771366904539 0.21549934148788452 5260
1771366904603 0.437396764755249 5261
1771366904668 1.1288554668426514 5262
1771366904732 0.6287208199501038 5263
1771366904795 0.8055033087730408 5264
1771366904859 0.4721318781375885 5265
1771366904924 0.7434555292129517 5266
1771366905059 0.7442423701286316 5267
1771366905123 0.7872253656387329 5268
1771366905186 0.5929369926452637 5269
1771366905250 0.7935606241226196 5270
1771366905313 0.5830181241035461 5271
1771366905380 0.5087233781814575 5272
1771366905447 0.4541962444782257 5273
1771366905510 0.8880862593650818 5274
1771366905574 0.6426287889480591 5275
1771366905638 0.3318626880645752 5276
1771366905701 0.9793466925621033 5277
1771366905765 0.490599125623703 5278
1771366905895 0.5037147998809814 5279
1771366905962 0.5365309715270996 5280
1771366906028 0.7829799056053162 5281
1771366906092 0.20342230796813965 5282
1771366906157 0.8092643022537231 5283
1771366906222 0.6176305413246155 5284
1771366906287 0.5078851580619812 5285
1771366906353 0.288634330034256 5286
1771366906421 0.4576531946659088 5287
1771366906490 0.6026697754859924 5288
1771366906562 0.43218913674354553 5289
1771366906699 0.840576171875 5290
1771366906765 0.4560714066028595 5291
1771366906829 0.40049904584884644 5292
1771366906893 0.36874017119407654 5293
1771366906958 0.32747265696525574 5294
1771366907022 0.3799077272415161 5295
1771366907086 0.4496349096298218 5296
1771366907150 0.40907299518585205 5297
1771366907215 0.5144150853157043 5298
1771366907279 1.400408148765564 5299
1771366907409 0.9063241481781006 5300
1771366907474 1.0249665975570679 5301
1771366907538 0.32528620958328247 5302
1771366907604 0.3824697434902191 5303
1771366907668 0.4197041094303131 5304
1771366907731 0.9012616872787476 5305
1771366907795 1.0399476289749146 5306
1771366907859 0.6182973980903625 5307
1771366907924 0.7606757283210754 5308
1771366907991 0.6328628063201904 5309
1771366908055 0.24430948495864868 5310
1771366908121 0.35335564613342285 5311
1771366908264 0.15541474521160126 5312
1771366908329 0.5262171626091003 5313
1771366908393 0.8986001014709473 5314
1771366908458 0.7731525897979736 5315
1771366908522 0.39431479573249817 5316
1771366908590 0.523190975189209 5317
1771366908661 0.6347784399986267 5318
1771366908728 0.2964332103729248 5319
1771366908792 1.1760317087173462 5320
1771366908857 0.8442901968955994 5321
1771366908925 0.5146318078041077 5322
1771366909060 0.7486886382102966 5323
1771366909130 0.6932240724563599 5324
1771366909194 0.22908981144428253 5325
1771366909259 0.3613901138305664 5326
1771366909324 0.38697999715805054 5327
1771366909388 0.6044039130210876 5328
1771366909452 0.7609483599662781 5329
1771366909516 0.7616173624992371 5330
1771366909581 0.21194130182266235 5331
1771366909647 0.6439034938812256 5332
1771366909777 0.9227485656738281 5333
1771366909841 0.720534086227417 5334
1771366909905 0.6746597290039062 5335
1771366909973 0.6584895253181458 5336
1771366910037 1.0067106485366821 5337
1771366910100 0.27408918738365173 5338
1771366910166 0.6238215565681458 5339
1771366910230 0.6299676299095154 5340
1771366910294 0.1611766219139099 5341
1771366910358 0.6763726472854614 5342
1771366910422 0.8988180160522461 5343
1771366910485 0.8197851181030273 5344
1771366910616 0.7616148591041565 5345
1771366910685 0.6729971766471863 5346
1771366910755 0.9194175004959106 5347
1771366910821 0.8992775678634644 5348
1771366910886 1.570278525352478 5349
1771366910950 0.746795117855072 5350
1771366911015 0.5340792536735535 5351
1771366911079 0.5158442854881287 5352
1771366911144 1.0409083366394043 5353
1771366911209 0.7313839197158813 5354
1771366911343 0.38250163197517395 5355
1771366911408 0.45563533902168274 5356
1771366911474 0.32363539934158325 5357
1771366911539 0.7032012939453125 5358
1771366911604 0.7998411655426025 5359
1771366911669 0.325505793094635 5360
1771366911734 0.5351051688194275 5361
1771366911798 0.5931652784347534 5362
1771366911864 1.27017343044281 5363
1771366911929 1.00692880153656 5364
1771366912061 0.8319867849349976 5365
1771366912127 0.587791919708252 5366
1771366912193 0.4613305628299713 5367
1771366912258 0.7808258533477783 5368
1771366912322 0.4260455071926117 5369
1771366912388 0.34186890721321106 5370
1771366912453 0.5942320227622986 5371
1771366912520 1.1901040077209473 5372
1771366912585 0.3646133542060852 5373
1771366912651 0.8768705129623413 5374
1771366912716 0.6725308895111084 5375
1771366912789 0.7367740273475647 5376
1771366912928 0.6217179298400879 5377
1771366912994 0.6619294881820679 5378
1771366913060 0.7405104041099548 5379
1771366913124 0.5409212708473206 5380
1771366913190 0.5655317306518555 5381
1771366913255 0.12080875039100647 5382
1771366913321 0.45622092485427856 5383
1771366913391 0.9156793355941772 5384
1771366913456 0.7778696417808533 5385
1771366913522 1.0336229801177979 5386
1771366913589 0.6633118391036987 5387
1771366913724 0.5716270804405212 5388
1771366913789 0.9866983890533447 5389
1771366913854 1.1014819145202637 5390
1771366913919 0.5307327508926392 5391
1771366913983 0.9704750776290894 5392
1771366914049 0.8717384934425354 5393
1771366914114 0.5101279020309448 5394
1771366914180 0.5006341338157654 5395
1771366914245 0.48261550068855286 5396
1771366914310 0.6848281621932983 5397
1771366914445 0.7726286053657532 5398
1771366914511 0.9466438889503479 5399
1771366914577 0.3595579266548157 5400
1771366914646 0.6112861633300781 5401
1771366914711 0.47422704100608826 5402
1771366914776 0.4254283905029297 5403
1771366914846 0.7642203569412231 5404
1771366914916 0.5024846196174622 5405
1771366914980 0.5543931722640991 5406
1771366915045 0.3039241433143616 5407
1771366915110 0.7630444169044495 5408
1771366915175 0.6211822032928467 5409
1771366915312 0.6762735247612 5410
1771366915378 0.25556257367134094 5411
1771366915448 1.0524256229400635 5412
1771366915514 0.2646307349205017 5413
1771366915581 1.1435803174972534 5414
1771366915645 0.6264455318450928 5415
1771366915710 0.5629828572273254 5416
1771366915776 0.4063076674938202 5417
1771366915842 0.546457827091217 5418
1771366915909 0.7245924472808838 5419
1771366916050 0.3086181581020355 5420
1771366916116 0.7116407752037048 5421
1771366916181 0.9864258170127869 5422
1771366916246 0.7159745693206787 5423
1771366916311 0.8767390251159668 5424
1771366916377 0.4867725968360901 5425
1771366916445 0.8707113265991211 5426
1771366916513 1.0645757913589478 5427
1771366916578 0.8839809894561768 5428
1771366916643 0.37526363134384155 5429
1771366916783 0.6904476881027222 5430
1771366916851 0.42927655577659607 5431
1771366916920 0.6568901538848877 5432
1771366916992 0.4789094924926758 5433
1771366917059 0.6419960856437683 5434
1771366917123 0.5356784462928772 5435
1771366917188 0.39731425046920776 5436
1771366917255 0.5435197353363037 5437
1771366917320 0.7479806542396545 5438
1771366917385 0.9239277243614197 5439
1771366917450 0.3927416503429413 5440
1771366917514 0.6186739206314087 5441
1771366917652 0.36806342005729675 5442
1771366917718 0.22623413801193237 5443
1771366917783 0.771638810634613 5444
1771366917848 0.5464876890182495 5445
1771366917913 0.218007892370224 5446
1771366917978 0.2799772620201111 5447
1771366918042 0.3373417258262634 5448
1771366918108 0.33974796533584595 5449
1771366918173 0.631505012512207 5450
1771366918238 0.6343263387680054 5451
1771366918302 0.5743141174316406 5452
1771366918433 0.6103688478469849 5453
1771366918499 0.7778654098510742 5454
1771366918564 0.42459627985954285 5455
1771366918629 0.9094754457473755 5456
1771366918694 0.515379011631012 5457
1771366918759 0.8789000511169434 5458
1771366918823 0.44691410660743713 5459
1771366918889 0.7459980249404907 5460
1771366918954 0.39706116914749146 5461
1771366919029 0.3599610924720764 5462
1771366919166 0.7147365808486938 5463
1771366919232 1.1033227443695068 5464
1771366919297 0.6271880269050598 5465
1771366919361 0.9466221928596497 5466
1771366919426 0.6213671565055847 5467
1771366919491 0.30325618386268616 5468
1771366919555 0.637681245803833 5469
1771366919622 1.1001348495483398 5470
1771366919688 0.7441807985305786 5471
1771366919753 0.7037771344184875 5472
1771366919817 0.7579386234283447 5473
1771366919882 0.7515812516212463 5474
1771366920015 0.4092365503311157 5475
1771366920081 0.37967967987060547 5476
1771366920147 0.3503522276878357 5477
1771366920213 0.6254044771194458 5478
1771366920278 0.8852435350418091 5479
1771366920342 0.6580743789672852 5480
1771366920406 0.856787383556366 5481
1771366920471 0.43607595562934875 5482
1771366920535 0.810709536075592 5483
1771366920600 0.7563554644584656 5484
1771366920736 0.4621948301792145 5485
1771366920802 0.6470909714698792 5486
1771366920868 0.8469869494438171 5487
1771366920935 0.3691248893737793 5488
1771366921001 0.7795044779777527 5489
1771366921069 0.5863963961601257 5490
1771366921140 0.4734467566013336 5491
1771366921209 0.4617765247821808 5492
1771366921274 0.4576152563095093 5493
1771366921339 1.2101131677627563 5494
1771366921473 0.7684045433998108 5495
1771366921539 0.5172992944717407 5496
1771366921604 0.17192856967449188 5497
1771366921669 0.6305673718452454 5498
1771366921735 0.5032135844230652 5499
1771366921800 0.49473559856414795 5500
1771366921865 0.6992119550704956 5501
1771366921931 0.3731427788734436 5502
1771366921996 0.6652464866638184 5503
1771366922061 0.2711143493652344 5504
1771366922126 0.5135918855667114 5505
1771366922192 0.7372532486915588 5506
1771366922326 0.824737548828125 5507
1771366922392 0.7661828994750977 5508
1771366922458 1.233931064605713 5509
1771366922526 0.3757891356945038 5510
1771366922596 0.8143916130065918 5511
1771366922666 1.1018052101135254 5512
1771366922733 0.761506199836731 5513
1771366922798 0.6426272392272949 5514
1771366922863 0.8246430158615112 5515
1771366922929 1.1364256143569946 5516
1771366922995 0.7375414967536926 5517
1771366923139 0.787766695022583 5518
1771366923213 0.4825259745121002 5519
1771366923280 0.56745445728302 5520
1771366923350 0.8357406854629517 5521
1771366923416 0.5978801846504211 5522
1771366923481 0.6081552505493164 5523
1771366923545 0.43833816051483154 5524
1771366923610 0.6077380776405334 5525
1771366923677 0.86658775806427 5526
1771366923743 0.5646367073059082 5527
1771366923880 0.6564719080924988 5528
1771366923948 0.41775304079055786 5529
1771366924015 0.7152692079544067 5530
1771366924079 0.8975579142570496 5531
1771366924144 0.9839306473731995 5532
1771366924209 0.2674102187156677 5533
1771366924273 0.28231674432754517 5534
1771366924340 0.35084453225135803 5535
1771366924407 0.5374533534049988 5536
1771366924472 0.35389742255210876 5537
1771366924538 0.8764790892601013 5538
1771366924603 0.8193334937095642 5539
1771366924736 0.4283974766731262 5540
1771366924806 0.7868109941482544 5541
1771366924874 0.8239579796791077 5542
1771366924941 0.92803555727005 5543
1771366925007 0.4289894998073578 5544
1771366925073 0.756513237953186 5545
1771366925137 0.5461487174034119 5546
1771366925204 0.8288914561271667 5547
1771366925276 0.31043556332588196 5548
1771366925342 0.9078545570373535 5549
1771366925480 0.6103763580322266 5550
1771366925547 0.8240121603012085 5551
1771366925613 1.5323301553726196 5552
1771366925681 1.1088557243347168 5553
1771366925747 0.9180738925933838 5554
1771366925814 0.5849882364273071 5555
1771366925881 0.9512349963188171 5556
1771366925948 0.2097606658935547 5557
1771366926016 0.6844791769981384 5558
1771366926082 0.7123429179191589 5559
1771366926215 0.40759772062301636 5560
1771366926281 0.13371089100837708 5561
1771366926347 0.4424927830696106 5562
1771366926417 0.8650866746902466 5563
1771366926486 1.167786955833435 5564
1771366926552 0.2586090862751007 5565
1771366926618 0.8192017078399658 5566
1771366926686 0.7735312581062317 5567
1771366926751 0.6945421695709229 5568
1771366926816 0.6925871968269348 5569
1771366926882 0.48890748620033264 5570
1771366926948 0.4730350375175476 5571
1771366927081 0.49428531527519226 5572
1771366927148 0.898954451084137 5573
1771366927214 0.5510212779045105 5574
1771366927281 0.20581836998462677 5575
1771366927354 1.002164602279663 5576
1771366927420 0.8996716141700745 5577
1771366927487 0.5056712031364441 5578
1771366927553 0.5874592065811157 5579
1771366927619 0.8370746374130249 5580
1771366927684 0.5464149713516235 5581
1771366927750 0.8342491984367371 5582
1771366927885 0.7690862417221069 5583
1771366927951 0.764478325843811 5584
1771366928017 0.21646273136138916 5585
1771366928083 0.7804767489433289 5586
1771366928150 0.7545488476753235 5587
1771366928215 1.0708006620407104 5588
1771366928281 0.6347212195396423 5589
1771366928346 0.41749536991119385 5590
1771366928411 0.6413497924804688 5591
1771366928476 0.542708694934845 5592
1771366928609 0.9499629139900208 5593
1771366928676 0.5551334023475647 5594
1771366928743 1.1452347040176392 5595
1771366928808 0.3100947141647339 5596
1771366928874 0.44295406341552734 5597
1771366928940 0.5466778874397278 5598
1771366929005 1.10247802734375 5599
1771366929070 0.5884906649589539 5600
1771366929135 1.2112864255905151 5601
1771366929201 0.18311765789985657 5602
1771366929268 0.6117557287216187 5603
1771366929409 0.7365279793739319 5604
1771366929477 0.7314941883087158 5605
1771366929544 0.1637192666530609 5606
1771366929609 0.5462616682052612 5607
1771366929677 0.3705332279205322 5608
1771366929743 1.144942283630371 5609
1771366929815 0.38440820574760437 5610
1771366929881 0.39898940920829773 5611
1771366929948 0.6819792985916138 5612
1771366930016 1.2625858783721924 5613
1771366930157 0.2683012783527374 5614
1771366930224 0.7420040965080261 5615
1771366930290 0.6727117896080017 5616
1771366930355 0.37807485461235046 5617
1771366930420 0.7935386300086975 5618
1771366930484 0.49665048718452454 5619
1771366930549 0.3968554735183716 5620
1771366930613 0.8949611186981201 5621
1771366930678 0.29417094588279724 5622
1771366930742 1.1568583250045776 5623
1771366930809 0.42782601714134216 5624
1771366930941 0.8860103487968445 5625
1771366931007 1.1961416006088257 5626
1771366931070 0.6346376538276672 5627
1771366931223 0.44421151280403137 5628
1771366931289 0.9121694564819336 5629
1771366931355 0.8429105281829834 5630
1771366931421 0.48025456070899963 5631
1771366931494 0.6141899824142456 5632
1771366931561 0.5043095350265503 5633
1771366931710 0.2620871961116791 5634
1771366931779 0.18570588529109955 5635
1771366931845 0.8470934629440308 5636
1771366931912 0.4031258821487427 5637
1771366931978 0.38214778900146484 5638
1771366932046 0.5213234424591064 5639
1771366932117 0.6973697543144226 5640
1771366932188 0.4091190993785858 5641
1771366932256 0.7332888841629028 5642
1771366932325 0.3921763002872467 5643
1771366932460 0.8322319984436035 5644
1771366932530 0.36729106307029724 5645
1771366932598 0.8171718716621399 5646
1771366932669 1.2933907508850098 5647
1771366932738 1.0313611030578613 5648
1771366932805 0.8104504942893982 5649
1771366932874 0.6136436462402344 5650
1771366932942 1.0394980907440186 5651
1771366933010 0.8394647240638733 5652
1771366933079 0.8612271547317505 5653
1771366933218 0.27114686369895935 5654
1771366933289 0.7201046347618103 5655
1771366933359 0.4061569273471832 5656
1771366933426 0.18523211777210236 5657
1771366933493 0.7229503393173218 5658
1771366933567 0.7549842000007629 5659
1771366933634 0.9405811429023743 5660
1771366933702 0.5807594060897827 5661
1771366933770 0.7249414324760437 5662
1771366933839 0.45180588960647583 5663
1771366933906 0.7964751124382019 5664
1771366934042 0.5177623629570007 5665
1771366934108 0.5410706996917725 5666
1771366934174 0.6898563504219055 5667
1771366934240 0.8102693557739258 5668
1771366934307 0.49297916889190674 5669
1771366934376 1.0134518146514893 5670
1771366934443 0.2850380837917328 5671
1771366934509 0.5467140674591064 5672
1771366934576 0.7027368545532227 5673
1771366934707 1.2219294309616089 5674
1771366934775 1.3636877536773682 5675
1771366934842 0.3092517852783203 5676
1771366934908 1.2008249759674072 5677
1771366934976 0.711067795753479 5678
1771366935043 0.4276810586452484 5679
1771366935109 0.5640628337860107 5680
1771366935176 0.7522432804107666 5681
1771366935243 0.7224931120872498 5682
1771366935373 0.730360209941864 5683
1771366935446 0.9679571390151978 5684
1771366935512 0.9007188677787781 5685
1771366935580 0.23602697253227234 5686
1771366935650 0.7651227712631226 5687
1771366935718 0.8159210085868835 5688
1771366935784 0.7455472350120544 5689
1771366935850 0.9964144229888916 5690
1771366935916 0.5412253737449646 5691
1771366935982 0.45647311210632324 5692
1771366936047 0.6878464221954346 5693
1771366936182 0.5082376599311829 5694
1771366936250 0.4471055865287781 5695
1771366936316 0.6058444380760193 5696
1771366936382 0.39939242601394653 5697
1771366936451 0.48253312706947327 5698
1771366936518 0.3745249807834625 5699
1771366936584 1.013541579246521 5700
1771366936653 0.5217044949531555 5701
1771366936719 0.7145630121231079 5702
1771366936785 0.736389696598053 5703
1771366936917 0.5456566214561462 5704
1771366936985 0.9442720413208008 5705
1771366937053 1.1352887153625488 5706
1771366937123 0.6625593304634094 5707
1771366937194 0.4096575379371643 5708
1771366937261 0.46432602405548096 5709
1771366937328 0.8999501466751099 5710
1771366937396 0.5900856256484985 5711
1771366937462 0.5078102350234985 5712
1771366937528 0.9063082933425903 5713
1771366937659 0.7790514826774597 5714
1771366937730 0.327070415019989 5715
1771366937796 0.7096872925758362 5716
1771366937860 0.5816510915756226 5717
1771366937929 0.5462712645530701 5718
1771366937995 0.4553808867931366 5719
1771366938061 0.24619024991989136 5720
1771366938128 0.41891106963157654 5721
1771366938199 0.8342791199684143 5722
1771366938338 0.41427484154701233 5723
1771366938404 0.520134687423706 5724
1771366938469 0.26580747961997986 5725
1771366938535 0.730093240737915 5726
1771366938600 0.609584391117096 5727
1771366938665 0.8026151657104492 5728
1771366938734 0.7601791620254517 5729
1771366938800 0.6930651068687439 5730
1771366938866 0.7840983271598816 5731
1771366938933 0.6087048649787903 5732
1771366939077 0.8414440155029297 5733
1771366939145 0.8995529413223267 5734
1771366939211 0.49099698662757874 5735
1771366939276 0.5013862252235413 5736
1771366939341 1.0938159227371216 5737
1771366939407 0.45415663719177246 5738
1771366939472 1.0733094215393066 5739
1771366939537 0.8954755067825317 5740
1771366939605 0.9966545701026917 5741
1771366939671 0.8086075186729431 5742
1771366939737 0.6860103011131287 5743
1771366939884 0.5980678200721741 5744
1771366939952 0.3540724813938141 5745
1771366940019 0.5427002906799316 5746
1771366940085 0.761297345161438 5747
1771366940151 0.7744532227516174 5748
1771366940216 0.612616240978241 5749
1771366940283 0.2322356104850769 5750
1771366940349 1.01304030418396 5751
1771366940417 0.5594709515571594 5752
1771366940546 1.101890206336975 5753
1771366940613 0.42375484108924866 5754
1771366940680 1.066240668296814 5755
1771366940746 1.1055587530136108 5756
1771366940812 0.5282723903656006 5757
1771366940879 0.4258386194705963 5758
1771366940946 0.7186436057090759 5759
1771366941013 0.7377083897590637 5760
1771366941080 0.5975143313407898 5761
1771366941211 0.36429762840270996 5762
1771366941279 0.5876851081848145 5763
1771366941345 0.8226617574691772 5764
1771366941411 0.5445271134376526 5765
1771366941477 0.5519108176231384 5766
1771366941543 0.20461337268352509 5767
1771366941609 0.7404446005821228 5768
1771366941675 0.5022833347320557 5769
1771366941742 0.5892412662506104 5770
1771366941809 0.6905918717384338 5771
1771366941880 0.5363731384277344 5772
1771366942016 0.1497202217578888 5773
1771366942083 0.9016886949539185 5774
1771366942150 0.5838783979415894 5775
1771366942216 0.4052257239818573 5776
1771366942283 0.21102860569953918 5777
1771366942349 1.0873323678970337 5778
1771366942416 1.4126328229904175 5779
1771366942483 1.2669535875320435 5780
1771366942550 1.019437551498413 5781
1771366942618 0.8806104063987732 5782
1771366942757 1.077653408050537 5783
1771366942825 0.6136497259140015 5784
1771366942893 0.7031460404396057 5785
1771366942959 0.8663752675056458 5786
1771366943027 0.5377193689346313 5787
1771366943094 0.889328122138977 5788
1771366943162 0.47095605731010437 5789
1771366943232 0.5035082101821899 5790
1771366943300 0.7282801866531372 5791
1771366943366 0.5873506665229797 5792
1771366943508 0.6914410591125488 5793
1771366943574 0.5537427663803101 5794
1771366943641 0.37435588240623474 5795
1771366943709 0.31164970993995667 5796
1771366943778 0.7162052392959595 5797
1771366943845 0.7573487162590027 5798
1771366943914 0.33387139439582825 5799
1771366943986 0.789476752281189 5800
1771366944053 1.262953519821167 5801
1771366944192 0.5074220895767212 5802
1771366944262 0.36589571833610535 5803
1771366944330 0.810130774974823 5804
1771366944396 0.3396442234516144 5805
1771366944462 0.4696927070617676 5806
1771366944530 0.4324418008327484 5807
1771366944596 0.5630640387535095 5808
1771366944661 0.5205047726631165 5809
1771366944730 0.3740861117839813 5810
1771366944796 0.71699059009552 5811
1771366944929 0.4448411464691162 5812
1771366944997 0.39294877648353577 5813
1771366945064 0.41382524371147156 5814
1771366945130 0.5419927835464478 5815
1771366945196 1.0292290449142456 5816
1771366945271 0.5366244912147522 5817
1771366945338 0.88849276304245 5818
1771366945405 0.6743891835212708 5819
1771366945473 0.46163150668144226 5820
1771366945541 1.0672277212142944 5821
1771366945609 0.5786844491958618 5822
1771366945771 0.6104018688201904 5823
1771366945838 0.4866364896297455 5824
1771366945905 0.6002551913261414 5825
1771366945972 0.893965482711792 5826
1771366946046 0.9270625710487366 5827
1771366946112 0.5540552735328674 5828
1771366946179 0.29488566517829895 5829
1771366946246 0.6250193119049072 5830
1771366946320 0.4602036476135254 5831
1771366946454 0.3627530336380005 5832
1771366946523 0.3730113208293915 5833
1771366946591 0.5846537947654724 5834
1771366946663 0.7830637693405151 5835
1771366946730 0.6692672967910767 5836
1771366946796 0.8714298009872437 5837
1771366946863 0.6206991672515869 5838
1771366946931 1.0062705278396606 5839
1771366946998 0.9989680051803589 5840
1771366947129 1.0478687286376953 5841
1771366947197 0.5682203769683838 5842
1771366947265 0.4225694239139557 5843
1771366947332 0.5957598686218262 5844
1771366947398 0.660731852054596 5845
1771366947465 0.874728798866272 5846
1771366947532 0.2140141874551773 5847
1771366947599 0.8754591941833496 5848
1771366947669 0.6130512952804565 5849
1771366947741 0.9984883666038513 5850
1771366947808 0.6133497953414917 5851
1771366947952 0.8068786263465881 5852
1771366948019 0.3937217891216278 5853
1771366948093 0.8907471895217896 5854
1771366948160 0.6488659977912903 5855
1771366948229 0.9968129396438599 5856
1771366948297 0.4838167428970337 5857
1771366948364 0.7328878045082092 5858
1771366948431 0.6704879403114319 5859
1771366948499 0.4410780966281891 5860
1771366948566 0.745205819606781 5861
1771366948700 0.5547120571136475 5862
1771366948768 0.5816502571105957 5863
1771366948835 1.0722192525863647 5864
1771366948903 0.7076917886734009 5865
1771366948971 0.7300878167152405 5866
1771366949038 0.6014037132263184 5867
1771366949106 0.7076690793037415 5868
1771366949174 0.47111621499061584 5869
1771366949242 0.2472970336675644 5870
1771366949310 0.3509094715118408 5871
1771366949442 0.3974480926990509 5872
1771366949509 0.2592468559741974 5873
1771366949578 0.32857513427734375 5874
1771366949645 0.5198045372962952 5875
1771366949712 0.7763683795928955 5876
1771366949784 0.5319032669067383 5877
1771366949851 0.48777782917022705 5878
1771366949918 0.6086311936378479 5879
1771366949987 0.5108926296234131 5880
1771366950121 0.7783069014549255 5881
1771366950193 0.6845687031745911 5882
1771366950260 0.4123525023460388 5883
1771366950326 0.6869872808456421 5884
1771366950393 0.4970305562019348 5885
1771366950461 0.49275556206703186 5886
1771366950528 0.32713955640792847 5887
1771366950595 0.329197496175766 5888
1771366950663 0.5682727098464966 5889
1771366950731 0.8384785652160645 5890
1771366950867 0.9267792701721191 5891
1771366950936 0.8395177721977234 5892
1771366951003 0.7159144282341003 5893
1771366951069 0.6706563234329224 5894
1771366951135 0.4725834131240845 5895
1771366951203 0.24027946591377258 5896
1771366951270 0.6644238829612732 5897
1771366951337 0.6242480874061584 5898
1771366951404 0.6396431922912598 5899
1771366951470 0.9507185816764832 5900
1771366951537 0.6802862286567688 5901
1771366951677 0.504521906375885 5902
1771366951744 0.41294166445732117 5903
1771366951811 0.4205799400806427 5904
1771366951878 0.8747219443321228 5905
1771366951946 0.694504976272583 5906
1771366952015 0.30116942524909973 5907
1771366952082 0.7709231376647949 5908
1771366952149 1.0325970649719238 5909
1771366952216 0.6350104212760925 5910
1771366952354 0.9519971013069153 5911
1771366952423 0.2736886143684387 5912
1771366952490 0.800179123878479 5913
1771366952558 0.14989975094795227 5914
1771366952626 0.5247681140899658 5915
1771366952696 0.2962000072002411 5916
1771366952766 0.6661964654922485 5917
1771366952838 0.8197361826896667 5918
1771366952913 0.6883058547973633 5919
1771366953052 0.5165501236915588 5920
1771366953121 0.7142447829246521 5921
1771366953189 0.5825053453445435 5922
1771366953259 0.6402966976165771 5923
1771366953330 0.6149204969406128 5924
1771366953399 0.31959113478660583 5925
1771366953467 0.2696757912635803 5926
1771366953534 0.6380698680877686 5927
1771366953601 1.2025073766708374 5928
1771366953668 1.0674469470977783 5929
1771366953736 0.7436283230781555 5930
1771366953869 0.6966185569763184 5931
1771366953936 0.9670814275741577 5932
1771366954003 0.417262464761734 5933
1771366954071 0.5553368926048279 5934
1771366954140 0.9651260375976562 5935
1771366954207 0.5684163570404053 5936
1771366954274 0.3301604390144348 5937
1771366954348 0.339569628238678 5938
1771366954415 0.8795249462127686 5939
1771366954482 0.8609229326248169 5940
1771366954549 0.12740254402160645 5941
1771366954682 0.7756388187408447 5942
1771366954751 0.6868924498558044 5943
1771366954818 0.5299372673034668 5944
1771366954886 0.5469313263893127 5945
1771366954953 0.45044657588005066 5946
1771366955020 0.8180468082427979 5947
1771366955087 0.35593920946121216 5948
1771366955155 0.5803776979446411 5949
1771366955222 0.9666401743888855 5950
1771366955289 0.12068653851747513 5951
1771366955362 0.725999116897583 5952
1771366955497 0.8280208110809326 5953
1771366955566 0.5769222974777222 5954
1771366955634 0.9894652962684631 5955
1771366955702 0.5816536545753479 5956
1771366955773 0.24089115858078003 5957
1771366955841 0.5471327304840088 5958
1771366955908 0.31447914242744446 5959
1771366955975 0.4408467710018158 5960
1771366956042 0.7882823944091797 5961
1771366956109 0.19205783307552338 5962
1771366956177 0.5421515703201294 5963
1771366956314 0.41835057735443115 5964
1771366956388 0.6799885630607605 5965
1771366956463 1.0351393222808838 5966
1771366956532 0.244040384888649 5967
1771366956602 0.7174582481384277 5968
1771366956670 0.30656132102012634 5969
1771366956738 0.895846962928772 5970
1771366956809 0.4530123770236969 5971
1771366956877 0.8439886569976807 5972
1771366956945 0.24398066103458405 5973
1771366957012 1.2688168287277222 5974
1771366957080 0.4163888990879059 5975
1771366957218 0.9228718280792236 5976
1771366957286 0.7950158715248108 5977
1771366957356 0.4010779857635498 5978
1771366957424 0.4375169575214386 5979
1771366957492 0.6361956596374512 5980
1771366957561 0.4784538447856903 5981
1771366957629 0.589606523513794 5982
1771366957697 0.7663547992706299 5983
1771366957764 1.0186887979507446 5984
1771366957834 0.7713678479194641 5985
1771366957967 0.4917479157447815 5986
1771366958037 0.8152057528495789 5987
1771366958105 0.752223789691925 5988
1771366958174 1.1960408687591553 5989
1771366958242 0.3411876857280731 5990
1771366958310 0.28260526061058044 5991
1771366958377 0.5242177248001099 5992
1771366958446 1.1813474893569946 5993
1771366958528 0.34240925312042236 5994
1771366958596 0.5638678073883057 5995
1771366958735 0.828611433506012 5996
1771366958803 0.42925286293029785 5997
1771366958870 1.1117374897003174 5998
1771366958939 0.42585575580596924 5999
1771366959008 0.39065855741500854 6000
1771366959078 0.45369794964790344 6001
1771366959146 0.3476594090461731 6002
1771366959215 0.5906320810317993 6003
1771366959356 0.3155747056007385 6004
1771366959424 0.5788834691047668 6005
1771366959494 1.095949649810791 6006
1771366959562 0.802254319190979 6007
1771366959628 0.8057768940925598 6008
1771366959696 0.7739792466163635 6009
1771366959763 0.7197924256324768 6010
1771366959831 0.6859527826309204 6011
1771366959898 0.45111069083213806 6012
1771366960032 0.16838502883911133 6013
1771366960103 0.38474971055984497 6014
1771366960171 0.43351876735687256 6015
1771366960238 0.928220808506012 6016
1771366960305 0.3879358768463135 6017
1771366960373 0.8265791535377502 6018
1771366960441 0.4930972754955292 6019
1771366960508 0.2772858142852783 6020
1771366960588 0.4107954502105713 6021
1771366960658 0.6022255420684814 6022
1771366960796 0.28916260600090027 6023
1771366960864 0.8086283802986145 6024
1771366960933 0.3012666404247284 6025
1771366960999 0.613193690776825 6026
1771366961068 0.16006885468959808 6027
1771366961135 1.2904163599014282 6028
1771366961201 0.48618224263191223 6029
1771366961268 0.8054397702217102 6030
1771366961400 0.7253501415252686 6031
1771366961470 0.23811405897140503 6032
1771366961539 0.8263574242591858 6033
1771366961606 0.44159308075904846 6034
1771366961674 0.7303369045257568 6035
1771366961742 0.6864206790924072 6036
1771366961813 0.2895941436290741 6037
1771366961883 0.72695392370224 6038
1771366961951 1.0742228031158447 6039
1771366962095 0.7856031656265259 6040
1771366962165 0.657735288143158 6041
1771366962235 0.6288985013961792 6042
1771366962305 0.25259339809417725 6043
1771366962375 0.8119229674339294 6044
1771366962445 0.26379159092903137 6045
1771366962515 1.1768826246261597 6046
1771366962586 0.3817843198776245 6047
1771366962733 1.0201952457427979 6048
1771366962806 0.3174762427806854 6049
1771366962875 1.0491440296173096 6050
1771366962945 0.33933255076408386 6051
1771366963015 0.6573063135147095 6052
1771366963082 0.3858373463153839 6053
1771366963149 0.6222060322761536 6054
1771366963218 0.5112656354904175 6055
1771366963285 0.5768448114395142 6056
1771366963434 0.5256965756416321 6057
1771366963501 0.4106091260910034 6058
1771366963568 0.20598559081554413 6059
1771366963635 0.5230552554130554 6060
1771366963703 0.535316526889801 6061
1771366963770 0.7852039933204651 6062
1771366963838 0.6768262982368469 6063
1771366963906 0.5537957549095154 6064
1771366964040 0.7465390563011169 6065
1771366964108 0.352275013923645 6066
1771366964176 0.5109137892723083 6067
1771366964243 0.7182006239891052 6068
1771366964310 0.7874634861946106 6069
1771366964379 0.8433984518051147 6070
1771366964449 0.5761617422103882 6071
1771366964521 0.35995450615882874 6072
1771366964589 0.6763305068016052 6073
1771366964740 0.4200834333896637 6074
1771366964811 1.1621103286743164 6075
1771366964881 0.5637726187705994 6076
1771366964949 0.9630739092826843 6077
1771366965017 0.3278610110282898 6078
1771366965085 1.3013205528259277 6079
1771366965154 0.5590677261352539 6080
1771366965223 0.6447151303291321 6081
1771366965359 0.40857386589050293 6082
1771366965429 0.4726470708847046 6083
1771366965502 0.6726556420326233 6084
1771366965570 0.36305928230285645 6085
1771366965638 0.6465991735458374 6086
1771366965706 0.4334629774093628 6087
1771366965774 0.4783855676651001 6088
1771366965842 0.5120079517364502 6089
1771366965912 0.42732059955596924 6090
1771366966053 1.233558177947998 6091
1771366966122 0.8423234224319458 6092
1771366966190 0.9859274625778198 6093
1771366966257 0.7481026649475098 6094
1771366966325 0.7051737308502197 6095
1771366966391 0.3976351320743561 6096
1771366966622 0.5447409152984619 6097
1771366966694 0.44091418385505676 6098
1771366966763 0.17063656449317932 6099
1771366966841 0.3469044864177704 6100
1771366966910 0.2836178243160248 6101
1771366966980 0.8491092324256897 6102
1771366967048 0.3388022780418396 6103
1771366967116 1.0423895120620728 6104
1771366967185 0.8801039457321167 6105
1771366967323 0.7533767223358154 6106
1771366967392 0.29677528142929077 6107
1771366967468 0.8224658966064453 6108
1771366967536 0.7841039299964905 6109
1771366967605 0.43466752767562866 6110
1771366967675 0.6785491108894348 6111
1771366967743 0.599687397480011 6112
1771366967814 0.7372541427612305 6113
1771366967952 0.657626748085022 6114
1771366968024 0.8825527429580688 6115
1771366968095 1.1769133806228638 6116
1771366968164 0.6449282169342041 6117
1771366968233 0.5085769295692444 6118
1771366968301 0.9206569194793701 6119
1771366968371 0.7300027012825012 6120
1771366968439 0.629676342010498 6121
1771366968511 0.8502710461616516 6122
1771366968660 0.41711530089378357 6123
1771366968730 0.5046560168266296 6124
1771366968799 0.717993438243866 6125
1771366968875 0.6841675043106079 6126
1771366968947 0.6380818486213684 6127
1771366969017 0.3415707051753998 6128
1771366969086 0.6248406767845154 6129
1771366969154 0.9408521056175232 6130
1771366969290 0.5856165885925293 6131
1771366969361 0.28119632601737976 6132
1771366969433 0.7540512084960938 6133
1771366969505 0.5961287617683411 6134
1771366969574 0.5817112922668457 6135
1771366969643 0.5687203407287598 6136
1771366969711 0.680755615234375 6137
1771366969779 0.7142004370689392 6138
1771366969849 0.8377782106399536 6139
1771366969985 0.46271854639053345 6140
1771366970055 1.013447880744934 6141
1771366970123 0.7263317108154297 6142
1771366970190 0.38716933131217957 6143
1771366970257 0.38292309641838074 6144
1771366970326 0.49880436062812805 6145
1771366970394 0.7377917170524597 6146
1771366970463 0.6486023664474487 6147
1771366970600 0.3546071946620941 6148
1771366970669 0.38265547156333923 6149
1771366970738 0.2981165945529938 6150
1771366970807 0.2597618103027344 6151
1771366970875 0.5111956596374512 6152
1771366970949 0.6417971849441528 6153
1771366971020 0.7787490487098694 6154
1771366971091 1.0329586267471313 6155
1771366971158 0.8782942891120911 6156
1771366971297 0.7880734801292419 6157
1771366971367 0.37022387981414795 6158
1771366971437 0.4428762197494507 6159
1771366971506 0.861792266368866 6160
1771366971574 1.095857858657837 6161
1771366971642 0.49395203590393066 6162
1771366971710 0.3140179216861725 6163
1771366971778 0.2654188275337219 6164
1771366971913 0.3731572926044464 6165
1771366971983 0.3836987614631653 6166
1771366972052 0.7532205581665039 6167
1771366972121 0.5220112204551697 6168
1771366972189 0.83504319190979 6169
1771366972257 0.3512864410877228 6170
1771366972326 0.563850462436676 6171
1771366972396 0.5986735224723816 6172
1771366972472 0.7594276666641235 6173
1771366972615 0.3277052938938141 6174
1771366972685 1.1900246143341064 6175
1771366972754 0.9601646661758423 6176
1771366972823 0.7380122542381287 6177
1771366972893 0.21948747336864471 6178
1771366972961 0.507763147354126 6179
1771366973037 0.6645806431770325 6180
1771366973107 0.4322095513343811 6181
1771366973246 0.456563264131546 6182
1771366973318 0.224266916513443 6183
1771366973392 0.5210286974906921 6184
1771366973461 0.5548264384269714 6185
1771366973534 0.579495906829834 6186
1771366973602 0.21217362582683563 6187
1771366973671 0.8828872442245483 6188
1771366973739 0.4986325204372406 6189
1771366973807 0.7337213158607483 6190
1771366973944 1.0989409685134888 6191
1771366974015 0.28731223940849304 6192
1771366974083 0.5083633065223694 6193
1771366974152 0.994434118270874 6194
1771366974221 0.34542638063430786 6195
1771366974290 0.5341978073120117 6196
1771366974362 0.9437291026115417 6197
1771366974436 0.6613785028457642 6198
1771366974574 0.4832490086555481 6199
1771366974643 0.5910972356796265 6200
1771366974711 0.5800034999847412 6201
1771366974780 0.5198591351509094 6202
1771366974851 0.6020254492759705 6203
1771366974921 0.6702445149421692 6204
1771366974990 0.6162705421447754 6205
1771366975059 0.33378586173057556 6206
1771366975136 0.17919978499412537 6207
1771366975296 0.3356206715106964 6208
1771366975365 0.597072184085846 6209
1771366975441 0.31161436438560486 6210
1771366975512 0.5858358144760132 6211
1771366975580 0.7218532562255859 6212
1771366975648 1.0166230201721191 6213
1771366975717 0.3089699149131775 6214
1771366975785 0.8527621030807495 6215
1771366975921 0.3419232964515686 6216
1771366975991 0.4593369662761688 6217
1771366976059 0.9071793556213379 6218
1771366976127 0.24115897715091705 6219
1771366976196 0.9812602400779724 6220
1771366976264 0.9783849716186523 6221
1771366976332 0.42624786496162415 6222
1771366976400 0.7294545769691467 6223
1771366976472 0.8107709288597107 6224
1771366976606 1.189111351966858 6225
1771366976674 1.4588282108306885 6226
1771366976742 0.28521060943603516 6227
1771366976810 0.5321956872940063 6228
1771366976880 0.3938630223274231 6229
1771366976949 0.626500129699707 6230
1771366977021 1.1647900342941284 6231
1771366977090 0.8382092118263245 6232
1771366977234 0.9634043574333191 6233
1771366977305 0.5860452651977539 6234
1771366977375 0.6160959005355835 6235
1771366977445 0.7203596830368042 6236
1771366977513 0.7179285287857056 6237
1771366977582 0.6510100960731506 6238
1771366977650 0.47977691888809204 6239
1771366977719 0.41980069875717163 6240
1771366977788 0.8467742204666138 6241
1771366977930 0.3307116627693176 6242
1771366978000 0.9345486760139465 6243
1771366978069 0.6000440716743469 6244
1771366978137 0.6292160749435425 6245
1771366978206 0.5674911141395569 6246
1771366978274 1.1423753499984741 6247
1771366978342 0.3638785481452942 6248
1771366978411 0.36767512559890747 6249
1771366978544 0.633358895778656 6250
1771366978614 0.14815209805965424 6251
1771366978683 0.308875173330307 6252
1771366978751 0.825633704662323 6253
1771366978820 0.3412500321865082 6254
1771366978888 0.6350576877593994 6255
1771366978957 0.6554003953933716 6256
1771366979027 0.36819708347320557 6257
1771366979096 0.8732426762580872 6258
1771366979229 0.920775830745697 6259
1771366979301 0.6569666862487793 6260
1771366979370 1.1856780052185059 6261
1771366979439 0.7182261943817139 6262
1771366979507 0.348727822303772 6263
1771366979575 0.19786593317985535 6264
1771366979643 0.39184054732322693 6265
1771366979711 0.7128753662109375 6266
1771366979846 0.3385796546936035 6267
1771366979922 0.22843404114246368 6268
1771366979995 0.46859511733055115 6269
1771366980064 0.7533249855041504 6270
1771366980134 0.5099132061004639 6271
1771366980204 0.48042845726013184 6272
1771366980274 0.8052812814712524 6273
1771366980343 0.8932015299797058 6274
1771366980413 0.7970030307769775 6275
1771366980552 0.8531473278999329 6276
1771366980621 0.6796688437461853 6277
1771366980690 0.3008876442909241 6278
1771366980760 0.848619282245636 6279
1771366980829 0.9085844159126282 6280
1771366980902 0.5443801879882812 6281
1771366980971 0.10290391743183136 6282
1771366981042 0.6718354225158691 6283
1771366981178 0.7413053512573242 6284
1771366981248 0.6322715282440186 6285
1771366981317 0.9107493162155151 6286
1771366981391 0.6373315453529358 6287
1771366981459 0.8449987769126892 6288
1771366981529 1.0388929843902588 6289
1771366981600 0.6975433826446533 6290
1771366981668 0.7467787861824036 6291
1771366981736 0.29005730152130127 6292
1771366981872 0.4309246838092804 6293
1771366981943 0.6185418963432312 6294
1771366982015 0.8050556778907776 6295
1771366982086 0.43113309144973755 6296
1771366982157 0.41287899017333984 6297
1771366982226 0.47904518246650696 6298
1771366982296 0.35376498103141785 6299
1771366982367 0.2967134714126587 6300
1771366982437 0.748790979385376 6301
1771366982577 0.8695337176322937 6302
1771366982651 0.6493731141090393 6303
1771366982721 0.36400750279426575 6304
1771366982790 0.4676249921321869 6305
1771366982860 0.2771807312965393 6306
1771366982929 0.7134721875190735 6307
1771366982999 0.6535840034484863 6308
1771366983069 0.698612630367279 6309
1771366983208 0.8047503232955933 6310
1771366983280 0.3363218903541565 6311
1771366983351 0.7753155827522278 6312
1771366983421 1.0096901655197144 6313
1771366983495 0.7037917971611023 6314
1771366983565 0.3954835832118988 6315
1771366983636 1.6169675588607788 6316
1771366983705 1.1331632137298584 6317
1771366983774 0.5336710214614868 6318
1771366983912 0.7938589453697205 6319
1771366983984 0.808834969997406 6320
1771366984054 0.5467866063117981 6321
1771366984123 1.2270431518554688 6322
1771366984192 0.5335187911987305 6323
1771366984261 0.6599823832511902 6324
1771366984330 0.45163270831108093 6325
1771366984400 0.5717419981956482 6326
1771366984469 0.2577037513256073 6327
1771366984610 0.3816106915473938 6328
1771366984680 0.5863149762153625 6329
1771366984749 1.2069679498672485 6330
1771366984818 0.3853064179420471 6331
1771366984888 0.9377723336219788 6332
1771366984957 0.777649462223053 6333
1771366985025 0.8903242945671082 6334
1771366985094 0.47512921690940857 6335
1771366985163 0.781975269317627 6336
1771366985298 0.25938689708709717 6337
1771366985366 0.9917123317718506 6338
1771366985435 0.8376384377479553 6339
1771366985508 0.0906028300523758 6340
1771366985582 0.646727979183197 6341
1771366985651 0.5458505749702454 6342
1771366985722 0.6096158623695374 6343
1771366985792 0.7272046804428101 6344
1771366985861 0.25852376222610474 6345
1771366986002 1.078946590423584 6346
1771366986072 0.381302148103714 6347
1771366986142 0.8018411993980408 6348
1771366986212 0.4838583767414093 6349
1771366986283 0.695816159248352 6350
1771366986352 0.6389918923377991 6351
1771366986422 0.3123489022254944 6352
1771366986491 0.2669742703437805 6353
1771366986564 0.13629357516765594 6354
1771366986700 0.5064792633056641 6355
1771366986770 0.7016090750694275 6356
1771366986839 0.6457754969596863 6357
1771366986911 0.6751298904418945 6358
1771366986981 0.5235593318939209 6359
1771366987051 0.4813879430294037 6360
1771366987120 0.5434574484825134 6361
1771366987190 0.8286464214324951 6362
1771366987326 0.6290594935417175 6363
1771366987396 0.6443231701850891 6364
1771366987466 0.8256628513336182 6365
1771366987539 0.373725950717926 6366
1771366987611 0.575839638710022 6367
1771366987681 0.7758997678756714 6368
1771366987752 0.38618630170822144 6369
1771366987887 0.9186968803405762 6370
1771366987959 0.8669638633728027 6371
1771366988030 0.6993754506111145 6372
1771366988102 0.3286462724208832 6373
1771366988172 0.3738894462585449 6374
1771366988241 0.7766479849815369 6375
1771366988310 0.8587876558303833 6376
1771366988451 0.4557298719882965 6377
1771366988522 0.6674424409866333 6378
1771366988591 0.32828930020332336 6379
1771366988660 0.9463865756988525 6380
1771366988730 0.9092766046524048 6381
1771366988801 0.5212010145187378 6382
1771366988871 0.6213319897651672 6383
1771366988940 0.6412424445152283 6384
1771366989009 0.7106978297233582 6385
1771366989078 0.4104825556278229 6386
1771366989211 0.7630481123924255 6387
1771366989282 0.6086400151252747 6388
1771366989351 0.4400780200958252 6389
1771366989419 1.0657933950424194 6390
1771366989487 0.7965315580368042 6391
1771366989555 0.25205451250076294 6392
1771366989625 0.3384707272052765 6393
1771366989696 0.26206648349761963 6394
1771366989763 0.2593599557876587 6395
1771366989831 0.3853669762611389 6396
1771366989969 0.722074568271637 6397
1771366990040 0.7311930656433105 6398
1771366990110 0.7059848308563232 6399
1771366990180 0.4848088324069977 6400
1771366990249 0.25996705889701843 6401
1771366990318 0.4463065266609192 6402
1771366990387 0.6449538469314575 6403
1771366990457 0.39214906096458435 6404
1771366990596 0.34646719694137573 6405
1771366990667 0.745049238204956 6406
1771366990737 1.0989820957183838 6407
1771366990808 0.621246874332428 6408
1771366990877 0.37181010842323303 6409
1771366990947 0.4536493718624115 6410
1771366991016 0.6598445773124695 6411
1771366991086 0.7175177931785583 6412
1771366991220 0.3165992498397827 6413
1771366991290 0.8117199540138245 6414
1771366991361 0.4012220799922943 6415
1771366991432 0.8293497562408447 6416
1771366991501 0.8037214875221252 6417
1771366991571 0.9409106969833374 6418
1771366991641 0.591955840587616 6419
1771366991714 0.672516942024231 6420
1771366991850 0.6760607361793518 6421
1771366991923 0.3904646635055542 6422
1771366991994 0.8450027108192444 6423
1771366992066 0.47786960005760193 6424
1771366992137 0.5887436866760254 6425
1771366992208 0.789972722530365 6426
1771366992280 0.48973360657691956 6427
1771366992430 0.8456532955169678 6428
1771366992501 0.24489106237888336 6429
1771366992572 0.3717270791530609 6430
1771366992643 0.2992634177207947 6431
1771366992715 0.3572739362716675 6432
1771366992784 0.7876108884811401 6433
1771366992854 0.6191272139549255 6434
1771366992927 0.20015642046928406 6435
1771366992997 0.7204114198684692 6436
1771366993068 0.7025408148765564 6437
1771366993213 0.2886124551296234 6438
1771366993285 1.217705249786377 6439
1771366993355 0.5773036479949951 6440
1771366993428 0.48686274886131287 6441
1771366993498 0.2600271701812744 6442
1771366993568 0.7684442400932312 6443
1771366993638 0.746204137802124 6444
1771366993708 0.4245707094669342 6445
1771366993779 0.48486271500587463 6446
1771366993947 0.4348675608634949 6447
1771366994019 0.6081225872039795 6448
1771366994089 0.13795208930969238 6449
1771366994161 0.9579673409461975 6450
1771366994234 0.5152968764305115 6451
1771366994304 0.6542340517044067 6452
1771366994375 1.0189181566238403 6453
1771366994451 0.5811843872070312 6454
1771366994521 0.8693298697471619 6455
1771366994659 0.946431040763855 6456
1771366994730 0.5015836954116821 6457
1771366994802 0.37883830070495605 6458
1771366994873 0.551220715045929 6459
1771366994945 0.7765367031097412 6460
1771366995016 0.5987359881401062 6461
1771366995086 0.42022255063056946 6462
1771366995156 0.562816858291626 6463
1771366995292 0.4095127284526825 6464
1771366995363 0.2671312093734741 6465
1771366995434 0.5789522528648376 6466
1771366995509 0.6674471497535706 6467
1771366995579 1.0396802425384521 6468
1771366995649 0.279489129781723 6469
1771366995719 0.3378424048423767 6470
1771366995856 0.462979793548584 6471
1771366995929 0.578495979309082 6472
1771366996000 0.7704631090164185 6473
1771366996070 0.5888113975524902 6474
1771366996141 0.3576435148715973 6475
1771366996212 0.6026683449745178 6476
1771366996282 0.5746493935585022 6477
1771366996418 0.6433039307594299 6478
1771366996491 0.32089269161224365 6479
1771366996563 0.3460317850112915 6480
1771366996634 0.7861009836196899 6481
1771366996706 0.8642853498458862 6482
1771366996777 0.9800158739089966 6483
1771366996848 0.44795137643814087 6484
1771366996919 0.49478399753570557 6485
1771366996989 0.8079709410667419 6486
1771366997060 0.5877572894096375 6487
1771366997195 0.36264604330062866 6488
1771366997268 0.4114118218421936 6489
1771366997339 0.5682764053344727 6490
1771366997411 0.6263591647148132 6491
1771366997481 0.940812885761261 6492
1771366997552 1.475777268409729 6493
1771366997623 0.5776728987693787 6494
1771366997693 0.6427102088928223 6495
1771366997762 0.6128178238868713 6496
1771366997831 0.9419162273406982 6497
1771366997974 0.9315354824066162 6498
1771366998047 0.48572614789009094 6499
1771366998117 0.4156219959259033 6500
1771366998190 0.4037682116031647 6501
1771366998262 0.533738374710083 6502
1771366998332 0.7086215615272522 6503
1771366998401 0.4737335741519928 6504
1771366998468 0.7723357081413269 6505
1771366998618 0.45908090472221375 6506
1771366998689 1.504787802696228 6507
1771366998759 1.0526593923568726 6508
1771366998828 0.5826205611228943 6509
1771366998896 0.1495521366596222 6510
1771366998968 0.7955782413482666 6511
1771366999039 0.7250863313674927 6512
1771366999109 1.035584568977356 6513
1771366999254 0.3833143413066864 6514
1771366999325 0.6921404600143433 6515
1771366999395 0.7779941558837891 6516
1771366999464 0.7276990413665771 6517
1771366999535 0.7472342252731323 6518
1771366999606 0.6863962411880493 6519
1771366999675 0.7278264164924622 6520
1771366999744 0.9084559082984924 6521
1771366999879 1.387668251991272 6522
1771366999951 0.5443652272224426 6523
1771367000023 1.2008824348449707 6524
1771367000092 0.7548924684524536 6525
1771367000161 0.3110482394695282 6526
1771367000232 0.7004260420799255 6527
1771367000301 0.5669754147529602 6528
1771367000437 0.5350278615951538 6529
1771367000507 0.9438241720199585 6530
1771367000577 0.8137027025222778 6531
1771367000647 0.5000698566436768 6532
1771367000718 0.747996985912323 6533
1771367000787 0.9199170470237732 6534
1771367000859 1.1748937368392944 6535
1771367000928 0.19056211411952972 6536
1771367000997 0.31965240836143494 6537
1771367001066 0.6397036910057068 6538
1771367001201 0.5831000208854675 6539
1771367001271 0.6320338249206543 6540
1771367001341 0.7831123471260071 6541
1771367001410 0.14255277812480927 6542
1771367001479 0.49486586451530457 6543
1771367001549 0.43839338421821594 6544
1771367001618 0.6195666193962097 6545
1771367001688 0.12053794413805008 6546
1771367001758 0.7102302312850952 6547
1771367001894 0.20733642578125 6548
1771367001966 0.650374174118042 6549
1771367002042 0.7353131175041199 6550
1771367002114 0.4678879380226135 6551
1771367002183 0.5030128955841064 6552
1771367002253 0.45028144121170044 6553
1771367002322 0.6582525968551636 6554
1771367002394 0.2563301622867584 6555
1771367002464 0.25861093401908875 6556
1771367002613 0.6696769595146179 6557
1771367002684 0.23463892936706543 6558
1771367002754 0.5453405380249023 6559
1771367002824 0.7700862884521484 6560
1771367002893 0.5704650282859802 6561
1771367002963 1.0550674200057983 6562
1771367003033 0.9172694087028503 6563
1771367003102 0.971032440662384 6564
1771367003238 0.4628761112689972 6565
1771367003407 0.5366605520248413 6566
1771367003478 0.9970148205757141 6567
1771367003548 0.3581096827983856 6568
1771367003618 0.7849527597427368 6569
1771367003755 0.5669655799865723 6570
1771367003825 1.1226316690444946 6571
1771367003895 0.8859249949455261 6572
1771367003968 0.5916444659233093 6573
1771367004040 0.3916386365890503 6574
1771367004110 0.354528546333313 6575
1771367004183 0.3140633702278137 6576
