1771366903968 1.0313153266906738 0
1771366904009 0.8904069662094116 1
1771366904051 0.9440686702728271 2
1771366904090 0.9617045521736145 3
1771366904131 0.8791705369949341 4
1771366904170 0.8561437129974365 5
1771366904209 0.9499897360801697 6
1771366904247 0.9417863488197327 7
1771366904287 1.1106294393539429 8
1771366904326 2.009777545928955 9
1771366904369 1.356207251548767 10
1771366904409 0.7854015827178955 11
1771366904453 0.7611602544784546 12
1771366904495 0.7451207041740417 13
1771366904535 0.6675631999969482 14
1771366904575 0.6700991988182068 15
1771366904614 0.600795328617096 16
1771366904654 0.6883631348609924 17
1771366904693 0.9870167374610901 18
1771366904732 0.6758710145950317 19
1771366904770 0.7425827383995056 20
1771366904808 0.7785500884056091 21
1771366904848 0.6300579905509949 22
1771366904886 1.5162750482559204 23
1771366904925 1.704262137413025 24
1771366904967 1.9806101322174072 25
1771366905007 1.7563400268554688 26
1771366905046 1.948929786682129 27
1771366905085 2.08781361579895 28
1771366905124 1.0160051584243774 29
1771366905162 0.602008581161499 30
1771366905201 0.9516189694404602 31
1771366905240 1.054978609085083 32
1771366905278 0.8348240256309509 33
1771366905317 0.5773473978042603 34
1771366905355 0.7582581043243408 35
1771366905398 0.5498255491256714 36
1771366905437 0.5782172083854675 37
1771366905476 1.0607414245605469 38
1771366905515 0.7769393920898438 39
1771366905554 0.6052870750427246 40
1771366905593 0.6236029863357544 41
1771366905632 0.7658408880233765 42
1771366905671 1.0104130506515503 43
1771366905709 1.1215484142303467 44
1771366905748 1.8749161958694458 45
1771366905787 1.3981764316558838 46
1771366905825 0.9890813827514648 47
1771366905866 1.6366864442825317 48
1771366905905 0.6931998133659363 49
1771366905946 1.0207452774047852 50
1771366905986 0.8628439903259277 51
1771366906026 0.6339858174324036 52
1771366906065 0.8389497399330139 53
1771366906105 1.1599948406219482 54
1771366906144 0.6021062731742859 55
1771366906184 0.6282166838645935 56
1771366906225 0.8294519782066345 57
1771366906264 0.7677884101867676 58
1771366906303 0.7229113578796387 59
1771366906344 0.6585192084312439 60
1771366906383 0.5841553807258606 61
1771366906425 0.8697150349617004 62
1771366906466 1.5415641069412231 63
1771366906508 1.5166189670562744 64
1771366906552 1.0266004800796509 65
1771366906592 0.933436930179596 66
1771366906632 0.6834110021591187 67
1771366906673 1.1229937076568604 68
1771366906713 0.6260680556297302 69
1771366906752 0.6321553587913513 70
1771366906792 0.6048935651779175 71
1771366906831 0.7505398988723755 72
1771366906870 0.8993444442749023 73
1771366906909 1.0315953493118286 74
1771366906950 0.7221415638923645 75
1771366906990 0.7432267665863037 76
1771366907029 0.8575308918952942 77
1771366907068 0.802452027797699 78
1771366907107 0.5749713182449341 79
1771366907147 0.506460964679718 80
1771366907186 0.7892721891403198 81
1771366907226 1.1849830150604248 82
1771366907265 0.7073809504508972 83
1771366907303 0.7945997714996338 84
1771366907349 0.8790100812911987 85
1771366907394 0.8152569532394409 86
1771366907439 0.8967851400375366 87
1771366907482 1.0482591390609741 88
1771366907526 0.5464470982551575 89
1771366907571 0.9548926949501038 90
1771366907616 0.49903953075408936 91
1771366907659 0.7233683466911316 92
1771366907703 0.6501368880271912 93
1771366907747 0.820183277130127 94
1771366907791 0.6761232614517212 95
1771366907835 0.687006413936615 96
1771366907879 0.7089678049087524 97
1771366907920 0.7261670231819153 98
1771366907960 0.5708523392677307 99
1771366907999 0.5080180168151855 100
1771366908039 0.5455463528633118 101
1771366908080 0.7124584317207336 102
1771366908120 0.7112661004066467 103
1771366908160 0.6193530559539795 104
1771366908201 0.5492168068885803 105
1771366908242 1.0207781791687012 106
1771366908283 0.677099347114563 107
1771366908322 0.9687358140945435 108
1771366908361 1.3604809045791626 109
1771366908400 1.402165174484253 110
1771366908440 1.2956297397613525 111
1771366908479 0.8164111971855164 112
1771366908518 0.5890331864356995 113
1771366908557 0.8608233332633972 114
1771366908601 0.608429491519928 115
1771366908644 0.6739141941070557 116
1771366908690 1.0045441389083862 117
1771366908734 0.9004240036010742 118
1771366908779 0.6060567498207092 119
1771366908823 0.7873525023460388 120
1771366908867 0.7276148200035095 121
1771366908914 0.5981791615486145 122
1771366908961 0.7199606895446777 123
1771366909007 0.7002767324447632 124
1771366909052 0.8360334038734436 125
1771366909097 0.8364601731300354 126
1771366909144 0.9865220785140991 127
1771366909188 1.3453134298324585 128
1771366909233 0.8777214884757996 129
1771366909277 0.8649091124534607 130
1771366909322 0.7935188412666321 131
1771366909366 0.6577535271644592 132
1771366909410 0.6001638770103455 133
1771366909454 0.6541391015052795 134
1771366909498 0.7357881665229797 135
1771366909542 0.4900168180465698 136
1771366909586 0.6995651125907898 137
1771366909631 1.5108414888381958 138
1771366909675 1.5444427728652954 139
1771366909721 0.7096160650253296 140
1771366909766 0.6705328226089478 141
1771366909810 0.6204842329025269 142
1771366909853 0.9490077495574951 143
1771366909897 1.2198816537857056 144
1771366909939 0.625919759273529 145
1771366909980 0.7851859927177429 146
1771366910019 0.5528551936149597 147
1771366910058 0.7552153468132019 148
1771366910096 0.8646677136421204 149
1771366910137 1.044101595878601 150
1771366910176 0.7746680974960327 151
1771366910216 0.7922247648239136 152
1771366910255 0.7958385348320007 153
1771366910294 0.6797123551368713 154
1771366910334 0.5610395669937134 155
1771366910373 0.6852773427963257 156
1771366910412 0.9646127820014954 157
1771366910451 0.7570232152938843 158
1771366910489 0.862849771976471 159
1771366910529 1.2252049446105957 160
1771366910570 1.0188475847244263 161
1771366910610 0.6226633787155151 162
1771366910650 0.8202500939369202 163
1771366910694 0.6686875224113464 164
1771366910736 0.5381030440330505 165
1771366910776 0.6472360491752625 166
1771366910816 0.9447023868560791 167
1771366910856 0.7095211744308472 168
1771366910895 0.5440971851348877 169
1771366910935 0.8354452252388 170
1771366910975 0.7007004022598267 171
1771366911014 0.6200165748596191 172
1771366911054 0.7418593168258667 173
1771366911092 0.8047868013381958 174
1771366911132 0.9985744953155518 175
1771366911172 0.7851004004478455 176
1771366911217 0.5497291684150696 177
1771366911261 0.8116057515144348 178
1771366911308 0.6930919885635376 179
1771366911354 0.5690374374389648 180
1771366911398 0.6342765688896179 181
1771366911443 0.7203434109687805 182
1771366911487 0.6040612459182739 183
1771366911527 0.8168030381202698 184
1771366911567 0.5299273133277893 185
1771366911607 0.8528349995613098 186
1771366911646 0.7945578098297119 187
1771366911685 0.5895992517471313 188
1771366911725 0.8376210331916809 189
1771366911764 0.7211790680885315 190
1771366911803 0.8274238705635071 191
1771366911845 0.7844234108924866 192
1771366911886 0.6230111718177795 193
1771366911929 0.6232352256774902 194
1771366911968 0.6554266214370728 195
1771366912009 0.646681010723114 196
1771366912051 0.9702401161193848 197
1771366912091 1.2320963144302368 198
1771366912132 0.7914080619812012 199
1771366912172 0.6749983429908752 200
1771366912212 0.7252631783485413 201
1771366912252 0.5323536992073059 202
1771366912293 0.9624101519584656 203
1771366912332 1.129831314086914 204
1771366912373 0.6050028204917908 205
1771366912413 0.7436054348945618 206
1771366912453 0.7106804251670837 207
1771366912492 0.6334905624389648 208
1771366912534 1.0775978565216064 209
1771366912574 0.9600420594215393 210
1771366912613 0.7028085589408875 211
1771366912654 0.4567762017250061 212
1771366912694 0.6624183058738708 213
1771366912735 0.8082014322280884 214
1771366912780 1.0158464908599854 215
1771366912821 0.9017711877822876 216
1771366912862 0.6831101179122925 217
1771366912905 0.7204808592796326 218
1771366912946 0.9686786532402039 219
1771366912986 0.6530590653419495 220
1771366913028 1.0369375944137573 221
1771366913068 1.429075837135315 222
1771366913113 0.9845855832099915 223
1771366913159 1.0958104133605957 224
1771366913204 0.862446665763855 225
1771366913249 0.8247313499450684 226
1771366913294 0.9535502195358276 227
1771366913336 0.7924374938011169 228
1771366913380 1.1044237613677979 229
1771366913420 0.8756200075149536 230
1771366913460 0.6372374892234802 231
1771366913505 0.7294532656669617 232
1771366913550 0.8564653396606445 233
1771366913596 0.982657253742218 234
1771366913644 1.0607564449310303 235
1771366913691 0.6226774454116821 236
1771366913735 0.5436776280403137 237
1771366913776 0.6355780363082886 238
1771366913817 0.899307131767273 239
1771366913857 1.1795903444290161 240
1771366913897 0.6301489472389221 241
1771366913937 0.7438934445381165 242
1771366913977 0.9183976054191589 243
1771366914018 0.8621065020561218 244
1771366914058 0.6745911240577698 245
1771366914100 0.7645968198776245 246
1771366914140 0.8978043794631958 247
1771366914180 0.8383629322052002 248
1771366914220 0.665652871131897 249
1771366914260 0.7036439776420593 250
1771366914300 0.5540801286697388 251
1771366914341 1.42218816280365 252
1771366914387 0.643328070640564 253
1771366914429 0.6221617460250854 254
1771366914469 0.5095164775848389 255
1771366914509 0.6434335112571716 256
1771366914550 0.899216890335083 257
1771366914591 0.7965313196182251 258
1771366914633 1.0703818798065186 259
1771366914673 0.5737855434417725 260
1771366914713 0.8819136023521423 261
1771366914753 0.6548722982406616 262
1771366914794 0.9446413516998291 263
1771366914838 0.8594823479652405 264
1771366914880 0.6778765320777893 265
1771366914921 0.8893315196037292 266
1771366914961 0.8186344504356384 267
1771366915002 0.7004489898681641 268
1771366915042 0.6416954398155212 269
1771366915082 0.5307830572128296 270
1771366915122 0.866452157497406 271
1771366915162 0.6420184969902039 272
1771366915202 1.071868896484375 273
1771366915243 0.90895676612854 274
1771366915284 0.6695789694786072 275
1771366915325 0.6219989061355591 276
1771366915366 0.7795976400375366 277
1771366915410 0.9505700469017029 278
1771366915451 0.7506810426712036 279
1771366915492 0.7418316006660461 280
1771366915532 0.6145196557044983 281
1771366915573 0.7264395356178284 282
1771366915613 1.0969114303588867 283
1771366915654 0.927600622177124 284
1771366915694 0.8178157210350037 285
1771366915734 0.6396363973617554 286
1771366915775 0.8761642575263977 287
1771366915816 0.7769507765769958 288
1771366915856 0.8598531484603882 289
1771366915897 0.7130240797996521 290
1771366915938 1.025322437286377 291
1771366915979 1.2897462844848633 292
1771366916022 0.8887203931808472 293
1771366916064 0.7381780743598938 294
1771366916104 0.7077330946922302 295
1771366916144 0.7795441150665283 296
1771366916184 1.1181858777999878 297
1771366916224 0.7505744695663452 298
1771366916264 0.8656606674194336 299
1771366916304 0.7034127116203308 300
1771366916345 0.8735935688018799 301
1771366916385 0.6370143890380859 302
1771366916426 0.6356974840164185 303
1771366916468 1.173182725906372 304
1771366916510 0.9292194843292236 305
1771366916551 0.6413238048553467 306
1771366916591 0.5410105586051941 307
1771366916631 0.4654610753059387 308
1771366916671 0.5943269729614258 309
1771366916712 1.0977869033813477 310
1771366916754 1.0970746278762817 311
1771366916795 0.5795500874519348 312
1771366916837 0.9010365009307861 313
1771366916878 0.7546847462654114 314
1771366916921 0.8197237253189087 315
1771366916966 0.8481987714767456 316
1771366917007 0.7802668809890747 317
1771366917048 0.7996835708618164 318
1771366917088 0.49698296189308167 319
1771366917128 0.6385930180549622 320
1771366917168 0.6429307460784912 321
1771366917209 0.6948370933532715 322
1771366917250 0.5733380913734436 323
1771366917291 0.6273979544639587 324
1771366917331 0.7781445980072021 325
1771366917372 0.5604633688926697 326
1771366917412 0.7138646841049194 327
1771366917453 0.6035614013671875 328
1771366917493 0.5950430035591125 329
1771366917534 0.6010238528251648 330
1771366917574 0.679703414440155 331
1771366917618 0.9675149321556091 332
1771366917661 0.5549843907356262 333
1771366917701 0.7250794172286987 334
1771366917742 0.7740445137023926 335
1771366917782 0.7158651351928711 336
1771366917822 0.9555049538612366 337
1771366917863 0.7096088528633118 338
1771366917903 0.6655994653701782 339
1771366917943 0.709357500076294 340
1771366917983 0.749164879322052 341
1771366918024 0.5047183036804199 342
1771366918064 0.8449656367301941 343
1771366918104 0.9991917014122009 344
1771366918144 1.3132330179214478 345
1771366918184 0.6889159679412842 346
1771366918225 0.6082695722579956 347
1771366918265 0.7175372838973999 348
1771366918305 0.6009809970855713 349
1771366918347 0.6619496941566467 350
1771366918389 0.5746102333068848 351
1771366918429 0.7998210191726685 352
1771366918470 0.7722882628440857 353
1771366918511 0.8533051013946533 354
1771366918551 0.7139960527420044 355
1771366918592 0.6243156790733337 356
1771366918632 0.6446890830993652 357
1771366918672 1.029165267944336 358
1771366918712 0.6127496361732483 359
1771366918759 0.9969489574432373 360
1771366918804 1.3296468257904053 361
1771366918848 1.4158475399017334 362
1771366918893 1.0544854402542114 363
1771366918940 0.7279158234596252 364
1771366918989 0.6480122208595276 365
1771366919039 0.6587068438529968 366
1771366919088 0.9468324184417725 367
1771366919136 0.6115862727165222 368
1771366919182 0.698684573173523 369
1771366919228 1.1243804693222046 370
1771366919273 0.8788063526153564 371
1771366919318 0.7167224287986755 372
1771366919364 0.5621211528778076 373
1771366919409 0.8022115230560303 374
1771366919454 0.6824700832366943 375
1771366919498 0.8768894076347351 376
1771366919543 1.0719707012176514 377
1771366919588 1.0681791305541992 378
1771366919640 0.6707469820976257 379
1771366919687 0.6570848822593689 380
1771366919733 0.776486873626709 381
1771366919779 0.7492597699165344 382
1771366919824 0.5520889163017273 383
1771366919870 0.6476297378540039 384
1771366919917 0.7873503565788269 385
1771366919967 0.6254754066467285 386
1771366920012 0.701547384262085 387
1771366920059 0.6136196255683899 388
1771366920105 0.5399501323699951 389
1771366920150 0.6989946365356445 390
1771366920197 1.1799671649932861 391
1771366920243 0.9529379606246948 392
1771366920288 0.9946495890617371 393
1771366920334 0.9377004504203796 394
1771366920379 0.5985500812530518 395
1771366920424 0.7488002181053162 396
1771366920470 1.0811195373535156 397
1771366920516 1.0515400171279907 398
1771366920561 0.5474211573600769 399
1771366920606 0.9082789421081543 400
1771366920654 0.7472437024116516 401
1771366920703 0.7405588626861572 402
1771366920750 0.7966910004615784 403
1771366920796 0.636333703994751 404
1771366920842 0.6942895650863647 405
1771366920889 0.8703626394271851 406
1771366920935 0.7363945245742798 407
1771366920982 0.5308744311332703 408
1771366921027 0.6731430292129517 409
1771366921076 0.8891876339912415 410
1771366921127 0.5249161720275879 411
1771366921174 0.415230393409729 412
1771366921221 0.5850251913070679 413
1771366921267 0.689976692199707 414
1771366921312 0.4852413833141327 415
1771366921358 1.1272764205932617 416
1771366921404 0.7840232253074646 417
1771366921453 0.9174802303314209 418
1771366921500 0.7226050496101379 419
1771366921545 0.7824915647506714 420
1771366921591 0.6978884935379028 421
1771366921637 0.8193653225898743 422
1771366921683 0.6750546097755432 423
1771366921729 0.7874280214309692 424
1771366921775 0.7049334645271301 425
1771366921821 0.6628310680389404 426
1771366921867 0.7707703709602356 427
1771366921913 0.7970319390296936 428
1771366921959 0.8355906009674072 429
1771366922001 0.8496394157409668 430
1771366922043 0.5423281192779541 431
1771366922084 1.053890585899353 432
1771366922125 0.6175726652145386 433
1771366922166 0.7695768475532532 434
1771366922207 0.8189533352851868 435
1771366922251 1.2616170644760132 436
1771366922294 0.9780564308166504 437
1771366922336 0.6271146535873413 438
1771366922378 0.574481725692749 439
1771366922425 0.662804901599884 440
1771366922471 0.5788761377334595 441
1771366922518 0.5842556357383728 442
1771366922566 0.6103515028953552 443
1771366922615 0.7932429909706116 444
1771366922663 0.906162679195404 445
1771366922710 0.5602311491966248 446
1771366922755 0.5516212582588196 447
1771366922801 0.6331369876861572 448
1771366922848 0.6599079966545105 449
1771366922894 0.6128381490707397 450
1771366922941 0.7196663022041321 451
1771366922987 0.6166393756866455 452
1771366923033 0.6868870258331299 453
1771366923081 0.9199099540710449 454
1771366923129 0.8042833209037781 455
1771366923181 0.7636930346488953 456
1771366923229 0.6796868443489075 457
1771366923277 0.7062705159187317 458
1771366923327 0.7886586785316467 459
1771366923374 0.8234913349151611 460
1771366923421 0.8026625514030457 461
1771366923467 0.5458572506904602 462
1771366923513 0.4971463978290558 463
1771366923559 0.6051141619682312 464
1771366923605 0.5675007104873657 465
1771366923652 0.8105275630950928 466
1771366923698 0.7599990367889404 467
1771366923742 0.8142515420913696 468
1771366923830 0.9517006874084473 469
1771366923878 0.3759794235229492 470
1771366923925 0.9250757098197937 471
1771366923973 0.6714974045753479 472
1771366924016 0.7112826108932495 473
1771366924058 0.8062597513198853 474
1771366924099 1.0138556957244873 475
1771366924141 0.8349292874336243 476
1771366924183 0.8297451734542847 477
1771366924224 0.7728137373924255 478
1771366924266 0.7930886745452881 479
1771366924308 0.8935921788215637 480
1771366924352 0.6260057687759399 481
1771366924395 0.9628814458847046 482
1771366924436 0.6410088539123535 483
1771366924478 0.8239227533340454 484
1771366924521 0.7530550956726074 485
1771366924562 0.481818288564682 486
1771366924604 0.7341687083244324 487
1771366924647 0.8295058012008667 488
1771366924692 0.6053856611251831 489
1771366924733 0.6646947860717773 490
1771366924777 0.6296625733375549 491
1771366924822 0.6691675782203674 492
1771366924865 0.5537142753601074 493
1771366924908 0.4477003812789917 494
1771366924950 0.6555742025375366 495
1771366924993 0.9436081051826477 496
1771366925034 0.9156421422958374 497
1771366925076 0.8222765922546387 498
1771366925118 0.9486759901046753 499
1771366925159 0.9450622797012329 500
1771366925202 0.9852572679519653 501
1771366925254 0.9108403325080872 502
1771366925303 0.6507652401924133 503
1771366925350 0.5469520688056946 504
1771366925400 0.8795910477638245 505
1771366925448 0.5719507932662964 506
1771366925496 0.7894860506057739 507
1771366925543 0.896914005279541 508
1771366925589 0.9065583944320679 509
1771366925638 1.0011038780212402 510
1771366925685 0.5291178822517395 511
1771366925732 0.715825080871582 512
1771366925779 0.76860511302948 513
1771366925828 0.5567899942398071 514
1771366925875 0.47532275319099426 515
1771366925918 0.6588753461837769 516
1771366925960 1.1697906255722046 517
1771366926004 0.4760727882385254 518
1771366926046 1.0534921884536743 519
1771366926089 0.6672245860099792 520
1771366926131 0.4326724708080292 521
1771366926175 0.8335145711898804 522
1771366926219 0.7104954719543457 523
1771366926261 0.48882293701171875 524
1771366926304 0.764153242111206 525
1771366926346 0.530928373336792 526
1771366926388 0.6617403626441956 527
1771366926434 1.0952101945877075 528
1771366926478 0.6590356230735779 529
1771366926521 0.8291322588920593 530
1771366926563 0.5312046408653259 531
1771366926606 1.0176069736480713 532
1771366926649 0.9017206430435181 533
1771366926692 0.3621448576450348 534
1771366926734 0.6877754330635071 535
1771366926776 0.6084168553352356 536
1771366926818 0.6510569453239441 537
1771366926861 0.5978170037269592 538
1771366926904 0.9242500066757202 539
1771366926946 1.0013351440429688 540
1771366926988 0.7877546548843384 541
1771366927032 0.47717946767807007 542
1771366927076 0.8846163749694824 543
1771366927119 0.6940113306045532 544
1771366927161 0.6646235585212708 545
1771366927204 0.7843381762504578 546
1771366927247 0.6248981952667236 547
1771366927291 0.6961986422538757 548
1771366927338 0.588291347026825 549
1771366927381 0.4311109781265259 550
1771366927424 0.5942626595497131 551
1771366927466 0.43318918347358704 552
1771366927509 0.8906907439231873 553
1771366927551 0.7970133423805237 554
1771366927594 0.770084798336029 555
1771366927637 0.571630597114563 556
1771366927679 0.6403997540473938 557
1771366927721 0.4824780225753784 558
1771366927762 0.8008686900138855 559
1771366927806 0.8850210309028625 560
1771366927850 0.8962038159370422 561
1771366927893 0.6670105457305908 562
1771366927935 0.9117226004600525 563
1771366927977 1.0819035768508911 564
1771366928021 1.3248540163040161 565
1771366928064 1.3815816640853882 566
1771366928107 0.8754482269287109 567
1771366928149 0.9080678224563599 568
1771366928191 0.5705692172050476 569
1771366928234 0.7188632488250732 570
1771366928276 1.0303356647491455 571
1771366928319 0.7729368805885315 572
1771366928361 0.7068718075752258 573
1771366928403 0.679672122001648 574
1771366928445 0.5820126533508301 575
1771366928487 0.5062395930290222 576
1771366928530 0.6733577847480774 577
1771366928574 0.5744019746780396 578
1771366928618 0.846394419670105 579
1771366928661 1.0406829118728638 580
1771366928704 1.0066076517105103 581
1771366928746 0.9244169592857361 582
1771366928789 0.611887514591217 583
1771366928831 0.6687045693397522 584
1771366928874 0.7029061317443848 585
1771366928916 0.8252272009849548 586
1771366928959 0.6973140239715576 587
1771366929001 0.6330919861793518 588
1771366929043 0.9095620512962341 589
1771366929086 0.6323960423469543 590
1771366929128 0.5925185084342957 591
1771366929172 0.7389156818389893 592
1771366929214 0.6759502291679382 593
1771366929257 0.7865947484970093 594
1771366929299 1.0429776906967163 595
1771366929343 1.0554614067077637 596
1771366929393 0.6977989077568054 597
1771366929439 0.510348916053772 598
1771366929482 0.7717873454093933 599
1771366929525 0.6489360332489014 600
1771366929567 0.4871702790260315 601
1771366929609 0.6997208595275879 602
1771366929651 0.835472822189331 603
1771366929695 0.9858092665672302 604
1771366929737 0.8529357314109802 605
1771366929782 0.7490965723991394 606
1771366929827 0.7981264591217041 607
1771366929869 0.7747121453285217 608
1771366929912 0.7734966278076172 609
1771366929955 0.45684027671813965 610
1771366929999 0.6702169179916382 611
1771366930042 0.7954285740852356 612
1771366930084 0.8750949501991272 613
1771366930128 0.7442469596862793 614
1771366930172 0.8406038284301758 615
1771366930215 0.690158486366272 616
1771366930259 0.7085116505622864 617
1771366930301 0.7868587374687195 618
1771366930343 0.6284734010696411 619
1771366930384 0.7653011679649353 620
1771366930426 0.6925472617149353 621
1771366930468 0.5420666933059692 622
1771366930510 0.7518746256828308 623
1771366930552 0.730097234249115 624
1771366930593 0.6604999899864197 625
1771366930635 0.42101117968559265 626
1771366930677 0.48419541120529175 627
1771366930719 1.1581298112869263 628
1771366930760 0.7641909122467041 629
1771366930803 0.6159783005714417 630
1771366930848 0.6650750041007996 631
1771366930904 0.46611374616622925 632
1771366930951 0.30991387367248535 633
1771366930999 0.8394565582275391 634
1771366931047 0.59883052110672 635
1771366931094 0.9495771527290344 636
1771366931141 0.523948609828949 637
1771366931188 0.641781210899353 638
1771366931235 0.7708927392959595 639
1771366931283 0.938983678817749 640
1771366931330 1.295239806175232 641
1771366931377 0.8573446273803711 642
1771366931424 0.6858496069908142 643
1771366931476 1.0243821144104004 644
1771366931526 0.7849805355072021 645
1771366931573 0.6732679605484009 646
1771366931621 0.6740695834159851 647
1771366931672 0.7332108020782471 648
1771366931720 0.557915985584259 649
1771366931769 0.5328670740127563 650
1771366931817 0.6804545521736145 651
1771366931865 0.7143039703369141 652
1771366931913 0.822243869304657 653
1771366931961 0.8205110430717468 654
1771366932009 0.4513748288154602 655
1771366932056 0.597334086894989 656
1771366932105 0.5394965410232544 657
1771366932157 0.8859102725982666 658
1771366932205 0.7888223528862 659
1771366932254 0.6963954567909241 660
1771366932302 0.6902338266372681 661
1771366932351 0.4935773015022278 662
1771366932401 0.7941895127296448 663
1771366932448 0.6108133792877197 664
1771366932496 0.708031952381134 665
1771366932546 0.7779585123062134 666
1771366932594 0.6677757501602173 667
1771366932644 0.5179347991943359 668
1771366932694 0.6684257984161377 669
1771366932743 0.5040531754493713 670
1771366932791 0.4212421178817749 671
1771366932840 0.7200967073440552 672
1771366932889 0.6384962797164917 673
1771366932937 0.5580710172653198 674
1771366932986 0.7255454659461975 675
1771366933034 0.7672246694564819 676
1771366933082 0.9320762157440186 677
1771366933131 1.3206138610839844 678
1771366933183 1.0043482780456543 679
1771366933233 0.6650077104568481 680
1771366933282 0.9895082116127014 681
1771366933330 0.6436193585395813 682
1771366933381 0.654731273651123 683
1771366933428 0.5894777774810791 684
1771366933477 0.5041801333427429 685
1771366933527 0.707062840461731 686
1771366933578 0.7405633926391602 687
1771366933626 0.7265963554382324 688
1771366933674 0.5533517003059387 689
1771366933723 0.6276759505271912 690
1771366933772 0.5451915860176086 691
1771366933820 1.2322361469268799 692
1771366933866 0.7019454836845398 693
1771366933909 0.9998753070831299 694
1771366933954 0.631270706653595 695
1771366933998 0.5986537337303162 696
1771366934047 0.8656396865844727 697
1771366934095 0.7150250673294067 698
1771366934142 0.7509832978248596 699
1771366934189 0.6223906874656677 700
1771366934237 1.2584260702133179 701
1771366934284 0.692824125289917 702
1771366934331 0.9286693334579468 703
1771366934381 0.9073289632797241 704
1771366934429 0.817681074142456 705
1771366934477 1.0061010122299194 706
1771366934524 1.0037744045257568 707
1771366934571 0.8448177576065063 708
1771366934618 0.799409806728363 709
1771366934668 0.6568832397460938 710
1771366934718 0.47475337982177734 711
1771366934766 1.092278242111206 712
1771366934815 0.682647168636322 713
1771366934862 0.9777548909187317 714
1771366934909 0.8387963771820068 715
1771366934957 1.1717705726623535 716
1771366935005 0.6042556762695312 717
1771366935052 0.3874587416648865 718
1771366935100 1.0568149089813232 719
1771366935148 0.718146562576294 720
1771366935196 0.5015084147453308 721
1771366935245 0.610454797744751 722
1771366935293 1.0441447496414185 723
1771366935342 0.3911857008934021 724
1771366935391 0.704200029373169 725
1771366935442 0.9090886116027832 726
1771366935490 0.7521498799324036 727
1771366935537 0.7749664783477783 728
1771366935585 0.7716411352157593 729
1771366935636 0.7566284537315369 730
1771366935684 0.5229318141937256 731
1771366935732 0.5495445728302002 732
1771366935779 1.2394165992736816 733
1771366935826 0.8501049280166626 734
1771366935873 0.6651958227157593 735
1771366935921 0.7187151908874512 736
1771366935968 0.8712446689605713 737
1771366936016 0.5262107253074646 738
1771366936063 0.6394455432891846 739
1771366936113 0.6506784558296204 740
1771366936162 0.6679844260215759 741
1771366936209 0.6407309770584106 742
1771366936256 0.7848054766654968 743
1771366936304 0.8657190799713135 744
1771366936352 0.534100353717804 745
1771366936399 0.6512624025344849 746
1771366936449 0.6147305965423584 747
1771366936498 0.7302369475364685 748
1771366936545 1.1261038780212402 749
1771366936592 0.4949089288711548 750
1771366936640 0.6847243309020996 751
1771366936688 0.7677943706512451 752
1771366936735 0.4708334803581238 753
1771366936784 1.393875002861023 754
1771366936833 0.48716452717781067 755
1771366936884 0.7235740423202515 756
1771366936934 0.3975679278373718 757
1771366936982 0.44500967860221863 758
1771366937030 0.6195434331893921 759
1771366937078 0.45533767342567444 760
1771366937129 0.7744042873382568 761
1771366937181 0.8280149102210999 762
1771366937229 0.9012824892997742 763
1771366937277 0.6566545963287354 764
1771366937324 1.030921459197998 765
1771366937372 0.671191394329071 766
1771366937420 0.4401736855506897 767
1771366937467 0.5620924830436707 768
1771366937515 0.8091903328895569 769
1771366937563 0.6850242018699646 770
1771366937612 0.8572437763214111 771
1771366937660 0.6714210510253906 772
1771366937712 0.7088748812675476 773
1771366937759 0.6970856785774231 774
1771366937805 1.0602644681930542 775
1771366937852 0.3581964671611786 776
1771366937900 0.823371171951294 777
1771366937947 0.737547755241394 778
1771366937994 1.0390716791152954 779
1771366938041 1.1246848106384277 780
1771366938088 0.7214845418930054 781
1771366938251 0.7174212336540222 782
1771366938300 1.458536148071289 783
1771366938346 1.2893433570861816 784
1771366938393 0.7985914945602417 785
1771366938440 0.8184672594070435 786
1771366938486 0.6851378083229065 787
1771366938533 0.6861981749534607 788
1771366938580 1.0556566715240479 789
1771366938627 0.7593302130699158 790
1771366938673 0.41773441433906555 791
1771366938723 0.3648361563682556 792
1771366938770 0.5225970149040222 793
1771366938817 0.5645120739936829 794
1771366938865 0.5474156737327576 795
1771366938913 0.6095751523971558 796
1771366938960 0.7917415499687195 797
1771366939009 0.7833741307258606 798
1771366939058 0.65730220079422 799
1771366939106 1.576684832572937 800
1771366939153 0.654582679271698 801
1771366939200 0.5839865207672119 802
1771366939246 0.7851998805999756 803
1771366939294 0.6663085222244263 804
1771366939341 0.6162768006324768 805
1771366939389 0.4770289957523346 806
1771366939436 0.6946346759796143 807
1771366939482 1.0183643102645874 808
1771366939530 1.3851861953735352 809
1771366939578 0.9645922183990479 810
1771366939626 1.0838916301727295 811
1771366939674 0.5087939500808716 812
1771366939721 0.6384440064430237 813
1771366939773 1.0545028448104858 814
1771366939823 0.6515732407569885 815
1771366939872 0.6371444463729858 816
1771366939920 0.6567475199699402 817
1771366939968 0.7199252843856812 818
1771366940016 0.6334603428840637 819
1771366940064 0.728537917137146 820
1771366940111 0.36340832710266113 821
1771366940158 0.9215440154075623 822
1771366940206 0.7330610156059265 823
1771366940254 0.6341090202331543 824
1771366940302 0.9223811030387878 825
1771366940350 0.8670931458473206 826
1771366940398 0.5435378551483154 827
1771366940445 0.8339049220085144 828
1771366940493 1.0233768224716187 829
1771366940543 0.8617087006568909 830
1771366940592 0.5755163431167603 831
1771366940639 0.8547839522361755 832
1771366940687 0.809191882610321 833
1771366940736 0.9079312682151794 834
1771366940784 0.7653695344924927 835
1771366940832 0.6284462213516235 836
1771366940881 0.6783390045166016 837
1771366940929 0.30692312121391296 838
1771366940977 0.8709475994110107 839
1771366941025 0.47779780626296997 840
1771366941073 0.7798671126365662 841
1771366941121 0.8339231014251709 842
1771366941170 0.4558272957801819 843
1771366941219 0.625976026058197 844
1771366941266 0.8061986565589905 845
1771366941315 0.6096842288970947 846
1771366941364 0.6202426552772522 847
1771366941412 0.6055503487586975 848
1771366941460 0.591101884841919 849
1771366941508 0.5366387367248535 850
1771366941555 0.7290671467781067 851
1771366941609 0.694555938243866 852
1771366941657 1.0716915130615234 853
1771366941706 0.8154829144477844 854
1771366941754 0.9393284916877747 855
1771366941803 0.8823517560958862 856
1771366941856 0.9908983111381531 857
1771366941905 0.6764293909072876 858
1771366941957 1.0255703926086426 859
1771366942007 0.6888123750686646 860
1771366942052 0.6826664805412292 861
1771366942096 0.8089984655380249 862
1771366942140 0.543834388256073 863
1771366942186 0.5810706615447998 864
1771366942230 0.8202916979789734 865
1771366942274 0.5857475399971008 866
1771366942319 0.8511378765106201 867
1771366942363 0.9789855480194092 868
1771366942407 0.8671420812606812 869
1771366942451 0.7340680360794067 870
1771366942494 0.6054931282997131 871
1771366942539 0.6535828113555908 872
1771366942583 0.5974675416946411 873
1771366942629 0.7240591645240784 874
1771366942675 0.8584060668945312 875
1771366942722 0.9056222438812256 876
1771366942768 0.5540034770965576 877
1771366942813 0.6109213829040527 878
1771366942857 0.8271657228469849 879
1771366942901 0.7001780867576599 880
1771366942946 0.8557062745094299 881
1771366942989 0.8814218044281006 882
1771366943034 0.7815786600112915 883
1771366943078 0.5113149881362915 884
1771366943122 0.8105850219726562 885
1771366943167 0.5019083619117737 886
1771366943213 0.7609811425209045 887
1771366943257 0.7104247808456421 888
1771366943301 0.5501365065574646 889
1771366943344 0.546457052230835 890
1771366943388 0.5012754797935486 891
1771366943433 0.8212056756019592 892
1771366943483 0.8712536096572876 893
1771366943531 0.9599806070327759 894
1771366943579 0.5532939434051514 895
1771366943628 0.6631814241409302 896
1771366943676 0.6120979189872742 897
1771366943722 0.2635008990764618 898
1771366943767 0.8699590563774109 899
1771366943811 0.6699220538139343 900
1771366943855 0.7689774632453918 901
1771366943900 0.8306203484535217 902
1771366943947 0.6356743574142456 903
1771366943992 0.4888319671154022 904
1771366944037 1.0271855592727661 905
1771366944082 0.3658073842525482 906
1771366944128 0.814771831035614 907
1771366944173 0.5097833871841431 908
1771366944227 0.6456983685493469 909
1771366944276 1.068165898323059 910
1771366944325 1.0117309093475342 911
1771366944374 1.0925971269607544 912
1771366944423 0.7629976272583008 913
1771366944471 0.7165083289146423 914
1771366944520 0.6171232461929321 915
1771366944569 0.6227104663848877 916
1771366944617 1.0836271047592163 917
1771366944665 0.6124232411384583 918
1771366944715 0.9615119099617004 919
1771366944765 1.3746395111083984 920
1771366944813 0.666583776473999 921
1771366944862 0.9596896767616272 922
1771366944912 1.28929603099823 923
1771366944961 0.8742726445198059 924
1771366945010 0.743971049785614 925
1771366945059 0.6333833932876587 926
1771366945107 1.0334943532943726 927
1771366945156 0.8793283104896545 928
1771366945204 0.44420430064201355 929
1771366945257 0.762942910194397 930
1771366945306 0.7738659381866455 931
1771366945354 0.7836408019065857 932
1771366945399 0.4432012140750885 933
1771366945444 1.0294569730758667 934
1771366945488 0.7280279397964478 935
1771366945533 0.7138384580612183 936
1771366945575 0.6657731533050537 937
1771366945667 0.8841962814331055 938
1771366945719 0.38516372442245483 939
1771366945770 0.5634709000587463 940
1771366945819 0.6960570812225342 941
1771366945867 0.796627402305603 942
1771366945915 0.5273481607437134 943
1771366945964 0.6526829600334167 944
1771366946018 0.9348042011260986 945
1771366946067 0.6992257833480835 946
1771366946117 0.5493858456611633 947
1771366946166 0.707539975643158 948
1771366946214 0.39645805954933167 949
1771366946265 0.5575674176216125 950
1771366946317 0.4418525695800781 951
1771366946367 0.6164703965187073 952
1771366946417 0.860495388507843 953
1771366946467 0.9092621207237244 954
1771366946517 0.8848943710327148 955
1771366946565 0.7996523380279541 956
1771366946616 0.5137507915496826 957
1771366946668 0.8092759251594543 958
1771366946716 0.47087565064430237 959
1771366946765 0.524120032787323 960
1771366946813 0.48452627658843994 961
1771366946862 1.0761358737945557 962
1771366946911 1.339987874031067 963
1771366946959 0.9425862431526184 964
1771366947008 1.2102771997451782 965
1771366947056 1.1865026950836182 966
1771366947106 0.5241268873214722 967
1771366947156 1.1562765836715698 968
1771366947205 0.7371225953102112 969
1771366947253 0.6894780397415161 970
1771366947303 0.904162585735321 971
1771366947352 0.55347740650177 972
1771366947400 0.8270010352134705 973
1771366947449 0.5173970460891724 974
1771366947497 0.8870461583137512 975
1771366947546 0.4756706953048706 976
1771366947595 0.5281262397766113 977
1771366947645 0.9163009524345398 978
1771366947696 0.6033875346183777 979
1771366947746 0.6400915384292603 980
1771366947791 0.8116889595985413 981
1771366947835 1.1523540019989014 982
1771366947881 0.7540808320045471 983
1771366947927 0.5270467400550842 984
1771366947971 0.9684783220291138 985
1771366948017 0.9020669460296631 986
1771366948062 0.7022969126701355 987
1771366948110 0.8331193923950195 988
1771366948154 0.5585142374038696 989
1771366948198 0.9963859915733337 990
1771366948242 0.8215199112892151 991
1771366948286 0.3313736021518707 992
1771366948331 0.9234424233436584 993
1771366948375 0.6675316095352173 994
1771366948419 0.4842687249183655 995
1771366948463 0.727749764919281 996
1771366948507 0.6461524963378906 997
1771366948551 1.0920968055725098 998
1771366948595 0.5331757068634033 999
1771366948639 0.7348774075508118 1000
1771366948685 0.7094384431838989 1001
1771366948729 0.5256110429763794 1002
1771366948772 0.8858885169029236 1003
1771366948818 0.8093662261962891 1004
1771366948862 0.632099449634552 1005
1771366948907 0.9154394865036011 1006
1771366948952 0.9480633735656738 1007
1771366948996 0.4702662229537964 1008
1771366949040 0.8699707388877869 1009
1771366949084 0.8307214975357056 1010
1771366949134 0.6749585866928101 1011
1771366949183 0.7308183908462524 1012
1771366949234 0.5752789974212646 1013
1771366949285 0.7232345938682556 1014
1771366949334 0.6564947366714478 1015
1771366949386 0.8991952538490295 1016
1771366949435 0.6923925280570984 1017
1771366949484 0.5834827423095703 1018
1771366949535 0.7678110599517822 1019
1771366949584 0.379264235496521 1020
1771366949633 0.4643731415271759 1021
1771366949683 0.3885757625102997 1022
1771366949734 0.7673618793487549 1023
1771366949785 0.6263559460639954 1024
1771366949834 0.7292575836181641 1025
1771366949882 0.6842544674873352 1026
1771366949933 0.543944239616394 1027
1771366949983 0.7171648740768433 1028
1771366950034 0.7410728335380554 1029
1771366950080 1.0357378721237183 1030
1771366950125 1.0016729831695557 1031
1771366950175 0.4872501492500305 1032
1771366950220 0.6648834943771362 1033
1771366950264 0.8212377429008484 1034
1771366950309 0.8839754462242126 1035
1771366950353 0.5546201467514038 1036
1771366950397 0.5220423936843872 1037
1771366950442 1.0193431377410889 1038
1771366950485 0.7134676575660706 1039
1771366950529 0.5076619386672974 1040
1771366950573 0.8737334609031677 1041
1771366950618 0.8073282241821289 1042
1771366950663 0.5687645077705383 1043
1771366950708 0.6753873825073242 1044
1771366950754 0.6574326157569885 1045
1771366950799 0.8015948534011841 1046
1771366950845 0.544170081615448 1047
1771366950889 0.47607097029685974 1048
1771366950934 0.7505517601966858 1049
1771366950979 0.6393082737922668 1050
1771366951024 0.6833942532539368 1051
1771366951068 1.3732503652572632 1052
1771366951111 0.9976314306259155 1053
1771366951156 0.5422149300575256 1054
1771366951201 0.8136710524559021 1055
1771366951245 0.5289208889007568 1056
1771366951290 0.856959879398346 1057
1771366951334 0.6932999491691589 1058
1771366951379 0.8900885581970215 1059
1771366951423 1.167994499206543 1060
1771366951468 0.8023356199264526 1061
1771366951512 0.6131324172019958 1062
1771366951558 0.6682925224304199 1063
1771366951607 0.8104309439659119 1064
1771366951656 0.6927587389945984 1065
1771366951701 1.1032683849334717 1066
1771366951746 0.7039970755577087 1067
1771366951790 0.34429922699928284 1068
1771366951834 0.9493470191955566 1069
1771366951879 0.6062964200973511 1070
1771366951924 0.6330206990242004 1071
1771366951969 0.646314799785614 1072
1771366952014 0.5335051417350769 1073
1771366952058 0.22159750759601593 1074
1771366952103 1.0613521337509155 1075
1771366952147 0.874077558517456 1076
1771366952191 0.6856468319892883 1077
1771366952237 0.7625986933708191 1078
1771366952285 0.7905333042144775 1079
1771366952333 0.5715115070343018 1080
1771366952379 0.7926062345504761 1081
1771366952425 0.7209228277206421 1082
1771366952470 0.8836154341697693 1083
1771366952515 0.5687054991722107 1084
1771366952559 0.35176265239715576 1085
1771366952603 0.4088996648788452 1086
1771366952649 0.5741085410118103 1087
1771366952695 0.7498674988746643 1088
1771366952740 0.4769173860549927 1089
1771366952788 0.6517735719680786 1090
1771366952836 1.4031000137329102 1091
1771366952883 0.8990951180458069 1092
1771366952931 0.7955843210220337 1093
1771366952977 0.8584582805633545 1094
1771366953026 0.2831404507160187 1095
1771366953071 0.45795366168022156 1096
1771366953118 0.40145614743232727 1097
1771366953171 0.9483323097229004 1098
1771366953222 0.41094526648521423 1099
1771366953272 0.6984308958053589 1100
1771366953325 0.8855788707733154 1101
1771366953375 0.4347934424877167 1102
1771366953424 0.6040186882019043 1103
1771366953473 0.651611328125 1104
1771366953523 0.5414153337478638 1105
1771366953572 0.5844563245773315 1106
1771366953621 0.8418402671813965 1107
1771366953671 0.62901371717453 1108
1771366953720 0.5820679664611816 1109
1771366953771 0.9983023405075073 1110
1771366953823 0.45418667793273926 1111
1771366953872 0.8581838011741638 1112
1771366953922 0.7429452538490295 1113
1771366953972 0.6520293951034546 1114
1771366954021 0.8820121884346008 1115
1771366954070 0.714666485786438 1116
1771366954120 0.47833025455474854 1117
1771366954165 0.7905888557434082 1118
1771366954210 0.9392776489257812 1119
1771366954255 0.8729884028434753 1120
1771366954301 0.6681886911392212 1121
1771366954351 0.5549125671386719 1122
1771366954397 0.6481338143348694 1123
1771366954441 0.5985836982727051 1124
1771366954486 0.9960854649543762 1125
1771366954530 0.6900569796562195 1126
1771366954575 0.5250150561332703 1127
1771366954620 0.5038700103759766 1128
1771366954666 0.7318689227104187 1129
1771366954711 0.5978860855102539 1130
1771366954756 0.6843013763427734 1131
1771366954801 0.8956052660942078 1132
1771366954847 0.3059576749801636 1133
1771366954891 0.6866741180419922 1134
1771366954937 0.7946907877922058 1135
1771366954981 0.826032280921936 1136
1771366955026 0.4417034983634949 1137
1771366955071 0.3953567147254944 1138
1771366955115 0.5218570232391357 1139
1771366955160 0.3799242377281189 1140
1771366955205 0.7221693992614746 1141
1771366955249 0.8173004388809204 1142
1771366955294 0.730713963508606 1143
1771366955342 0.8097036480903625 1144
1771366955390 0.6960036754608154 1145
1771366955435 0.44443660974502563 1146
1771366955482 0.47692927718162537 1147
1771366955527 0.6312747001647949 1148
1771366955572 0.7448068261146545 1149
1771366955617 0.5508338809013367 1150
1771366955662 0.8932691812515259 1151
1771366955707 0.8851602673530579 1152
1771366955759 0.5503857731819153 1153
1771366955810 0.7437925934791565 1154
1771366955859 0.40472322702407837 1155
1771366955909 1.0460855960845947 1156
1771366955958 0.827987790107727 1157
1771366956007 0.7506342530250549 1158
1771366956056 0.890302300453186 1159
1771366956105 0.975933313369751 1160
1771366956154 0.46262210607528687 1161
1771366956204 0.8965413570404053 1162
1771366956254 0.615145206451416 1163
1771366956306 0.7171668410301208 1164
1771366956357 0.706210732460022 1165
1771366956415 0.7221699953079224 1166
1771366956467 0.7317864298820496 1167
1771366956519 0.6710509657859802 1168
1771366956570 0.7027044892311096 1169
1771366956621 0.5678437948226929 1170
1771366956670 0.4503448009490967 1171
1771366956721 0.6798670291900635 1172
1771366956773 0.7100146412849426 1173
1771366956824 1.0796070098876953 1174
1771366956874 0.4276488721370697 1175
1771366956924 0.819564163684845 1176
1771366956973 0.4516364634037018 1177
1771366957023 0.5631483793258667 1178
1771366957073 0.7292344570159912 1179
1771366957124 0.9342018961906433 1180
1771366957175 0.6258673667907715 1181
1771366957224 0.6849113702774048 1182
1771366957274 0.782721996307373 1183
1771366957325 0.7754645347595215 1184
1771366957376 1.3663407564163208 1185
1771366957426 0.7312105894088745 1186
1771366957476 0.784311830997467 1187
1771366957526 0.5830925703048706 1188
1771366957577 0.6045612096786499 1189
1771366957627 0.6622704863548279 1190
1771366957678 1.0666651725769043 1191
1771366957728 1.0204427242279053 1192
1771366957778 0.8890424966812134 1193
1771366957828 0.7917029857635498 1194
1771366957878 0.5999960899353027 1195
1771366957930 0.6023690700531006 1196
1771366957982 0.602581799030304 1197
1771366958033 0.5868380069732666 1198
1771366958083 0.5601174831390381 1199
1771366958134 0.6642833948135376 1200
1771366958184 0.5950019955635071 1201
1771366958234 1.1148070096969604 1202
1771366958285 0.4681098461151123 1203
1771366958335 1.4041528701782227 1204
1771366958385 1.3946901559829712 1205
1771366958436 0.7538785338401794 1206
1771366958491 0.4024559259414673 1207
1771366958544 0.9311940670013428 1208
1771366958595 0.5728418827056885 1209
1771366958647 0.8532650470733643 1210
1771366958699 0.5024287700653076 1211
1771366958749 0.7375503778457642 1212
1771366958799 0.9631103873252869 1213
1771366958850 0.4118148982524872 1214
1771366958900 0.8412683010101318 1215
1771366959059 1.0470860004425049 1216
1771366959109 0.7043976783752441 1217
1771366959159 0.5591743588447571 1218
1771366959210 0.5973545908927917 1219
1771366959261 0.5184260606765747 1220
1771366959312 0.9184050559997559 1221
1771366959364 1.0387823581695557 1222
1771366959415 0.8085589408874512 1223
1771366959466 0.9398291707038879 1224
1771366959516 0.6722867488861084 1225
1771366959567 1.213792085647583 1226
1771366959617 0.8593525886535645 1227
1771366959667 0.8926346898078918 1228
1771366959717 0.6763126850128174 1229
1771366959768 0.5286433100700378 1230
1771366959818 1.148263931274414 1231
1771366959868 1.0457552671432495 1232
1771366959918 0.6749213337898254 1233
1771366959969 0.6326180100440979 1234
1771366960022 0.7260313034057617 1235
1771366960073 0.6139573454856873 1236
1771366960124 0.5415729880332947 1237
1771366960174 0.8825610876083374 1238
1771366960225 0.9315535426139832 1239
1771366960275 0.8650591969490051 1240
1771366960325 0.6076564192771912 1241
1771366960372 0.706630289554596 1242
1771366960418 1.8279623985290527 1243
1771366960464 0.947250247001648 1244
1771366960509 0.7096845507621765 1245
1771366960557 0.46547412872314453 1246
1771366960607 0.48183193802833557 1247
1771366960654 0.7831748723983765 1248
1771366960701 0.812214195728302 1249
1771366960750 0.5434070229530334 1250
1771366960796 0.8889035582542419 1251
1771366960841 0.5558040738105774 1252
1771366960887 0.7890774011611938 1253
1771366960938 0.7366619110107422 1254
1771366960988 0.6499118208885193 1255
1771366961038 0.76922607421875 1256
1771366961088 0.6635075211524963 1257
1771366961137 0.7502683401107788 1258
1771366961187 0.7493141293525696 1259
1771366961237 0.8267200589179993 1260
1771366961287 0.8478083610534668 1261
1771366961337 1.019040584564209 1262
1771366961389 0.9267218112945557 1263
1771366961436 1.1719024181365967 1264
1771366961487 0.9327963590621948 1265
1771366961538 0.8977487683296204 1266
1771366961588 0.7489234805107117 1267
1771366961638 0.5030426979064941 1268
1771366961688 0.6488103866577148 1269
1771366961738 0.6675154566764832 1270
1771366961790 0.4819541871547699 1271
1771366961842 0.5685294270515442 1272
1771366961892 0.6731425523757935 1273
1771366961942 0.7823837995529175 1274
1771366961994 0.7182592153549194 1275
1771366962047 0.7056169509887695 1276
1771366962097 0.8780484795570374 1277
1771366962149 0.8416831493377686 1278
1771366962200 0.927314043045044 1279
1771366962252 0.8229756951332092 1280
1771366962303 0.8037441372871399 1281
1771366962350 0.5275723934173584 1282
1771366962396 0.6788620352745056 1283
1771366962443 0.3619195520877838 1284
1771366962489 0.757148265838623 1285
1771366962537 0.957976222038269 1286
1771366962585 1.2217100858688354 1287
1771366962637 1.1551064252853394 1288
1771366962688 0.7559036016464233 1289
1771366962737 0.8476557731628418 1290
1771366962784 0.32063087821006775 1291
1771366962833 0.7985163927078247 1292
1771366962878 0.6885148286819458 1293
1771366962925 0.948003888130188 1294
1771366962972 0.6359997987747192 1295
1771366963018 0.8795050978660583 1296
1771366963063 1.1317384243011475 1297
1771366963108 0.6693927049636841 1298
1771366963154 1.0101889371871948 1299
1771366963201 0.7696344256401062 1300
1771366963246 0.9860547780990601 1301
1771366963291 0.6881683468818665 1302
1771366963339 0.5866230130195618 1303
1771366963386 0.5697051882743835 1304
1771366963435 0.6334499716758728 1305
1771366963481 0.5914106965065002 1306
1771366963526 0.5655251145362854 1307
1771366963572 1.0835773944854736 1308
1771366963618 0.8656257390975952 1309
1771366963663 0.5343453884124756 1310
1771366963709 0.5066799521446228 1311
1771366963754 0.7147765159606934 1312
1771366963800 1.1060055494308472 1313
1771366963845 0.46221184730529785 1314
1771366963892 1.190463662147522 1315
1771366963938 0.8579403162002563 1316
1771366963985 0.9490410685539246 1317
1771366964033 0.6916589736938477 1318
1771366964078 0.8358903527259827 1319
1771366964123 1.2915879487991333 1320
1771366964169 1.005407691001892 1321
1771366964214 0.8039536476135254 1322
1771366964259 0.4481521248817444 1323
1771366964305 0.6860432624816895 1324
1771366964351 0.733834445476532 1325
1771366964397 1.1484538316726685 1326
1771366964444 0.8979372382164001 1327
1771366964492 0.5930935144424438 1328
1771366964538 0.5884469747543335 1329
1771366964583 0.5051560401916504 1330
1771366964630 0.4468252956867218 1331
1771366964678 0.7149940133094788 1332
1771366964730 0.9654555320739746 1333
1771366964779 0.5703667402267456 1334
1771366964833 0.6953176259994507 1335
1771366964884 0.5675257444381714 1336
1771366964935 1.1157671213150024 1337
1771366964986 0.5616620182991028 1338
1771366965037 0.7177050709724426 1339
1771366965087 1.0954902172088623 1340
1771366965139 0.4805394411087036 1341
1771366965190 0.5120134949684143 1342
1771366965241 0.8428952693939209 1343
1771366965292 0.7447268962860107 1344
1771366965347 0.5637962818145752 1345
1771366965399 0.8113858699798584 1346
1771366965446 0.45051226019859314 1347
1771366965496 0.6055695414543152 1348
1771366965542 1.2309658527374268 1349
1771366965588 1.2783883810043335 1350
1771366965634 0.8317354917526245 1351
1771366965680 0.6079453229904175 1352
1771366965726 0.5940904021263123 1353
1771366965772 0.5972817540168762 1354
1771366965818 0.8395429849624634 1355
1771366965865 0.7590159177780151 1356
1771366965911 0.5709403157234192 1357
1771366965959 0.5792384147644043 1358
1771366966007 0.6296000480651855 1359
1771366966053 1.0858370065689087 1360
1771366966098 0.6585860848426819 1361
1771366966144 0.5216770768165588 1362
1771366966190 0.7760913372039795 1363
1771366966235 0.8505769968032837 1364
1771366966281 0.4514056146144867 1365
1771366966326 0.5349189043045044 1366
1771366966374 1.2356895208358765 1367
1771366966420 0.5840813517570496 1368
1771366966466 0.8338220119476318 1369
1771366966514 0.4479430019855499 1370
1771366966562 1.0093967914581299 1371
1771366966611 0.337841659784317 1372
1771366966658 0.6729130744934082 1373
1771366966704 0.7296673655509949 1374
1771366966751 0.688900351524353 1375
1771366966804 0.9135443568229675 1376
1771366966851 0.5754362940788269 1377
1771366966898 1.0576927661895752 1378
1771366966944 1.025312900543213 1379
1771366966990 0.4403376281261444 1380
1771366967036 0.4118274748325348 1381
1771366967082 0.9798696041107178 1382
1771366967128 0.4141368567943573 1383
1771366967174 0.7652969360351562 1384
1771366967222 0.745807945728302 1385
1771366967270 0.8082054853439331 1386
1771366967318 0.6302814483642578 1387
1771366967365 0.8430120944976807 1388
1771366967416 0.5448392033576965 1389
1771366967473 0.9320883750915527 1390
1771366967523 0.8119842410087585 1391
1771366967574 0.7518886923789978 1392
1771366967626 1.1938852071762085 1393
1771366967677 0.5524716973304749 1394
1771366967728 0.6478588581085205 1395
1771366967778 0.512410044670105 1396
1771366967836 0.717571496963501 1397
1771366967889 0.696978747844696 1398
1771366967942 0.5771719813346863 1399
1771366968092 0.590707540512085 1400
1771366968144 0.3683207929134369 1401
1771366968195 1.013345718383789 1402
1771366968248 0.923864483833313 1403
1771366968299 0.6327931880950928 1404
1771366968352 0.8875947594642639 1405
1771366968400 0.9449166059494019 1406
1771366968499 0.9869369864463806 1407
1771366968553 0.8439435958862305 1408
1771366968608 0.5142303109169006 1409
1771366968660 0.3560086786746979 1410
1771366968712 0.4471285343170166 1411
1771366968763 0.7434015870094299 1412
1771366968817 0.7447348237037659 1413
1771366968874 0.9781220555305481 1414
1771366968928 0.6211020350456238 1415
1771366968981 0.6917589902877808 1416
1771366969033 0.5992054343223572 1417
1771366969085 0.8903990387916565 1418
1771366969137 0.716741681098938 1419
1771366969189 1.105528473854065 1420
1771366969242 0.6705857515335083 1421
1771366969296 0.4829070568084717 1422
1771366969349 0.6380070447921753 1423
1771366969402 0.7007940411567688 1424
1771366969457 0.33467361330986023 1425
1771366969509 0.5834873914718628 1426
1771366969561 0.7080588340759277 1427
1771366969613 0.4947062134742737 1428
1771366969665 0.5658379793167114 1429
1771366969716 0.779556930065155 1430
1771366969768 0.5459510684013367 1431
1771366969821 0.6062738299369812 1432
1771366969874 0.4377480447292328 1433
1771366969928 0.4063277244567871 1434
1771366969981 0.6349683403968811 1435
1771366970033 0.7738324999809265 1436
1771366970084 0.9285856485366821 1437
1771366970136 0.3920314610004425 1438
1771366970188 0.5125486254692078 1439
1771366970239 0.598185658454895 1440
1771366970290 0.3013364374637604 1441
1771366970342 0.4454863667488098 1442
1771366970393 0.8321583271026611 1443
1771366970445 0.8416547775268555 1444
1771366970498 0.5304303169250488 1445
1771366970551 0.553083062171936 1446
1771366970601 0.8680347204208374 1447
1771366970648 0.6221194863319397 1448
1771366970695 0.8343324065208435 1449
1771366970742 0.842999279499054 1450
1771366970789 1.1806670427322388 1451
1771366970835 0.584640622138977 1452
1771366970881 0.6607205271720886 1453
1771366970933 0.4658958613872528 1454
1771366970984 0.8846617341041565 1455
1771366971032 0.46405959129333496 1456
1771366971080 0.41430923342704773 1457
1771366971128 1.23845636844635 1458
1771366971174 0.7553674578666687 1459
1771366971223 0.7925722002983093 1460
1771366971270 0.8986159563064575 1461
1771366971318 0.589438259601593 1462
1771366971365 0.5040298104286194 1463
1771366971411 1.0328155755996704 1464
1771366971457 0.4833022356033325 1465
1771366971505 0.6104916334152222 1466
1771366971552 1.2544114589691162 1467
1771366971598 1.1227779388427734 1468
1771366971644 0.7260349988937378 1469
1771366971690 0.6775986552238464 1470
1771366971736 0.6509696841239929 1471
1771366971782 0.8749318718910217 1472
1771366971829 0.5625842213630676 1473
1771366971877 0.7446847558021545 1474
1771366971925 0.6717283725738525 1475
1771366971972 0.8374238610267639 1476
1771366972019 0.5635054707527161 1477
1771366972065 0.5566892623901367 1478
1771366972111 0.5427618026733398 1479
1771366972158 0.7478148341178894 1480
1771366972204 0.7833018898963928 1481
1771366972251 0.49813851714134216 1482
1771366972297 0.6343060731887817 1483
1771366972344 0.8322665095329285 1484
1771366972392 0.7427459359169006 1485
1771366972441 0.7590035796165466 1486
1771366972492 0.3709774911403656 1487
1771366972542 1.0296564102172852 1488
1771366972589 0.889427900314331 1489
1771366972636 0.4729267358779907 1490
1771366972683 0.8582426309585571 1491
1771366972730 0.22137011587619781 1492
1771366972778 0.9466552138328552 1493
1771366972825 0.4055892527103424 1494
1771366972872 0.588550329208374 1495
1771366972919 1.4962985515594482 1496
1771366972966 0.8135658502578735 1497
1771366973016 0.4346042275428772 1498
1771366973067 0.6567808985710144 1499
1771366973114 0.7629446983337402 1500
1771366973163 0.7639104127883911 1501
1771366973213 0.7535489201545715 1502
1771366973263 0.5778936743736267 1503
1771366973311 1.0455588102340698 1504
1771366973361 0.6016576886177063 1505
1771366973408 0.5964813828468323 1506
1771366973456 0.5861592888832092 1507
1771366973505 0.45280715823173523 1508
1771366973552 0.5979313850402832 1509
1771366973599 0.6323496699333191 1510
1771366973645 0.716822624206543 1511
1771366973692 0.6519261002540588 1512
1771366973739 0.6079710125923157 1513
1771366973786 0.5213061571121216 1514
1771366973836 0.8680957555770874 1515
1771366973885 0.6311002373695374 1516
1771366973933 0.5050184726715088 1517
1771366973981 0.5100841522216797 1518
1771366974028 0.6278839111328125 1519
1771366974075 0.8136926889419556 1520
1771366974122 0.8101887702941895 1521
1771366974169 0.8897695541381836 1522
1771366974217 0.6174660921096802 1523
1771366974265 0.5856981873512268 1524
1771366974312 0.698379397392273 1525
1771366974362 0.8034346699714661 1526
1771366974412 0.7737179398536682 1527
1771366974463 0.32669126987457275 1528
1771366974512 0.668591320514679 1529
1771366974561 0.8533158302307129 1530
1771366974608 0.6663988828659058 1531
1771366974654 0.6520717144012451 1532
1771366974701 1.1270402669906616 1533
1771366974749 0.6202058792114258 1534
1771366974795 0.667749285697937 1535
1771366974844 1.26100492477417 1536
1771366974892 0.9756665229797363 1537
1771366974940 0.482320100069046 1538
1771366974988 0.7275152802467346 1539
1771366975036 0.5520409345626831 1540
1771366975087 0.5737478137016296 1541
1771366975236 0.5831946730613708 1542
1771366975291 0.6229777336120605 1543
1771366975343 1.175118327140808 1544
1771366975400 0.648131251335144 1545
1771366975455 0.8234753608703613 1546
1771366975509 1.0159916877746582 1547
1771366975561 0.6881883144378662 1548
1771366975612 0.47321853041648865 1549
1771366975664 0.8053393363952637 1550
1771366975712 0.7472637295722961 1551
1771366975760 0.8929888606071472 1552
1771366975806 0.7493430376052856 1553
1771366975854 1.1725246906280518 1554
1771366975902 0.7319981455802917 1555
1771366975950 0.8668389916419983 1556
1771366975996 0.730636715888977 1557
1771366976043 0.5989060401916504 1558
1771366976090 0.4818580746650696 1559
1771366976137 0.7621273994445801 1560
1771366976184 0.9506299495697021 1561
1771366976232 0.9229486584663391 1562
1771366976280 0.45690274238586426 1563
1771366976326 0.5549371838569641 1564
1771366976372 0.5422264933586121 1565
1771366976420 0.5671008825302124 1566
1771366976469 0.7295483946800232 1567
1771366976517 0.7138807773590088 1568
1771366976564 0.561028242111206 1569
1771366976611 1.2307932376861572 1570
1771366976658 0.6641334891319275 1571
1771366976704 0.5715623497962952 1572
1771366976750 0.5717206597328186 1573
1771366976796 0.39740532636642456 1574
1771366976843 0.4289131164550781 1575
1771366976890 0.9437998533248901 1576
1771366976938 1.0360403060913086 1577
1771366976985 0.8360652923583984 1578
1771366977032 0.4873009920120239 1579
1771366977079 0.5945056676864624 1580
1771366977126 0.32221972942352295 1581
1771366977175 0.5845584273338318 1582
1771366977227 0.31393322348594666 1583
1771366977274 0.5663807392120361 1584
1771366977323 0.8336265087127686 1585
1771366977371 0.7151780724525452 1586
1771366977418 1.0046942234039307 1587
1771366977466 0.39114201068878174 1588
1771366977513 0.4674798846244812 1589
1771366977560 0.946496844291687 1590
1771366977607 0.7928966283798218 1591
1771366977655 0.6788140535354614 1592
1771366977702 0.4406774044036865 1593
1771366977748 0.4714023470878601 1594
1771366977795 0.8580424785614014 1595
1771366977845 0.49648359417915344 1596
1771366977894 0.6523416042327881 1597
1771366977942 0.3474003076553345 1598
1771366977990 0.9228835701942444 1599
1771366978038 0.807424008846283 1600
1771366978085 0.522800087928772 1601
1771366978132 0.809701144695282 1602
1771366978180 0.8324306607246399 1603
1771366978227 0.4922430217266083 1604
1771366978274 0.37846413254737854 1605
1771366978321 0.8356669545173645 1606
1771366978368 0.647875189781189 1607
1771366978416 1.2801991701126099 1608
1771366978463 0.7937358617782593 1609
1771366978518 1.0702553987503052 1610
1771366978570 0.48645147681236267 1611
1771366978622 0.5609633922576904 1612
1771366978675 0.8868425488471985 1613
1771366978727 0.5802810788154602 1614
1771366978779 1.3642600774765015 1615
1771366978831 0.4321969151496887 1616
1771366978883 0.9580013155937195 1617
1771366978935 0.7645313143730164 1618
1771366978989 0.4254907965660095 1619
1771366979041 0.7827875018119812 1620
1771366979093 1.0252795219421387 1621
1771366979146 0.5014349222183228 1622
1771366979196 0.9514732360839844 1623
1771366979243 0.8069478869438171 1624
1771366979293 0.9278601408004761 1625
1771366979341 0.8871868252754211 1626
1771366979388 0.7812365889549255 1627
1771366979436 0.5662516951560974 1628
1771366979484 0.6034677028656006 1629
1771366979531 0.4997592866420746 1630
1771366979578 0.9715061187744141 1631
1771366979626 0.6773539185523987 1632
1771366979673 0.8565234541893005 1633
1771366979722 0.7899448871612549 1634
1771366979770 0.7080415487289429 1635
1771366979820 0.8959441184997559 1636
1771366979963 0.5114768743515015 1637
1771366980012 0.7723565101623535 1638
1771366980059 0.9924454689025879 1639
1771366980106 0.4993455111980438 1640
1771366980155 0.7517879009246826 1641
1771366980203 0.7796128988265991 1642
1771366980251 1.030042290687561 1643
1771366980299 0.6397247910499573 1644
1771366980347 0.6783575415611267 1645
1771366980394 1.1592540740966797 1646
1771366980443 0.5666983723640442 1647
1771366980492 0.4578190743923187 1648
1771366980540 0.5578815340995789 1649
1771366980588 0.7699655890464783 1650
1771366980635 0.7407103180885315 1651
1771366980683 1.001368522644043 1652
1771366980731 0.8064862489700317 1653
1771366980779 0.6980054974555969 1654
1771366980827 1.348633050918579 1655
1771366980878 1.5119792222976685 1656
1771366980926 0.45285865664482117 1657
1771366980974 0.609553337097168 1658
1771366981024 1.0701960325241089 1659
1771366981072 1.1027554273605347 1660
1771366981124 0.6729034781455994 1661
1771366981174 0.4062107503414154 1662
1771366981222 1.109387993812561 1663
1771366981269 0.9709295630455017 1664
1771366981317 0.9842435121536255 1665
1771366981368 1.2817625999450684 1666
1771366981416 0.7555292248725891 1667
1771366981463 0.8866017460823059 1668
1771366981511 0.43018823862075806 1669
1771366981559 0.4502454102039337 1670
1771366981607 0.4723871052265167 1671
1771366981654 0.357292503118515 1672
1771366981700 0.6666116714477539 1673
1771366981747 0.7085232138633728 1674
1771366981795 0.740855872631073 1675
1771366981844 0.5452884435653687 1676
1771366981893 0.8438857197761536 1677
1771366981941 0.7686647176742554 1678
1771366981990 0.684157133102417 1679
1771366982038 0.45103272795677185 1680
1771366982087 0.5733688473701477 1681
1771366982135 0.5360682606697083 1682
1771366982183 0.5597345232963562 1683
1771366982230 0.969436764717102 1684
1771366982278 0.7078381776809692 1685
1771366982327 0.6935746669769287 1686
1771366982374 1.0358741283416748 1687
1771366982423 0.7841842770576477 1688
1771366982472 0.8648422956466675 1689
1771366982528 0.7949299812316895 1690
1771366982584 0.7600961327552795 1691
1771366982639 0.8653427958488464 1692
1771366982689 0.8285819292068481 1693
1771366982737 0.5712186694145203 1694
1771366982785 0.7114431858062744 1695
1771366982832 0.3958016633987427 1696
1771366982880 0.6309638619422913 1697
1771366982928 0.8022538423538208 1698
1771366982976 0.4441128969192505 1699
1771366983030 0.8264527916908264 1700
1771366983083 0.825681746006012 1701
1771366983135 0.6709296703338623 1702
1771366983191 0.7719100713729858 1703
1771366983245 0.6610026359558105 1704
1771366983299 0.6614401936531067 1705
1771366983353 0.8369305729866028 1706
1771366983407 0.7104348540306091 1707
1771366983463 0.8455515503883362 1708
1771366983589 0.6048014760017395 1709
1771366983642 0.9396830201148987 1710
1771366983695 0.7188166379928589 1711
1771366983748 0.798102855682373 1712
1771366983800 0.8316112756729126 1713
1771366983853 0.6653037667274475 1714
1771366983909 0.8170941472053528 1715
1771366983963 0.4388205111026764 1716
1771366984016 0.8255316019058228 1717
1771366984065 0.5949200391769409 1718
1771366984113 0.7631838321685791 1719
1771366984160 0.8603652119636536 1720
1771366984208 0.6027302145957947 1721
1771366984255 0.5917645692825317 1722
1771366984304 1.0127869844436646 1723
1771366984352 1.259399175643921 1724
1771366984399 0.46919968724250793 1725
1771366984447 0.5607515573501587 1726
1771366984497 0.7239450216293335 1727
1771366984548 0.5301242470741272 1728
1771366984597 0.5885571241378784 1729
1771366984645 0.32228583097457886 1730
1771366984693 0.7332287430763245 1731
1771366984741 0.7270718216896057 1732
1771366984791 0.8661477565765381 1733
1771366984839 0.6167048215866089 1734
1771366984888 0.7675220370292664 1735
1771366984935 0.6504920125007629 1736
1771366984983 0.7479984164237976 1737
1771366985031 0.3807983994483948 1738
1771366985079 0.7393701672554016 1739
1771366985127 0.5627214312553406 1740
1771366985175 0.6833048462867737 1741
1771366985224 0.736244797706604 1742
1771366985273 0.5361180901527405 1743
1771366985326 0.3145464360713959 1744
1771366985378 0.9290906190872192 1745
1771366985431 0.8427482843399048 1746
1771366985485 0.6802016496658325 1747
1771366985543 0.27166464924812317 1748
1771366985595 0.5238476395606995 1749
1771366985648 0.8775503635406494 1750
1771366985701 0.9218019843101501 1751
1771366985753 0.7484755516052246 1752
1771366985806 0.7358767986297607 1753
1771366985859 0.855967104434967 1754
1771366985916 0.31815677881240845 1755
1771366985970 0.7028998732566833 1756
1771366986025 0.6381189823150635 1757
1771366986078 0.5972062945365906 1758
1771366986131 0.7126291990280151 1759
1771366986184 1.0911191701889038 1760
1771366986237 0.6261059641838074 1761
1771366986290 1.0791919231414795 1762
1771366986342 0.41564515233039856 1763
1771366986395 0.5555497407913208 1764
1771366986448 0.7864845991134644 1765
1771366986501 0.6302855014801025 1766
1771366986552 0.756018877029419 1767
1771366986601 0.7359822988510132 1768
1771366986651 0.6290739178657532 1769
1771366986699 0.7324584126472473 1770
1771366986748 0.8634594082832336 1771
1771366986796 0.9810810089111328 1772
1771366986843 0.34483933448791504 1773
1771366986895 0.7365909218788147 1774
1771366986942 0.7547042369842529 1775
1771366986990 0.8312512636184692 1776
1771366987039 0.7208588719367981 1777
1771366987087 1.0837308168411255 1778
1771366987136 0.6048860549926758 1779
1771366987185 0.8233876824378967 1780
1771366987234 0.5379851460456848 1781
1771366987285 0.6837789416313171 1782
1771366987334 0.6950041055679321 1783
1771366987383 0.5341671109199524 1784
1771366987431 0.6328465938568115 1785
1771366987479 0.5503999590873718 1786
1771366987530 0.9859265089035034 1787
1771366987580 0.7329263687133789 1788
1771366987629 0.8221959471702576 1789
1771366987678 0.5476328134536743 1790
1771366987726 0.8281758427619934 1791
1771366987775 0.4268149137496948 1792
1771366987823 0.8386741280555725 1793
1771366987875 0.5691602826118469 1794
1771366987925 0.9043219685554504 1795
1771366987973 0.8866064548492432 1796
1771366988022 0.9773038625717163 1797
1771366988070 0.7037416100502014 1798
1771366988120 0.31491219997406006 1799
1771366988173 0.9323857426643372 1800
1771366988226 1.0673353672027588 1801
1771366988279 0.34504470229148865 1802
1771366988333 0.5463505983352661 1803
1771366988385 0.3570878505706787 1804
1771366988441 0.4412592947483063 1805
1771366988496 0.687891960144043 1806
1771366988549 0.6494691967964172 1807
1771366988601 0.6543465256690979 1808
1771366988654 0.48821771144866943 1809
1771366988708 0.6876574158668518 1810
1771366988761 0.8191112279891968 1811
1771366988814 0.5363715291023254 1812
1771366988867 0.5920278429985046 1813
1771366988921 0.8230227828025818 1814
1771366988973 0.6664032936096191 1815
1771366989026 0.5948744416236877 1816
1771366989079 0.5815389752388 1817
1771366989132 0.9545719623565674 1818
1771366989186 1.0977569818496704 1819
1771366989241 0.29362884163856506 1820
1771366989294 1.0286303758621216 1821
1771366989346 0.9944561123847961 1822
1771366989399 0.4866865277290344 1823
1771366989451 0.6404582858085632 1824
1771366989503 0.520435631275177 1825
1771366989555 0.9576563239097595 1826
1771366989608 1.1111252307891846 1827
1771366989663 1.294241189956665 1828
1771366989715 1.5362054109573364 1829
1771366989768 0.7336791753768921 1830
1771366989820 0.9362413287162781 1831
1771366989875 0.5411874651908875 1832
1771366989930 0.49737420678138733 1833
1771366990057 0.8419884443283081 1834
1771366990110 0.8009457588195801 1835
1771366990164 1.0212090015411377 1836
1771366990217 0.8378012180328369 1837
1771366990270 0.4499046206474304 1838
1771366990323 0.5193687081336975 1839
1771366990376 0.4698515832424164 1840
1771366990430 0.6697061061859131 1841
1771366990482 1.0218441486358643 1842
1771366990535 0.8070945739746094 1843
1771366990592 0.9667333960533142 1844
1771366990647 0.6411134600639343 1845
1771366990700 0.8284770846366882 1846
1771366990755 0.9862574338912964 1847
1771366990805 0.8325155973434448 1848
1771366990854 0.804259717464447 1849
1771366990903 0.4099012315273285 1850
1771366990951 0.6316040754318237 1851
1771366990999 0.7943326830863953 1852
1771366991048 0.771479070186615 1853
1771366991097 0.6999234557151794 1854
1771366991145 0.7582880854606628 1855
1771366991196 0.676080048084259 1856
1771366991245 0.8338890671730042 1857
1771366991294 0.6389152407646179 1858
1771366991343 0.45640915632247925 1859
1771366991392 0.4652928411960602 1860
1771366991441 0.8902156949043274 1861
1771366991489 0.5411800742149353 1862
1771366991537 0.5509488582611084 1863
1771366991585 0.8737326860427856 1864
1771366991633 0.48245328664779663 1865
1771366991681 0.3205580413341522 1866
1771366991731 1.0136927366256714 1867
1771366991781 0.6996477842330933 1868
1771366991830 0.7010421752929688 1869
1771366991879 0.8887045383453369 1870
1771366991935 0.6219914555549622 1871
1771366991989 1.0828173160552979 1872
1771366992043 0.7180463671684265 1873
1771366992097 0.9176939129829407 1874
1771366992147 0.5332475900650024 1875
1771366992255 0.5629082918167114 1876
1771366992309 0.4459032118320465 1877
1771366992365 0.6751692891120911 1878
1771366992417 0.34767547249794006 1879
1771366992466 0.6533961296081543 1880
1771366992515 0.5407581329345703 1881
1771366992565 0.6145237684249878 1882
1771366992613 0.961566686630249 1883
1771366992665 0.38734176754951477 1884
1771366992715 0.7950432896614075 1885
1771366992764 0.5848473906517029 1886
1771366992812 0.6417391300201416 1887
1771366992861 0.6011124849319458 1888
1771366992911 0.341402530670166 1889
1771366992960 0.6356479525566101 1890
1771366993010 0.38242781162261963 1891
1771366993058 0.5972170233726501 1892
1771366993108 0.39059996604919434 1893
1771366993160 0.9437264204025269 1894
1771366993213 0.8809515833854675 1895
1771366993262 0.4935799837112427 1896
1771366993310 0.6955468058586121 1897
1771366993359 0.47003036737442017 1898
1771366993410 0.6497755646705627 1899
1771366993459 0.3595389127731323 1900
1771366993507 0.6799652576446533 1901
1771366993556 0.6600402593612671 1902
1771366993604 0.5168208479881287 1903
1771366993655 0.9122037291526794 1904
1771366993703 0.5874983072280884 1905
1771366993752 0.7656775712966919 1906
1771366993803 0.884086549282074 1907
1771366993943 0.5523563027381897 1908
1771366993992 0.8068141937255859 1909
1771366994047 0.6512470841407776 1910
1771366994100 0.7105293869972229 1911
1771366994156 0.33785098791122437 1912
1771366994210 0.6470503211021423 1913
1771366994266 0.5801385641098022 1914
1771366994319 0.6559857130050659 1915
1771366994373 1.0221883058547974 1916
1771366994432 0.8583642244338989 1917
1771366994487 0.6772753596305847 1918
1771366994541 0.707094132900238 1919
1771366994597 0.9301150441169739 1920
1771366994652 0.6964892148971558 1921
1771366994705 0.9145566821098328 1922
1771366994758 0.5963423252105713 1923
1771366994811 0.6579389572143555 1924
1771366994865 0.5521160960197449 1925
1771366994919 0.7755996584892273 1926
1771366994973 0.4832574129104614 1927
1771366995026 0.9399730563163757 1928
1771366995079 0.6383318305015564 1929
1771366995132 0.5970987677574158 1930
1771366995184 0.5861455798149109 1931
1771366995240 0.4793335497379303 1932
1771366995294 0.6221083402633667 1933
1771366995348 0.6670219898223877 1934
1771366995401 0.6325829029083252 1935
1771366995459 0.4915997087955475 1936
1771366995513 0.7140295505523682 1937
1771366995566 0.8157247304916382 1938
1771366995619 0.3370678722858429 1939
1771366995672 0.4930409789085388 1940
1771366995725 0.5836852788925171 1941
1771366995778 0.2640339732170105 1942
1771366995835 0.5282461643218994 1943
1771366995890 0.5196476578712463 1944
1771366995945 0.8615734577178955 1945
1771366995999 0.6250643730163574 1946
1771366996053 0.6418910026550293 1947
1771366996107 0.8463289737701416 1948
1771366996161 0.64454185962677 1949
1771366996214 0.8253905177116394 1950
1771366996267 0.9901332259178162 1951
1771366996321 1.1355993747711182 1952
1771366996376 0.7809143662452698 1953
1771366996432 0.554131805896759 1954
1771366996488 0.336899071931839 1955
1771366996542 0.3400566875934601 1956
1771366996596 0.8054313659667969 1957
1771366996650 0.7420580983161926 1958
1771366996704 0.45072945952415466 1959
1771366996758 0.5957655310630798 1960
1771366996811 0.7893425226211548 1961
1771366996866 0.7268028259277344 1962
1771366996919 0.5221719741821289 1963
1771366996972 0.7175669074058533 1964
1771366997026 1.1908410787582397 1965
1771366997080 0.8453925848007202 1966
1771366997134 0.8216052651405334 1967
1771366997189 1.4547958374023438 1968
1771366997244 0.5306040048599243 1969
1771366997297 0.9673483371734619 1970
1771366997351 1.3237707614898682 1971
1771366997406 0.5065099596977234 1972
1771366997460 0.5743463635444641 1973
1771366997514 1.0010768175125122 1974
1771366997568 0.7140014171600342 1975
1771366997622 1.246135950088501 1976
1771366997676 0.6144784092903137 1977
1771366997730 0.44790658354759216 1978
1771366997783 0.6686268448829651 1979
1771366997836 0.5562750101089478 1980
1771366997891 0.6821773052215576 1981
1771366998023 0.5655523538589478 1982
1771366998079 0.6534807682037354 1983
1771366998133 0.7862830758094788 1984
1771366998187 0.3953353762626648 1985
1771366998243 0.8266649842262268 1986
1771366998295 0.9259964823722839 1987
1771366998349 0.8636371493339539 1988
1771366998401 0.8931981325149536 1989
1771366998453 0.9596614837646484 1990
1771366998506 0.831454873085022 1991
1771366998560 0.624191164970398 1992
1771366998615 0.40509989857673645 1993
1771366998668 0.8111904859542847 1994
1771366998718 0.8033521175384521 1995
1771366998766 0.8464558124542236 1996
1771366998814 0.465999037027359 1997
1771366998862 0.8080837726593018 1998
1771366998909 0.6499289870262146 1999
1771366998959 0.8679990768432617 2000
1771366999013 0.49442058801651 2001
1771366999062 0.8309392333030701 2002
1771366999116 1.190319538116455 2003
1771366999170 0.50016850233078 2004
1771366999226 1.035033941268921 2005
1771366999281 1.1098893880844116 2006
1771366999334 0.7212914228439331 2007
1771366999388 0.9541538953781128 2008
1771366999441 0.44904544949531555 2009
1771366999494 1.0850417613983154 2010
1771366999549 0.9203174710273743 2011
1771366999603 0.8747127056121826 2012
1771366999656 0.5444843173027039 2013
1771366999709 0.8672283887863159 2014
1771366999762 0.6322383284568787 2015
1771366999819 0.684445321559906 2016
1771366999873 0.5459356307983398 2017
1771366999924 0.5641323328018188 2018
1771366999975 0.8103926181793213 2019
1771367000026 0.8909295797348022 2020
1771367000076 0.4775177836418152 2021
1771367000124 0.5165033936500549 2022
1771367000172 0.654426634311676 2023
1771367000222 0.8256284594535828 2024
1771367000271 0.6775311827659607 2025
1771367000320 0.5031479001045227 2026
1771367000371 0.5709289312362671 2027
1771367000421 0.5690206289291382 2028
1771367000471 0.49229156970977783 2029
1771367000520 0.8789762854576111 2030
1771367000575 0.3773173391819 2031
1771367000629 0.7028230428695679 2032
1771367000679 0.43497490882873535 2033
1771367000728 0.5696184635162354 2034
1771367000777 0.4542849063873291 2035
1771367000827 0.5176407694816589 2036
1771367000877 0.6624875068664551 2037
1771367000926 0.7113006114959717 2038
1771367000976 0.5602408647537231 2039
1771367001025 0.721312403678894 2040
1771367001073 0.7177783846855164 2041
1771367001123 0.45395514369010925 2042
1771367001172 0.7838594317436218 2043
1771367001221 0.5639302730560303 2044
1771367001270 0.8433333039283752 2045
1771367001319 0.7702527046203613 2046
1771367001368 0.7338360548019409 2047
1771367001417 0.7418727874755859 2048
1771367001466 0.7125041484832764 2049
1771367001515 0.5036298036575317 2050
1771367001564 0.5405836701393127 2051
1771367001613 1.1522411108016968 2052
1771367001661 0.8594340085983276 2053
1771367001711 0.6130061149597168 2054
1771367001765 0.4925444722175598 2055
1771367001819 0.7096782326698303 2056
1771367001877 0.43439817428588867 2057
1771367002042 0.7035470008850098 2058
1771367002099 0.576707661151886 2059
1771367002153 0.5627341270446777 2060
1771367002207 0.8707191944122314 2061
1771367002260 0.6473492383956909 2062
1771367002313 0.6597863435745239 2063
1771367002367 0.8449618220329285 2064
1771367002421 0.42586663365364075 2065
1771367002475 0.4045744240283966 2066
1771367002530 0.6247337460517883 2067
1771367002584 0.7801117897033691 2068
1771367002638 0.8642635941505432 2069
1771367002693 0.7883687019348145 2070
1771367002747 1.0451509952545166 2071
1771367002801 0.2897215485572815 2072
1771367002854 0.5737904906272888 2073
1771367002907 0.5182722806930542 2074
1771367002961 0.8894224762916565 2075
1771367003015 0.648582398891449 2076
1771367003069 1.090855360031128 2077
1771367003123 0.4983351230621338 2078
1771367003178 0.5543984174728394 2079
1771367003234 0.7307924628257751 2080
1771367003288 0.8609643578529358 2081
1771367003340 0.7005998492240906 2082
1771367003392 0.3186962306499481 2083
1771367003441 0.41638419032096863 2084
1771367003490 0.9496451616287231 2085
1771367003540 0.6513815522193909 2086
1771367003589 0.7851859331130981 2087
1771367003639 0.905805230140686 2088
1771367003688 0.6883711218833923 2089
1771367003741 0.5395825505256653 2090
1771367003790 1.4502301216125488 2091
1771367003840 0.6853018999099731 2092
1771367003889 0.5314689874649048 2093
1771367003940 0.7037180662155151 2094
1771367003992 0.7589156627655029 2095
1771367004041 0.870755672454834 2096
1771367004091 0.7411627769470215 2097
1771367004142 0.5494187474250793 2098
1771367004193 1.107107162475586 2099
1771367004243 0.7756826281547546 2100
1771367004301 1.5920047760009766 2101
1771367004356 0.9278597235679626 2102
1771367004408 0.6733205914497375 2103
1771367004464 0.12629587948322296 2104
1771367004518 0.7721959352493286 2105
1771367004574 0.7914220690727234 2106
1771367004632 0.8274629712104797 2107
1771367004690 0.3975764214992523 2108
1771367004745 0.6419418454170227 2109
1771367004800 0.9262090921401978 2110
1771367004856 1.0846984386444092 2111
1771367004911 0.6409673690795898 2112
1771367004969 0.6197053790092468 2113
1771367005024 0.8170160055160522 2114
1771367005079 0.6473766565322876 2115
1771367005133 0.6411205530166626 2116
1771367005188 0.7843947410583496 2117
1771367005243 0.880948543548584 2118
1771367005298 0.6368182301521301 2119
1771367005355 0.7850316762924194 2120
1771367005412 0.5434683561325073 2121
1771367005466 0.7506394386291504 2122
1771367005520 0.8892183899879456 2123
1771367005574 0.6853798627853394 2124
1771367005625 0.43159303069114685 2125
1771367005679 1.118604302406311 2126
1771367005730 1.1011167764663696 2127
1771367005780 0.6528947353363037 2128
1771367005835 0.7132518291473389 2129
1771367005884 0.3865217864513397 2130
1771367005936 0.3705686926841736 2131
1771367005987 0.4463784098625183 2132
1771367006108 0.7535809278488159 2133
1771367006159 0.481503963470459 2134
1771367006211 1.022451400756836 2135
1771367006262 0.8210716843605042 2136
1771367006312 0.7790336608886719 2137
1771367006363 0.6637703776359558 2138
1771367006415 0.4166574776172638 2139
1771367006471 0.7216508388519287 2140
1771367006523 0.911708652973175 2141
1771367006578 0.7123464345932007 2142
1771367006631 0.7165619134902954 2143
1771367006685 1.0341911315917969 2144
1771367006736 0.619507908821106 2145
1771367006789 0.6132224798202515 2146
1771367006840 0.7904098629951477 2147
1771367006890 0.4089425802230835 2148
1771367006941 1.11472487449646 2149
1771367006993 0.8114593029022217 2150
1771367007046 1.122622013092041 2151
1771367007098 0.5156078338623047 2152
1771367007152 0.692295491695404 2153
1771367007205 0.9524111151695251 2154
1771367007259 1.475129246711731 2155
1771367007312 0.9338383674621582 2156
1771367007366 0.5829796195030212 2157
1771367007418 0.5387976765632629 2158
1771367007472 0.6029813289642334 2159
1771367007525 0.43102842569351196 2160
1771367007578 0.7542701959609985 2161
1771367007633 0.6622908115386963 2162
1771367007685 1.1098328828811646 2163
1771367007738 0.7893407940864563 2164
1771367007790 1.0021909475326538 2165
1771367007906 0.9913684725761414 2166
1771367007960 0.8191838264465332 2167
1771367008012 0.6900092959403992 2168
1771367008066 0.8813604712486267 2169
1771367008119 0.5848178267478943 2170
1771367008175 0.8003749847412109 2171
1771367008229 0.6602266430854797 2172
1771367008282 0.6508995294570923 2173
1771367008336 0.7179713249206543 2174
1771367008389 0.7458286881446838 2175
1771367008444 0.6964826583862305 2176
1771367008498 0.8972204327583313 2177
1771367008553 1.252800464630127 2178
1771367008607 0.4228486716747284 2179
1771367008662 0.9001742005348206 2180
1771367008718 0.9058480858802795 2181
1771367008779 0.7681698203086853 2182
1771367008839 1.2567600011825562 2183
1771367008899 1.0021638870239258 2184
1771367008957 0.9494398236274719 2185
1771367009013 0.45487841963768005 2186
1771367009065 1.0324771404266357 2187
1771367009118 0.6972166895866394 2188
1771367009172 0.5149056315422058 2189
1771367009225 0.8552232384681702 2190
1771367009279 0.7018533945083618 2191
1771367009333 0.6901386976242065 2192
1771367009385 0.6118685007095337 2193
1771367009439 1.165304183959961 2194
1771367009492 0.658077597618103 2195
1771367009545 0.9713591933250427 2196
1771367009598 1.1925216913223267 2197
1771367009651 1.3003032207489014 2198
1771367009708 0.934002697467804 2199
1771367009761 0.43286800384521484 2200
1771367009816 0.8012151718139648 2201
1771367009869 1.1819274425506592 2202
1771367009922 1.1126399040222168 2203
1771367009981 0.6625783443450928 2204
1771367010035 0.7475330829620361 2205
1771367010089 0.5806859731674194 2206
1771367010145 0.5189210176467896 2207
1771367010197 0.987887978553772 2208
1771367010251 0.49774399399757385 2209
1771367010307 0.364570289850235 2210
1771367010363 0.7145081758499146 2211
1771367010418 0.743148922920227 2212
1771367010472 0.9677519202232361 2213
1771367010528 0.3967064917087555 2214
1771367010583 0.5504060983657837 2215
1771367010637 0.8950071334838867 2216
1771367010691 0.686799168586731 2217
1771367010742 0.41004565358161926 2218
1771367010795 0.9243394136428833 2219
1771367010848 0.5033427476882935 2220
1771367010902 0.8428193926811218 2221
1771367010962 0.6705865263938904 2222
1771367011026 0.483554482460022 2223
1771367011089 0.8603609204292297 2224
1771367011146 0.7311985492706299 2225
1771367011205 0.4041648209095001 2226
1771367011264 1.0999083518981934 2227
1771367011322 0.6572366952896118 2228
1771367011379 0.9898462295532227 2229
1771367011441 0.7630700469017029 2230
1771367011500 0.929244339466095 2231
1771367011561 0.4337882101535797 2232
1771367011620 0.26883989572525024 2233
1771367011680 0.9801282286643982 2234
1771367011739 1.040248155593872 2235
1771367011797 1.258928656578064 2236
1771367011851 0.7673272490501404 2237
1771367011904 0.670470654964447 2238
1771367011959 0.603973388671875 2239
1771367012021 0.4572192132472992 2240
1771367012080 0.566986083984375 2241
1771367012136 0.892382025718689 2242
1771367012191 0.6809818148612976 2243
1771367012246 0.48928382992744446 2244
1771367012301 0.8498656749725342 2245
1771367012356 0.8006474375724792 2246
1771367012413 0.8311789631843567 2247
1771367012469 0.9393196702003479 2248
1771367012525 0.40397369861602783 2249
1771367012582 0.6967215538024902 2250
1771367012636 0.7199957370758057 2251
1771367012693 0.6051779985427856 2252
1771367012745 1.3597276210784912 2253
1771367012797 0.8669674396514893 2254
1771367012853 0.21652726829051971 2255
1771367012904 0.7013763189315796 2256
1771367012958 0.67792809009552 2257
1771367013012 0.6911596655845642 2258
1771367013069 1.0289254188537598 2259
1771367013125 0.5307809114456177 2260
1771367013181 0.6539085507392883 2261
1771367013234 0.8913191556930542 2262
1771367013289 0.7768080830574036 2263
1771367013342 0.7867589592933655 2264
1771367013400 0.6150393486022949 2265
1771367013455 0.7883180975914001 2266
1771367013512 0.8957058191299438 2267
1771367013570 0.7682223916053772 2268
1771367013627 1.1244447231292725 2269
1771367013685 0.6826571822166443 2270
1771367013744 1.140926480293274 2271
1771367013802 0.5460025072097778 2272
1771367013860 0.5410189628601074 2273
1771367013918 0.34839287400245667 2274
1771367013975 0.5163005590438843 2275
1771367014034 0.7888681292533875 2276
1771367014092 0.5150958895683289 2277
1771367014149 0.49386754631996155 2278
1771367014210 0.6608614325523376 2279
1771367014269 0.5418205261230469 2280
1771367014328 0.8704442977905273 2281
1771367014387 0.7235571146011353 2282
1771367014446 0.3766525089740753 2283
1771367014504 1.0827465057373047 2284
1771367014565 1.0330816507339478 2285
1771367014623 0.7209558486938477 2286
1771367014682 0.4270929992198944 2287
1771367014740 0.7357757091522217 2288
1771367014798 0.717648983001709 2289
1771367014856 0.5556421279907227 2290
1771367014914 0.5568323135375977 2291
1771367014971 0.4552600383758545 2292
1771367015031 0.8645021319389343 2293
1771367015088 0.8575719594955444 2294
1771367015146 0.5447468161582947 2295
1771367015204 0.8880453109741211 2296
1771367015264 1.4503995180130005 2297
1771367015321 0.9453543424606323 2298
1771367015378 0.3795480728149414 2299
1771367015436 0.6608268618583679 2300
1771367015491 0.28591564297676086 2301
1771367015546 0.46226781606674194 2302
1771367015602 0.8059839606285095 2303
1771367015658 0.3008331060409546 2304
1771367015715 0.6550161838531494 2305
1771367015771 0.8526009321212769 2306
1771367015828 0.60531085729599 2307
1771367015886 0.5132149457931519 2308
1771367015942 0.43025773763656616 2309
1771367015996 0.5810386538505554 2310
1771367016051 0.7905119061470032 2311
1771367016104 0.5199934840202332 2312
1771367016157 0.4788287580013275 2313
1771367016211 0.4778900146484375 2314
1771367016265 0.7287153005599976 2315
1771367016316 0.46082326769828796 2316
1771367016366 0.4784475266933441 2317
1771367016417 0.6366152763366699 2318
1771367016470 0.7911150455474854 2319
1771367016525 0.9127127528190613 2320
1771367016577 0.6695904731750488 2321
1771367016630 1.1555875539779663 2322
1771367016685 0.9980190992355347 2323
1771367016739 0.41734471917152405 2324
1771367016793 0.5301012992858887 2325
1771367016845 0.7642908692359924 2326
1771367016897 0.959107518196106 2327
1771367016950 0.863178014755249 2328
1771367017004 1.0026999711990356 2329
1771367017057 0.5910465121269226 2330
1771367017109 0.8632422089576721 2331
1771367017161 0.6824221014976501 2332
1771367017214 0.9154644012451172 2333
1771367017273 0.36473438143730164 2334
1771367017417 0.6286445260047913 2335
1771367017479 0.28647327423095703 2336
1771367017537 0.8110042214393616 2337
1771367017594 0.8532719612121582 2338
1771367017652 0.5601494908332825 2339
1771367017706 0.7355062365531921 2340
1771367017759 0.649703860282898 2341
1771367017812 0.6717826128005981 2342
1771367017867 0.850206732749939 2343
1771367017918 0.16836890578269958 2344
1771367018031 0.7705055475234985 2345
1771367018087 0.8060029149055481 2346
1771367018141 0.7569960951805115 2347
1771367018195 0.36064550280570984 2348
1771367018248 0.6358318328857422 2349
1771367018303 0.7685387134552002 2350
1771367018354 0.8106431365013123 2351
1771367018406 0.29614385962486267 2352
1771367018461 0.6778174042701721 2353
1771367018514 0.7229599356651306 2354
1771367018568 0.2897850573062897 2355
1771367018622 0.5829876065254211 2356
1771367018675 0.7053528428077698 2357
1771367018729 0.7829838991165161 2358
1771367018782 0.5715636014938354 2359
1771367018834 0.30719220638275146 2360
1771367018887 0.6510611772537231 2361
1771367018940 0.478897362947464 2362
1771367018994 0.6653214693069458 2363
1771367019047 0.5820809602737427 2364
1771367019100 0.5745359063148499 2365
1771367019154 0.4649137556552887 2366
1771367019214 0.5837458968162537 2367
1771367019273 0.7115008234977722 2368
1771367019334 0.8842806220054626 2369
1771367019393 1.184932827949524 2370
1771367019449 1.0325117111206055 2371
1771367019507 0.7738370895385742 2372
1771367019562 0.8964183926582336 2373
1771367019614 0.4717590808868408 2374
1771367019668 0.516590416431427 2375
1771367019722 0.9811955094337463 2376
1771367019774 0.5844898223876953 2377
1771367019825 0.6128571033477783 2378
1771367019878 0.46023109555244446 2379
1771367019930 1.2531663179397583 2380
1771367019982 1.0861248970031738 2381
1771367020037 0.36343294382095337 2382
1771367020088 0.5446199178695679 2383
1771367020141 1.0257036685943604 2384
1771367020193 0.7014156579971313 2385
1771367020252 0.6215788722038269 2386
1771367020310 0.7020877003669739 2387
1771367020369 0.9120015501976013 2388
1771367020425 0.5782453417778015 2389
1771367020481 0.3418152630329132 2390
1771367020537 0.822124183177948 2391
1771367020595 0.734275221824646 2392
1771367020652 0.8804218173027039 2393
1771367020708 0.8103253245353699 2394
1771367020766 0.9464817047119141 2395
1771367020822 0.5023296475410461 2396
1771367020879 0.5706111788749695 2397
1771367020938 0.487804651260376 2398
1771367020995 0.6191017031669617 2399
1771367021052 0.5751208662986755 2400
1771367021110 0.5602046251296997 2401
1771367021162 0.5811020135879517 2402
1771367021214 0.5356149673461914 2403
1771367021266 0.8483206629753113 2404
1771367021319 0.7434881329536438 2405
1771367021371 0.47887057065963745 2406
1771367021423 0.703673243522644 2407
1771367021475 0.7037988305091858 2408
1771367021527 0.5496928095817566 2409
1771367021579 0.7993448376655579 2410
1771367021631 0.8283147215843201 2411
1771367021682 0.3986069858074188 2412
1771367021735 0.7207062840461731 2413
1771367021788 0.37950390577316284 2414
1771367021839 0.5326158404350281 2415
1771367021892 0.4382195472717285 2416
1771367021945 0.5061720609664917 2417
1771367022000 0.824158787727356 2418
1771367022056 0.7806599736213684 2419
1771367022109 0.9464241862297058 2420
1771367022164 0.8469010591506958 2421
1771367022218 0.9659616947174072 2422
1771367022272 0.45902708172798157 2423
1771367022324 0.5406357049942017 2424
1771367022444 0.7960280179977417 2425
1771367022513 0.4990096986293793 2426
1771367022573 0.5744658708572388 2427
1771367022627 1.0213756561279297 2428
1771367022682 0.6367366313934326 2429
1771367022734 0.41970211267471313 2430
1771367022787 0.6435678601264954 2431
1771367022845 0.2941974401473999 2432
1771367022898 0.6742865443229675 2433
1771367022951 0.8641298413276672 2434
1771367023003 0.9314948320388794 2435
1771367023057 0.8421024680137634 2436
1771367023108 0.761982798576355 2437
1771367023160 0.5831172466278076 2438
1771367023216 0.2720792889595032 2439
1771367023272 0.7337554693222046 2440
1771367023331 0.5808483362197876 2441
1771367023396 0.6224973201751709 2442
1771367023453 0.6476448178291321 2443
1771367023510 0.5777584314346313 2444
1771367023567 0.5618255138397217 2445
1771367023628 0.6755950450897217 2446
1771367023686 0.8206160664558411 2447
1771367023743 0.5698638558387756 2448
1771367023804 0.9253486394882202 2449
1771367023861 0.9725574851036072 2450
1771367023918 0.4988940954208374 2451
1771367023978 0.6326124668121338 2452
1771367024036 0.6221080422401428 2453
1771367024094 0.6243079900741577 2454
1771367024151 0.8834000825881958 2455
1771367024211 0.5939833521842957 2456
1771367024268 0.7572340965270996 2457
1771367024331 0.3062322437763214 2458
1771367024382 0.6364463567733765 2459
1771367024432 0.527292013168335 2460
1771367024484 0.5449798703193665 2461
1771367024535 0.6736634373664856 2462
1771367024589 0.5757208466529846 2463
1771367024639 0.844992995262146 2464
1771367024691 0.8847904205322266 2465
1771367024742 0.9473398327827454 2466
1771367024793 0.747961163520813 2467
1771367024847 1.1312772035598755 2468
1771367024901 0.8404608368873596 2469
1771367024953 0.7295642495155334 2470
1771367025012 0.8751983642578125 2471
1771367025068 0.518616795539856 2472
1771367025123 0.45445266366004944 2473
1771367025178 0.9845584034919739 2474
1771367025234 0.5460870862007141 2475
1771367025291 0.7369324564933777 2476
1771367025350 0.53412264585495 2477
1771367025405 0.6712682247161865 2478
1771367025459 0.39921683073043823 2479
1771367025514 0.5093424320220947 2480
1771367025568 0.7798321843147278 2481
1771367025622 0.912166178226471 2482
1771367025677 0.8838449120521545 2483
1771367025732 1.1312031745910645 2484
1771367025788 0.5662440657615662 2485
1771367025844 0.5057129859924316 2486
1771367025901 0.4284892678260803 2487
1771367025957 0.9867186546325684 2488
1771367026012 0.49264633655548096 2489
1771367026068 1.0095465183258057 2490
1771367026126 0.6496227979660034 2491
1771367026186 0.3938867151737213 2492
1771367026242 0.6896713376045227 2493
1771367026303 0.6023609042167664 2494
1771367026362 0.44302111864089966 2495
1771367026419 0.4953300654888153 2496
1771367026479 0.6062421202659607 2497
1771367026609 0.7286783456802368 2498
1771367026668 0.6426146626472473 2499
1771367026727 0.5235527753829956 2500
1771367026789 0.4336455166339874 2501
1771367026848 0.7648020386695862 2502
1771367026910 0.722297728061676 2503
1771367026971 0.8259276747703552 2504
1771367027027 0.3785306215286255 2505
1771367027080 0.6319239735603333 2506
1771367027137 0.4476550817489624 2507
1771367027193 0.7928761839866638 2508
1771367027246 0.8488969802856445 2509
1771367027301 0.49180853366851807 2510
1771367027355 0.6653808951377869 2511
1771367027412 0.5134931802749634 2512
1771367027465 0.8270039558410645 2513
1771367027518 0.6027853488922119 2514
1771367027569 0.4264329671859741 2515
1771367027620 1.1502243280410767 2516
1771367027671 0.6954633593559265 2517
1771367027722 1.2025282382965088 2518
1771367027773 0.5137076377868652 2519
1771367027825 0.8839367628097534 2520
1771367027877 0.8131260871887207 2521
1771367027928 0.4194364845752716 2522
1771367027978 0.6853123903274536 2523
1771367028036 0.5061269998550415 2524
1771367028088 0.38743093609809875 2525
1771367028140 0.9864904284477234 2526
1771367028193 0.7698044776916504 2527
1771367028246 0.5485547184944153 2528
1771367028304 0.4316259026527405 2529
1771367028359 0.9925777912139893 2530
1771367028417 0.7523369789123535 2531
1771367028472 0.48126742243766785 2532
1771367028529 0.7636245489120483 2533
1771367028585 0.27665650844573975 2534
1771367028637 0.7452717423439026 2535
1771367028688 0.8676194548606873 2536
1771367028740 0.9874038696289062 2537
1771367028897 0.9323158860206604 2538
1771367028948 0.8194273710250854 2539
1771367029002 1.3046979904174805 2540
1771367029059 1.0529959201812744 2541
1771367029112 0.6123460531234741 2542
1771367029164 0.9779690504074097 2543
1771367029216 0.8937269449234009 2544
1771367029268 0.7785658836364746 2545
1771367029321 0.6696619391441345 2546
1771367029372 0.7455775737762451 2547
1771367029422 0.7158524990081787 2548
1771367029476 0.6574172973632812 2549
1771367029528 0.3552992343902588 2550
1771367029582 0.6492233276367188 2551
1771367029635 0.6295738816261292 2552
1771367029687 0.963263988494873 2553
1771367029741 1.185500979423523 2554
1771367029793 0.738334059715271 2555
1771367029845 0.9143053293228149 2556
1771367029897 0.552432656288147 2557
1771367029951 0.5567541718482971 2558
1771367030005 0.625588595867157 2559
1771367030058 0.5011592507362366 2560
1771367030111 0.493973046541214 2561
1771367030163 0.5258145332336426 2562
1771367030215 1.0067886114120483 2563
1771367030270 1.0804961919784546 2564
1771367030324 0.3708784878253937 2565
1771367030377 0.6177444458007812 2566
1771367030429 0.9182655215263367 2567
1771367030484 1.064418911933899 2568
1771367030543 0.8313890695571899 2569
1771367030603 0.5983333587646484 2570
1771367030664 0.6546117663383484 2571
1771367030724 0.7211170196533203 2572
1771367030786 0.6563990116119385 2573
1771367030847 0.7642582058906555 2574
1771367030903 0.5008677840232849 2575
1771367030959 0.553519606590271 2576
1771367031013 0.4806658625602722 2577
1771367031066 0.7258577346801758 2578
1771367031120 0.22160981595516205 2579
1771367031286 0.43212398886680603 2580
1771367031342 0.7376015782356262 2581
1771367031396 0.7293662428855896 2582
1771367031453 0.9815983772277832 2583
1771367031510 0.600712239742279 2584
1771367031565 0.8278027176856995 2585
1771367031616 0.670140266418457 2586
1771367031669 0.46905338764190674 2587
1771367031726 0.44846418499946594 2588
1771367031783 0.7463260889053345 2589
1771367031838 0.7682027816772461 2590
1771367031893 0.9027610421180725 2591
1771367031953 0.42091333866119385 2592
1771367032012 0.8480186462402344 2593
1771367032075 0.828508198261261 2594
1771367032134 0.7413733601570129 2595
1771367032197 1.1223070621490479 2596
1771367032257 0.6293803453445435 2597
1771367032317 0.6939970850944519 2598
1771367032377 0.6254999041557312 2599
1771367032439 0.5484111309051514 2600
1771367032499 1.0643301010131836 2601
1771367032559 0.8461607694625854 2602
1771367032616 0.6840131878852844 2603
1771367032674 0.404378205537796 2604
1771367032731 0.7879815101623535 2605
1771367032789 0.46774446964263916 2606
1771367032847 0.7624770998954773 2607
1771367032904 0.4906388819217682 2608
1771367032963 0.36508244276046753 2609
1771367033023 0.9686018824577332 2610
1771367033086 0.2681664228439331 2611
1771367033145 0.5839868783950806 2612
1771367033205 1.555955410003662 2613
1771367033265 1.3784135580062866 2614
1771367033324 0.6095333099365234 2615
1771367033385 0.7814029455184937 2616
1771367033445 1.5805293321609497 2617
1771367033505 0.6174685955047607 2618
1771367033571 0.8416048884391785 2619
1771367033634 0.36903995275497437 2620
1771367033694 0.6158066391944885 2621
1771367033854 1.2229408025741577 2622
1771367033914 0.8746902942657471 2623
1771367033974 0.5644705295562744 2624
1771367034033 0.9873324632644653 2625
1771367034097 0.8465641140937805 2626
1771367034156 0.5141879320144653 2627
1771367034212 1.0770657062530518 2628
1771367034270 0.3440888524055481 2629
1771367034331 0.636346161365509 2630
1771367034388 0.7028273344039917 2631
1771367034447 0.8054320812225342 2632
1771367034511 0.7440016269683838 2633
1771367034571 1.0023384094238281 2634
1771367034629 0.6910534501075745 2635
1771367034688 0.5385467410087585 2636
1771367034747 0.8823466897010803 2637
1771367034804 0.5693752765655518 2638
1771367034865 0.384689062833786 2639
1771367034923 0.6286003589630127 2640
1771367034983 0.5435307025909424 2641
1771367035045 1.0273098945617676 2642
1771367035108 0.40930864214897156 2643
1771367035168 0.7649074792861938 2644
1771367035226 0.4434731900691986 2645
1771367035286 1.1303374767303467 2646
1771367035344 0.7468000054359436 2647
1771367035403 0.5887344479560852 2648
1771367035461 0.7903699278831482 2649
1771367035524 0.6118940114974976 2650
1771367035584 0.8639581203460693 2651
1771367035649 1.4432423114776611 2652
1771367035710 1.097081184387207 2653
1771367035770 0.5284886956214905 2654
1771367035829 0.7990143895149231 2655
1771367035892 0.2993806302547455 2656
1771367035949 0.7244676351547241 2657
1771367036007 0.5808483362197876 2658
1771367036066 0.317541241645813 2659
1771367036124 0.8279754519462585 2660
1771367036185 0.7678664326667786 2661
1771367036342 0.45605990290641785 2662
1771367036403 0.6440117955207825 2663
1771367036462 1.5103930234909058 2664
1771367036522 1.2218345403671265 2665
1771367036582 0.5126245021820068 2666
1771367036643 0.8008701205253601 2667
1771367036703 1.0007658004760742 2668
1771367036763 0.7960521578788757 2669
1771367036824 0.7622928619384766 2670
1771367036886 0.5098564028739929 2671
1771367036946 0.5639075040817261 2672
1771367037006 0.728812575340271 2673
1771367037065 0.9712508320808411 2674
1771367037124 0.9684184789657593 2675
1771367037182 0.7168310880661011 2676
1771367037243 0.3071436583995819 2677
1771367037303 0.876030683517456 2678
1771367037363 0.39055055379867554 2679
1771367037422 0.628840982913971 2680
1771367037478 0.5491295456886292 2681
1771367037533 0.49921032786369324 2682
1771367037587 0.49514514207839966 2683
1771367037641 0.7200685739517212 2684
1771367037694 1.152846097946167 2685
1771367037755 1.0343263149261475 2686
1771367037813 0.7252880334854126 2687
1771367037875 1.1397618055343628 2688
1771367037936 0.5055376291275024 2689
1771367037992 0.4891526997089386 2690
1771367038047 0.8959922790527344 2691
1771367038103 0.894800066947937 2692
1771367038162 0.7245333194732666 2693
1771367038215 0.2883729636669159 2694
1771367038271 0.8867257833480835 2695
1771367038327 0.924407422542572 2696
1771367038383 0.6145535111427307 2697
1771367038436 0.5373328924179077 2698
1771367038492 1.0257456302642822 2699
1771367038545 0.7051464319229126 2700
1771367038604 0.6492393016815186 2701
1771367038666 0.6038564443588257 2702
1771367038726 0.7713711261749268 2703
1771367038890 1.0194308757781982 2704
1771367038951 0.3764515817165375 2705
1771367039011 0.905367374420166 2706
1771367039072 0.7562072277069092 2707
1771367039132 0.4471738040447235 2708
1771367039191 0.7524524927139282 2709
1771367039249 0.7611779570579529 2710
1771367039313 0.8913403153419495 2711
1771367039373 0.6213172674179077 2712
1771367039433 0.6025062799453735 2713
1771367039492 0.8327279090881348 2714
1771367039550 0.5373842120170593 2715
1771367039608 1.0475882291793823 2716
1771367039669 0.7637977004051208 2717
1771367039729 0.7689711451530457 2718
1771367039789 0.9412989616394043 2719
1771367039851 0.4197635352611542 2720
1771367039911 0.6474189162254333 2721
1771367039970 0.8484656810760498 2722
1771367040029 0.566317617893219 2723
1771367040092 0.4989888668060303 2724
1771367040149 0.6734338402748108 2725
1771367040204 0.8640795946121216 2726
1771367040257 1.0792733430862427 2727
1771367040311 1.3170921802520752 2728
1771367040365 0.7052024006843567 2729
1771367040417 0.6330920457839966 2730
1771367040470 0.6855951547622681 2731
1771367040523 0.46543487906455994 2732
1771367040581 0.6319317817687988 2733
1771367040638 0.6156946420669556 2734
1771367040694 0.7347878217697144 2735
1771367040748 0.3823907971382141 2736
1771367040804 0.36463162302970886 2737
1771367040859 0.5498466491699219 2738
1771367040913 0.5101066827774048 2739
1771367040968 0.5025634169578552 2740
1771367041023 0.9195632934570312 2741
1771367041081 0.7099946737289429 2742
1771367041145 0.2653873562812805 2743
1771367041209 0.8185088038444519 2744
1771367041270 0.7548714876174927 2745
1771367041330 0.9536719918251038 2746
1771367041493 0.7977534532546997 2747
1771367041554 0.4754103124141693 2748
1771367041613 0.6518043279647827 2749
1771367041675 0.4438137412071228 2750
1771367041738 0.9532611966133118 2751
1771367041798 0.8086551427841187 2752
1771367041858 0.8258495330810547 2753
1771367041917 0.29012855887413025 2754
1771367041977 0.7516711354255676 2755
1771367042038 0.5454199910163879 2756
1771367042097 0.49885034561157227 2757
1771367042154 0.7598914504051208 2758
1771367042213 0.7838772535324097 2759
1771367042271 0.5288453102111816 2760
1771367042329 0.6842848062515259 2761
1771367042388 0.7553801536560059 2762
1771367042450 0.5355957746505737 2763
1771367042512 0.5056664347648621 2764
1771367042573 0.50030916929245 2765
1771367042631 0.6100636720657349 2766
1771367042689 0.3503651022911072 2767
1771367042748 0.6416646838188171 2768
1771367042808 0.5961195826530457 2769
1771367042865 0.6586019992828369 2770
1771367042923 0.6352275609970093 2771
1771367042981 0.9001495838165283 2772
1771367043040 0.789385974407196 2773
1771367043099 0.4664853513240814 2774
1771367043158 0.7856090664863586 2775
1771367043216 0.41755783557891846 2776
1771367043276 0.8227533102035522 2777
1771367043334 0.32143309712409973 2778
1771367043394 0.874528706073761 2779
1771367043458 0.5907981395721436 2780
1771367043522 0.6826580762863159 2781
1771367043586 0.5737180113792419 2782
1771367043645 0.2339693307876587 2783
1771367043705 0.4358695149421692 2784
1771367043764 0.5202049016952515 2785
1771367043823 0.8581105470657349 2786
1771367043962 0.8205581903457642 2787
1771367044016 0.7372138500213623 2788
1771367044071 0.7719863057136536 2789
1771367044124 0.9482576847076416 2790
1771367044178 1.2064197063446045 2791
1771367044232 0.8234122395515442 2792
1771367044286 0.5542678236961365 2793
1771367044341 0.6448086500167847 2794
1771367044397 1.0688421726226807 2795
1771367044454 0.9629613161087036 2796
1771367044510 0.8573160767555237 2797
1771367044566 0.3804700970649719 2798
1771367044621 0.4915083348751068 2799
1771367044674 0.5948519110679626 2800
1771367044728 0.915542483329773 2801
1771367044787 0.9157497882843018 2802
1771367044844 0.8176418542861938 2803
1771367044899 1.101248025894165 2804
1771367044954 0.7066436409950256 2805
1771367045010 0.7945733666419983 2806
1771367045066 0.4378451704978943 2807
1771367045121 0.43375399708747864 2808
1771367045176 1.0863720178604126 2809
1771367045231 0.27688202261924744 2810
1771367045287 0.5554017424583435 2811
1771367045344 1.0193047523498535 2812
1771367045398 0.5688391327857971 2813
1771367045520 0.5121156573295593 2814
1771367045578 1.0442548990249634 2815
1771367045636 0.6906064748764038 2816
1771367045691 0.6496151685714722 2817
1771367045744 1.1111470460891724 2818
1771367045798 0.6983460187911987 2819
1771367045851 0.6719163656234741 2820
1771367045905 0.6810380220413208 2821
1771367045958 0.49335527420043945 2822
1771367046011 0.7911153435707092 2823
1771367046065 0.6869996190071106 2824
1771367046121 0.9000413417816162 2825
1771367046176 0.917648196220398 2826
1771367046322 0.8163685202598572 2827
1771367046375 0.835046112537384 2828
1771367046434 0.659751296043396 2829
1771367046492 0.6689791679382324 2830
1771367046546 0.971031904220581 2831
1771367046601 0.4400937557220459 2832
1771367046656 0.7688615322113037 2833
1771367046712 0.9695923328399658 2834
1771367046766 0.2980920970439911 2835
1771367046819 0.5374191403388977 2836
1771367046873 0.24323228001594543 2837
1771367046928 0.616814374923706 2838
1771367046983 0.5238436460494995 2839
1771367047038 0.5721575617790222 2840
1771367047095 0.34417927265167236 2841
1771367047153 0.24665813148021698 2842
1771367047208 0.3791036307811737 2843
1771367047266 0.8560957312583923 2844
1771367047321 0.6643162369728088 2845
1771367047377 0.2933390140533447 2846
1771367047433 0.7772684693336487 2847
1771367047491 1.110112190246582 2848
1771367047548 0.6413492560386658 2849
1771367047604 0.561100423336029 2850
1771367047658 1.0846389532089233 2851
1771367047713 0.9166685938835144 2852
1771367047768 0.4797324240207672 2853
1771367047821 0.5311711430549622 2854
1771367047875 0.6384913325309753 2855
1771367047930 0.749953031539917 2856
1771367047984 0.8814967274665833 2857
1771367048037 1.0270823240280151 2858
1771367048168 0.7899961471557617 2859
1771367048222 0.9752269387245178 2860
1771367048276 1.0866445302963257 2861
1771367048328 0.8896311521530151 2862
1771367048381 0.4997817873954773 2863
1771367048434 0.5159339904785156 2864
1771367048487 0.24677501618862152 2865
1771367048540 0.500940203666687 2866
1771367048593 0.776214063167572 2867
1771367048647 0.6144123077392578 2868
1771367048701 1.188868522644043 2869
1771367048756 0.6734660267829895 2870
1771367048810 0.33230096101760864 2871
1771367048870 0.7518337368965149 2872
1771367048928 0.6597802639007568 2873
1771367048987 0.26630499958992004 2874
1771367049046 0.8610996007919312 2875
1771367049108 0.7415593862533569 2876
1771367049171 0.6525173187255859 2877
1771367049230 1.0005285739898682 2878
1771367049291 0.9219510555267334 2879
1771367049350 0.629102885723114 2880
1771367049415 0.3885824680328369 2881
1771367049483 0.8124514818191528 2882
1771367049553 0.6143577694892883 2883
1771367049712 0.4932006895542145 2884
1771367049772 0.893343985080719 2885
1771367049832 0.43835192918777466 2886
1771367049891 0.6820002198219299 2887
1771367049950 0.32455405592918396 2888
1771367050011 0.8342280983924866 2889
1771367050069 0.7767592668533325 2890
1771367050128 0.768100380897522 2891
1771367050186 0.919816792011261 2892
1771367050244 0.658903956413269 2893
1771367050304 0.39544135332107544 2894
1771367050362 0.3453800678253174 2895
1771367050422 0.5614376664161682 2896
1771367050482 0.764219343662262 2897
1771367050542 0.5251466631889343 2898
1771367050602 0.6174190640449524 2899
1771367050661 0.4077703356742859 2900
1771367050720 0.4993347227573395 2901
1771367050779 0.9826328754425049 2902
1771367050842 1.0929124355316162 2903
1771367050911 0.4268772006034851 2904
1771367050972 1.1051658391952515 2905
1771367051032 0.4631839990615845 2906
1771367051093 0.641089141368866 2907
1771367051152 0.7407054901123047 2908
1771367051211 0.6227729916572571 2909
1771367051270 1.180571436882019 2910
1771367051330 1.0254698991775513 2911
1771367051389 0.5328538417816162 2912
1771367051454 0.6644047498703003 2913
1771367051515 0.6342688798904419 2914
1771367051575 0.5182483792304993 2915
1771367051635 0.9075566530227661 2916
1771367051694 0.9474436640739441 2917
1771367051753 0.9413158893585205 2918
1771367051812 0.478618323802948 2919
1771367051873 0.6063443422317505 2920
1771367051931 0.5228455662727356 2921
1771367051990 1.0311973094940186 2922
1771367052048 0.6744891405105591 2923
1771367052110 0.5855333805084229 2924
1771367052170 0.6365421414375305 2925
1771367052229 0.37464597821235657 2926
1771367052284 0.9553078413009644 2927
1771367052339 0.3430474102497101 2928
1771367052395 0.7826440930366516 2929
1771367052452 0.8268231153488159 2930
1771367052509 0.8486881852149963 2931
1771367052652 0.6072648167610168 2932
1771367052706 0.8679398894309998 2933
1771367052760 1.0656377077102661 2934
1771367052815 0.8618544340133667 2935
1771367052872 0.8782845139503479 2936
1771367052928 0.7736332416534424 2937
1771367052982 0.834035336971283 2938
1771367053036 0.29927217960357666 2939
1771367053092 0.6275696158409119 2940
1771367053148 0.745652973651886 2941
1771367053202 0.737880289554596 2942
1771367053257 0.8085368871688843 2943
1771367053315 1.021881103515625 2944
1771367053368 0.7824932336807251 2945
1771367053428 0.48610472679138184 2946
1771367053491 0.69492506980896 2947
1771367053546 0.8165210485458374 2948
1771367053603 0.8102574944496155 2949
1771367053663 0.801249086856842 2950
1771367053721 0.8162575960159302 2951
1771367053779 0.9783251285552979 2952
1771367053837 0.732506513595581 2953
1771367053894 0.5961164236068726 2954
1771367053952 0.6984255909919739 2955
1771367054010 0.49915552139282227 2956
1771367054073 0.37697482109069824 2957
1771367054128 0.667543888092041 2958
1771367054187 0.42052242159843445 2959
1771367054247 0.8194407820701599 2960
1771367054312 0.2968981862068176 2961
1771367054370 0.5064127445220947 2962
1771367054424 0.2575443685054779 2963
1771367054477 0.7607465982437134 2964
1771367054532 0.6315579414367676 2965
1771367054585 0.7443590760231018 2966
1771367054639 0.621391773223877 2967
1771367054699 0.7420185804367065 2968
1771367054863 0.4841720461845398 2969
1771367054923 0.6641911268234253 2970
1771367054984 0.6903769969940186 2971
1771367055041 0.4345886707305908 2972
1771367055097 0.7189397215843201 2973
1771367055159 0.4164413809776306 2974
1771367055220 0.8477563858032227 2975
1771367055276 0.23084965348243713 2976
1771367055338 1.4228366613388062 2977
1771367055395 0.871797502040863 2978
1771367055452 0.8376408219337463 2979
1771367055508 0.695106565952301 2980
1771367055564 1.0102999210357666 2981
1771367055621 0.784479558467865 2982
1771367055677 0.6789004802703857 2983
1771367055735 1.1129589080810547 2984
1771367055803 0.4681909382343292 2985
1771367055867 0.4395489990711212 2986
1771367055930 1.062787413597107 2987
1771367055995 0.9181419014930725 2988
1771367056064 0.48771700263023376 2989
1771367056125 0.7417246699333191 2990
1771367056201 0.6074707508087158 2991
1771367056257 0.5380719900131226 2992
1771367056317 1.273252248764038 2993
1771367056375 1.006705641746521 2994
1771367056431 0.8005111217498779 2995
1771367056486 0.35746926069259644 2996
1771367056541 0.48344072699546814 2997
1771367056668 0.7627111673355103 2998
1771367056723 0.2523460388183594 2999
1771367056777 0.617769181728363 3000
1771367056838 0.3959195613861084 3001
1771367056892 0.755863606929779 3002
1771367056953 0.3920345902442932 3003
1771367057007 0.5538536310195923 3004
1771367057062 0.7578520774841309 3005
1771367057121 1.1178058385849 3006
1771367057176 0.7586567401885986 3007
1771367057233 0.7612111568450928 3008
1771367057297 0.6703819036483765 3009
1771367057361 0.3925619125366211 3010
1771367057420 1.0813074111938477 3011
1771367057476 0.3813910484313965 3012
1771367057531 0.7496479153633118 3013
1771367057589 0.5374616384506226 3014
1771367057643 0.678960382938385 3015
1771367057698 0.6277008056640625 3016
1771367057752 0.6381901502609253 3017
1771367057807 0.7446789145469666 3018
1771367057860 0.612542450428009 3019
1771367057914 1.2977768182754517 3020
1771367057969 0.9263498187065125 3021
1771367058022 0.9953703880310059 3022
1771367058157 0.6725453734397888 3023
1771367058212 0.6667779684066772 3024
1771367058266 0.9592140913009644 3025
1771367058320 1.2254194021224976 3026
1771367058373 0.7193543314933777 3027
1771367058425 0.6293452978134155 3028
1771367058478 0.8332369923591614 3029
1771367058531 0.3385128378868103 3030
1771367058583 0.8583964109420776 3031
1771367058636 0.5550069212913513 3032
1771367058687 0.5617801547050476 3033
1771367058741 0.4293356239795685 3034
1771367058794 0.7298295497894287 3035
1771367058847 0.46503135561943054 3036
1771367058900 0.714400589466095 3037
1771367058953 0.9133822321891785 3038
1771367059006 0.5085347890853882 3039
1771367059058 0.6897404789924622 3040
1771367059113 0.9949926733970642 3041
1771367059170 0.4152529835700989 3042
1771367059227 0.6256228685379028 3043
1771367059280 0.645639955997467 3044
1771367059334 0.8506386876106262 3045
1771367059387 0.6924126148223877 3046
1771367059440 0.44410571455955505 3047
1771367059493 0.4296990931034088 3048
1771367059547 0.6827744245529175 3049
1771367059601 0.5178570747375488 3050
1771367059654 0.6870291233062744 3051
1771367059708 0.6297649145126343 3052
1771367059764 0.8120115995407104 3053
1771367059818 0.6286605000495911 3054
1771367059872 0.39081308245658875 3055
1771367059927 0.8629406690597534 3056
1771367059982 0.7953574061393738 3057
1771367060037 0.6331247091293335 3058
1771367060092 0.8882492780685425 3059
1771367060148 0.5992748737335205 3060
1771367060205 0.17288430035114288 3061
1771367060259 0.4597858190536499 3062
1771367060312 0.6190537810325623 3063
1771367060365 0.851273238658905 3064
1771367060420 0.9186774492263794 3065
1771367060474 0.5664042234420776 3066
1771367060534 0.6460491418838501 3067
1771367060590 0.7220760583877563 3068
1771367060646 1.0277457237243652 3069
1771367060700 0.7250431180000305 3070
1771367060846 0.5503717064857483 3071
1771367060901 0.7504655718803406 3072
1771367060955 0.5294610857963562 3073
1771367061012 0.7084032893180847 3074
1771367061070 0.597423255443573 3075
1771367061130 1.08476722240448 3076
1771367061192 0.35203149914741516 3077
1771367061252 0.6895291209220886 3078
1771367061314 0.4877171516418457 3079
1771367061370 0.9463897347450256 3080
1771367061426 0.9147196412086487 3081
1771367061481 1.1658209562301636 3082
1771367061537 0.6160484552383423 3083
1771367061592 0.6173326373100281 3084
1771367061647 0.5472286343574524 3085
1771367061702 0.7676617503166199 3086
1771367061757 0.6244928240776062 3087
1771367061812 0.5953163504600525 3088
1771367061868 0.4697331488132477 3089
1771367061921 0.8358356952667236 3090
1771367061976 0.78969407081604 3091
1771367062031 0.6346088647842407 3092
1771367062086 0.7638416886329651 3093
1771367062145 0.2867973744869232 3094
1771367062200 0.40323391556739807 3095
1771367062258 0.4999793767929077 3096
1771367062312 1.1980267763137817 3097
1771367062368 0.908677339553833 3098
1771367062423 1.0424295663833618 3099
1771367062479 0.9715262055397034 3100
1771367062535 0.2649605870246887 3101
1771367062589 0.36999261379241943 3102
1771367062644 0.5257959365844727 3103
1771367062699 0.5297488570213318 3104
1771367062755 0.9552854895591736 3105
1771367062809 0.8807410001754761 3106
1771367062863 0.6636865139007568 3107
1771367062988 0.6542209982872009 3108
1771367063045 0.6421140432357788 3109
1771367063101 0.6568979024887085 3110
1771367063158 0.9020264148712158 3111
1771367063213 0.5323522686958313 3112
1771367063273 0.9329198002815247 3113
1771367063335 0.4978346526622772 3114
1771367063398 1.025281548500061 3115
1771367063458 0.9364294409751892 3116
1771367063518 0.5811736583709717 3117
1771367063581 1.0065042972564697 3118
1771367063642 0.5861278772354126 3119
1771367063703 0.6134658455848694 3120
1771367063766 0.5406848192214966 3121
1771367063826 0.8739852905273438 3122
1771367063886 0.8695417046546936 3123
1771367063948 0.7096584439277649 3124
1771367064011 0.8211922645568848 3125
1771367064073 1.1648223400115967 3126
1771367064133 0.33007118105888367 3127
1771367064196 0.5192086100578308 3128
1771367064261 0.9924370050430298 3129
1771367064320 0.4434008002281189 3130
1771367064376 0.7293128371238708 3131
1771367064435 1.1933846473693848 3132
1771367064491 0.5454113483428955 3133
1771367064545 0.460825115442276 3134
1771367064602 0.40327540040016174 3135
1771367064659 1.0221108198165894 3136
1771367064792 0.8242672085762024 3137
1771367064849 0.5273467302322388 3138
1771367064904 0.8157146573066711 3139
1771367064962 0.7272893190383911 3140
1771367065018 0.6607068181037903 3141
1771367065074 0.7318858504295349 3142
1771367065130 1.0073938369750977 3143
1771367065188 0.6461737751960754 3144
1771367065244 0.5439680218696594 3145
1771367065298 0.5775385499000549 3146
1771367065355 0.6179594397544861 3147
1771367065412 0.9862736463546753 3148
1771367065471 0.7190355658531189 3149
1771367065526 0.7211693525314331 3150
1771367065581 0.9003151655197144 3151
1771367065641 0.9823312759399414 3152
1771367065700 0.6009901762008667 3153
1771367065761 0.8319934010505676 3154
1771367065822 0.6868972182273865 3155
1771367065882 0.7087646126747131 3156
1771367065942 0.5402079224586487 3157
1771367066002 0.9171207547187805 3158
1771367066067 0.4048101603984833 3159
1771367066129 0.5657477974891663 3160
1771367066191 0.565072238445282 3161
1771367066250 0.568405270576477 3162
1771367066311 0.6357543468475342 3163
1771367066376 0.886043131351471 3164
1771367066438 0.8297024369239807 3165
1771367066503 0.271843284368515 3166
1771367066631 0.4280316233634949 3167
1771367066695 0.761372447013855 3168
1771367066756 0.3792412579059601 3169
1771367066817 0.5845924615859985 3170
1771367066877 0.5982480645179749 3171
1771367066937 0.37676942348480225 3172
1771367066994 0.6376928091049194 3173
1771367067050 0.6181179285049438 3174
1771367067107 0.6109315156936646 3175
1771367067162 0.7347973585128784 3176
1771367067218 1.0419974327087402 3177
1771367067274 0.23080123960971832 3178
1771367067330 1.0901672840118408 3179
1771367067386 0.7170642018318176 3180
1771367067443 0.7008600234985352 3181
1771367067499 1.0198839902877808 3182
1771367067556 0.6253255605697632 3183
1771367067612 0.43958580493927 3184
1771367067667 0.87154620885849 3185
1771367067724 0.7220910787582397 3186
1771367067780 0.866275429725647 3187
1771367067837 1.5162454843521118 3188
1771367067897 1.3978689908981323 3189
1771367067959 0.7621320486068726 3190
1771367068015 0.5262450575828552 3191
1771367068071 0.742350697517395 3192
1771367068130 0.5181204676628113 3193
1771367068276 0.9003046154975891 3194
1771367068332 0.5858014225959778 3195
1771367068391 1.0275133848190308 3196
1771367068448 0.8245430588722229 3197
1771367068505 0.6373258233070374 3198
1771367068565 0.9173462986946106 3199
1771367068623 0.7142978310585022 3200
1771367068680 0.968227744102478 3201
1771367068738 0.7469053268432617 3202
1771367068796 1.1419492959976196 3203
1771367068853 0.3364481031894684 3204
1771367068910 1.0470492839813232 3205
1771367068968 0.6903447508811951 3206
1771367069024 0.7827998399734497 3207
1771367069081 0.5829654335975647 3208
1771367069138 1.2022722959518433 3209
1771367069194 0.9632624983787537 3210
1771367069251 0.940005362033844 3211
1771367069307 0.42264020442962646 3212
1771367069364 0.28730612993240356 3213
1771367069421 0.4857591390609741 3214
1771367069480 0.6454682946205139 3215
1771367069538 0.7866324782371521 3216
1771367069595 0.4248881936073303 3217
1771367069652 0.4967432916164398 3218
1771367069708 0.323301762342453 3219
1771367069766 0.67204350233078 3220
1771367069822 0.47072306275367737 3221
1771367069881 0.3309117555618286 3222
1771367069937 0.8045411705970764 3223
1771367069994 0.5857037901878357 3224
1771367070052 0.8354147672653198 3225
1771367070175 0.4675818681716919 3226
1771367070239 0.9233964681625366 3227
1771367070302 0.761062741279602 3228
1771367070367 0.7028853297233582 3229
1771367070428 1.3749806880950928 3230
1771367070490 0.5320706367492676 3231
1771367070552 1.1968066692352295 3232
1771367070615 0.580325186252594 3233
1771367070675 0.5190945863723755 3234
1771367070736 0.877647340297699 3235
1771367070797 0.6585184931755066 3236
1771367070859 0.48787736892700195 3237
1771367070920 0.7276806831359863 3238
1771367070983 1.1150928735733032 3239
1771367071048 0.6933075785636902 3240
1771367071113 0.2684995234012604 3241
1771367071178 0.9013023972511292 3242
1771367071242 0.7051079273223877 3243
1771367071304 1.0411779880523682 3244
1771367071367 1.1112394332885742 3245
1771367071427 1.1851577758789062 3246
1771367071490 0.6106236577033997 3247
1771367071552 0.7742468118667603 3248
1771367071613 0.7466905117034912 3249
1771367071673 0.8533812761306763 3250
1771367071735 0.6986560225486755 3251
1771367071868 0.4096355140209198 3252
1771367071931 0.9550880193710327 3253
1771367071997 0.47753530740737915 3254
1771367072061 0.463844358921051 3255
1771367072124 0.5806137323379517 3256
1771367072188 0.9189000725746155 3257
1771367072250 0.8471329808235168 3258
1771367072311 0.3141660988330841 3259
1771367072373 0.4775829315185547 3260
1771367072438 0.8365151286125183 3261
1771367072501 0.4398163855075836 3262
1771367072565 0.5341847538948059 3263
1771367072627 0.3659806549549103 3264
1771367072689 0.42647743225097656 3265
1771367072749 0.5664509534835815 3266
1771367072810 0.7697457075119019 3267
1771367072871 0.7963693141937256 3268
1771367072933 0.34322986006736755 3269
1771367072995 1.0104199647903442 3270
1771367073057 0.6193127036094666 3271
1771367073120 0.38100525736808777 3272
1771367073187 0.39507240056991577 3273
1771367073322 0.9313712120056152 3274
1771367073387 0.852303147315979 3275
1771367073451 0.8515147566795349 3276
1771367073512 0.712627649307251 3277
1771367073574 0.39989933371543884 3278
1771367073636 0.8705306053161621 3279
1771367073698 0.7381331920623779 3280
1771367073762 0.5875116586685181 3281
1771367073822 0.602967381477356 3282
1771367073952 0.3617830276489258 3283
1771367074016 0.9517253637313843 3284
1771367074079 0.6789713501930237 3285
1771367074142 0.5678167343139648 3286
1771367074207 0.1979631930589676 3287
1771367074270 0.2924164831638336 3288
1771367074331 0.4542471170425415 3289
1771367074394 0.9579305648803711 3290
1771367074458 0.5011035203933716 3291
1771367074520 0.5435452461242676 3292
1771367074583 0.5816078186035156 3293
1771367074645 0.6582738757133484 3294
1771367074709 0.4405229091644287 3295
1771367074771 0.832209587097168 3296
1771367074833 0.8361411094665527 3297
1771367074894 1.090772271156311 3298
1771367074951 1.1039769649505615 3299
1771367075010 0.46441105008125305 3300
1771367075072 0.7189877033233643 3301
1771367075132 0.4120809733867645 3302
1771367075193 0.5897439122200012 3303
1771367075321 0.21072661876678467 3304
1771367075381 0.45081406831741333 3305
1771367075446 0.4884864389896393 3306
1771367075506 0.7484753131866455 3307
1771367075568 0.6129358410835266 3308
1771367075629 0.621109127998352 3309
1771367075690 0.40545764565467834 3310
1771367075750 1.0204399824142456 3311
1771367075811 0.6304561495780945 3312
1771367075873 0.5732802152633667 3313
1771367075935 0.6405909061431885 3314
1771367075997 0.6072895526885986 3315
1771367076059 0.7131463289260864 3316
1771367076122 0.45045626163482666 3317
1771367076184 0.7265560030937195 3318
1771367076249 0.5445379614830017 3319
1771367076310 0.7718278169631958 3320
1771367076372 0.6605939865112305 3321
1771367076433 0.328191339969635 3322
1771367076497 0.5011951327323914 3323
1771367076560 0.17195256054401398 3324
1771367076620 0.7600823640823364 3325
1771367076682 0.7343509793281555 3326
1771367076743 0.8242239356040955 3327
1771367076811 0.7652193903923035 3328
1771367076876 0.6925635933876038 3329
1771367077029 0.6344246864318848 3330
1771367077090 0.5465394258499146 3331
1771367077153 0.6287302374839783 3332
1771367077218 0.8330522775650024 3333
1771367077280 0.9221157431602478 3334
1771367077342 0.8977168202400208 3335
1771367077403 0.31086060404777527 3336
1771367077466 0.9020319581031799 3337
1771367077529 0.7519351840019226 3338
1771367077591 0.6753751635551453 3339
1771367077652 0.5796661972999573 3340
1771367077713 0.5245262980461121 3341
1771367077774 0.452792763710022 3342
1771367077834 0.5579889416694641 3343
1771367077896 0.7547042369842529 3344
1771367077957 0.6246359944343567 3345
1771367078019 0.650643527507782 3346
1771367078081 0.8776031136512756 3347
1771367078142 0.7134751677513123 3348
1771367078204 0.6521403789520264 3349
1771367078265 0.6698328256607056 3350
1771367078391 1.1903750896453857 3351
1771367078454 0.7525122761726379 3352
1771367078516 0.8266384601593018 3353
1771367078580 0.5215619802474976 3354
1771367078643 0.804437518119812 3355
1771367078706 0.9955994486808777 3356
1771367078767 0.9001922011375427 3357
1771367078830 0.4896426200866699 3358
1771367078893 0.5520354509353638 3359
1771367078954 0.32071444392204285 3360
1771367079015 0.845919132232666 3361
1771367079078 0.3597146272659302 3362
1771367079139 0.3382422626018524 3363
1771367079201 0.6475579738616943 3364
1771367079263 0.5860339999198914 3365
1771367079325 1.0238087177276611 3366
1771367079386 0.634617030620575 3367
1771367079448 1.2883611917495728 3368
1771367079510 1.199920654296875 3369
1771367079572 0.7666881084442139 3370
1771367079630 0.6016877293586731 3371
1771367079689 0.8042312264442444 3372
1771367079745 0.6825541257858276 3373
1771367079802 0.4021652042865753 3374
1771367079859 1.0311470031738281 3375
1771367079918 0.48505446314811707 3376
1771367079975 0.4281085133552551 3377
1771367080033 0.8672547340393066 3378
1771367080089 0.9715052247047424 3379
1771367080146 0.2758825719356537 3380
1771367080204 0.3409291207790375 3381
1771367080261 1.0066064596176147 3382
1771367080383 0.9306033253669739 3383
1771367080442 0.5483774542808533 3384
1771367080498 0.4985657036304474 3385
1771367080557 0.7209380269050598 3386
1771367080616 0.4465504586696625 3387
1771367080675 0.8785667419433594 3388
1771367080733 0.40865442156791687 3389
1771367080794 0.7122098207473755 3390
1771367080850 0.7261659502983093 3391
1771367080909 0.4843393564224243 3392
1771367080967 0.9248590469360352 3393
1771367081024 0.8777783513069153 3394
1771367081080 0.4745519459247589 3395
1771367081136 0.3772684335708618 3396
1771367081193 0.40868017077445984 3397
1771367081250 0.5133363008499146 3398
1771367081307 0.7159721851348877 3399
1771367081363 0.6525577306747437 3400
1771367081419 1.114622950553894 3401
1771367081477 0.362099826335907 3402
1771367081537 0.8955016732215881 3403
1771367081596 0.16163282096385956 3404
1771367081652 0.7180113196372986 3405
1771367081708 0.7022244930267334 3406
1771367081766 0.40417495369911194 3407
1771367081824 0.5421198606491089 3408
1771367081954 0.8766759634017944 3409
1771367082012 1.1145175695419312 3410
1771367082070 1.4718427658081055 3411
1771367082127 0.5955814123153687 3412
1771367082184 0.6967476606369019 3413
1771367082243 0.835201621055603 3414
1771367082302 0.7115551829338074 3415
1771367082360 0.3810129463672638 3416
1771367082417 0.6826480627059937 3417
1771367082479 0.5313574075698853 3418
1771367082539 0.6051976084709167 3419
1771367082596 0.3861011564731598 3420
1771367082652 0.11649593710899353 3421
1771367082715 0.652229905128479 3422
1771367082777 1.0297099351882935 3423
1771367082841 0.907137393951416 3424
1771367082903 1.0325647592544556 3425
1771367082964 0.5137048959732056 3426
1771367083028 0.7519147992134094 3427
1771367083090 0.629123330116272 3428
1771367083153 0.5411664247512817 3429
1771367083215 0.5118362307548523 3430
1771367083349 0.7034835815429688 3431
1771367083409 0.6995531916618347 3432
1771367083467 0.8661071062088013 3433
1771367083524 0.7734701633453369 3434
1771367083583 0.696401059627533 3435
1771367083641 0.4959399998188019 3436
1771367083698 0.6310772895812988 3437
1771367083757 0.6761746406555176 3438
1771367083814 0.5540735125541687 3439
1771367083871 0.28993138670921326 3440
1771367083932 0.7297601103782654 3441
1771367083998 0.9906861186027527 3442
1771367084062 1.2334109544754028 3443
1771367084124 1.0953986644744873 3444
1771367084185 0.6014368534088135 3445
1771367084248 0.4742772579193115 3446
1771367084311 0.5154051780700684 3447
1771367084376 0.8136726021766663 3448
1771367084445 0.6932819485664368 3449
1771367084515 0.38260194659233093 3450
1771367084583 0.6962271928787231 3451
1771367084645 1.00213623046875 3452
1771367084708 0.6686558723449707 3453
1771367084771 0.38277626037597656 3454
1771367084837 0.8156403303146362 3455
1771367084903 0.40668943524360657 3456
1771367084969 0.8957854509353638 3457
1771367085032 0.7796097993850708 3458
1771367085098 0.39523667097091675 3459
1771367085162 0.6109267473220825 3460
1771367085226 0.9533524513244629 3461
1771367085291 0.5353107452392578 3462
1771367085431 0.5805724859237671 3463
1771367085496 0.41374754905700684 3464
1771367085559 0.6533408164978027 3465
1771367085620 1.049357295036316 3466
1771367085686 0.8214179277420044 3467
1771367085749 0.5288821458816528 3468
1771367085811 0.7234782576560974 3469
1771367085876 0.8397595882415771 3470
1771367085939 0.26083651185035706 3471
1771367086001 0.2949671149253845 3472
1771367086062 0.799397349357605 3473
1771367086124 1.039374828338623 3474
1771367086187 0.2719710171222687 3475
1771367086249 0.7953796982765198 3476
1771367086313 0.942042887210846 3477
1771367086377 0.5210850834846497 3478
1771367086443 0.671413004398346 3479
1771367086507 0.6082525253295898 3480
1771367086571 0.8931449055671692 3481
1771367086635 0.415370374917984 3482
1771367086697 0.923812210559845 3483
1771367086761 0.9768736362457275 3484
1771367086826 1.0523263216018677 3485
1771367086890 0.3179401457309723 3486
1771367086954 0.7200716733932495 3487
1771367087017 0.7294782996177673 3488
1771367087080 0.6533650159835815 3489
1771367087145 0.37817490100860596 3490
1771367087210 1.0116722583770752 3491
1771367087275 0.6754878163337708 3492
1771367087336 0.6428743004798889 3493
1771367087488 0.37411773204803467 3494
1771367087553 0.41541072726249695 3495
1771367087616 0.7841336131095886 3496
1771367087680 0.5942381024360657 3497
1771367087741 0.6766934990882874 3498
1771367087803 0.6743251085281372 3499
1771367087865 0.2892562448978424 3500
1771367087926 0.534641444683075 3501
1771367087988 0.9418518543243408 3502
1771367088052 0.8754407167434692 3503
1771367088114 0.7396500110626221 3504
1771367088176 1.0049965381622314 3505
1771367088240 0.26376891136169434 3506
1771367088308 0.8083239197731018 3507
1771367088372 1.0622928142547607 3508
1771367088436 0.76358962059021 3509
1771367088501 0.8417001366615295 3510
1771367088563 0.8389936685562134 3511
1771367088627 0.6152028441429138 3512
1771367088691 1.0965708494186401 3513
1771367088754 0.758883535861969 3514
1771367088817 0.6825717687606812 3515
1771367088880 0.3505215346813202 3516
1771367088944 0.49960359930992126 3517
1771367089008 0.4661501348018646 3518
1771367089071 0.5325325727462769 3519
1771367089134 0.7145172953605652 3520
1771367089197 0.8091168999671936 3521
1771367089264 0.3688681721687317 3522
1771367089327 0.3049064874649048 3523
1771367089387 0.8594874739646912 3524
1771367089450 0.27351081371307373 3525
1771367089516 0.44789421558380127 3526
1771367089655 0.726678729057312 3527
1771367089719 0.3842809796333313 3528
1771367089781 0.8916305303573608 3529
1771367089843 0.9240347146987915 3530
1771367089906 0.4252811670303345 3531
1771367089969 0.6435990333557129 3532
1771367090034 0.7966419458389282 3533
1771367090097 0.607016921043396 3534
1771367090162 0.3538765013217926 3535
1771367090224 0.49426257610321045 3536
1771367090288 0.4328245520591736 3537
1771367090351 0.7931464314460754 3538
1771367090413 0.8099820017814636 3539
1771367090477 0.5821913480758667 3540
1771367090540 0.353677898645401 3541
1771367090603 0.6200667023658752 3542
1771367090665 0.8348615765571594 3543
1771367090728 0.46889153122901917 3544
1771367090791 0.6921530365943909 3545
1771367090854 0.6699512004852295 3546
1771367090918 0.5882317423820496 3547
1771367090983 0.6500387787818909 3548
1771367091048 0.7082040905952454 3549
1771367091113 0.534107506275177 3550
1771367091238 0.3106030523777008 3551
1771367091305 0.6569417119026184 3552
1771367091367 0.6086235642433167 3553
1771367091429 0.6282422542572021 3554
1771367091493 1.0224509239196777 3555
1771367091558 0.7895919680595398 3556
1771367091620 1.1017769575119019 3557
1771367091684 0.6057884097099304 3558
1771367091748 0.37803810834884644 3559
1771367091810 0.4248592257499695 3560
1771367091872 0.9910798668861389 3561
1771367091933 0.695441484451294 3562
1771367091996 0.32174593210220337 3563
1771367092060 0.4467014670372009 3564
1771367092122 0.6252391338348389 3565
1771367092184 0.9342107772827148 3566
1771367092248 0.6021398305892944 3567
1771367092309 0.8823223114013672 3568
1771367092367 0.6215291619300842 3569
1771367092425 0.25573262572288513 3570
1771367092558 0.6151735782623291 3571
1771367092617 1.0349106788635254 3572
1771367092675 1.1318691968917847 3573
1771367092732 0.17861633002758026 3574
1771367092789 1.1422393321990967 3575
1771367092848 0.5353408455848694 3576
1771367092905 0.49004480242729187 3577
1771367092969 0.5299873352050781 3578
1771367093034 0.6371251344680786 3579
1771367093095 0.590789258480072 3580
1771367093157 0.38047167658805847 3581
1771367093218 1.0062601566314697 3582
1771367093279 1.4402596950531006 3583
1771367093342 0.7665269374847412 3584
1771367093408 0.4513663351535797 3585
1771367093469 0.9472030997276306 3586
1771367093530 0.7840328812599182 3587
1771367093592 1.0816562175750732 3588
1771367093654 0.8964756727218628 3589
1771367093719 0.5750848650932312 3590
1771367093783 0.4052777886390686 3591
1771367093846 0.8746936321258545 3592
1771367093908 0.7013718485832214 3593
1771367094034 0.6325838565826416 3594
1771367094099 0.9015488028526306 3595
1771367094163 0.7724718451499939 3596
1771367094226 0.91664057970047 3597
1771367094294 1.3849114179611206 3598
1771367094358 1.1964384317398071 3599
1771367094424 0.2444736212491989 3600
1771367094487 0.8990663290023804 3601
1771367094550 1.482337474822998 3602
1771367094615 0.3954692482948303 3603
1771367094679 0.7429021596908569 3604
1771367094741 0.842557430267334 3605
1771367094804 0.5990520715713501 3606
1771367094866 0.687369704246521 3607
1771367094928 0.6923918724060059 3608
1771367094993 0.5289995670318604 3609
1771367095058 0.6860876083374023 3610
1771367095121 0.7812262773513794 3611
1771367095184 0.3003402650356293 3612
1771367095247 0.5479386448860168 3613
1771367095314 0.7404578924179077 3614
1771367095449 0.4721866250038147 3615
1771367095515 1.063846468925476 3616
1771367095580 0.44184258580207825 3617
1771367095647 0.9117752909660339 3618
1771367095709 0.5032499432563782 3619
1771367095772 0.6711211204528809 3620
1771367095836 0.7433571219444275 3621
1771367095898 1.2335764169692993 3622
1771367095961 0.7364372611045837 3623
1771367096025 0.28145793080329895 3624
1771367096087 0.4831816554069519 3625
1771367096151 1.055303931236267 3626
1771367096214 1.176967978477478 3627
1771367096280 0.34461238980293274 3628
1771367096343 0.6384188532829285 3629
1771367096408 1.2024149894714355 3630
1771367096474 0.6666005849838257 3631
1771367096539 0.7329508662223816 3632
1771367096604 0.646492600440979 3633
1771367096667 0.36088675260543823 3634
1771367096730 0.5181412100791931 3635
1771367096793 0.9535133838653564 3636
1771367096858 0.7103845477104187 3637
1771367096920 0.6111767292022705 3638
1771367097047 0.26819777488708496 3639
1771367097110 1.12313711643219 3640
1771367097174 1.0937645435333252 3641
1771367097238 0.6647651195526123 3642
1771367097302 0.2764127254486084 3643
1771367097367 0.7053919434547424 3644
1771367097430 0.9424527883529663 3645
1771367097497 0.610858142375946 3646
1771367097562 0.8692223429679871 3647
1771367097627 0.48929551243782043 3648
1771367097691 0.8046104907989502 3649
1771367097755 0.4867669641971588 3650
1771367097820 0.4425826668739319 3651
1771367097884 0.7543965578079224 3652
1771367097950 0.5158485174179077 3653
1771367098013 0.6272547841072083 3654
1771367098077 0.7022784948348999 3655
1771367098141 0.7422317266464233 3656
1771367098204 0.928892970085144 3657
1771367098267 0.5665148496627808 3658
1771367098399 0.759796679019928 3659
1771367098467 1.012761116027832 3660
1771367098531 0.6749758124351501 3661
1771367098596 0.4664291441440582 3662
1771367098662 0.9909538626670837 3663
1771367098725 0.613174319267273 3664
1771367098790 0.7611499428749084 3665
1771367098855 1.1260963678359985 3666
1771367098919 0.9653138518333435 3667
1771367098984 0.5228757858276367 3668
1771367099049 0.4346154034137726 3669
1771367099113 0.7511209845542908 3670
1771367099176 0.598961353302002 3671
1771367099242 0.7056053876876831 3672
1771367099305 1.0888320207595825 3673
1771367099371 1.3807885646820068 3674
1771367099436 0.5033143758773804 3675
1771367099501 0.7251457571983337 3676
1771367099566 0.4274979829788208 3677
1771367099630 0.6391816735267639 3678
1771367099693 0.7166215777397156 3679
1771367099756 0.7838428616523743 3680
1771367099821 1.025495171546936 3681
1771367099887 0.5809601545333862 3682
1771367100013 0.4601795971393585 3683
1771367100077 0.7158811092376709 3684
1771367100148 0.3781900107860565 3685
1771367100213 0.8733505606651306 3686
1771367100279 1.8273073434829712 3687
1771367100345 1.4326980113983154 3688
1771367100410 0.9023742079734802 3689
1771367100474 0.8755132555961609 3690
1771367100538 1.0123134851455688 3691
1771367100602 0.8619520664215088 3692
1771367100665 0.7398273348808289 3693
1771367100729 0.6528276205062866 3694
1771367100793 0.7278779745101929 3695
1771367100856 0.6665840744972229 3696
1771367100920 0.3930933177471161 3697
1771367100984 0.4893701672554016 3698
1771367101049 0.61797696352005 3699
1771367101113 0.6631677746772766 3700
1771367101179 1.04621422290802 3701
1771367101246 0.9654815793037415 3702
1771367101313 0.9666197299957275 3703
1771367101468 0.7831102609634399 3704
1771367101535 0.5986725091934204 3705
1771367101599 0.6454187631607056 3706
1771367101666 0.7437413334846497 3707
1771367101729 0.7750386595726013 3708
1771367101792 0.9713512063026428 3709
1771367101855 0.40959277749061584 3710
1771367101918 0.905175507068634 3711
1771367101984 0.8571895956993103 3712
1771367102048 0.35787296295166016 3713
1771367102112 0.8315212726593018 3714
1771367102180 0.2996087074279785 3715
1771367102245 0.5685468316078186 3716
1771367102310 0.5986642837524414 3717
1771367102374 0.7735628485679626 3718
1771367102437 0.5294551253318787 3719
1771367102502 0.6203535199165344 3720
1771367102568 0.5075218081474304 3721
1771367102632 0.8286195993423462 3722
1771367102695 0.28463059663772583 3723
1771367102758 0.6245250701904297 3724
1771367102821 0.6247782707214355 3725
1771367102885 1.0251765251159668 3726
1771367102950 0.3951132595539093 3727
1771367103078 0.8664857745170593 3728
1771367103141 0.5883892178535461 3729
1771367103205 1.2258601188659668 3730
1771367103270 1.1043355464935303 3731
1771367103334 0.6985805630683899 3732
1771367103399 0.2339300960302353 3733
1771367103461 0.33123978972435 3734
1771367103525 0.8659613728523254 3735
1771367103591 0.8826374411582947 3736
1771367103656 1.14131760597229 3737
1771367103723 0.8748237490653992 3738
1771367103789 0.28233763575553894 3739
1771367103854 0.614728569984436 3740
1771367103918 0.547633707523346 3741
1771367103982 0.5801489949226379 3742
1771367104047 0.7607868313789368 3743
1771367104112 1.0952378511428833 3744
1771367104181 0.6175273656845093 3745
1771367104243 0.5146439671516418 3746
1771367104307 0.5189403891563416 3747
1771367104436 0.6538755893707275 3748
1771367104501 1.1056512594223022 3749
1771367104564 1.5260074138641357 3750
1771367104624 1.1757619380950928 3751
1771367104759 0.7947311997413635 3752
1771367104823 0.9611330628395081 3753
1771367104889 0.951938271522522 3754
1771367104952 0.6341208219528198 3755
1771367105014 0.22225452959537506 3756
1771367105077 0.6840225458145142 3757
1771367105140 0.3133232593536377 3758
1771367105206 0.4974207282066345 3759
1771367105270 1.007426381111145 3760
1771367105334 0.907965362071991 3761
1771367105399 0.6042590141296387 3762
1771367105466 0.8460801243782043 3763
1771367105530 0.7064883708953857 3764
1771367105593 0.9413707852363586 3765
1771367105657 0.5386804938316345 3766
1771367105724 0.9058010578155518 3767
1771367105788 0.7824783325195312 3768
1771367105853 0.6304334998130798 3769
1771367105993 0.2824642062187195 3770
1771367106062 0.7620329260826111 3771
1771367106129 0.4129578173160553 3772
1771367106197 0.8461686968803406 3773
1771367106263 0.36938074231147766 3774
1771367106334 1.2258025407791138 3775
1771367106401 0.39108842611312866 3776
1771367106471 0.8776291012763977 3777
1771367106536 0.3212836980819702 3778
1771367106601 0.4240725040435791 3779
1771367106663 0.7319802045822144 3780
1771367106728 0.5260071754455566 3781
1771367106791 0.4939832389354706 3782
1771367106855 0.9274879097938538 3783
1771367106919 0.9552133679389954 3784
1771367106984 0.6659532189369202 3785
1771367107049 0.9308046102523804 3786
1771367107114 0.6785203814506531 3787
1771367107179 0.5567660927772522 3788
1771367107245 0.43800902366638184 3789
1771367107313 0.6431314945220947 3790
1771367107443 0.792611300945282 3791
1771367107508 0.8855981826782227 3792
1771367107577 0.7432641386985779 3793
1771367107645 0.9226502180099487 3794
1771367107712 0.6553605794906616 3795
1771367107779 0.2405051440000534 3796
1771367107844 0.6769371628761292 3797
1771367107909 0.7055906653404236 3798
1771367107975 1.2572885751724243 3799
1771367108038 0.6337184309959412 3800
1771367108105 0.6864196062088013 3801
1771367108173 0.4329547882080078 3802
1771367108236 0.5076882839202881 3803
1771367108301 0.784109890460968 3804
1771367108366 0.3793284296989441 3805
1771367108429 0.5067947506904602 3806
1771367108493 0.4149180054664612 3807
1771367108558 0.5757788419723511 3808
1771367108617 0.4831675887107849 3809
1771367108676 0.39817458391189575 3810
1771367108736 0.4407609701156616 3811
1771367108795 0.48483315110206604 3812
1771367108853 1.1810084581375122 3813
1771367108911 0.7290434837341309 3814
1771367109035 0.9930185675621033 3815
1771367109093 0.6941576600074768 3816
1771367109152 0.45511099696159363 3817
1771367109211 0.5406910181045532 3818
1771367109269 0.5976287722587585 3819
1771367109329 0.36577877402305603 3820
1771367109389 0.5644124150276184 3821
1771367109447 0.672766923904419 3822
1771367109507 0.3267599642276764 3823
1771367109570 0.40129321813583374 3824
1771367109633 0.7270597219467163 3825
1771367109696 0.7353163361549377 3826
1771367109760 1.181792974472046 3827
1771367109824 0.7600244283676147 3828
1771367109887 1.0105271339416504 3829
1771367109952 0.6441562175750732 3830
1771367110015 1.0692414045333862 3831
1771367110081 1.1736040115356445 3832
1771367110146 0.8778116703033447 3833
1771367110212 1.022154688835144 3834
1771367110276 0.776059627532959 3835
1771367110339 0.4108771085739136 3836
1771367110404 0.7833007574081421 3837
1771367110467 0.4408435821533203 3838
1771367110593 0.16549468040466309 3839
1771367110657 0.5705798268318176 3840
1771367110723 0.5148016810417175 3841
1771367110786 0.5721309185028076 3842
1771367110850 0.6785961985588074 3843
1771367110914 0.793189525604248 3844
1771367110977 0.7491846680641174 3845
1771367111038 0.5938324332237244 3846
1771367111101 0.5231354832649231 3847
1771367111162 0.4831320643424988 3848
1771367111223 0.6247407793998718 3849
1771367111284 0.8545504808425903 3850
1771367111346 1.143862009048462 3851
1771367111407 0.9537230730056763 3852
1771367111470 0.5590251088142395 3853
1771367111532 0.4249219298362732 3854
1771367111596 0.5589109063148499 3855
1771367111659 0.7142584919929504 3856
1771367111724 0.41278716921806335 3857
1771367111788 0.6974503993988037 3858
1771367111851 0.6005491614341736 3859
1771367111914 0.41068387031555176 3860
1771367111976 1.0226683616638184 3861
1771367112041 0.5250006914138794 3862
1771367112172 0.6686609387397766 3863
1771367112237 0.5848793983459473 3864
1771367112302 0.5959049463272095 3865
1771367112368 0.38516029715538025 3866
1771367112432 0.9672113060951233 3867
1771367112499 0.7245385646820068 3868
1771367112565 0.5415145754814148 3869
1771367112632 0.8130334615707397 3870
1771367112697 0.26111483573913574 3871
1771367112761 0.811225175857544 3872
1771367112824 0.659384548664093 3873
1771367112886 0.542159378528595 3874
1771367112951 0.8228303790092468 3875
1771367113014 0.8068622946739197 3876
1771367113078 0.9652859568595886 3877
1771367113142 1.200592279434204 3878
1771367113207 0.8030602931976318 3879
1771367113271 0.5934492945671082 3880
1771367113339 0.6663455963134766 3881
1771367113407 0.7586029171943665 3882
1771367113472 1.2608393430709839 3883
1771367113536 0.879573404788971 3884
1771367113600 0.9448740482330322 3885
1771367113664 0.5026168823242188 3886
1771367113802 0.763449490070343 3887
1771367113867 0.7894617319107056 3888
1771367113932 0.9822339415550232 3889
1771367113996 0.468005895614624 3890
1771367114063 0.4505215883255005 3891
1771367114129 0.5293261408805847 3892
1771367114193 0.43155956268310547 3893
1771367114258 0.5789481401443481 3894
1771367114324 0.852574348449707 3895
1771367114393 1.177340030670166 3896
1771367114455 0.44830402731895447 3897
1771367114516 0.6827235817909241 3898
1771367114577 0.2987299859523773 3899
1771367114635 0.8481125235557556 3900
1771367114696 0.849698543548584 3901
1771367114756 1.0837568044662476 3902
1771367114816 0.7495503425598145 3903
1771367114874 0.8552747964859009 3904
1771367114997 0.23856833577156067 3905
1771367115061 0.6488389372825623 3906
1771367115122 0.6317799091339111 3907
1771367115195 0.6994198560714722 3908
1771367115257 0.43055960536003113 3909
1771367115327 0.663729727268219 3910
1771367115395 0.3295174837112427 3911
1771367115457 0.9183415770530701 3912
1771367115516 0.4079784154891968 3913
1771367115576 0.6708377003669739 3914
1771367115643 0.610567569732666 3915
1771367115716 0.9341048002243042 3916
1771367115785 0.553886353969574 3917
1771367115850 0.7579094171524048 3918
1771367115917 0.5435816049575806 3919
1771367115981 1.3073043823242188 3920
1771367116046 0.5760912299156189 3921
1771367116111 0.4155392050743103 3922
1771367116276 0.5862988829612732 3923
1771367116340 0.9933261275291443 3924
1771367116405 0.5557771921157837 3925
1771367116478 0.4646780788898468 3926
1771367116543 1.0535355806350708 3927
1771367116615 0.8076092004776001 3928
1771367116700 0.2710002660751343 3929
1771367116765 0.42035162448883057 3930
1771367116829 0.41452014446258545 3931
1771367116893 0.7341497540473938 3932
1771367116958 0.8135151863098145 3933
1771367117022 0.8825574517250061 3934
1771367117086 0.8735552430152893 3935
1771367117151 0.3937927186489105 3936
1771367117214 0.48054561018943787 3937
1771367117278 0.5034064650535583 3938
1771367117341 0.6269324421882629 3939
1771367117407 0.33916333317756653 3940
1771367117539 0.17806653678417206 3941
1771367117606 0.5791403651237488 3942
1771367117672 0.8006284832954407 3943
1771367117736 0.4202808141708374 3944
1771367117802 0.7681451439857483 3945
1771367117866 0.7362925410270691 3946
1771367117932 0.49176645278930664 3947
1771367118003 0.24910224974155426 3948
1771367118070 0.920144259929657 3949
1771367118135 0.820918083190918 3950
1771367118199 0.214199960231781 3951
1771367118272 1.0824064016342163 3952
1771367118347 0.8992624878883362 3953
1771367118414 0.7573134899139404 3954
1771367118479 0.7619038224220276 3955
1771367118551 0.642866313457489 3956
1771367118620 0.6249242424964905 3957
1771367118684 0.5423265099525452 3958
1771367118819 0.3876091241836548 3959
1771367118884 0.4462108016014099 3960
1771367118949 0.3424234688282013 3961
1771367119014 0.3347308337688446 3962
1771367119078 0.5269076824188232 3963
1771367119143 0.9065588116645813 3964
1771367119213 0.7690516114234924 3965
1771367119280 0.41371065378189087 3966
1771367119345 0.9190343022346497 3967
1771367119412 0.9518473744392395 3968
1771367119484 0.9034711718559265 3969
1771367119552 0.6741800308227539 3970
1771367119617 0.4276498258113861 3971
1771367119682 0.24115024507045746 3972
1771367119747 1.0374637842178345 3973
1771367119816 0.9338734149932861 3974
1771367119887 0.5135990977287292 3975
1771367119948 0.7269670963287354 3976
1771367120084 0.7431955933570862 3977
1771367120151 0.5240193605422974 3978
1771367120212 0.7790443897247314 3979
1771367120276 0.5937545299530029 3980
1771367120346 0.7488000392913818 3981
1771367120411 0.9406399726867676 3982
1771367120472 0.8863930106163025 3983
1771367120542 0.6992686986923218 3984
1771367120601 0.9852887988090515 3985
1771367120660 0.7498881816864014 3986
1771367120723 0.5779857635498047 3987
1771367120785 1.0474833250045776 3988
1771367120846 0.5594598054885864 3989
1771367120912 0.829124391078949 3990
1771367120972 0.4762064516544342 3991
1771367121032 0.45614945888519287 3992
1771367121096 0.7282674908638 3993
1771367121160 0.9651110172271729 3994
1771367121284 0.4849192202091217 3995
1771367121348 0.95753014087677 3996
1771367121410 0.5874305367469788 3997
1771367121480 0.18331195414066315 3998
1771367121541 0.7500454783439636 3999
1771367121603 0.3770654797554016 4000
1771367121662 0.5088546872138977 4001
1771367121720 0.7267253398895264 4002
1771367121782 0.8495767116546631 4003
1771367121841 0.42671874165534973 4004
1771367121900 0.8656386733055115 4005
1771367121963 1.0664674043655396 4006
1771367122023 0.7140615582466125 4007
1771367122081 0.8178347945213318 4008
1771367122140 0.8897436857223511 4009
1771367122204 0.5503341555595398 4010
1771367122267 0.44073861837387085 4011
1771367122326 0.4661151170730591 4012
1771367122467 0.6342247724533081 4013
1771367122526 0.9572792649269104 4014
1771367122586 0.6910845637321472 4015
1771367122645 0.9213701486587524 4016
1771367122705 0.8586239218711853 4017
1771367122764 0.1332608461380005 4018
1771367122824 0.7582576870918274 4019
1771367122885 0.36664387583732605 4020
1771367122945 0.5337033867835999 4021
1771367123005 1.1089272499084473 4022
1771367123067 0.48875775933265686 4023
1771367123127 0.8840625882148743 4024
1771367123188 0.20545651018619537 4025
1771367123247 0.5289869904518127 4026
1771367123307 0.2431419938802719 4027
1771367123370 0.8332735300064087 4028
1771367123430 0.6095480918884277 4029
1771367123492 0.562279999256134 4030
1771367123615 0.5381558537483215 4031
1771367123676 0.5986477732658386 4032
1771367123734 0.9778361320495605 4033
1771367123796 1.0151665210723877 4034
1771367123854 0.4333176910877228 4035
1771367123916 0.6712262034416199 4036
1771367123977 0.7921820878982544 4037
1771367124039 0.3905978500843048 4038
1771367124099 0.589717447757721 4039
1771367124159 0.6084985136985779 4040
1771367124218 0.7567186951637268 4041
1771367124278 0.552354633808136 4042
1771367124340 0.7087215781211853 4043
1771367124405 0.6178349256515503 4044
1771367124464 0.5052767992019653 4045
1771367124526 1.0792994499206543 4046
1771367124587 0.3904584050178528 4047
1771367124648 1.0460984706878662 4048
1771367124773 1.1559290885925293 4049
1771367124833 0.5384654998779297 4050
1771367124892 0.561824381351471 4051
1771367124950 1.0028187036514282 4052
1771367125012 0.4564134180545807 4053
1771367125072 0.6113970279693604 4054
1771367125131 0.3290354311466217 4055
1771367125193 0.5399504899978638 4056
1771367125253 1.0254729986190796 4057
1771367125315 0.34704557061195374 4058
1771367125378 0.33111077547073364 4059
1771367125441 0.43040409684181213 4060
1771367125501 0.3901277482509613 4061
1771367125561 0.27074167132377625 4062
1771367125619 0.4430919885635376 4063
1771367125679 0.6612048745155334 4064
1771367125738 0.6868230104446411 4065
1771367125864 0.7454307675361633 4066
1771367125925 0.9134706854820251 4067
1771367125984 1.0153977870941162 4068
1771367126045 0.37061724066734314 4069
1771367126107 0.7037255764007568 4070
1771367126168 0.7239916324615479 4071
1771367126228 0.6663403511047363 4072
1771367126288 0.6577476263046265 4073
1771367126347 0.5982518196105957 4074
1771367126412 0.9310518503189087 4075
1771367126475 0.6344292759895325 4076
1771367126536 0.47595152258872986 4077
1771367126597 1.1325294971466064 4078
1771367126658 0.9270756244659424 4079
1771367126718 1.1378413438796997 4080
1771367126777 1.536859154701233 4081
1771367126837 0.7563402652740479 4082
1771367126897 0.7107884287834167 4083
1771367127022 0.3533272445201874 4084
1771367127081 1.134663701057434 4085
1771367127140 0.628517210483551 4086
1771367127199 0.711520254611969 4087
1771367127268 1.0715086460113525 4088
1771367127328 0.8957982063293457 4089
1771367127389 0.5514827370643616 4090
1771367127449 0.40319791436195374 4091
1771367127511 0.74434494972229 4092
1771367127572 0.8502144813537598 4093
1771367127633 0.5210153460502625 4094
1771367127692 0.6142396330833435 4095
1771367127752 0.5131075978279114 4096
1771367127812 0.6703203916549683 4097
1771367127871 0.6410051584243774 4098
1771367127938 0.3503982424736023 4099
1771367128000 0.4751366674900055 4100
1771367128129 0.7315579652786255 4101
1771367128192 0.33133259415626526 4102
1771367128253 0.4008041322231293 4103
1771367128314 1.0592222213745117 4104
1771367128374 0.5051859617233276 4105
1771367128434 0.5940641164779663 4106
1771367128492 0.6040806174278259 4107
1771367128551 0.42905935645103455 4108
1771367128612 0.4884883463382721 4109
1771367128675 1.010772943496704 4110
1771367128733 0.7344629168510437 4111
1771367128793 0.7155832052230835 4112
1771367128852 0.5530732870101929 4113
1771367128913 0.5401703715324402 4114
1771367128973 0.7344765663146973 4115
1771367129035 0.9075397253036499 4116
1771367129097 0.9911754131317139 4117
1771367129157 0.5113760828971863 4118
1771367129281 0.4080824851989746 4119
1771367129341 0.36234328150749207 4120
1771367129400 0.11259552091360092 4121
1771367129459 0.7108151912689209 4122
1771367129519 0.35500919818878174 4123
1771367129581 0.3607969880104065 4124
1771367129642 0.9485175609588623 4125
1771367129703 0.5998237133026123 4126
1771367129765 0.9748131632804871 4127
1771367129826 0.5603590607643127 4128
1771367129887 0.4752930998802185 4129
1771367129946 0.6210402250289917 4130
1771367130006 0.7403746843338013 4131
1771367130065 0.5357375741004944 4132
1771367130124 0.3677123486995697 4133
1771367130185 0.3507576882839203 4134
1771367130247 1.3743433952331543 4135
1771367130372 0.4647400975227356 4136
1771367130436 0.9271682500839233 4137
1771367130498 1.9777932167053223 4138
1771367130559 0.8646166920661926 4139
1771367130619 0.6430937647819519 4140
1771367130684 0.8441906571388245 4141
1771367130747 0.46168580651283264 4142
1771367130806 0.7948520183563232 4143
1771367130867 0.6738728880882263 4144
1771367130928 0.1978112906217575 4145
1771367130989 0.8354896306991577 4146
1771367131049 0.9254085421562195 4147
1771367131110 0.7879986763000488 4148
1771367131171 0.531929612159729 4149
1771367131231 1.0016850233078003 4150
1771367131290 0.6374117136001587 4151
1771367131350 0.5434194207191467 4152
1771367131413 0.38879072666168213 4153
1771367131540 1.177795648574829 4154
1771367131602 0.9696381688117981 4155
1771367131662 0.6044308543205261 4156
1771367131721 0.7949604988098145 4157
1771367131781 0.39778557419776917 4158
1771367131842 0.67075115442276 4159
1771367131903 0.3230094313621521 4160
1771367131964 0.618725061416626 4161
1771367132025 0.5636357069015503 4162
1771367132084 0.9478483200073242 4163
1771367132145 0.876990556716919 4164
1771367132205 0.7203314304351807 4165
1771367132264 0.22615772485733032 4166
1771367132323 0.977676510810852 4167
1771367132388 0.7164342999458313 4168
1771367132449 0.8100126385688782 4169
1771367132511 0.7564518451690674 4170
1771367132650 0.6074138283729553 4171
1771367132712 0.6739619970321655 4172
1771367132774 0.643487811088562 4173
1771367132837 0.8544994592666626 4174
1771367132899 1.244572401046753 4175
1771367132959 0.5397992134094238 4176
1771367133019 0.5236555337905884 4177
1771367133080 0.5078184008598328 4178
1771367133148 0.9196970462799072 4179
1771367133219 0.8944289088249207 4180
1771367133281 0.9632103443145752 4181
1771367133348 0.8433457612991333 4182
1771367133414 1.4515981674194336 4183
1771367133475 0.4064468443393707 4184
1771367133535 0.3799651265144348 4185
1771367133596 0.3348007798194885 4186
1771367133661 1.0492146015167236 4187
1771367133722 0.6148935556411743 4188
1771367133883 0.33066049218177795 4189
1771367133944 0.4782048165798187 4190
1771367134005 0.8808488249778748 4191
1771367134065 0.2707979381084442 4192
1771367134127 0.25923997163772583 4193
1771367134187 0.5977874398231506 4194
1771367134247 0.7777918577194214 4195
1771367134308 0.7816969156265259 4196
1771367134369 0.8844201564788818 4197
1771367134434 1.3681343793869019 4198
1771367134496 0.3363378942012787 4199
1771367134564 0.3579206168651581 4200
1771367134633 0.607467770576477 4201
1771367134695 0.6012811660766602 4202
1771367134756 0.6808522343635559 4203
1771367134817 0.678873598575592 4204
1771367134881 0.19687673449516296 4205
1771367134943 1.0597484111785889 4206
1771367135077 0.7550820708274841 4207
1771367135138 0.8042203187942505 4208
1771367135199 0.3308500051498413 4209
1771367135260 1.2484991550445557 4210
1771367135323 0.3821941614151001 4211
1771367135384 0.2152700275182724 4212
1771367135449 0.8283079862594604 4213
1771367135511 0.4839104115962982 4214
1771367135572 0.5112251043319702 4215
1771367135633 0.36948588490486145 4216
1771367135693 0.4030442535877228 4217
1771367135753 0.8420400023460388 4218
1771367135813 0.8792663216590881 4219
1771367135877 0.5296319127082825 4220
1771367136018 0.6574239730834961 4221
1771367136084 0.5189559459686279 4222
1771367136235 0.5343390107154846 4223
1771367136302 0.710074245929718 4224
1771367136367 0.2985817790031433 4225
1771367136436 0.500664472579956 4226
1771367136509 1.035615086555481 4227
1771367136577 0.8409508466720581 4228
1771367136645 0.5405110716819763 4229
1771367136710 0.7573626041412354 4230
1771367136776 0.481734037399292 4231
1771367136843 0.4241087734699249 4232
1771367136911 0.4687325358390808 4233
1771367136982 0.554841160774231 4234
1771367137049 0.7730657458305359 4235
1771367137114 0.466062068939209 4236
1771367137181 0.6345177292823792 4237
1771367137321 1.2354469299316406 4238
1771367137387 0.7313218712806702 4239
1771367137456 0.10740575194358826 4240
1771367137522 0.4855114221572876 4241
1771367137590 0.7281028032302856 4242
1771367137656 0.5168583393096924 4243
1771367137721 0.56690514087677 4244
1771367137787 0.8584541082382202 4245
1771367137852 0.6702410578727722 4246
1771367137999 0.5045979022979736 4247
1771367138067 0.38167479634284973 4248
1771367138134 0.4242056608200073 4249
1771367138200 0.7087787389755249 4250
1771367138266 0.3998156785964966 4251
1771367138332 0.6605618000030518 4252
1771367138396 0.9169138669967651 4253
1771367138461 0.34111282229423523 4254
1771367138530 0.49457988142967224 4255
1771367138681 0.6270791888237 4256
1771367138750 1.0068671703338623 4257
1771367138813 0.8572066426277161 4258
1771367138874 0.8546173572540283 4259
1771367138935 1.1746370792388916 4260
1771367138998 0.7138406038284302 4261
1771367139060 0.3154447078704834 4262
1771367139122 0.43816375732421875 4263
1771367139189 0.5272194147109985 4264
1771367139261 0.610594630241394 4265
1771367139330 0.4193902015686035 4266
1771367139396 0.2995166480541229 4267
1771367139470 0.43259984254837036 4268
1771367139560 0.46432608366012573 4269
1771367139625 0.6490271091461182 4270
1771367139686 0.9784030914306641 4271
1771367139752 0.3912116587162018 4272
1771367139812 0.616849958896637 4273
1771367139872 0.4271668791770935 4274
1771367139932 0.5794561505317688 4275
1771367139993 1.2131450176239014 4276
1771367140053 0.5926268100738525 4277
1771367140113 0.7002015709877014 4278
1771367140174 0.3921275734901428 4279
1771367140237 0.4845264256000519 4280
1771367140296 0.8736719489097595 4281
1771367140357 0.5988538861274719 4282
1771367140418 0.6047248244285583 4283
1771367140480 0.5029926896095276 4284
1771367140541 0.5327715277671814 4285
1771367140601 0.3613867461681366 4286
1771367140677 0.5791156888008118 4287
1771367140754 0.5022566914558411 4288
1771367140832 0.7691875100135803 4289
1771367140904 0.5536080598831177 4290
1771367140970 1.1636844873428345 4291
1771367141037 0.28401514887809753 4292
1771367141111 0.4729330837726593 4293
1771367141197 0.611044704914093 4294
1771367141267 0.6344540119171143 4295
1771367141332 0.6756870150566101 4296
1771367141393 0.7588660717010498 4297
1771367141455 0.9123266935348511 4298
1771367141519 0.6921777129173279 4299
1771367141581 0.7897706031799316 4300
1771367141641 0.6821489930152893 4301
1771367141702 0.44774967432022095 4302
1771367141765 0.7961413860321045 4303
1771367141829 0.8557888269424438 4304
1771367141892 0.45227333903312683 4305
1771367141965 0.4369313716888428 4306
1771367142042 0.4963240325450897 4307
1771367142102 0.511073887348175 4308
1771367142161 0.4736417531967163 4309
1771367142221 0.8073217868804932 4310
1771367142282 0.6123581528663635 4311
1771367142344 0.7969635725021362 4312
1771367142405 0.6612581610679626 4313
1771367142468 0.7584404945373535 4314
1771367142529 0.6645397543907166 4315
1771367142590 0.519349217414856 4316
1771367142651 0.7172581553459167 4317
1771367142713 0.5798954963684082 4318
1771367142772 0.7163354754447937 4319
1771367142831 0.5491726994514465 4320
1771367142891 0.7750614285469055 4321
1771367142952 0.5000741481781006 4322
1771367143013 0.9092662930488586 4323
1771367143073 0.4000190496444702 4324
1771367143133 0.28450870513916016 4325
1771367143195 1.1731079816818237 4326
1771367143258 0.27270328998565674 4327
1771367143319 0.7860569357872009 4328
1771367143382 0.4802316129207611 4329
1771367143444 0.38843291997909546 4330
1771367143506 0.3920065760612488 4331
1771367143565 1.0938520431518555 4332
1771367143625 0.7730486392974854 4333
1771367143684 0.8945304751396179 4334
1771367143744 0.4828857183456421 4335
1771367143803 0.6029888987541199 4336
1771367143864 0.9649935364723206 4337
1771367143924 0.9773962497711182 4338
1771367143984 0.9580410122871399 4339
1771367144045 0.3853481113910675 4340
1771367144105 1.1865936517715454 4341
1771367144247 1.1973034143447876 4342
1771367144310 0.4134296476840973 4343
1771367144373 1.2625133991241455 4344
1771367144435 0.7990204095840454 4345
1771367144494 0.6683351397514343 4346
1771367144554 0.65765380859375 4347
1771367144613 0.695358395576477 4348
1771367144673 0.7131988406181335 4349
1771367144732 0.926173985004425 4350
1771367144792 0.7681242823600769 4351
1771367144851 0.27948689460754395 4352
1771367144910 0.3283653259277344 4353
1771367144969 0.21162664890289307 4354
1771367145029 0.3099398612976074 4355
1771367145089 0.9687495827674866 4356
1771367145151 0.9142881035804749 4357
1771367145210 1.0355161428451538 4358
1771367145270 1.0201828479766846 4359
1771367145330 0.4289606809616089 4360
1771367145394 0.5007025003433228 4361
1771367145457 0.6940879225730896 4362
1771367145517 0.9080916047096252 4363
1771367145576 0.33535996079444885 4364
1771367145636 1.1658425331115723 4365
1771367145695 0.7814313173294067 4366
1771367145754 0.8125860095024109 4367
1771367145814 0.8463480472564697 4368
1771367145873 0.37685850262641907 4369
1771367145932 0.6011077761650085 4370
1771367145991 0.3693442940711975 4371
1771367146050 1.1569880247116089 4372
1771367146110 0.5671302676200867 4373
1771367146173 0.5996995568275452 4374
1771367146233 0.3416314721107483 4375
1771367146292 0.746238112449646 4376
1771367146353 0.9167513847351074 4377
1771367146417 0.24301423132419586 4378
1771367146489 0.535023033618927 4379
1771367146554 0.7301144599914551 4380
1771367146615 0.6425186991691589 4381
1771367146674 0.42242148518562317 4382
1771367146734 0.2923615872859955 4383
1771367146793 0.8466561436653137 4384
1771367146852 0.6647767424583435 4385
1771367146911 0.6094275116920471 4386
1771367146971 0.3381344974040985 4387
1771367147031 0.8560662865638733 4388
1771367147164 0.4767507314682007 4389
1771367147227 0.6594555974006653 4390
1771367147290 0.8493804335594177 4391
1771367147353 0.33400946855545044 4392
1771367147413 0.467553973197937 4393
1771367147473 0.3015953004360199 4394
1771367147533 0.48507189750671387 4395
1771367147592 0.582421600818634 4396
1771367147654 0.8824317455291748 4397
1771367147715 1.1115001440048218 4398
1771367147778 0.684354305267334 4399
1771367147839 0.7204082012176514 4400
1771367147901 0.42990842461586 4401
1771367147961 0.725212037563324 4402
1771367148021 0.6272205710411072 4403
1771367148080 0.7491121888160706 4404
1771367148141 0.8122221231460571 4405
1771367148200 0.5129216313362122 4406
1771367148262 0.7001146078109741 4407
1771367148322 0.3110463321208954 4408
1771367148381 1.1477454900741577 4409
1771367148440 0.5330734252929688 4410
1771367148503 0.7757004499435425 4411
1771367148564 0.8478708267211914 4412
1771367148626 0.726122260093689 4413
1771367148688 0.6209698915481567 4414
1771367148748 0.18927861750125885 4415
1771367148808 0.6732100248336792 4416
1771367148868 0.5962556004524231 4417
1771367148927 0.7622135877609253 4418
1771367148987 0.7138848900794983 4419
1771367149047 0.34686893224716187 4420
1771367149176 0.657893717288971 4421
1771367149236 0.4601934850215912 4422
1771367149296 0.9818603992462158 4423
1771367149355 0.9699719548225403 4424
1771367149416 0.5549536347389221 4425
1771367149478 0.40734201669692993 4426
1771367149540 0.7411149740219116 4427
1771367149601 1.014685034751892 4428
1771367149661 0.5272098183631897 4429
1771367149721 0.26834535598754883 4430
1771367149782 0.42960888147354126 4431
1771367149843 0.8007456064224243 4432
1771367149904 1.1227679252624512 4433
1771367149964 1.1136548519134521 4434
1771367150024 0.6363339424133301 4435
1771367150085 0.7932190895080566 4436
1771367150145 1.3327020406723022 4437
1771367150205 0.25842365622520447 4438
1771367150264 0.3549076020717621 4439
1771367150324 0.40335163474082947 4440
1771367150384 0.5708164572715759 4441
1771367150445 0.8154173493385315 4442
1771367150507 0.6731582283973694 4443
1771367150568 0.8909813761711121 4444
1771367150694 0.600676417350769 4445
1771367150755 0.678051233291626 4446
1771367150815 0.6469334959983826 4447
1771367150875 0.5569117665290833 4448
1771367150935 0.7676374912261963 4449
1771367150997 0.7586886882781982 4450
1771367151058 0.4400091767311096 4451
1771367151119 0.4796721041202545 4452
1771367151179 0.7396687865257263 4453
1771367151238 0.7553408145904541 4454
1771367151300 0.7179699540138245 4455
1771367151363 0.8610290288925171 4456
1771367151423 0.6955894827842712 4457
1771367151486 0.46708860993385315 4458
1771367151547 0.4959977865219116 4459
1771367151607 0.519896388053894 4460
1771367151666 0.5447708368301392 4461
1771367151726 0.5785571932792664 4462
1771367151786 0.8163957595825195 4463
1771367151846 0.4773370921611786 4464
1771367151976 0.822970449924469 4465
1771367152038 0.23350468277931213 4466
1771367152099 0.6663600206375122 4467
1771367152159 0.7790600657463074 4468
1771367152220 0.6708016991615295 4469
1771367152281 1.1477510929107666 4470
1771367152340 0.7567247152328491 4471
1771367152400 0.5598397254943848 4472
1771367152460 0.6881723999977112 4473
1771367152523 0.5303562879562378 4474
1771367152597 1.2538641691207886 4475
1771367152663 0.7767168879508972 4476
1771367152729 0.45964476466178894 4477
1771367152793 0.6157528162002563 4478
1771367152859 0.49520355463027954 4479
1771367152927 0.8684206008911133 4480
1771367153091 0.845876157283783 4481
1771367153166 0.8597642779350281 4482
1771367153239 0.4793533682823181 4483
1771367153313 0.4485568404197693 4484
1771367153385 0.8681755065917969 4485
1771367153456 0.6665400862693787 4486
1771367153529 0.6916090250015259 4487
1771367153602 1.1165385246276855 4488
1771367153674 1.0629498958587646 4489
1771367153751 0.5898946523666382 4490
1771367153825 0.5193402171134949 4491
1771367153897 0.4638279974460602 4492
1771367153972 0.6608168482780457 4493
1771367154045 0.7475656270980835 4494
1771367154116 0.5989893078804016 4495
1771367154292 0.5142927169799805 4496
1771367154363 0.47808638215065 4497
1771367154435 0.4686194658279419 4498
1771367154510 0.43324220180511475 4499
1771367154581 0.9931929707527161 4500
1771367154652 0.6627843976020813 4501
1771367154726 0.8733255863189697 4502
1771367154800 0.7209504246711731 4503
1771367154874 0.6334858536720276 4504
1771367154949 0.6445865631103516 4505
1771367155025 0.34644368290901184 4506
1771367155101 0.5597118139266968 4507
1771367155318 0.48125362396240234 4508
1771367155397 0.5549234747886658 4509
1771367155474 0.4695080518722534 4510
1771367155550 0.5420500040054321 4511
1771367155625 0.4947265684604645 4512
1771367155699 0.4946966767311096 4513
1771367155775 1.0542527437210083 4514
1771367155853 0.7996253371238708 4515
1771367155931 0.5016899704933167 4516
1771367156009 0.6027733087539673 4517
1771367156085 0.7057557702064514 4518
1771367156249 0.6030479073524475 4519
1771367156322 0.5209066271781921 4520
1771367156394 1.3009916543960571 4521
1771367156466 0.5002301931381226 4522
1771367156543 0.7936784625053406 4523
1771367156617 0.6759980320930481 4524
1771367156692 0.41050052642822266 4525
1771367156762 0.5090267658233643 4526
1771367156834 0.5765137672424316 4527
1771367156906 0.5521337389945984 4528
1771367157094 0.5877200365066528 4529
1771367157197 0.6220805644989014 4530
1771367157275 0.7198905348777771 4531
1771367157347 0.5829935669898987 4532
1771367157417 0.3785397708415985 4533
1771367157488 0.8685922622680664 4534
1771367157563 0.7208563685417175 4535
1771367157638 0.6251245141029358 4536
1771367157714 0.8983596563339233 4537
1771367157790 0.5491178631782532 4538
1771367157960 0.7353253960609436 4539
1771367158033 0.37727317214012146 4540
1771367158104 0.7739609479904175 4541
1771367158176 1.1816238164901733 4542
1771367158247 0.4772370457649231 4543
1771367158318 0.6166012287139893 4544
1771367158390 0.7954367399215698 4545
1771367158463 0.7331172227859497 4546
1771367158536 0.6945265531539917 4547
1771367158611 0.9006038904190063 4548
1771367158774 0.3368490934371948 4549
1771367158846 0.5712412595748901 4550
1771367158916 1.0174881219863892 4551
1771367158989 0.5468373894691467 4552
1771367159062 0.8741300106048584 4553
1771367159133 0.7884030938148499 4554
1771367159209 0.5480165481567383 4555
1771367159281 0.7078001499176025 4556
1771367159350 0.310640811920166 4557
1771367159419 0.31475403904914856 4558
1771367159593 0.7146139740943909 4559
1771367159663 1.059315800666809 4560
1771367159736 0.39808380603790283 4561
1771367159812 0.7499702572822571 4562
1771367159886 0.17081668972969055 4563
1771367159957 0.6681693196296692 4564
1771367160026 0.5603821277618408 4565
1771367160097 0.2512308359146118 4566
1771367160166 0.5435506105422974 4567
1771367160236 0.8107897043228149 4568
1771367160391 0.659698486328125 4569
1771367160463 0.7425212860107422 4570
1771367160538 0.6509628295898438 4571
1771367160609 0.7806121706962585 4572
1771367160677 0.7514989972114563 4573
1771367160743 0.8185924291610718 4574
1771367160811 1.0050313472747803 4575
1771367160896 0.9439884424209595 4576
1771367160982 0.588787853717804 4577
1771367161058 0.9071725010871887 4578
1771367161231 0.4060024917125702 4579
1771367161305 0.7302051186561584 4580
1771367161380 0.6581156849861145 4581
1771367161451 0.1845022588968277 4582
1771367161526 0.3041118085384369 4583
1771367161601 0.8422601222991943 4584
1771367161676 0.71555495262146 4585
1771367161746 0.6764909029006958 4586
1771367161818 0.6406933665275574 4587
1771367161891 0.7744622826576233 4588
1771367161964 0.9432554841041565 4589
1771367162037 0.33048370480537415 4590
1771367162110 0.8212788701057434 4591
1771367162269 0.5624052882194519 4592
1771367162337 0.6083089113235474 4593
1771367162405 1.0318869352340698 4594
1771367162477 0.7438434362411499 4595
1771367162548 0.7232619524002075 4596
1771367162620 0.45288142561912537 4597
1771367162694 0.4887446463108063 4598
1771367162765 0.42549654841423035 4599
1771367162838 0.8246040940284729 4600
1771367162906 0.5170789957046509 4601
1771367162978 0.6487787961959839 4602
1771367163065 0.504034161567688 4603
1771367163149 0.6935886740684509 4604
1771367163377 0.5122870206832886 4605
1771367163452 0.5695177912712097 4606
1771367163525 0.3173163831233978 4607
1771367163596 0.6001682877540588 4608
1771367163665 0.4603007435798645 4609
1771367163734 1.1731128692626953 4610
1771367163804 1.183846116065979 4611
1771367163878 0.8596351146697998 4612
1771367163953 0.711131751537323 4613
1771367164026 0.4783097207546234 4614
1771367164096 0.9126558303833008 4615
1771367164169 0.680662989616394 4616
1771367164240 0.6777136325836182 4617
1771367164309 0.7852188348770142 4618
1771367164376 0.9110492467880249 4619
1771367164563 0.8750271201133728 4620
1771367164638 0.6835309863090515 4621
1771367164730 0.46763351559638977 4622
1771367164809 0.6746360659599304 4623
1771367164876 0.5475062727928162 4624
1771367164942 0.39802226424217224 4625
1771367165008 0.20251840353012085 4626
1771367165077 0.5638187527656555 4627
1771367165147 0.17207014560699463 4628
1771367165221 0.7618610858917236 4629
1771367165296 1.1229270696640015 4630
1771367165367 0.6987120509147644 4631
1771367165438 0.8509604930877686 4632
1771367165602 1.3295886516571045 4633
1771367165670 1.1015048027038574 4634
1771367165740 0.23861509561538696 4635
1771367165811 0.8668544888496399 4636
1771367165902 0.6118528842926025 4637
1771367165983 1.111934781074524 4638
1771367166053 1.3656343221664429 4639
1771367166125 0.9338102340698242 4640
1771367166195 0.4275898039340973 4641
1771367166263 0.44403180480003357 4642
1771367166335 0.34962400794029236 4643
1771367166405 0.657136082649231 4644
1771367166476 0.23925326764583588 4645
1771367166658 0.30845531821250916 4646
1771367166741 1.1948505640029907 4647
1771367166822 0.5039374232292175 4648
1771367166892 1.0317734479904175 4649
1771367166961 0.3895089328289032 4650
1771367167034 0.6632070541381836 4651
1771367167109 0.5066796541213989 4652
1771367167187 0.7867984175682068 4653
1771367167265 0.49510228633880615 4654
1771367167341 1.0142543315887451 4655
1771367167412 0.5365275144577026 4656
1771367167483 0.74074387550354 4657
1771367167555 0.36341649293899536 4658
1771367167733 0.5719013810157776 4659
1771367167813 0.4638288915157318 4660
1771367167895 1.2046006917953491 4661
1771367167969 0.8353602290153503 4662
1771367168041 0.4272657036781311 4663
1771367168111 0.12509627640247345 4664
1771367168181 0.2678459584712982 4665
1771367168253 0.35352593660354614 4666
1771367168324 0.4588857591152191 4667
1771367168401 0.4604598879814148 4668
1771367168478 0.7354555726051331 4669
1771367168551 0.9769176840782166 4670
1771367168624 0.9926310777664185 4671
1771367168779 0.2890472412109375 4672
1771367168846 0.8632802963256836 4673
1771367168916 1.1481801271438599 4674
1771367169005 0.6755353212356567 4675
1771367169091 0.4264938235282898 4676
1771367169163 0.8338909149169922 4677
1771367169234 0.8113105297088623 4678
1771367169319 0.9147695302963257 4679
1771367169393 0.7715053558349609 4680
1771367169467 0.7344347238540649 4681
1771367169539 0.5329784750938416 4682
1771367169607 0.6490156054496765 4683
1771367169677 0.6595067977905273 4684
1771367169847 0.95814448595047 4685
1771367169922 0.5842207670211792 4686
1771367169996 0.5523625612258911 4687
1771367170070 0.7750368118286133 4688
1771367170144 0.30276402831077576 4689
1771367170308 0.3795662224292755 4690
1771367170378 0.45722487568855286 4691
1771367170450 0.5328425168991089 4692
1771367170524 0.5403895378112793 4693
1771367170602 0.36368754506111145 4694
1771367170679 0.470018595457077 4695
1771367170757 0.643220841884613 4696
1771367170916 0.6938019394874573 4697
1771367170988 0.5420413017272949 4698
1771367171061 0.9548893570899963 4699
1771367171133 0.538995087146759 4700
1771367171209 0.5414845943450928 4701
1771367171284 0.5962093472480774 4702
1771367171360 0.9457748532295227 4703
1771367171433 0.5777904391288757 4704
1771367171503 0.4124636948108673 4705
1771367171572 0.5143009424209595 4706
1771367171640 0.6390244364738464 4707
1771367171711 0.23836156725883484 4708
1771367171785 0.5546848773956299 4709
1771367171858 0.8050708174705505 4710
1771367171932 0.3416272699832916 4711
1771367172095 0.7999390959739685 4712
1771367172169 0.40314844250679016 4713
1771367172235 0.8594061136245728 4714
1771367172299 0.5860494375228882 4715
1771367172364 0.32931584119796753 4716
1771367172428 0.4363079071044922 4717
1771367172491 0.8665340542793274 4718
1771367172561 0.6722127795219421 4719
1771367172626 0.649287223815918 4720
1771367172693 0.8532843589782715 4721
1771367172759 0.6899436116218567 4722
1771367172823 0.6556074023246765 4723
1771367172971 0.6801145076751709 4724
1771367173039 0.6912423968315125 4725
1771367173104 0.6455972194671631 4726
1771367173169 0.1549871563911438 4727
1771367173234 0.4184351861476898 4728
1771367173301 0.37833282351493835 4729
1771367173365 0.40121352672576904 4730
1771367173431 0.5563293099403381 4731
1771367173495 0.6114317774772644 4732
1771367173564 0.5355913043022156 4733
1771367173629 0.595186710357666 4734
1771367173694 0.9466408491134644 4735
1771367173760 0.6252248883247375 4736
1771367173903 0.47865813970565796 4737
1771367173971 0.5946277976036072 4738
1771367174038 0.6522354483604431 4739
1771367174104 0.6622406244277954 4740
1771367174170 0.46662819385528564 4741
1771367174236 0.846796989440918 4742
1771367174301 0.8432726860046387 4743
1771367174367 0.3403993844985962 4744
1771367174430 0.7818076610565186 4745
1771367174495 0.3315342962741852 4746
1771367174558 0.922694742679596 4747
1771367174621 0.5329524874687195 4748
1771367174684 0.32132208347320557 4749
1771367174811 0.4446406364440918 4750
1771367174876 0.6552231907844543 4751
1771367174940 0.43807360529899597 4752
1771367175004 0.7109560370445251 4753
1771367175065 0.654975414276123 4754
1771367175128 0.34928658604621887 4755
1771367175190 1.046360969543457 4756
1771367175252 0.5579023957252502 4757
1771367175315 0.3250368535518646 4758
1771367175383 0.4950494170188904 4759
1771367175444 0.7544204592704773 4760
1771367175505 1.0432734489440918 4761
1771367175565 0.48097318410873413 4762
1771367175689 0.818723738193512 4763
1771367175751 0.7656453251838684 4764
1771367175812 0.5248585343360901 4765
1771367175874 0.4486294090747833 4766
1771367175933 0.4892204999923706 4767
1771367175993 0.7806870341300964 4768
1771367176055 0.6752440929412842 4769
1771367176116 0.2000821828842163 4770
1771367176177 0.34730619192123413 4771
1771367176240 0.760852575302124 4772
1771367176304 0.5347222089767456 4773
1771367176372 1.0460216999053955 4774
1771367176438 0.8801496028900146 4775
1771367176500 0.7248741388320923 4776
1771367176629 0.8755008578300476 4777
1771367176692 0.42470088601112366 4778
1771367176755 0.5493770241737366 4779
1771367176817 0.9328729510307312 4780
1771367176883 0.7115738391876221 4781
1771367176946 0.23988357186317444 4782
1771367177010 0.7196711301803589 4783
1771367177074 0.8105872273445129 4784
1771367177138 0.6806305050849915 4785
1771367177202 0.21741430461406708 4786
1771367177266 0.9123625159263611 4787
1771367177330 0.714589536190033 4788
1771367177395 0.5493557453155518 4789
1771367177521 0.5109177231788635 4790
1771367177584 0.45188483595848083 4791
1771367177649 0.5849214792251587 4792
1771367177712 1.3758090734481812 4793
1771367177777 0.8988519310951233 4794
1771367177840 0.39380019903182983 4795
1771367177903 0.6423740386962891 4796
1771367177965 0.3312462866306305 4797
1771367178028 0.8798673152923584 4798
1771367178094 0.1666567474603653 4799
1771367178160 0.2773085832595825 4800
1771367178224 0.7001564502716064 4801
1771367178290 0.6979135274887085 4802
1771367178355 0.792822003364563 4803
1771367178421 0.617272138595581 4804
1771367178549 0.3473631739616394 4805
1771367178617 0.2419835478067398 4806
1771367178678 0.532528817653656 4807
1771367178742 0.597186803817749 4808
1771367178805 0.43829619884490967 4809
1771367178869 1.140215277671814 4810
1771367178932 0.7500993609428406 4811
1771367178994 0.7330989241600037 4812
1771367179057 0.890682578086853 4813
1771367179120 0.5788934230804443 4814
1771367179181 0.959196925163269 4815
1771367179247 0.5050843954086304 4816
1771367179310 0.6281738877296448 4817
1771367179439 0.6406351923942566 4818
1771367179502 0.31883615255355835 4819
1771367179565 0.7375776171684265 4820
1771367179630 0.5268349051475525 4821
1771367179695 0.6326504349708557 4822
1771367179757 0.36653539538383484 4823
1771367179821 0.6806333065032959 4824
1771367179883 0.8264402747154236 4825
1771367179947 0.7671324014663696 4826
1771367180010 0.41618648171424866 4827
1771367180073 0.9269440770149231 4828
1771367180135 0.32718998193740845 4829
1771367180199 0.5390965938568115 4830
1771367180328 0.4761058986186981 4831
1771367180392 0.6198379397392273 4832
1771367180458 0.7093712687492371 4833
1771367180524 0.5103731155395508 4834
1771367180589 0.8011507391929626 4835
1771367180659 0.4522871673107147 4836
1771367180724 0.3176593780517578 4837
1771367180789 0.5736810564994812 4838
1771367180856 0.210539773106575 4839
1771367180921 0.8720274567604065 4840
1771367180984 0.4376855790615082 4841
1771367181049 0.9501230716705322 4842
1771367181112 1.0672943592071533 4843
1771367181266 0.687200129032135 4844
1771367181330 0.32528379559516907 4845
1771367181395 0.47054600715637207 4846
1771367181458 0.6811529994010925 4847
1771367181522 0.6127484440803528 4848
1771367181586 0.35868072509765625 4849
1771367181649 0.28326064348220825 4850
1771367181712 1.1589337587356567 4851
1771367181776 1.5497727394104004 4852
1771367181840 0.5824695825576782 4853
1771367181903 0.9178583025932312 4854
1771367181968 1.0872602462768555 4855
1771367182031 0.6119058728218079 4856
1771367182163 1.193528413772583 4857
1771367182225 0.11809401214122772 4858
1771367182290 0.44242146611213684 4859
1771367182354 0.7540600299835205 4860
1771367182418 1.2115051746368408 4861
1771367182484 0.36773601174354553 4862
1771367182554 0.7285118699073792 4863
1771367182620 0.6709522008895874 4864
1771367182685 0.5340312123298645 4865
1771367182751 0.28509199619293213 4866
1771367182830 0.41069233417510986 4867
1771367182894 0.8810617923736572 4868
1771367182959 0.6536116003990173 4869
1771367183101 1.2835613489151 4870
1771367183171 0.8270858526229858 4871
1771367183243 1.2550170421600342 4872
1771367183313 1.1151490211486816 4873
1771367183375 0.6576696038246155 4874
1771367183438 0.5132055878639221 4875
1771367183501 0.744583249092102 4876
1771367183565 1.5460405349731445 4877
1771367183626 0.37412920594215393 4878
1771367183690 0.47319477796554565 4879
1771367183752 0.42647069692611694 4880
1771367183814 0.7625046968460083 4881
1771367183877 0.4816296398639679 4882
1771367183939 0.7211006879806519 4883
1771367184074 0.5439062714576721 4884
1771367184137 0.3402390480041504 4885
1771367184200 0.6907903552055359 4886
1771367184263 0.46870777010917664 4887
1771367184331 0.4434245228767395 4888
1771367184395 0.5041983127593994 4889
1771367184465 0.4466240406036377 4890
1771367184539 0.6159908175468445 4891
1771367184607 0.30789899826049805 4892
1771367184674 0.5826578140258789 4893
1771367184737 0.746691107749939 4894
1771367184800 0.411714643239975 4895
1771367184865 0.36146244406700134 4896
1771367184929 0.5113312602043152 4897
1771367185067 0.5495822429656982 4898
1771367185131 1.4784997701644897 4899
1771367185193 1.4114724397659302 4900
1771367185255 0.371567040681839 4901
1771367185320 0.980120837688446 4902
1771367185387 0.5968747735023499 4903
1771367185449 0.27660927176475525 4904
1771367185512 1.1269543170928955 4905
1771367185573 0.49725690484046936 4906
1771367185639 0.17587275803089142 4907
1771367185702 0.7570483684539795 4908
1771367185765 0.49068841338157654 4909
1771367185826 0.27776211500167847 4910
1771367185964 0.3029128909111023 4911
1771367186028 0.6354736685752869 4912
1771367186092 0.11349602788686752 4913
1771367186155 0.7655671834945679 4914
1771367186218 0.5113701224327087 4915
1771367186280 0.6473665237426758 4916
1771367186345 0.8410548567771912 4917
1771367186416 0.4817517101764679 4918
1771367186480 0.9826061725616455 4919
1771367186543 1.0297119617462158 4920
1771367186606 1.1233201026916504 4921
1771367186670 1.0203584432601929 4922
1771367186736 0.56147301197052 4923
1771367186874 0.8182386159896851 4924
1771367186939 0.44237664341926575 4925
1771367187005 0.9893527030944824 4926
1771367187069 0.9092199206352234 4927
1771367187135 0.625399649143219 4928
1771367187198 0.3769419491291046 4929
1771367187261 0.35955119132995605 4930
1771367187325 0.5544851422309875 4931
1771367187390 0.599894106388092 4932
1771367187453 0.8742377758026123 4933
1771367187519 0.5782338380813599 4934
1771367187583 0.6812745332717896 4935
1771367187650 0.49099087715148926 4936
1771367187793 0.33207836747169495 4937
1771367187859 0.43513840436935425 4938
1771367187923 0.7692995071411133 4939
1771367187988 0.23455694317817688 4940
1771367188052 0.721962034702301 4941
1771367188116 0.3520752787590027 4942
1771367188179 0.8613806962966919 4943
1771367188245 0.7775483727455139 4944
1771367188307 0.7126564383506775 4945
1771367188370 0.9381913542747498 4946
1771367188433 0.8529073596000671 4947
1771367188495 0.7030221223831177 4948
1771367188631 0.25549474358558655 4949
1771367188694 0.7049812078475952 4950
1771367188760 0.5582284927368164 4951
1771367188824 1.0329841375350952 4952
1771367188890 0.8832815289497375 4953
1771367188961 0.9993996620178223 4954
1771367189035 0.8358689546585083 4955
1771367189106 0.2771671414375305 4956
1771367189187 1.3494901657104492 4957
1771367189271 0.9103654026985168 4958
1771367189339 0.3128131628036499 4959
1771367189408 0.6812865138053894 4960
1771367189474 0.8452591896057129 4961
1771367189614 0.7322847247123718 4962
1771367189678 0.5175061821937561 4963
1771367189743 0.8553351163864136 4964
1771367189806 0.5408796668052673 4965
1771367189870 0.5203718543052673 4966
1771367189934 0.7474169731140137 4967
1771367190000 0.541528046131134 4968
1771367190066 0.5262883305549622 4969
1771367190133 0.6069672107696533 4970
1771367190200 0.7664178609848022 4971
1771367190268 0.6322289109230042 4972
1771367190458 0.7167335748672485 4973
1771367190538 0.23372779786586761 4974
1771367190602 1.1179059743881226 4975
1771367190670 0.8052430748939514 4976
1771367190735 0.7394828796386719 4977
1771367190805 1.2263163328170776 4978
1771367190884 1.0218260288238525 4979
1771367190973 0.28211352229118347 4980
1771367191067 0.4508441984653473 4981
1771367191161 0.660517156124115 4982
1771367191227 0.6238467693328857 4983
1771367191293 1.2485299110412598 4984
1771367191358 0.8753136396408081 4985
1771367191494 0.6718331575393677 4986
1771367191564 0.714775562286377 4987
1771367191633 0.7744036316871643 4988
1771367191697 0.5227026343345642 4989
1771367191760 0.38513320684432983 4990
1771367191825 0.6348757147789001 4991
1771367191890 0.5390158295631409 4992
1771367191955 0.5371770262718201 4993
1771367192019 1.1307626962661743 4994
1771367192083 0.9212583899497986 4995
1771367192146 0.615056037902832 4996
1771367192209 0.47770315408706665 4997
1771367192354 0.6314632296562195 4998
1771367192416 0.3624962866306305 4999
1771367192481 0.8298811316490173 5000
1771367192547 0.5745128393173218 5001
1771367192611 0.37769001722335815 5002
1771367192677 1.003889799118042 5003
1771367192743 0.5554824471473694 5004
1771367192808 1.2304211854934692 5005
1771367192873 0.3418472111225128 5006
1771367192937 0.28732985258102417 5007
1771367193001 0.5194649696350098 5008
1771367193066 0.7564891576766968 5009
1771367193130 0.5267614126205444 5010
1771367193297 0.7968457341194153 5011
1771367193364 0.9105457067489624 5012
1771367193432 0.7263866662979126 5013
1771367193495 0.2647751569747925 5014
1771367193558 0.30972760915756226 5015
1771367193621 0.4451234042644501 5016
1771367193686 0.34704235196113586 5017
1771367193750 0.7362395524978638 5018
1771367193813 0.9316656589508057 5019
1771367193875 0.9158768653869629 5020
1771367193936 0.7212467193603516 5021
1771367194070 1.0007989406585693 5022
1771367194132 0.6629575490951538 5023
1771367194195 0.7272627353668213 5024
1771367194256 0.8129886388778687 5025
1771367194317 0.8639048337936401 5026
1771367194380 0.764568030834198 5027
1771367194446 0.33303651213645935 5028
1771367194511 0.7977695465087891 5029
1771367194574 0.2577537000179291 5030
1771367194639 0.8285276889801025 5031
1771367194706 1.4545236825942993 5032
1771367194776 0.6882593035697937 5033
1771367194846 0.8656527996063232 5034
1771367195004 0.3897915780544281 5035
1771367195075 0.6430954337120056 5036
1771367195143 0.7360522747039795 5037
1771367195211 0.6161544322967529 5038
1771367195279 0.6766428351402283 5039
1771367195348 0.7131453156471252 5040
1771367195419 0.7275660634040833 5041
1771367195497 0.7144555449485779 5042
1771367195569 0.6137743592262268 5043
1771367195641 0.8355699181556702 5044
1771367195711 0.250943124294281 5045
1771367195781 0.8384854197502136 5046
1771367195952 0.7368859052658081 5047
1771367196026 0.8337637782096863 5048
1771367196091 0.9910213947296143 5049
1771367196159 0.46167460083961487 5050
1771367196228 0.7285674810409546 5051
1771367196299 0.4809228181838989 5052
1771367196372 0.7103360891342163 5053
1771367196449 0.6480895280838013 5054
1771367196529 0.6540414690971375 5055
1771367196605 1.4236904382705688 5056
1771367196682 0.5153507590293884 5057
1771367196759 0.7537989020347595 5058
1771367196831 0.43429189920425415 5059
1771367197006 0.7752042412757874 5060
1771367197087 0.39998385310173035 5061
1771367197163 0.5214170813560486 5062
1771367197236 1.1035352945327759 5063
1771367197310 0.6276556253433228 5064
1771367197385 0.40827348828315735 5065
1771367197461 0.1606837809085846 5066
1771367197541 0.6887751221656799 5067
1771367197619 0.9261820912361145 5068
1771367197723 0.1989162117242813 5069
1771367197802 0.427558571100235 5070
1771367197955 0.2889014482498169 5071
1771367198030 0.3140908479690552 5072
1771367198105 0.8001850247383118 5073
1771367198184 0.6496026515960693 5074
1771367198262 0.48997190594673157 5075
1771367198337 0.2524900734424591 5076
1771367198411 0.6341433525085449 5077
1771367198482 0.9092344045639038 5078
1771367198552 0.4785773754119873 5079
1771367198628 0.7054283618927002 5080
1771367198705 0.4095016121864319 5081
1771367198784 0.381075382232666 5082
1771367198858 0.9513140916824341 5083
1771367199013 0.6378421783447266 5084
1771367199084 0.32472988963127136 5085
1771367199157 0.8945749998092651 5086
1771367199233 0.8219372034072876 5087
1771367199310 0.8370569944381714 5088
1771367199390 1.3095093965530396 5089
1771367199471 0.39873066544532776 5090
1771367199551 0.8220773935317993 5091
1771367199629 0.6110141277313232 5092
1771367199708 0.7558046579360962 5093
1771367199787 0.6684892177581787 5094
1771367199868 0.6975922584533691 5095
1771367200064 0.6624659895896912 5096
1771367200140 0.6227160096168518 5097
1771367200215 0.6076592206954956 5098
1771367200290 0.24416732788085938 5099
1771367200365 0.49042361974716187 5100
1771367200444 1.1062127351760864 5101
1771367200525 0.7594364881515503 5102
1771367200607 0.46285298466682434 5103
1771367200685 0.60377436876297 5104
1771367200762 0.9585251212120056 5105
1771367200836 0.6391164660453796 5106
1771367200913 0.6561090350151062 5107
1771367200989 0.460783988237381 5108
1771367201177 0.3888433873653412 5109
1771367201258 0.7967934608459473 5110
1771367201332 0.5896574854850769 5111
1771367201403 0.4214300215244293 5112
1771367201475 0.735216498374939 5113
1771367201548 0.8322066068649292 5114
1771367201627 0.20426104962825775 5115
1771367201709 0.5744169354438782 5116
1771367201789 0.26026707887649536 5117
1771367201869 0.7076246738433838 5118
1771367201946 0.7979392409324646 5119
1771367202117 1.2185280323028564 5120
1771367202197 0.7648403644561768 5121
1771367202277 0.2683005928993225 5122
1771367202358 0.6297349333763123 5123
1771367202438 0.5268319845199585 5124
1771367202516 0.5819993615150452 5125
1771367202593 0.2925601601600647 5126
1771367202671 0.7364692091941833 5127
1771367202749 0.23095010221004486 5128
1771367202845 0.18347452580928802 5129
1771367202927 0.6456940770149231 5130
1771367203008 0.8611683249473572 5131
1771367203085 0.3968794345855713 5132
1771367203266 0.2146567553281784 5133
1771367203346 0.12170738726854324 5134
1771367203424 0.7700770497322083 5135
1771367203503 0.643524706363678 5136
1771367203582 0.685198187828064 5137
1771367203663 0.375039279460907 5138
1771367203741 0.4192224144935608 5139
1771367203821 0.8254814743995667 5140
1771367203902 0.7350905537605286 5141
1771367203983 0.6104970574378967 5142
1771367204060 1.075106143951416 5143
1771367204137 0.44718852639198303 5144
1771367204315 1.8186241388320923 5145
1771367204391 0.9198373556137085 5146
1771367204466 0.2110891044139862 5147
1771367204542 0.13202960789203644 5148
1771367204619 0.6163925528526306 5149
1771367204697 1.0403345823287964 5150
1771367204774 0.59004807472229 5151
1771367204850 1.0398610830307007 5152
1771367204922 0.3169000446796417 5153
1771367204996 0.821774423122406 5154
1771367205084 0.736640453338623 5155
1771367205169 0.8232935070991516 5156
1771367205250 0.5906927585601807 5157
1771367205414 0.9558826684951782 5158
1771367205591 0.4056095480918884 5159
1771367205698 0.7573688626289368 5160
1771367205794 0.5610959529876709 5161
1771367205874 1.0148121118545532 5162
1771367205950 1.0146205425262451 5163
1771367206023 0.529636561870575 5164
1771367206097 0.24567630887031555 5165
1771367206172 0.5739417672157288 5166
1771367206363 0.6954144239425659 5167
1771367206440 0.8734772801399231 5168
1771367206520 0.5199579000473022 5169
1771367206594 0.5220845937728882 5170
1771367206667 0.30592045187950134 5171
1771367206742 0.7862375974655151 5172
1771367206817 0.5249622464179993 5173
1771367206922 0.7669155597686768 5174
1771367207000 0.7934883236885071 5175
1771367207074 1.0364141464233398 5176
1771367207146 0.552836000919342 5177
1771367207218 0.09024258702993393 5178
1771367207290 1.114107608795166 5179
1771367207476 0.90350341796875 5180
1771367207554 0.7970084547996521 5181
1771367207629 0.7146629691123962 5182
1771367207705 0.6846330761909485 5183
1771367207777 0.46112510561943054 5184
1771367207847 0.3657793700695038 5185
1771367207917 0.31259214878082275 5186
1771367207988 0.5862951874732971 5187
1771367208061 0.5867805480957031 5188
1771367208137 0.49729904532432556 5189
1771367208211 0.9072641134262085 5190
1771367208285 0.706603467464447 5191
1771367208439 0.735164999961853 5192
1771367208511 0.740090012550354 5193
1771367208580 0.6782621741294861 5194
1771367208652 0.47437021136283875 5195
1771367208733 0.1929648369550705 5196
1771367208812 0.558890700340271 5197
1771367208891 0.7260875701904297 5198
1771367208965 0.19884885847568512 5199
1771367209042 0.6350334286689758 5200
1771367209117 0.13672876358032227 5201
1771367209192 0.7967699766159058 5202
1771367209268 0.9033480882644653 5203
1771367209345 0.4146471619606018 5204
1771367209516 0.7396364808082581 5205
1771367209592 0.685817301273346 5206
1771367209665 0.4192953407764435 5207
1771367209742 1.1942293643951416 5208
1771367209815 0.32312968373298645 5209
1771367209891 1.179529070854187 5210
1771367209968 0.625768780708313 5211
1771367210046 0.8971719145774841 5212
1771367210123 0.4601563513278961 5213
1771367210199 0.517957866191864 5214
1771367210272 0.7652522325515747 5215
1771367210431 0.6330808401107788 5216
1771367210509 0.6555688977241516 5217
1771367210587 0.6015081405639648 5218
1771367210665 0.5483715534210205 5219
1771367210744 0.8637365698814392 5220
1771367210824 0.4194547235965729 5221
1771367210900 1.0240230560302734 5222
1771367210976 0.8511510491371155 5223
1771367211055 0.8459897637367249 5224
1771367211130 0.6832569241523743 5225
1771367211204 0.5978277325630188 5226
1771367211279 0.795367956161499 5227
1771367211357 0.7469356060028076 5228
1771367211571 0.36224672198295593 5229
1771367211648 0.5676624774932861 5230
1771367211723 0.728897750377655 5231
1771367211798 0.4279906749725342 5232
1771367211874 1.0284595489501953 5233
1771367211950 1.197338342666626 5234
1771367212027 0.45794615149497986 5235
1771367212101 0.4288124144077301 5236
1771367212175 0.5439202189445496 5237
1771367212251 0.4062315821647644 5238
1771367212326 0.5700124502182007 5239
1771367212400 0.640232264995575 5240
1771367212478 0.828158438205719 5241
1771367212656 0.7181690335273743 5242
1771367212732 0.5044127106666565 5243
1771367212809 0.6720932722091675 5244
1771367212887 0.49422863125801086 5245
1771367212964 0.520378053188324 5246
1771367213043 0.6602960228919983 5247
1771367213127 0.8130360245704651 5248
1771367213205 0.4422228932380676 5249
1771367213280 0.8026221990585327 5250
1771367213355 0.19601112604141235 5251
1771367213431 0.6567588448524475 5252
1771367213507 0.814214825630188 5253
1771367213694 0.6009141802787781 5254
1771367213775 0.5805108547210693 5255
1771367213863 0.6199505925178528 5256
1771367213938 0.4356413781642914 5257
1771367214012 1.0360925197601318 5258
1771367214085 1.0989391803741455 5259
1771367214159 0.2754291296005249 5260
1771367214238 0.8043783903121948 5261
1771367214319 0.718277633190155 5262
1771367214398 1.140986680984497 5263
1771367214472 1.076401710510254 5264
1771367214542 1.141574501991272 5265
1771367214617 0.6436682939529419 5266
1771367214778 0.7497771978378296 5267
1771367214851 0.7236401438713074 5268
1771367214924 1.0858944654464722 5269
1771367215001 0.8674800395965576 5270
1771367215079 0.25228574872016907 5271
1771367215157 0.7241079807281494 5272
1771367215233 0.904923141002655 5273
1771367215309 0.539469301700592 5274
1771367215382 0.8687303066253662 5275
1771367215455 0.6435161828994751 5276
1771367215528 1.0827534198760986 5277
1771367215602 0.49068716168403625 5278
1771367215772 0.8359090685844421 5279
1771367215851 0.3955211639404297 5280
1771367215930 0.36781758069992065 5281
1771367216005 0.5075076222419739 5282
1771367216078 0.714328408241272 5283
1771367216149 1.0263895988464355 5284
1771367216221 0.27725833654403687 5285
1771367216297 0.7605578899383545 5286
1771367216372 0.30987638235092163 5287
1771367216449 0.6633223295211792 5288
1771367216527 0.5570245385169983 5289
1771367216691 0.8381215929985046 5290
1771367216767 0.7829521894454956 5291
1771367216840 0.8898069858551025 5292
1771367216914 0.35252654552459717 5293
1771367216987 0.8742598295211792 5294
1771367217060 0.7966877818107605 5295
1771367217134 0.9772950410842896 5296
1771367217209 0.7668061256408691 5297
1771367217284 0.576104998588562 5298
1771367217357 0.8071503043174744 5299
1771367217508 0.596122682094574 5300
1771367217578 0.8125349283218384 5301
1771367217644 0.8004153370857239 5302
1771367217711 0.15739446878433228 5303
1771367217778 0.7460618019104004 5304
1771367217843 0.6668911576271057 5305
1771367217910 0.8068842887878418 5306
1771367217977 0.5705342292785645 5307
1771367218045 0.45672157406806946 5308
1771367218113 0.42346325516700745 5309
1771367218180 0.7117164731025696 5310
1771367218248 0.39615774154663086 5311
1771367218384 0.6794308423995972 5312
1771367218454 0.36500242352485657 5313
1771367218520 0.3504577577114105 5314
1771367218589 0.8055931925773621 5315
1771367218658 0.510549008846283 5316
1771367218728 0.5537575483322144 5317
1771367218797 0.7716275453567505 5318
1771367218867 1.101548671722412 5319
1771367218937 0.4773256778717041 5320
1771367219004 0.33627113699913025 5321
1771367219072 0.38880160450935364 5322
1771367219210 0.7582934498786926 5323
1771367219280 0.6341270208358765 5324
1771367219348 1.4912328720092773 5325
1771367219415 0.8706977367401123 5326
1771367219480 0.8337982892990112 5327
1771367219546 0.2360522449016571 5328
1771367219610 0.6799803972244263 5329
1771367219675 0.5208710432052612 5330
1771367219740 0.49374204874038696 5331
1771367219808 0.6597502827644348 5332
1771367219951 0.2607182264328003 5333
1771367220019 1.1137113571166992 5334
1771367220092 1.065872073173523 5335
1771367220162 0.9358507394790649 5336
1771367220234 0.8557939529418945 5337
1771367220333 0.6779295802116394 5338
1771367220408 0.5620372891426086 5339
1771367220481 0.27928683161735535 5340
1771367220556 0.448677659034729 5341
1771367220629 0.7779170274734497 5342
1771367220702 0.30412763357162476 5343
1771367220780 0.3599705696105957 5344
1771367220949 0.4337387681007385 5345
1771367221028 0.2752991020679474 5346
1771367221106 0.6986095905303955 5347
1771367221182 0.38217926025390625 5348
1771367221257 1.0890367031097412 5349
1771367221334 0.371430903673172 5350
1771367221413 0.6958348751068115 5351
1771367221493 0.8999966382980347 5352
1771367221573 0.6940915584564209 5353
1771367221654 0.6503647565841675 5354
1771367221817 0.7267956733703613 5355
1771367221894 1.0089657306671143 5356
1771367221972 0.686408519744873 5357
1771367222050 0.367241770029068 5358
1771367222127 0.296838641166687 5359
1771367222204 0.563811719417572 5360
1771367222283 0.5470167398452759 5361
1771367222359 0.7184913754463196 5362
1771367222436 0.5285158753395081 5363
1771367222517 0.3649415075778961 5364
1771367222688 0.6480187177658081 5365
1771367222768 0.567487895488739 5366
1771367222847 0.6697950959205627 5367
1771367222921 0.6451707482337952 5368
1771367222997 0.8483133912086487 5369
1771367223074 0.5003395676612854 5370
1771367223152 0.6942978501319885 5371
1771367223231 0.38118359446525574 5372
1771367223309 0.5161730051040649 5373
1771367223392 0.232199564576149 5374
1771367223472 1.180733323097229 5375
1771367223549 0.8353174924850464 5376
1771367223720 0.7226990461349487 5377
1771367223797 0.1995270550251007 5378
1771367223873 1.3936095237731934 5379
1771367223952 0.5875502228736877 5380
1771367224034 0.2534535229206085 5381
1771367224112 0.6846204400062561 5382
1771367224191 0.6241922378540039 5383
1771367224271 0.6192251443862915 5384
1771367224345 0.3293384611606598 5385
1771367224417 0.48215293884277344 5386
1771367224492 0.43722835183143616 5387
1771367224673 0.48586222529411316 5388
1771367224747 0.9417940378189087 5389
1771367224822 0.6379541158676147 5390
1771367224900 0.8046249747276306 5391
1771367224976 0.9973466396331787 5392
1771367225051 0.6971158385276794 5393
1771367225125 0.8554695844650269 5394
1771367225197 0.7358317971229553 5395
1771367225271 0.818787157535553 5396
1771367225341 0.5241230130195618 5397
1771367225498 1.209507703781128 5398
1771367225567 0.9262173175811768 5399
1771367225633 0.7129243016242981 5400
1771367225699 0.4243324398994446 5401
1771367225765 0.23181037604808807 5402
1771367225832 0.6157712936401367 5403
1771367225898 0.4932684302330017 5404
1771367225965 1.0790412425994873 5405
1771367226030 0.7807995676994324 5406
1771367226094 0.8354012966156006 5407
1771367226158 0.2299155592918396 5408
1771367226222 0.4490526020526886 5409
1771367226360 0.6779612898826599 5410
1771367226426 0.6140418648719788 5411
1771367226492 0.7796589732170105 5412
1771367226556 0.6554281115531921 5413
1771367226620 0.939812421798706 5414
1771367226683 0.5807223916053772 5415
1771367226751 0.6535820960998535 5416
1771367226823 0.7405179738998413 5417
1771367226894 0.3761862516403198 5418
1771367226961 0.6651171445846558 5419
1771367227100 0.5727261900901794 5420
1771367227168 0.6915919780731201 5421
1771367227234 0.6048465967178345 5422
1771367227301 0.7231919765472412 5423
1771367227368 0.6435907483100891 5424
1771367227439 0.5246312022209167 5425
1771367227512 0.6181939244270325 5426
1771367227585 1.1541272401809692 5427
1771367227656 0.6660342812538147 5428
1771367227727 0.6643806099891663 5429
1771367227885 0.15715636312961578 5430
1771367227959 0.5290745496749878 5431
1771367228034 0.2752830386161804 5432
1771367228112 0.7304267883300781 5433
1771367228191 0.22653982043266296 5434
1771367228266 0.8023017644882202 5435
1771367228340 0.651818573474884 5436
1771367228414 0.6539091467857361 5437
1771367228488 0.7362326979637146 5438
1771367228565 0.7233357429504395 5439
1771367228646 0.28497570753097534 5440
1771367228727 0.7124295234680176 5441
1771367228885 0.2774199843406677 5442
1771367228961 0.2926602065563202 5443
1771367229034 0.8160781860351562 5444
1771367229110 0.31681621074676514 5445
1771367229188 0.8334743976593018 5446
1771367229268 0.5432974696159363 5447
1771367229345 0.6464360356330872 5448
1771367229421 0.597906231880188 5449
1771367229496 0.34068796038627625 5450
1771367229570 0.8947649598121643 5451
1771367229646 0.30872392654418945 5452
1771367229831 0.7056657075881958 5453
1771367229912 0.34551548957824707 5454
1771367229989 0.5301976799964905 5455
1771367230066 0.6223241090774536 5456
1771367230143 0.5776938199996948 5457
1771367230220 0.6311005353927612 5458
1771367230300 0.6996356248855591 5459
1771367230381 0.4648677706718445 5460
1771367230460 0.4930959939956665 5461
1771367230559 0.39618656039237976 5462
1771367230731 0.9818825125694275 5463
1771367230809 0.7239194512367249 5464
1771367230886 0.6412429213523865 5465
1771367230964 0.2935008704662323 5466
1771367231046 0.2127973586320877 5467
1771367231125 0.7130028605461121 5468
1771367231201 0.2286316454410553 5469
1771367231277 0.7464293241500854 5470
1771367231354 0.260471373796463 5471
1771367231429 0.7490174770355225 5472
1771367231506 0.6893242001533508 5473
1771367231584 0.7367715239524841 5474
1771367231748 0.4643867015838623 5475
1771367231824 0.6403778195381165 5476
1771367231901 0.44590020179748535 5477
1771367231979 0.6151493191719055 5478
1771367232058 0.5719845294952393 5479
1771367232136 0.600578248500824 5480
1771367232211 0.700608491897583 5481
1771367232292 0.4543876051902771 5482
1771367232374 0.31038346886634827 5483
1771367232453 0.6872233748435974 5484
1771367232637 0.6418673992156982 5485
1771367232718 0.8820149302482605 5486
1771367232801 0.4209601581096649 5487
1771367232882 0.6523708701133728 5488
1771367232962 0.5980663299560547 5489
1771367233049 0.3456452190876007 5490
1771367233144 0.6665130257606506 5491
1771367233226 1.003716230392456 5492
1771367233304 0.6232711672782898 5493
1771367233383 0.4607318043708801 5494
1771367233543 0.3313898742198944 5495
1771367233620 0.4932764768600464 5496
1771367233696 0.9390565752983093 5497
1771367233775 0.5969091057777405 5498
1771367233852 0.3118619918823242 5499
1771367233929 0.17892709374427795 5500
1771367234008 0.6302655339241028 5501
1771367234081 0.8369539380073547 5502
1771367234153 0.5548855662345886 5503
1771367234230 0.9158937931060791 5504
1771367234307 0.4073365330696106 5505
1771367234383 0.48973938822746277 5506
1771367234552 0.7418307065963745 5507
1771367234626 0.8265665769577026 5508
1771367234697 0.5299089550971985 5509
1771367234770 0.5731102228164673 5510
1771367234844 0.5035760998725891 5511
1771367234918 0.914709210395813 5512
1771367234990 0.4839891493320465 5513
1771367235064 0.7053669691085815 5514
1771367235135 0.951382040977478 5515
1771367235211 0.8193487524986267 5516
1771367235306 0.6623841524124146 5517
1771367235498 1.0430657863616943 5518
1771367235575 0.7065762877464294 5519
1771367235647 0.7947943210601807 5520
1771367235721 0.8644887208938599 5521
1771367235796 1.088435173034668 5522
1771367235867 0.6063569188117981 5523
1771367235940 0.6913189888000488 5524
1771367236016 0.7634460926055908 5525
1771367236088 0.5395123362541199 5526
1771367236168 0.9050180315971375 5527
1771367236341 1.0424284934997559 5528
1771367236412 0.6390982270240784 5529
1771367236483 1.2785080671310425 5530
1771367236557 0.4542759954929352 5531
1771367236632 0.6495059132575989 5532
1771367236709 0.26960694789886475 5533
1771367236785 1.0795066356658936 5534
1771367236857 0.47590309381484985 5535
1771367236929 0.268266499042511 5536
1771367237001 0.930489718914032 5537
1771367237075 0.7216812968254089 5538
1771367237148 0.6489934921264648 5539
1771367237317 0.4192905128002167 5540
1771367237391 0.7545003890991211 5541
1771367237463 0.6167978644371033 5542
1771367237537 0.8281583786010742 5543
1771367237612 0.4123534858226776 5544
1771367237687 0.398742139339447 5545
1771367237762 0.8058526515960693 5546
1771367237838 0.7295054793357849 5547
1771367237913 0.6155865788459778 5548
1771367237989 0.36432039737701416 5549
1771367238153 0.6366127729415894 5550
1771367238225 0.730100154876709 5551
1771367238299 0.6820552945137024 5552
1771367238377 0.6962848901748657 5553
1771367238456 0.7784820199012756 5554
1771367238529 0.6788634657859802 5555
1771367238602 0.4409489035606384 5556
1771367238676 0.5477200150489807 5557
1771367238749 0.8499804735183716 5558
1771367238824 0.8053048253059387 5559
1771367238984 0.2535194456577301 5560
1771367239058 0.412914514541626 5561
1771367239132 0.7859082221984863 5562
1771367239210 0.31170356273651123 5563
1771367239282 0.8608958721160889 5564
1771367239354 0.5027111172676086 5565
1771367239427 0.5887712240219116 5566
1771367239502 0.7373455166816711 5567
1771367239579 0.22254639863967896 5568
1771367239656 0.757204532623291 5569
1771367239736 0.6281540393829346 5570
1771367239816 0.6500364542007446 5571
1771367239983 0.6133707165718079 5572
1771367240065 0.7172149419784546 5573
1771367240149 0.9231987595558167 5574
1771367240232 0.7006617188453674 5575
1771367240314 0.34660837054252625 5576
1771367240393 0.2995050549507141 5577
1771367240470 0.6601150631904602 5578
1771367240545 0.12802593410015106 5579
1771367240623 0.6213653087615967 5580
1771367240702 0.7018129229545593 5581
1771367240782 1.0044115781784058 5582
1771367240968 0.5373144149780273 5583
1771367241044 0.6097230315208435 5584
1771367241117 0.9704332947731018 5585
1771367241189 0.9161988496780396 5586
1771367241262 0.9587295651435852 5587
1771367241339 0.3356030285358429 5588
1771367241418 0.7632381319999695 5589
1771367241499 0.3909105658531189 5590
1771367241581 0.4077335000038147 5591
1771367241658 0.6196269392967224 5592
1771367241819 0.648192822933197 5593
1771367241898 0.5855364799499512 5594
1771367241979 0.7690618634223938 5595
1771367242058 0.8148314952850342 5596
1771367242138 0.4162910580635071 5597
1771367242215 0.9092467427253723 5598
1771367242289 1.0551273822784424 5599
1771367242361 0.8996400833129883 5600
1771367242436 0.8105034232139587 5601
1771367242514 0.44705161452293396 5602
1771367242595 0.6773343682289124 5603
1771367242781 1.3795560598373413 5604
1771367242859 1.5546990633010864 5605
1771367242935 1.7566004991531372 5606
1771367243013 0.7613983750343323 5607
1771367243092 0.40981388092041016 5608
1771367243174 0.31921306252479553 5609
1771367243255 0.7760449051856995 5610
1771367243335 0.8936474919319153 5611
1771367243414 0.552668571472168 5612
1771367243490 0.6294472813606262 5613
1771367243657 0.6813111305236816 5614
1771367243736 0.5623025894165039 5615
1771367243813 0.872033417224884 5616
1771367243891 0.6162936091423035 5617
1771367243967 0.9147263169288635 5618
1771367244046 0.42947083711624146 5619
1771367244122 1.0893728733062744 5620
1771367244196 0.7929763793945312 5621
1771367244275 0.4823209345340729 5622
1771367244355 0.8171951770782471 5623
1771367244434 0.8114941716194153 5624
1771367244603 1.0431886911392212 5625
1771367244681 0.7461026906967163 5626
1771367244756 0.6333068013191223 5627
1771367244933 0.8304407596588135 5628
1771367245012 0.4950305223464966 5629
1771367245089 0.35668566823005676 5630
1771367245162 0.5719262957572937 5631
1771367245237 0.619878888130188 5632
1771367245318 0.5154058337211609 5633
1771367245500 0.7076775431632996 5634
1771367245587 1.1496306657791138 5635
1771367245671 0.3174937069416046 5636
1771367245746 0.8516973853111267 5637
1771367245822 0.43346983194351196 5638
1771367245900 0.9138692021369934 5639
1771367245979 0.6500897407531738 5640
1771367246056 0.21254663169384003 5641
1771367246133 0.24911530315876007 5642
1771367246209 0.45090317726135254 5643
1771367246360 0.4001123607158661 5644
1771367246432 0.5861170887947083 5645
1771367246506 0.4119887053966522 5646
1771367246582 0.32358986139297485 5647
1771367246658 0.403476744890213 5648
1771367246732 0.47683751583099365 5649
1771367246806 0.6303695440292358 5650
1771367246874 0.7600418925285339 5651
1771367246941 0.5149404406547546 5652
1771367247008 0.4200093150138855 5653
1771367247161 0.9346780776977539 5654
1771367247239 0.5678488612174988 5655
1771367247309 0.2622595429420471 5656
1771367247379 0.2008674591779709 5657
1771367247446 0.635697066783905 5658
1771367247512 0.5942482352256775 5659
1771367247579 0.6632991433143616 5660
1771367247644 0.7465048432350159 5661
1771367247711 0.24837538599967957 5662
1771367247777 0.7685820460319519 5663
1771367247843 0.3152520954608917 5664
1771367248023 0.7258570790290833 5665
1771367248093 0.806065559387207 5666
1771367248162 0.4871012270450592 5667
1771367248228 0.2774158716201782 5668
1771367248295 0.5774082541465759 5669
1771367248361 0.5954725742340088 5670
1771367248428 0.19341641664505005 5671
1771367248499 0.5467259883880615 5672
1771367248569 0.8861868381500244 5673
1771367248707 0.5522089004516602 5674
1771367248775 0.5293319821357727 5675
1771367248843 0.43677258491516113 5676
1771367248911 0.3178941607475281 5677
1771367248981 0.7701351046562195 5678
1771367249049 0.9466997385025024 5679
1771367249124 0.3251168429851532 5680
1771367249193 0.7707237601280212 5681
1771367249260 0.5820624828338623 5682
1771367249398 0.9995466470718384 5683
1771367249465 0.6135227680206299 5684
1771367249531 0.34608322381973267 5685
1771367249598 0.480834424495697 5686
1771367249668 0.572632372379303 5687
1771367249741 0.31642699241638184 5688
1771367249810 0.7705843448638916 5689
1771367249878 0.5607957243919373 5690
1771367249947 1.06979501247406 5691
1771367250014 0.8527489900588989 5692
1771367250082 0.5165532231330872 5693
1771367250222 0.5265158414840698 5694
1771367250298 0.5647222995758057 5695
1771367250366 0.506099283695221 5696
1771367250433 0.9181680679321289 5697
1771367250499 0.6062206029891968 5698
1771367250566 0.5429918169975281 5699
1771367250634 0.20085212588310242 5700
1771367250701 0.6738646030426025 5701
1771367250769 0.7141523957252502 5702
1771367250848 0.4216565489768982 5703
1771367250991 0.3813822567462921 5704
1771367251058 1.1465229988098145 5705
1771367251125 0.7665919065475464 5706
1771367251192 0.36064720153808594 5707
1771367251262 0.33792391419410706 5708
1771367251335 0.6243050694465637 5709
1771367251410 0.29919102787971497 5710
1771367251482 0.5026968717575073 5711
1771367251551 0.8006754517555237 5712
1771367251620 0.3659325838088989 5713
1771367251759 0.5911198258399963 5714
1771367251827 0.6384041905403137 5715
1771367251903 1.0452388525009155 5716
1771367251978 0.7366907596588135 5717
1771367252052 0.6749613881111145 5718
1771367252123 1.1761012077331543 5719
1771367252189 0.5966513156890869 5720
1771367252257 0.5817563533782959 5721
1771367252323 0.6682634949684143 5722
1771367252478 0.7944564819335938 5723
1771367252570 0.7781259417533875 5724
1771367252647 0.32495933771133423 5725
1771367252715 0.24173814058303833 5726
1771367252782 0.19466061890125275 5727
1771367252846 0.476319283246994 5728
1771367252911 0.7576138377189636 5729
1771367252978 0.654329240322113 5730
1771367253053 0.6648542881011963 5731
1771367253127 0.5487591624259949 5732
1771367253286 0.6243301630020142 5733
1771367253354 0.5239500999450684 5734
1771367253421 0.6457490921020508 5735
1771367253487 0.7507319450378418 5736
1771367253552 0.3257945477962494 5737
1771367253619 0.6093958616256714 5738
1771367253688 0.5154242515563965 5739
1771367253758 0.25994017720222473 5740
1771367253832 0.21103964745998383 5741
1771367253901 0.4311552047729492 5742
1771367253968 0.3998095989227295 5743
1771367254105 0.7933639287948608 5744
1771367254172 0.7604402899742126 5745
1771367254239 0.5267159938812256 5746
1771367254307 0.5268433094024658 5747
1771367254375 0.8475872874259949 5748
1771367254444 1.010654091835022 5749
1771367254515 1.0943909883499146 5750
1771367254582 0.3142760694026947 5751
1771367254650 1.035237193107605 5752
1771367254802 0.7004656195640564 5753
1771367254875 0.9513932466506958 5754
1771367254948 0.6532898545265198 5755
1771367255022 1.2805476188659668 5756
1771367255097 0.9920485019683838 5757
1771367255190 0.43588533997535706 5758
1771367255276 0.41601014137268066 5759
1771367255353 0.4777129888534546 5760
1771367255425 0.8350353837013245 5761
1771367255569 0.5405942797660828 5762
1771367255641 0.248175248503685 5763
1771367255713 0.7537971138954163 5764
1771367255788 0.6980574131011963 5765
1771367255863 0.4883648157119751 5766
1771367255940 0.7538761496543884 5767
1771367256012 1.296018123626709 5768
1771367256086 0.1737591028213501 5769
1771367256158 0.49691322445869446 5770
1771367256226 0.4265066981315613 5771
1771367256291 0.46004152297973633 5772
1771367256456 0.7178811430931091 5773
1771367256527 0.45778658986091614 5774
1771367256597 0.39707404375076294 5775
1771367256667 0.5646119117736816 5776
1771367256739 0.7194731831550598 5777
1771367256809 0.8637659549713135 5778
1771367256880 1.3257946968078613 5779
1771367256954 0.3660077452659607 5780
1771367257033 0.2458273470401764 5781
1771367257113 0.3016917407512665 5782
1771367257301 0.6922115087509155 5783
1771367257385 0.7906436920166016 5784
1771367257466 0.7499682307243347 5785
1771367257548 0.4005313217639923 5786
1771367257626 0.2853196859359741 5787
1771367257705 0.3027203679084778 5788
1771367257783 0.8251451253890991 5789
1771367257861 0.6105403304100037 5790
1771367257942 0.9741632342338562 5791
1771367258025 0.5703950524330139 5792
1771367258206 0.7317911982536316 5793
1771367258285 0.9446563720703125 5794
1771367258361 0.22240594029426575 5795
1771367258439 0.6530572772026062 5796
1771367258520 0.465190589427948 5797
1771367258601 0.7970870733261108 5798
1771367258681 0.5269702672958374 5799
1771367258759 0.4229883551597595 5800
1771367258839 0.45617884397506714 5801
1771367258996 0.6065698266029358 5802
1771367259074 0.6571435332298279 5803
1771367259152 0.7293416857719421 5804
1771367259232 0.9631472229957581 5805
1771367259308 0.6351924538612366 5806
1771367259384 0.7063814401626587 5807
1771367259458 0.5596004724502563 5808
1771367259532 0.7985005974769592 5809
1771367259604 0.39404022693634033 5810
1771367259683 0.7455854415893555 5811
1771367259862 1.088606595993042 5812
1771367259939 0.38419488072395325 5813
1771367260014 1.056497573852539 5814
1771367260089 0.7517536878585815 5815
1771367260165 0.28083401918411255 5816
1771367260242 0.516740083694458 5817
1771367260320 0.6918901801109314 5818
1771367260397 0.9452874064445496 5819
1771367260478 1.0012729167938232 5820
1771367260551 1.0677284002304077 5821
1771367260626 0.7812191247940063 5822
1771367260789 0.49384400248527527 5823
1771367260868 0.797477662563324 5824
1771367260945 0.13337522745132446 5825
1771367261020 0.5395866632461548 5826
1771367261096 0.7188506126403809 5827
1771367261172 0.6320700645446777 5828
1771367261245 1.3343701362609863 5829
1771367261320 0.32809510827064514 5830
1771367261396 0.4667111933231354 5831
1771367261568 0.6921257376670837 5832
1771367261644 0.41258007287979126 5833
1771367261719 0.6521224975585938 5834
1771367261793 0.39757391810417175 5835
1771367261866 0.6720917820930481 5836
1771367261939 0.5171676874160767 5837
1771367262016 0.6521192193031311 5838
1771367262091 0.8447006940841675 5839
1771367262168 0.36264297366142273 5840
1771367262323 0.33616992831230164 5841
1771367262401 0.4015897810459137 5842
1771367262475 0.7215045690536499 5843
1771367262551 0.8101425766944885 5844
1771367262629 0.6125310659408569 5845
1771367262706 0.4956345856189728 5846
1771367262783 0.9142355918884277 5847
1771367262856 0.2900371253490448 5848
1771367262934 0.9835084676742554 5849
1771367263010 0.848567008972168 5850
1771367263085 0.7981503009796143 5851
1771367263267 1.0173996686935425 5852
1771367263344 0.5835168957710266 5853
1771367263427 0.26282256841659546 5854
1771367263507 0.8694969415664673 5855
1771367263588 0.6259409189224243 5856
1771367263665 0.6132456064224243 5857
1771367263749 0.36140692234039307 5858
1771367263832 1.103755235671997 5859
1771367263916 1.0976369380950928 5860
1771367264000 0.2793352007865906 5861
1771367264191 0.4709945619106293 5862
1771367264276 0.8191120028495789 5863
1771367264358 0.3385964334011078 5864
1771367264439 1.0141379833221436 5865
1771367264521 1.0944453477859497 5866
1771367264600 0.41691854596138 5867
1771367264680 0.8379464149475098 5868
1771367264761 0.7813534736633301 5869
1771367264841 0.6685563921928406 5870
1771367264921 0.43024688959121704 5871
1771367265103 0.666554868221283 5872
1771367265181 0.24490372836589813 5873
1771367265260 0.4747580289840698 5874
1771367265341 0.9711121916770935 5875
1771367265421 0.4536796808242798 5876
1771367265504 0.9455335140228271 5877
1771367265587 1.1989141702651978 5878
1771367265666 0.35504528880119324 5879
1771367265746 0.7789885401725769 5880
1771367265926 0.9093335270881653 5881
1771367266006 0.964202880859375 5882
1771367266083 0.487390398979187 5883
1771367266161 0.8883805274963379 5884
1771367266243 0.6323191523551941 5885
1771367266326 0.3338587284088135 5886
1771367266405 0.5580747127532959 5887
1771367266484 0.7044947147369385 5888
1771367266563 0.14509369432926178 5889
1771367266642 0.38411208987236023 5890
1771367266812 0.9251085519790649 5891
1771367266892 0.4817998707294464 5892
1771367266972 0.8505806922912598 5893
1771367267053 0.6522934436798096 5894
1771367267134 0.3490079939365387 5895
1771367267216 0.7687585353851318 5896
1771367267295 0.7738739848136902 5897
1771367267373 0.6385732889175415 5898
1771367267453 0.2150169312953949 5899
1771367267536 0.7925374507904053 5900
1771367267622 1.0728877782821655 5901
1771367267824 1.0221819877624512 5902
1771367267904 0.8820581436157227 5903
1771367267981 0.9583770632743835 5904
1771367268060 0.7165637612342834 5905
1771367268144 0.3741866946220398 5906
1771367268226 0.4745275378227234 5907
1771367268306 1.0047059059143066 5908
1771367268385 0.9872398972511292 5909
1771367268463 0.5365850925445557 5910
1771367268661 0.5810049176216125 5911
1771367268745 0.9667665362358093 5912
1771367268828 0.5234560370445251 5913
1771367268910 0.8089421391487122 5914
1771367268990 0.3103215992450714 5915
1771367269067 0.38010531663894653 5916
1771367269145 0.3902505338191986 5917
1771367269225 0.43449899554252625 5918
1771367269307 1.0099635124206543 5919
1771367269496 1.0198620557785034 5920
1771367269574 0.9893829822540283 5921
1771367269655 0.5920057892799377 5922
1771367269734 0.5305615067481995 5923
1771367269813 0.8953784704208374 5924
1771367269893 0.44457143545150757 5925
1771367269972 0.4161452054977417 5926
1771367270051 0.18413707613945007 5927
1771367270132 0.3967500627040863 5928
1771367270208 0.9804643988609314 5929
1771367270284 0.7894505858421326 5930
1771367270461 0.45499128103256226 5931
1771367270539 0.8618159890174866 5932
1771367270614 0.3383601903915405 5933
1771367270692 0.5406715869903564 5934
1771367270769 0.3299836218357086 5935
1771367270845 0.6296896934509277 5936
1771367270922 0.7144374251365662 5937
1771367270998 0.6348239779472351 5938
1771367271071 0.9797266721725464 5939
1771367271145 0.5017422437667847 5940
1771367271218 0.44112110137939453 5941
1771367271404 0.7375398874282837 5942
1771367271483 0.6437828540802002 5943
1771367271560 0.25293341279029846 5944
1771367271634 0.6910236477851868 5945
1771367271709 1.0403836965560913 5946
1771367271784 0.51544189453125 5947
1771367271856 0.4576972424983978 5948
1771367271932 0.6632062792778015 5949
1771367272011 0.6695917844772339 5950
1771367272090 0.7102899551391602 5951
1771367272169 0.7151191830635071 5952
1771367272325 0.6593757271766663 5953
1771367272402 0.5199553370475769 5954
1771367272477 0.7098467350006104 5955
1771367272556 0.42483559250831604 5956
1771367272637 0.7370123267173767 5957
1771367272716 0.796202540397644 5958
1771367272794 0.31843072175979614 5959
1771367272872 0.8504635691642761 5960
1771367272948 0.40393757820129395 5961
1771367273020 0.8661618828773499 5962
1771367273096 0.5425643920898438 5963
1771367273257 0.6998971104621887 5964
1771367273335 0.53170245885849 5965
1771367273411 0.5888526439666748 5966
1771367273488 0.7231940627098083 5967
1771367273564 0.7572504878044128 5968
1771367273638 0.8120070099830627 5969
1771367273712 0.39913496375083923 5970
1771367273791 0.3315886855125427 5971
1771367273871 0.9477800130844116 5972
1771367273949 0.8501730561256409 5973
1771367274028 0.7147271037101746 5974
1771367274103 1.2947217226028442 5975
1771367274265 0.8234531879425049 5976
1771367274341 0.8661873936653137 5977
1771367274419 0.5243282914161682 5978
1771367274497 0.8926418423652649 5979
1771367274575 0.6844785809516907 5980
1771367274654 0.723720908164978 5981
1771367274728 0.2942034602165222 5982
1771367274803 1.006709337234497 5983
1771367274879 0.9643137454986572 5984
1771367274960 0.677821695804596 5985
1771367275153 0.16841496527194977 5986
1771367275232 0.6860513091087341 5987
1771367275307 0.6164811849594116 5988
1771367275382 0.7387496829032898 5989
1771367275456 0.47879329323768616 5990
1771367275534 0.7191264629364014 5991
1771367275610 0.7898915410041809 5992
1771367275686 0.32469674944877625 5993
1771367275762 0.9880994558334351 5994
1771367275837 0.7290238738059998 5995
1771367275980 0.7723211050033569 5996
1771367276050 0.34396445751190186 5997
1771367276119 0.4668324887752533 5998
1771367276190 0.715299665927887 5999
1771367276261 1.0055874586105347 6000
1771367276334 1.1081111431121826 6001
1771367276403 0.8727257251739502 6002
1771367276471 0.5887722373008728 6003
1771367276610 0.7264600396156311 6004
1771367276689 0.9778441786766052 6005
1771367276766 0.44684821367263794 6006
1771367276835 0.8953564167022705 6007
1771367276903 0.9285862445831299 6008
1771367276972 0.4013093113899231 6009
1771367277042 0.5115150809288025 6010
1771367277111 0.9493536949157715 6011
1771367277182 0.2931981384754181 6012
1771367277340 0.4889574646949768 6013
1771367277415 0.6124130487442017 6014
1771367277492 0.8673797845840454 6015
1771367277565 0.5432377457618713 6016
1771367277638 0.5650745630264282 6017
1771367277710 0.7332918643951416 6018
1771367277781 1.0158562660217285 6019
1771367277852 1.0862340927124023 6020
1771367277931 0.7643429636955261 6021
1771367278009 0.7068869471549988 6022
1771367278194 0.41856861114501953 6023
1771367278268 0.6357063055038452 6024
1771367278343 1.4948776960372925 6025
1771367278418 1.1950346231460571 6026
1771367278492 0.8928183913230896 6027
1771367278570 0.7529293894767761 6028
1771367278646 1.1159032583236694 6029
1771367278724 0.4534642696380615 6030
1771367278897 0.5730535984039307 6031
1771367278976 0.29346615076065063 6032
1771367279051 0.2784472703933716 6033
1771367279132 0.2696405351161957 6034
1771367279211 0.4137067198753357 6035
1771367279291 0.2867963910102844 6036
1771367279370 0.7232066988945007 6037
1771367279448 0.8680660128593445 6038
1771367279530 0.8264567255973816 6039
1771367279725 0.3948642611503601 6040
1771367279805 0.43034887313842773 6041
1771367279887 0.9764572978019714 6042
1771367279970 0.5594617128372192 6043
1771367280054 0.8338723182678223 6044
1771367280136 0.624038815498352 6045
1771367280219 0.3954155147075653 6046
1771367280303 0.7832151651382446 6047
1771367280475 0.7462993860244751 6048
1771367280559 0.7018405199050903 6049
1771367280642 0.9764555096626282 6050
1771367280725 0.668824315071106 6051
1771367280808 0.3477427363395691 6052
1771367280893 0.5440335869789124 6053
1771367280978 0.497986763715744 6054
1771367281061 0.6038675904273987 6055
1771367281144 0.2877953350543976 6056
1771367281321 1.2360334396362305 6057
1771367281402 0.4149957299232483 6058
1771367281483 0.9190831184387207 6059
1771367281561 0.23522356152534485 6060
1771367281637 0.7583202123641968 6061
1771367281714 0.8475521206855774 6062
1771367281792 0.4491595923900604 6063
1771367281866 0.2832276523113251 6064
1771367282018 0.6135073900222778 6065
1771367282097 0.6337715983390808 6066
1771367282170 0.8566992878913879 6067
1771367282246 0.8208515644073486 6068
1771367282316 0.7198580503463745 6069
1771367282386 0.5972248911857605 6070
1771367282454 0.6497704386711121 6071
1771367282523 0.6655766367912292 6072
1771367282594 0.442809134721756 6073
1771367282763 0.5808089375495911 6074
1771367282838 0.8534982800483704 6075
1771367282910 1.076686143875122 6076
1771367282984 0.7256581783294678 6077
1771367283057 0.5188018083572388 6078
1771367283130 0.29443904757499695 6079
1771367283205 0.4434577524662018 6080
1771367283279 0.4136539697647095 6081
1771367283442 0.42602792382240295 6082
1771367283519 0.7385971546173096 6083
1771367283593 1.3848611116409302 6084
1771367283667 1.9808558225631714 6085
1771367283738 0.6298807859420776 6086
1771367283809 0.3866654634475708 6087
1771367283887 0.8077452182769775 6088
1771367283965 0.5792626738548279 6089
1771367284042 0.9200395345687866 6090
1771367284207 0.9295398592948914 6091
1771367284280 0.6061330437660217 6092
1771367284352 0.346055269241333 6093
1771367284432 0.3815583288669586 6094
1771367284508 0.8252649903297424 6095
1771367284582 0.9142458438873291 6096
1771367284827 0.5949002504348755 6097
1771367284902 0.6906812787055969 6098
1771367284975 0.7369071245193481 6099
1771367285052 0.5420439839363098 6100
1771367285126 0.518710732460022 6101
1771367285204 1.050304889678955 6102
1771367285279 0.550891637802124 6103
1771367285351 0.36702805757522583 6104
1771367285440 0.33478453755378723 6105
1771367285630 0.2967839539051056 6106
1771367285714 0.6896699070930481 6107
1771367285789 0.7788124680519104 6108
1771367285867 0.2993566691875458 6109
1771367285941 0.9388738870620728 6110
1771367286031 0.6537558436393738 6111
1771367286129 0.29415082931518555 6112
1771367286219 0.7774477601051331 6113
1771367286400 0.4631451368331909 6114
1771367286480 0.4896179735660553 6115
1771367286555 0.5104700922966003 6116
1771367286630 0.598295271396637 6117
1771367286715 0.4807485044002533 6118
1771367286807 0.35803869366645813 6119
1771367286874 0.5431578755378723 6120
1771367286941 0.8229736089706421 6121
1771367287017 0.8797210454940796 6122
1771367287166 0.8145975470542908 6123
1771367287236 0.23649656772613525 6124
1771367287311 0.49238619208335876 6125
1771367287381 0.5451368093490601 6126
1771367287449 0.701909601688385 6127
1771367287519 0.5894330143928528 6128
1771367287592 0.7790270447731018 6129
1771367287670 0.5311136841773987 6130
1771367287822 0.5164294838905334 6131
1771367287900 0.6450364589691162 6132
1771367287975 1.0321162939071655 6133
1771367288052 0.7770592570304871 6134
1771367288127 0.5764895677566528 6135
1771367288203 0.8228139877319336 6136
1771367288281 0.8673540353775024 6137
1771367288358 0.5928202867507935 6138
1771367288433 0.6904124021530151 6139
1771367288593 0.17672447860240936 6140
1771367288666 0.43238207697868347 6141
1771367288740 0.3493838310241699 6142
1771367288814 0.8154805302619934 6143
1771367288885 0.5984250903129578 6144
1771367288957 1.1260541677474976 6145
1771367289027 0.6752412915229797 6146
1771367289097 0.9383364915847778 6147
1771367289243 0.47426602244377136 6148
1771367289319 0.6695075631141663 6149
1771367289390 0.6374936699867249 6150
1771367289459 0.20249930024147034 6151
1771367289527 0.6387632489204407 6152
1771367289598 0.5609442591667175 6153
1771367289668 0.2769801616668701 6154
1771367289739 1.1449328660964966 6155
1771367289811 0.687955915927887 6156
1771367289976 0.7605181932449341 6157
1771367290044 0.7577516436576843 6158
1771367290114 0.3383804261684418 6159
1771367290186 0.6110841035842896 6160
1771367290258 1.1244219541549683 6161
1771367290332 0.4383881688117981 6162
1771367290413 0.5765343904495239 6163
1771367290486 0.919698178768158 6164
1771367290659 0.762829065322876 6165
1771367290731 0.1777365654706955 6166
1771367290803 0.4706844985485077 6167
1771367290877 0.14404599368572235 6168
1771367290951 0.5850523114204407 6169
1771367291029 0.5543093085289001 6170
1771367291106 0.9891719818115234 6171
1771367291177 0.45282772183418274 6172
1771367291245 0.8085235953330994 6173
1771367291394 0.655926525592804 6174
1771367291466 0.6712007522583008 6175
1771367291542 0.6178643107414246 6176
1771367291620 0.4104453921318054 6177
1771367291697 0.705123245716095 6178
1771367291771 0.8809601068496704 6179
1771367291841 0.19860410690307617 6180
1771367291911 0.7298040986061096 6181
1771367292060 0.7470568418502808 6182
1771367292134 0.8718914985656738 6183
1771367292212 0.34877991676330566 6184
1771367292284 0.5872533917427063 6185
1771367292358 0.7660837769508362 6186
1771367292435 0.6481648087501526 6187
1771367292510 0.44176986813545227 6188
1771367292584 0.4762450158596039 6189
1771367292659 0.7743707299232483 6190
1771367292817 0.6814631223678589 6191
1771367292891 0.7760148644447327 6192
1771367292968 0.33484792709350586 6193
1771367293042 0.5077087879180908 6194
1771367293116 0.8417981863021851 6195
1771367293191 0.5773631930351257 6196
1771367293266 0.40741559863090515 6197
1771367293347 0.6201356649398804 6198
1771367293495 0.5348144173622131 6199
1771367293587 0.7981955409049988 6200
1771367293686 1.1303281784057617 6201
1771367293786 1.3380452394485474 6202
1771367293859 0.32465091347694397 6203
1771367293935 0.866845965385437 6204
1771367294020 0.9203433990478516 6205
1771367294093 0.8151664137840271 6206
1771367294162 0.42694956064224243 6207
1771367294312 0.5794090032577515 6208
1771367294388 0.9333338141441345 6209
1771367294465 0.5055860877037048 6210
1771367294545 1.0623470544815063 6211
1771367294640 0.22895491123199463 6212
1771367294741 0.5981907248497009 6213
1771367294843 0.5246170163154602 6214
1771367294934 0.429634690284729 6215
1771367295129 0.4972386062145233 6216
1771367295212 0.49679121375083923 6217
1771367295286 0.7569448351860046 6218
1771367295365 1.1817398071289062 6219
1771367295446 0.38924264907836914 6220
1771367295523 0.6473082304000854 6221
1771367295602 0.9292457103729248 6222
1771367295682 0.38375359773635864 6223
1771367295760 0.6713055372238159 6224
1771367295945 0.5668553709983826 6225
1771367296020 0.5626322031021118 6226
1771367296096 0.5938236117362976 6227
1771367296174 0.7847111225128174 6228
1771367296248 0.18963953852653503 6229
1771367296322 0.6472287774085999 6230
1771367296397 0.7529389262199402 6231
1771367296478 0.31191393733024597 6232
1771367296647 0.505861759185791 6233
1771367296724 0.6641639471054077 6234
1771367296799 0.8200827240943909 6235
1771367296872 0.24155166745185852 6236
1771367296948 0.8608345985412598 6237
1771367297024 0.13346514105796814 6238
1771367297100 0.26398003101348877 6239
1771367297175 0.3282027244567871 6240
1771367297250 0.6139591336250305 6241
1771367297421 0.47525864839553833 6242
1771367297493 0.9560777544975281 6243
1771367297577 0.5509842038154602 6244
1771367297656 0.6833664774894714 6245
1771367297735 0.5970364809036255 6246
1771367297824 0.7705715298652649 6247
1771367297902 0.3194851875305176 6248
1771367297978 0.5170549750328064 6249
1771367298154 0.711553692817688 6250
1771367298230 0.6215022206306458 6251
1771367298306 0.696765661239624 6252
1771367298383 0.4693570137023926 6253
1771367298458 0.43204644322395325 6254
1771367298533 0.7304556965827942 6255
1771367298610 1.6302348375320435 6256
1771367298701 0.5872891545295715 6257
1771367298780 0.8259742259979248 6258
1771367298960 0.4614284634590149 6259
1771367299039 0.5638613104820251 6260
1771367299117 0.6327471137046814 6261
1771367299194 0.3576900362968445 6262
1771367299281 0.437790185213089 6263
1771367299363 0.24341531097888947 6264
1771367299444 1.0529441833496094 6265
1771367299522 0.25123223662376404 6266
1771367299698 0.41471099853515625 6267
1771367299770 0.5554449558258057 6268
1771367299842 0.7579394578933716 6269
1771367299918 0.5808687806129456 6270
1771367299994 0.9457492828369141 6271
1771367300074 0.10451237112283707 6272
1771367300152 1.3069921731948853 6273
1771367300230 0.847531795501709 6274
1771367300305 0.34883320331573486 6275
1771367300500 0.39788275957107544 6276
1771367300577 0.6557649374008179 6277
1771367300658 0.6258840560913086 6278
1771367300739 0.8767598271369934 6279
1771367300817 0.706291139125824 6280
1771367300893 0.8745511770248413 6281
1771367300963 0.793236494064331 6282
1771367301041 0.14547917246818542 6283
1771367301215 0.8896178007125854 6284
1771367301333 0.9725766777992249 6285
1771367301411 0.8810751438140869 6286
1771367301486 0.9226366877555847 6287
1771367301561 0.7754068970680237 6288
1771367301636 1.2513773441314697 6289
1771367301722 0.35036760568618774 6290
1771367301807 0.6071443557739258 6291
1771367301891 1.1532765626907349 6292
1771367302058 0.9254795908927917 6293
1771367302132 0.9067978858947754 6294
1771367302206 0.41321441531181335 6295
1771367302286 1.0897951126098633 6296
1771367302361 0.6623781323432922 6297
1771367302438 0.30550429224967957 6298
1771367302514 0.8140072226524353 6299
1771367302594 0.6512492299079895 6300
1771367302673 0.5019645094871521 6301
1771367302841 0.5115576386451721 6302
1771367302916 1.0752936601638794 6303
1771367302989 0.4362744688987732 6304
1771367303065 0.10879703611135483 6305
1771367303140 0.7444896697998047 6306
1771367303217 0.7388544678688049 6307
1771367303295 0.611860454082489 6308
1771367303368 0.6807559728622437 6309
1771367303524 0.7053515315055847 6310
1771367303600 0.7218003273010254 6311
1771367303676 1.0011905431747437 6312
1771367303753 0.39816048741340637 6313
1771367303833 0.5659380555152893 6314
1771367303912 0.404420405626297 6315
1771367303988 0.6535760760307312 6316
1771367304062 0.8893663883209229 6317
1771367304135 0.46306493878364563 6318
1771367304291 0.3008086085319519 6319
1771367304369 1.1287237405776978 6320
1771367304454 0.900671124458313 6321
1771367304543 0.6074719429016113 6322
1771367304628 1.074905276298523 6323
1771367304709 0.24142619967460632 6324
1771367304789 0.4019104838371277 6325
1771367304870 0.42225152254104614 6326
1771367304946 0.40882277488708496 6327
1771367305132 0.33413219451904297 6328
1771367305215 0.43885478377342224 6329
1771367305300 0.2921081483364105 6330
1771367305381 0.5230884552001953 6331
1771367305462 0.8377577066421509 6332
1771367305539 0.4224426746368408 6333
1771367305621 0.40541917085647583 6334
1771367305705 0.5635773539543152 6335
1771367305789 0.3810061514377594 6336
1771367305968 0.3279561698436737 6337
1771367306052 0.9331364035606384 6338
1771367306134 0.881868302822113 6339
1771367306218 0.22321194410324097 6340
1771367306305 0.36487051844596863 6341
1771367306393 0.38367733359336853 6342
1771367306477 0.8464822769165039 6343
1771367306559 0.4881056845188141 6344
1771367306640 0.6648812294006348 6345
1771367306827 0.6072489023208618 6346
1771367306915 0.5074979662895203 6347
1771367307005 0.5871883630752563 6348
1771367307091 0.6679572463035583 6349
1771367307173 0.5218384265899658 6350
1771367307256 0.8980032801628113 6351
1771367307341 0.21070778369903564 6352
1771367307427 0.9448540806770325 6353
1771367307513 0.7782959342002869 6354
1771367307704 0.6840957999229431 6355
1771367307787 0.4051762521266937 6356
1771367307870 0.4439939856529236 6357
1771367307953 0.6554628014564514 6358
1771367308041 0.656004011631012 6359
1771367308129 0.5308734178543091 6360
1771367308217 0.8718063235282898 6361
1771367308300 0.4783783257007599 6362
1771367308473 0.2270803302526474 6363
1771367308559 0.3732798397541046 6364
1771367308646 1.0704065561294556 6365
1771367308734 0.49158012866973877 6366
1771367308819 0.6267796158790588 6367
1771367308903 0.8763340711593628 6368
1771367308987 1.434641718864441 6369
1771367309166 0.5491953492164612 6370
1771367309245 0.6894806027412415 6371
1771367309322 1.057172179222107 6372
1771367309398 0.47543832659721375 6373
1771367309471 0.9007365703582764 6374
1771367309545 1.0096092224121094 6375
1771367309618 1.2451835870742798 6376
1771367309765 0.9781133532524109 6377
1771367309839 0.7843728065490723 6378
1771367309922 0.6978140473365784 6379
1771367310012 0.3498145639896393 6380
1771367310094 0.6955339908599854 6381
1771367310167 0.4815274775028229 6382
1771367310239 0.715513288974762 6383
1771367310311 0.6484135389328003 6384
1771367310385 0.4536537230014801 6385
1771367310459 0.4771172106266022 6386
1771367310615 0.8202255368232727 6387
1771367310693 0.25028711557388306 6388
1771367310772 0.36197277903556824 6389
1771367310848 0.9054179787635803 6390
1771367310925 0.4015307128429413 6391
1771367311002 0.6429822444915771 6392
1771367311087 0.47019562125205994 6393
1771367311169 0.5873429775238037 6394
1771367311249 0.5211814641952515 6395
1771367311330 0.3198046088218689 6396
1771367311496 0.3800143301486969 6397
1771367311575 0.5663597583770752 6398
1771367311655 0.5426799058914185 6399
1771367311732 0.41378462314605713 6400
1771367311810 0.49762997031211853 6401
1771367311889 0.48105236887931824 6402
1771367311967 0.30316025018692017 6403
1771367312047 0.6695984601974487 6404
1771367312218 0.8526056408882141 6405
1771367312295 1.4453150033950806 6406
1771367312373 1.3652828931808472 6407
1771367312452 1.0662245750427246 6408
1771367312532 0.5168485045433044 6409
1771367312614 0.8738282322883606 6410
1771367312712 0.873197078704834 6411
1771367312810 0.31719428300857544 6412
1771367312975 0.42963871359825134 6413
1771367313057 0.3540339469909668 6414
1771367313142 0.4646606147289276 6415
1771367313228 0.16050653159618378 6416
1771367313316 0.5323010683059692 6417
1771367313397 1.3541183471679688 6418
1771367313481 0.4092101454734802 6419
1771367313562 0.3089568614959717 6420
1771367313735 0.9215894937515259 6421
1771367313816 0.7090322375297546 6422
1771367313903 0.8116944432258606 6423
1771367313982 0.3677000403404236 6424
1771367314060 0.2637147307395935 6425
1771367314135 0.6031942367553711 6426
1771367314207 0.5559855699539185 6427
1771367314395 0.687028706073761 6428
1771367314479 0.680635392665863 6429
1771367314561 0.4896480143070221 6430
1771367314638 0.857402503490448 6431
1771367314712 0.6329889297485352 6432
1771367314808 0.7629768252372742 6433
1771367314890 0.976284921169281 6434
1771367314972 0.355424702167511 6435
1771367315052 0.663825273513794 6436
1771367315133 0.518548309803009 6437
1771367315307 0.9088411331176758 6438
1771367315387 0.41080451011657715 6439
1771367315469 0.40206676721572876 6440
1771367315554 0.8896007537841797 6441
1771367315637 1.074965000152588 6442
1771367315724 0.12134873867034912 6443
1771367315818 0.5811458826065063 6444
1771367315897 0.4678111672401428 6445
1771367315982 0.9573712944984436 6446
1771367316184 0.990332841873169 6447
1771367316266 0.7511487603187561 6448
1771367316360 1.1207131147384644 6449
1771367316468 1.0522736310958862 6450
1771367316571 0.4120835065841675 6451
1771367316679 1.0801969766616821 6452
1771367316782 1.0854899883270264 6453
1771367316868 0.7197316288948059 6454
1771367316948 0.7270399928092957 6455
1771367317129 0.584861159324646 6456
1771367317212 0.471633642911911 6457
1771367317295 0.15705472230911255 6458
1771367317374 0.6828292012214661 6459
1771367317456 0.33204391598701477 6460
1771367317542 0.47782042622566223 6461
1771367317622 1.365368127822876 6462
1771367317701 0.514056921005249 6463
1771367317878 0.915715754032135 6464
1771367317957 0.34432318806648254 6465
1771367318040 0.9592915177345276 6466
1771367318123 0.3980247378349304 6467
1771367318204 0.7420079708099365 6468
1771367318285 0.517816960811615 6469
1771367318367 0.7062739729881287 6470
1771367318554 0.4344298839569092 6471
1771367318634 0.7252617478370667 6472
1771367318715 0.8751802444458008 6473
1771367318795 0.9408330917358398 6474
1771367318878 0.8045002818107605 6475
1771367318960 0.6203192472457886 6476
1771367319042 0.81973797082901 6477
1771367319205 0.27464717626571655 6478
1771367319291 0.4951655864715576 6479
1771367319387 0.6513935923576355 6480
1771367319469 0.8785657286643982 6481
1771367319553 0.6162228584289551 6482
1771367319634 0.8501851558685303 6483
1771367319716 0.8927842378616333 6484
1771367319800 0.6588857769966125 6485
1771367319882 0.5662738084793091 6486
1771367319964 0.33338314294815063 6487
1771367320131 0.7508856654167175 6488
1771367320212 0.42972221970558167 6489
1771367320292 0.6243546009063721 6490
1771367320375 0.32859286665916443 6491
1771367320465 0.5983541011810303 6492
1771367320554 0.5380388498306274 6493
1771367320638 0.7216546535491943 6494
1771367320716 0.6758019328117371 6495
1771367320793 0.772781491279602 6496
1771367320871 0.7827578186988831 6497
1771367321056 0.2704344391822815 6498
1771367321137 0.732204020023346 6499
1771367321216 0.4647461473941803 6500
1771367321292 0.6192357540130615 6501
1771367321368 0.33699119091033936 6502
1771367321451 0.24928034842014313 6503
1771367321538 0.5433725118637085 6504
1771367321625 0.5560745596885681 6505
1771367321806 0.3158125877380371 6506
1771367321890 0.30279865860939026 6507
1771367321971 0.7337825298309326 6508
1771367322054 1.062376856803894 6509
1771367322138 0.7148786187171936 6510
1771367322221 0.6512792110443115 6511
1771367322304 0.4116843342781067 6512
1771367322390 0.9722922444343567 6513
1771367322568 0.7685536742210388 6514
1771367322654 0.5774345993995667 6515
1771367322740 0.3237648010253906 6516
1771367322820 0.8212491273880005 6517
1771367322902 0.6576990485191345 6518
1771367322982 0.5786740183830261 6519
1771367323063 0.7354227900505066 6520
1771367323144 0.2856902778148651 6521
1771367323322 0.23418302834033966 6522
1771367323403 0.5960489511489868 6523
1771367323488 0.5209683775901794 6524
1771367323574 0.6073120832443237 6525
1771367323660 0.8501908779144287 6526
1771367323740 0.6956741213798523 6527
1771367323821 1.1351503133773804 6528
1771367323986 0.5694019198417664 6529
1771367324069 0.5597366690635681 6530
1771367324152 0.5989975929260254 6531
1771367324234 0.8267651200294495 6532
1771367324315 1.0770375728607178 6533
1771367324395 0.47149354219436646 6534
1771367324476 0.3281598389148712 6535
1771367324556 0.7038809061050415 6536
1771367324637 0.7578992247581482 6537
1771367324720 0.4951530992984772 6538
1771367324905 0.6635554432868958 6539
1771367324984 0.42894724011421204 6540
1771367325061 0.4142511188983917 6541
1771367325165 1.0660996437072754 6542
1771367325261 0.625356912612915 6543
1771367325347 0.5934731364250183 6544
1771367325479 0.25064152479171753 6545
1771367325588 0.6244655251502991 6546
1771367325686 0.4783252775669098 6547
1771367325908 0.6054588556289673 6548
1771367325993 0.526046872138977 6549
1771367326081 0.3565329313278198 6550
1771367326166 0.869528591632843 6551
1771367326250 0.6289732456207275 6552
1771367326332 0.8477535247802734 6553
1771367326422 0.8301801085472107 6554
1771367326503 0.28067469596862793 6555
1771367326585 0.7887743711471558 6556
1771367326756 0.8600122928619385 6557
1771367326835 0.6390014290809631 6558
1771367326912 0.6769312024116516 6559
1771367326989 0.718238890171051 6560
1771367327066 0.717370867729187 6561
1771367327145 0.6148195862770081 6562
1771367327226 0.9277594685554504 6563
1771367327306 0.7359414100646973 6564
1771367327473 0.44681259989738464 6565
1771367327657 0.38550040125846863 6566
1771367327740 0.7854839563369751 6567
1771367327820 0.19597437977790833 6568
1771367327899 1.0074070692062378 6569
1771367328074 0.6668713092803955 6570
1771367328153 0.6034400463104248 6571
1771367328228 0.5113457441329956 6572
1771367328304 0.15004655718803406 6573
1771367328385 1.0575858354568481 6574
1771367328467 0.7735139727592468 6575
1771367328557 0.3682624101638794 6576
1771367328737 0.3542257845401764 6577
1771367328814 0.3832342326641083 6578
1771367328912 0.8958390951156616 6579
1771367328990 0.48089176416397095 6580
1771367329071 0.5383074283599854 6581
1771367329151 0.8003870844841003 6582
1771367329241 0.7465981245040894 6583
1771367329331 0.768950343132019 6584
1771367329411 0.40894630551338196 6585
1771367329491 0.7990097999572754 6586
1771367329649 0.5129228830337524 6587
1771367329729 0.7125606536865234 6588
1771367329811 0.8542793989181519 6589
1771367329891 0.6097834706306458 6590
1771367329973 0.18667468428611755 6591
1771367330056 0.15126214921474457 6592
1771367330135 0.28247174620628357 6593
1771367330214 0.9445106983184814 6594
1771367330292 1.0256537199020386 6595
1771367330373 0.32554954290390015 6596
1771367330554 0.5233306884765625 6597
1771367330625 0.8339415192604065 6598
1771367330697 0.5120406150817871 6599
1771367330767 0.32305005192756653 6600
1771367330839 0.5605132579803467 6601
1771367330909 0.16995714604854584 6602
1771367330979 0.5708973407745361 6603
1771367331051 0.8320881724357605 6604
1771367331191 0.9539626240730286 6605
1771367331265 0.5787579417228699 6606
1771367331336 0.8753296136856079 6607
1771367331408 1.6438560485839844 6608
1771367331479 0.3884407877922058 6609
1771367331550 0.7801313996315002 6610
1771367331620 0.589720606803894 6611
1771367331691 0.21846023201942444 6612
1771367331830 0.6953545808792114 6613
1771367331901 0.7487180233001709 6614
1771367331973 0.6928576231002808 6615
1771367332045 0.45322340726852417 6616
1771367332124 0.4221190810203552 6617
1771367332203 0.5929692983627319 6618
1771367332274 0.3593558371067047 6619
1771367332345 0.2062821388244629 6620
1771367332492 0.8466109037399292 6621
1771367332576 0.39983201026916504 6622
1771367332654 0.3791874647140503 6623
1771367332733 0.7381501197814941 6624
1771367332808 0.3328407406806946 6625
1771367332881 1.031548261642456 6626
1771367332956 0.817030131816864 6627
1771367333103 0.4806221127510071 6628
1771367333179 0.9334917664527893 6629
1771367333253 0.5752818584442139 6630
1771367333341 0.27198871970176697 6631
1771367333412 0.434378981590271 6632
1771367333487 0.285794734954834 6633
1771367333564 0.5542716383934021 6634
1771367333712 0.5645245909690857 6635
1771367333785 0.5861721038818359 6636
1771367333862 0.12465613335371017 6637
1771367333937 0.6793838143348694 6638
1771367334007 0.765178382396698 6639
1771367334078 0.4513862431049347 6640
1771367334153 0.657675564289093 6641
1771367334227 0.2547460198402405 6642
1771367334389 0.44470757246017456 6643
1771367334466 0.14566051959991455 6644
1771367334539 0.45778587460517883 6645
1771367334612 0.359905868768692 6646
1771367334683 0.67247474193573 6647
1771367334757 0.5131784677505493 6648
1771367334829 0.5407390594482422 6649
1771367334997 0.23096928000450134 6650
1771367335073 1.3839870691299438 6651
1771367335144 0.9485238790512085 6652
1771367335216 0.6666324734687805 6653
1771367335286 0.7441787719726562 6654
1771367335361 0.7665809392929077 6655
1771367335431 0.682932436466217 6656
1771367335588 0.6362400650978088 6657
1771367335664 0.855760395526886 6658
1771367335740 0.5591030120849609 6659
1771367335812 0.7760568857192993 6660
1771367335883 0.6003081798553467 6661
1771367335958 0.7415968775749207 6662
1771367336031 0.5706730484962463 6663
1771367336107 0.6607222557067871 6664
1771367336287 0.4334641993045807 6665
1771367336368 0.26563048362731934 6666
1771367336442 0.5840299129486084 6667
1771367336512 0.18821053206920624 6668
1771367336582 0.26014769077301025 6669
1771367336653 0.7170047163963318 6670
1771367336730 0.8684967756271362 6671
1771367336901 1.0397822856903076 6672
1771367336978 1.4579377174377441 6673
1771367337051 0.21308186650276184 6674
1771367337121 0.8195887207984924 6675
1771367337193 0.6276377439498901 6676
1771367337262 0.6484678387641907 6677
1771367337343 0.3867739140987396 6678
1771367337541 0.335418164730072 6679
1771367337617 1.3512789011001587 6680
1771367337690 1.6846113204956055 6681
1771367337761 0.9680842757225037 6682
1771367337831 0.9864323139190674 6683
1771367337904 1.1266758441925049 6684
1771367337975 0.7531948685646057 6685
1771367338053 0.3758964240550995 6686
1771367338211 0.5351554155349731 6687
1771367338284 0.49981608986854553 6688
1771367338355 0.7562355995178223 6689
1771367338428 0.6134086847305298 6690
1771367338501 0.9414562582969666 6691
1771367338574 0.5523450374603271 6692
1771367338646 0.7388939261436462 6693
1771367338718 0.3722418546676636 6694
1771367338862 0.6202428340911865 6695
1771367338940 0.7753324508666992 6696
1771367339016 0.8898172378540039 6697
1771367339087 0.6180245876312256 6698
1771367339158 0.49635541439056396 6699
1771367339228 0.5266687870025635 6700
1771367339299 1.1116682291030884 6701
1771367339372 0.34062960743904114 6702
1771367339527 0.582425594329834 6703
1771367339604 0.9270843267440796 6704
1771367339676 0.5690691471099854 6705
1771367339748 0.7067437171936035 6706
1771367339820 0.4217990040779114 6707
1771367339895 0.16892220079898834 6708
1771367339968 0.6664049625396729 6709
1771367340042 1.0905572175979614 6710
1771367340223 0.38008615374565125 6711
1771367340297 0.2295316755771637 6712
1771367340370 0.5404556393623352 6713
1771367340444 0.8824038505554199 6714
1771367340515 0.13172411918640137 6715
1771367340589 0.8025304675102234 6716
1771367340664 1.2528694868087769 6717
1771367340818 1.0582685470581055 6718
1771367340892 0.6161256432533264 6719
1771367340964 0.6036127805709839 6720
1771367341039 0.42153656482696533 6721
1771367341110 0.5694658160209656 6722
1771367341181 0.6418680548667908 6723
1771367341256 0.7328302264213562 6724
1771367341331 0.2531609535217285 6725
1771367341478 0.14841777086257935 6726
1771367341551 0.83482426404953 6727
1771367341622 0.20789726078510284 6728
1771367341696 0.6377348899841309 6729
1771367341769 0.7590251564979553 6730
1771367341846 0.5584574937820435 6731
1771367341919 0.7454171776771545 6732
1771367341991 0.5918097496032715 6733
1771367342142 0.6366313099861145 6734
1771367342222 0.22195497155189514 6735
1771367342295 0.5503878593444824 6736
1771367342372 0.4187828004360199 6737
1771367342466 0.48508793115615845 6738
1771367342557 1.005640983581543 6739
1771367342636 0.6932341456413269 6740
1771367342797 0.31990763545036316 6741
1771367342871 0.24781166017055511 6742
1771367342950 0.7009679675102234 6743
1771367343024 0.5144414901733398 6744
1771367343099 0.8646784424781799 6745
1771367343174 0.7593072652816772 6746
1771367343249 0.6101312637329102 6747
1771367343322 0.32689231634140015 6748
1771367343473 0.6313328146934509 6749
1771367343550 0.3695429265499115 6750
1771367343625 1.0819454193115234 6751
1771367343699 0.12071917951107025 6752
1771367343771 0.36329707503318787 6753
1771367343844 0.44636070728302 6754
1771367343917 0.16720715165138245 6755
1771367343993 0.4031672477722168 6756
1771367344159 0.8450379371643066 6757
1771367344241 0.5663169026374817 6758
1771367344319 0.9072112441062927 6759
1771367344392 0.2648225724697113 6760
1771367344466 0.33288878202438354 6761
1771367344538 0.3783366084098816 6762
1771367344611 0.6376196146011353 6763
1771367344773 0.4156731367111206 6764
1771367344848 0.5705185532569885 6765
1771367344920 0.7542782425880432 6766
1771367344996 0.9026110768318176 6767
1771367345071 0.2534073293209076 6768
1771367345144 0.8148597478866577 6769
1771367345224 0.2971413731575012 6770
1771367345383 0.7221319675445557 6771
1771367345458 0.4471171200275421 6772
1771367345531 0.17119544744491577 6773
1771367345605 0.7188155055046082 6774
1771367345679 0.7650815844535828 6775
1771367345753 0.7323606014251709 6776
1771367345825 0.9877991676330566 6777
1771367345899 1.0971760749816895 6778
1771367346049 1.1458739042282104 6779
1771367346122 0.2923974394798279 6780
1771367346196 0.8737007975578308 6781
1771367346275 0.6948904991149902 6782
1771367346360 0.1858241707086563 6783
1771367346441 0.7783292531967163 6784
1771367346519 0.9516231417655945 6785
1771367346679 0.7304976582527161 6786
1771367346753 0.6283795237541199 6787
1771367346827 1.2560124397277832 6788
1771367346903 0.819746732711792 6789
1771367346983 0.6165167093276978 6790
1771367347062 0.6316627264022827 6791
1771367347140 0.7627578973770142 6792
1771367347217 0.3916192054748535 6793
1771367347384 0.35617706179618835 6794
1771367347458 0.7631865739822388 6795
1771367347536 0.5364076495170593 6796
1771367347613 0.46959051489830017 6797
1771367347690 0.5564194321632385 6798
1771367347765 0.4812205731868744 6799
1771367347842 0.27324017882347107 6800
1771367347916 0.2944597005844116 6801
1771367348073 0.37375372648239136 6802
1771367348154 0.9550834894180298 6803
1771367348235 0.7737130522727966 6804
1771367348314 0.4780184030532837 6805
1771367348396 0.25641945004463196 6806
1771367348476 0.909589946269989 6807
1771367348553 0.8200214505195618 6808
1771367348730 0.7527194619178772 6809
1771367348807 0.672186553478241 6810
1771367348887 0.4713367223739624 6811
1771367348963 0.7078320980072021 6812
1771367349039 0.954888105392456 6813
1771367349115 0.6879282593727112 6814
1771367349192 0.5961043834686279 6815
1771367349370 0.7612648010253906 6816
1771367349447 0.8956101536750793 6817
1771367349522 0.38605570793151855 6818
1771367349596 1.1988859176635742 6819
1771367349675 0.6667307019233704 6820
1771367349754 0.48480579257011414 6821
1771367349831 1.4402804374694824 6822
1771367349912 0.6872382760047913 6823
1771367350062 0.3864249587059021 6824
1771367350139 0.570448637008667 6825
1771367350217 0.5982468724250793 6826
1771367350296 1.0421788692474365 6827
1771367350373 0.7738048434257507 6828
1771367350457 0.7056522965431213 6829
1771367350535 0.8747144937515259 6830
1771367350679 0.7217562794685364 6831
1771367350755 0.3039039671421051 6832
1771367350834 0.5204662680625916 6833
1771367350914 0.7687773108482361 6834
1771367350994 0.695379912853241 6835
1771367351078 0.8003448843955994 6836
1771367351153 0.39289847016334534 6837
1771367351230 0.21024657785892487 6838
1771367351402 0.27686232328414917 6839
1771367351481 0.3293076157569885 6840
1771367351560 1.0655748844146729 6841
1771367351642 0.4280780553817749 6842
1771367351722 0.3987196385860443 6843
1771367351801 0.555410623550415 6844
1771367351883 0.2636391818523407 6845
1771367351961 0.5303241014480591 6846
1771367352117 0.41192612051963806 6847
1771367352196 0.649064838886261 6848
1771367352276 0.9072749018669128 6849
1771367352355 0.4134834408760071 6850
1771367352438 0.3431845009326935 6851
1771367352523 0.4463302195072174 6852
1771367352607 0.6161007285118103 6853
1771367352764 1.0014073848724365 6854
1771367352844 0.37131267786026 6855
1771367352921 0.47371068596839905 6856
1771367353002 0.5746725797653198 6857
1771367353082 0.9374339580535889 6858
1771367353163 0.6285935044288635 6859
1771367353242 0.654766857624054 6860
1771367353395 0.7318809032440186 6861
1771367353474 0.5776333808898926 6862
1771367353555 0.5210302472114563 6863
1771367353637 0.7595977783203125 6864
1771367353715 0.36252906918525696 6865
1771367353792 0.679058849811554 6866
1771367353870 0.71345454454422 6867
1771367353948 0.6084589958190918 6868
1771367354128 0.7815324664115906 6869
1771367354214 0.6958808898925781 6870
1771367354293 0.48719462752342224 6871
1771367354373 0.3543776273727417 6872
1771367354463 0.6272160410881042 6873
1771367354538 0.3905838429927826 6874
1771367354622 0.7009421586990356 6875
1771367354789 0.5122197270393372 6876
1771367354869 0.47459787130355835 6877
1771367354947 0.7556812167167664 6878
1771367355021 0.20682957768440247 6879
1771367355097 0.6641491651535034 6880
1771367355172 0.6431924700737 6881
1771367355258 0.45273929834365845 6882
1771367355341 0.6228493452072144 6883
1771367355511 0.4261196553707123 6884
1771367355587 0.31394022703170776 6885
1771367355665 0.598233163356781 6886
1771367355745 0.6411935091018677 6887
1771367355827 0.4749602973461151 6888
1771367355908 0.6929463148117065 6889
1771367355989 0.7435229420661926 6890
1771367356068 0.6853718161582947 6891
1771367356213 0.7148081064224243 6892
1771367356296 0.6998373866081238 6893
1771367356374 0.32512161135673523 6894
1771367356455 0.8607367277145386 6895
1771367356538 0.7202058434486389 6896
1771367356614 0.5764880180358887 6897
1771367356697 0.5479549169540405 6898
1771367356858 0.7174275517463684 6899
1771367356933 0.9332048296928406 6900
1771367357014 0.4638032615184784 6901
1771367357094 0.39971303939819336 6902
1771367357185 0.2772657573223114 6903
1771367357291 0.517446756362915 6904
1771367357364 0.5677888989448547 6905
1771367357514 0.32638707756996155 6906
1771367357590 0.29693901538848877 6907
1771367357667 0.5266375541687012 6908
1771367357744 0.661869466304779 6909
1771367357819 0.4822908639907837 6910
1771367357894 0.6653328537940979 6911
1771367357970 0.3844284117221832 6912
1771367358050 0.20227181911468506 6913
1771367358239 0.3265434503555298 6914
1771367358319 0.42794308066368103 6915
1771367358397 0.27831557393074036 6916
1771367358479 1.0813990831375122 6917
1771367358554 0.271619588136673 6918
1771367358633 0.43937334418296814 6919
1771367358708 0.3953147232532501 6920
1771367358876 1.3647475242614746 6921
1771367358951 0.8552981615066528 6922
1771367359024 0.8529582023620605 6923
1771367359096 0.7008242607116699 6924
1771367359169 0.5328202247619629 6925
1771367359241 0.5343865156173706 6926
1771367359315 0.7085037231445312 6927
1771367359387 0.7003280520439148 6928
1771367359532 0.7595983147621155 6929
1771367359605 0.9062293767929077 6930
1771367359683 0.8179896473884583 6931
1771367359765 0.9340552091598511 6932
1771367359851 0.5196699500083923 6933
1771367359942 1.020298957824707 6934
1771367360027 0.4009411036968231 6935
1771367360114 0.681087076663971 6936
1771367360287 0.34460291266441345 6937
1771367360375 0.27635347843170166 6938
1771367360464 0.40802431106567383 6939
1771367360555 0.5283370018005371 6940
1771367360641 0.4267326295375824 6941
1771367360729 0.369733065366745 6942
1771367360817 0.6278570890426636 6943
1771367360994 0.5501301884651184 6944
1771367361084 0.4937251806259155 6945
1771367361170 0.35823431611061096 6946
1771367361266 0.5279097557067871 6947
1771367361358 0.572705090045929 6948
1771367361447 0.36101624369621277 6949
1771367361538 1.1414976119995117 6950
1771367361736 1.3791520595550537 6951
1771367361830 0.790558397769928 6952
1771367361917 0.5718868374824524 6953
1771367362003 0.2230527698993683 6954
1771367362091 0.5660401582717896 6955
1771367362182 0.7878623008728027 6956
1771367362276 1.2639449834823608 6957
1771367362371 0.9011358022689819 6958
1771367362547 0.3858787417411804 6959
1771367362661 0.3437543511390686 6960
1771367362788 0.7592010498046875 6961
1771367362878 0.9514466524124146 6962
1771367362964 0.2960275113582611 6963
1771367363048 0.22959232330322266 6964
1771367363131 0.9645583629608154 6965
1771367363319 1.525813102722168 6966
1771367363408 1.3371100425720215 6967
1771367363500 0.5199797749519348 6968
1771367363586 0.7948454022407532 6969
1771367363674 0.49968892335891724 6970
1771367363758 0.2259492427110672 6971
1771367363845 0.8276963233947754 6972
1771367363929 0.1297411024570465 6973
1771367364101 1.218857765197754 6974
1771367364185 0.6292109489440918 6975
1771367364277 0.40813159942626953 6976
1771367364365 0.5875846147537231 6977
1771367364457 0.39562058448791504 6978
1771367364543 1.1110254526138306 6979
1771367364628 0.6792559027671814 6980
1771367364796 0.4593485891819 6981
1771367364885 0.7224555611610413 6982
1771367364977 0.3983137905597687 6983
1771367365064 0.5181481838226318 6984
1771367365149 0.6039652228355408 6985
1771367365223 1.0979857444763184 6986
1771367365297 0.2442772090435028 6987
1771367365382 1.028424620628357 6988
1771367365525 1.0151078701019287 6989
1771367365598 0.839087188243866 6990
1771367365672 1.029369831085205 6991
1771367365746 0.20444296300411224 6992
1771367365823 0.6032896637916565 6993
1771367365898 0.6146294474601746 6994
1771367365969 0.5252929329872131 6995
1771367366042 0.3116746246814728 6996
1771367366213 0.37093475461006165 6997
1771367366304 0.785824179649353 6998
1771367366391 0.5071046948432922 6999
1771367366470 0.46985557675361633 7000
1771367366551 0.6615992188453674 7001
1771367366632 0.7992368340492249 7002
1771367366713 1.0865068435668945 7003
1771367366907 0.5257358551025391 7004
1771367366996 0.5881931185722351 7005
1771367367086 0.5264024138450623 7006
1771367367173 0.600867509841919 7007
1771367367259 0.565453290939331 7008
1771367367344 0.9612137675285339 7009
1771367367432 1.0640978813171387 7010
1771367367622 0.302814245223999 7011
1771367367712 0.9621731042861938 7012
1771367367801 0.48038938641548157 7013
1771367367889 0.484576016664505 7014
1771367367971 0.7708876132965088 7015
1771367368055 0.649433434009552 7016
1771367368155 0.7500131130218506 7017
1771367368245 0.2945915162563324 7018
1771367368424 0.4211423993110657 7019
1771367368514 0.7289790511131287 7020
1771367368601 0.7728180289268494 7021
1771367368689 0.5121487379074097 7022
1771367368780 0.8501708507537842 7023
1771367368871 0.5162214636802673 7024
1771367368965 0.574301540851593 7025
1771367369052 1.175695776939392 7026
1771367369219 0.7100705504417419 7027
1771367369355 0.8106896877288818 7028
1771367369446 0.6352707147598267 7029
1771367369545 0.23135510087013245 7030
1771367369634 0.812411367893219 7031
1771367369721 0.5416991710662842 7032
1771367369807 1.0643420219421387 7033
1771367369998 0.20585639774799347 7034
1771367370213 0.7600935101509094 7035
1771367370309 0.5963550209999084 7036
1771367370403 0.8116863369941711 7037
1771367370496 0.9304441213607788 7038
1771367370701 1.1474970579147339 7039
1771367370792 0.21236847341060638 7040
1771367370883 0.6724064350128174 7041
1771367370999 0.9959431886672974 7042
1771367371103 0.41483354568481445 7043
1771367371215 0.49786657094955444 7044
1771367371316 0.3977651596069336 7045
1771367371490 0.23185716569423676 7046
1771367371578 0.13314051926136017 7047
1771367371662 0.2858428955078125 7048
1771367371750 0.807865560054779 7049
1771367371839 0.5427201390266418 7050
1771367371927 0.8430957794189453 7051
1771367372015 0.5622963905334473 7052
1771367372189 0.6618625521659851 7053
1771367372280 1.0387110710144043 7054
1771367372381 1.2085353136062622 7055
1771367372492 0.6630386114120483 7056
1771367372591 0.8515320420265198 7057
1771367372680 0.5568462610244751 7058
1771367372767 1.6196649074554443 7059
1771367372857 0.8499436974525452 7060
1771367373051 0.5336333513259888 7061
1771367373136 0.3428458571434021 7062
1771367373223 0.45931702852249146 7063
1771367373311 0.5685825943946838 7064
1771367373396 0.7818991541862488 7065
1771367373481 0.6873669624328613 7066
1771367373566 0.7767001390457153 7067
1771367373737 0.38400453329086304 7068
1771367373822 0.39237022399902344 7069
1771367373907 0.6011403799057007 7070
1771367373992 0.6118414402008057 7071
1771367374076 0.45664435625076294 7072
1771367374161 1.031731367111206 7073
1771367374245 0.6125677824020386 7074
1771367374418 0.49832260608673096 7075
1771367374503 0.5269454717636108 7076
1771367374587 0.5534687042236328 7077
1771367374671 0.7206725478172302 7078
1771367374754 0.9631798267364502 7079
1771367374839 0.20028890669345856 7080
1771367374924 0.2333216518163681 7081
1771367375089 0.22431139647960663 7082
1771367375177 0.2757086753845215 7083
1771367375262 0.8475644588470459 7084
1771367375352 0.24927060306072235 7085
1771367375438 0.49646151065826416 7086
1771367375519 0.6888939738273621 7087
1771367375604 0.4292796850204468 7088
1771367375798 0.2856418192386627 7089
1771367375883 0.3783399164676666 7090
1771367375973 0.4224933981895447 7091
1771367376058 0.37122952938079834 7092
1771367376143 0.5278736352920532 7093
1771367376230 1.0664582252502441 7094
1771367376316 0.8222900032997131 7095
1771367376408 0.9925064444541931 7096
1771367376580 0.7692078948020935 7097
1771367376662 0.40370237827301025 7098
1771367376746 0.7331576347351074 7099
1771367376847 0.7358874082565308 7100
1771367376941 0.46288904547691345 7101
1771367377031 1.038057565689087 7102
1771367377120 0.32818323373794556 7103
1771367377291 0.6188613772392273 7104
1771367377382 0.5061600208282471 7105
1771367377470 0.8031668663024902 7106
1771367377562 0.8943875432014465 7107
1771367377653 0.17578163743019104 7108
1771367377739 0.24785733222961426 7109
1771367377915 0.2303011417388916 7110
1771367378005 0.3121885061264038 7111
1771367378095 0.6305859088897705 7112
1771367378265 0.7851550579071045 7113
1771367378362 0.32148477435112 7114
1771367378459 0.6642886400222778 7115
1771367378555 0.465196430683136 7116
1771367378668 1.0677285194396973 7117
1771367378863 0.6453657150268555 7118
1771367378951 0.5252136588096619 7119
1771367379041 0.7544013857841492 7120
1771367379129 0.6614217758178711 7121
1771367379215 0.4688064455986023 7122
1771367379299 0.32589489221572876 7123
1771367379386 0.5149845480918884 7124
1771367379580 0.2789355516433716 7125
1771367379668 0.7962935566902161 7126
1771367379751 0.9275950789451599 7127
1771367379832 0.44414082169532776 7128
1771367379915 0.541845440864563 7129
1771367380000 0.4089650809764862 7130
1771367380089 0.7066773772239685 7131
1771367380269 0.31110626459121704 7132
1771367380350 0.5179290771484375 7133
1771367380432 0.5913071632385254 7134
1771367380515 0.7294108271598816 7135
1771367380605 0.7114595770835876 7136
1771367380693 0.3176650106906891 7137
1771367380779 0.28601548075675964 7138
1771367380978 0.3242402672767639 7139
1771367381067 0.712860107421875 7140
1771367381156 0.567085325717926 7141
1771367381250 0.5025235414505005 7142
1771367381339 0.9008721113204956 7143
1771367381425 0.4113354980945587 7144
1771367381511 0.1394532322883606 7145
1771367381595 0.12812310457229614 7146
1771367381767 0.5840559005737305 7147
1771367381855 0.6905027031898499 7148
1771367381943 0.6201465725898743 7149
1771367382027 0.6648436188697815 7150
1771367382114 0.4898924231529236 7151
1771367382200 0.17867878079414368 7152
1771367382287 1.0450938940048218 7153
1771367382491 0.3421330451965332 7154
1771367382587 0.8953068256378174 7155
1771367382672 0.4871281683444977 7156
1771367382755 0.34340739250183105 7157
1771367382841 0.3477312922477722 7158
1771367382931 0.5224937796592712 7159
1771367383022 0.2250581830739975 7160
1771367383202 0.8812423944473267 7161
1771367383291 0.7292729616165161 7162
1771367383380 0.17473232746124268 7163
1771367383468 0.8317680358886719 7164
1771367383551 0.5301461815834045 7165
1771367383641 0.4172719717025757 7166
1771367383725 0.47878745198249817 7167
1771367383911 0.6856117248535156 7168
1771367383999 0.5969056487083435 7169
1771367384085 0.44851619005203247 7170
1771367384168 1.0429714918136597 7171
1771367384258 0.5128613710403442 7172
1771367384343 0.8701791763305664 7173
1771367384428 0.5212939381599426 7174
1771367384522 1.229396104812622 7175
1771367384732 0.5119007229804993 7176
1771367384827 0.6018297672271729 7177
1771367384911 0.41098958253860474 7178
1771367384996 0.7657991647720337 7179
1771367385081 0.7129185795783997 7180
1771367385164 0.56357741355896 7181
1771367385251 0.5205926895141602 7182
1771367385424 0.5560877919197083 7183
1771367385507 0.3339403569698334 7184
1771367385592 0.7327412962913513 7185
1771367385682 0.3298203647136688 7186
1771367385770 0.5950967669487 7187
1771367385857 0.13965626060962677 7188
1771367385940 0.7733256220817566 7189
1771367386106 0.7161727547645569 7190
1771367386185 0.6355223059654236 7191
1771367386266 0.47054800391197205 7192
1771367386350 0.6296126246452332 7193
1771367386431 0.9693247079849243 7194
1771367386517 1.0054752826690674 7195
1771367386597 0.5702266693115234 7196
1771367386777 0.6257234215736389 7197
1771367386854 0.3856780230998993 7198
1771367386927 0.8698726296424866 7199
1771367387002 1.0459403991699219 7200
1771367387076 0.6023611426353455 7201
1771367387153 0.7741622924804688 7202
1771367387229 0.6047390699386597 7203
1771367387375 0.19430027902126312 7204
1771367387453 0.718224048614502 7205
1771367387528 0.3855352997779846 7206
1771367387602 0.918411910533905 7207
1771367387679 0.8133004307746887 7208
1771367387760 0.8535645604133606 7209
1771367387833 0.5767038464546204 7210
1771367387907 0.32249027490615845 7211
1771367388051 0.3633486032485962 7212
1771367388125 0.508945643901825 7213
1771367388201 0.2503233850002289 7214
1771367388280 0.6581166982650757 7215
1771367388356 1.0803602933883667 7216
1771367388431 0.4120989441871643 7217
1771367388504 0.5704095363616943 7218
1771367388648 0.5026781558990479 7219
1771367388721 0.2533840835094452 7220
1771367388806 0.9892817139625549 7221
1771367388881 0.47948843240737915 7222
1771367388957 0.21646660566329956 7223
1771367389030 0.6682476997375488 7224
1771367389173 0.8118833899497986 7225
1771367389247 0.7721150517463684 7226
1771367389320 1.0622917413711548 7227
1771367389403 0.6066761612892151 7228
1771367389479 0.7977026104927063 7229
1771367389555 0.6987766623497009 7230
1771367389629 0.34408631920814514 7231
1771367389702 0.7286528944969177 7232
1771367389855 0.2178354561328888 7233
1771367389932 0.4424225091934204 7234
1771367390012 0.4586334228515625 7235
1771367390091 0.7162421345710754 7236
1771367390170 1.004589557647705 7237
1771367390247 0.4546508193016052 7238
1771367390323 0.22998195886611938 7239
1771367390500 0.8336884379386902 7240
1771367390581 0.9555089473724365 7241
1771367390660 0.33124521374702454 7242
1771367390742 0.5604026913642883 7243
1771367390823 0.9342241883277893 7244
1771367390903 0.8897703289985657 7245
1771367390980 0.6376392245292664 7246
1771367391168 0.7055166959762573 7247
1771367391248 0.2698337137699127 7248
1771367391329 0.5188794732093811 7249
1771367391409 0.7446054220199585 7250
1771367391492 0.4865134358406067 7251
1771367391572 0.8071815371513367 7252
1771367391651 0.17469914257526398 7253
1771367391820 0.3649303913116455 7254
1771367391909 1.0701647996902466 7255
1771367391991 0.4155682623386383 7256
1771367392069 0.5936131477355957 7257
1771367392146 0.6975177526473999 7258
1771367392226 0.36801210045814514 7259
1771367392308 0.4138542413711548 7260
1771367392392 0.367353618144989 7261
1771367392556 0.477082759141922 7262
1771367392635 0.7328327894210815 7263
1771367392713 0.9782601594924927 7264
1771367392788 0.8284397721290588 7265
1771367392868 0.9450936913490295 7266
1771367392946 1.4110350608825684 7267
1771367393025 0.9414142966270447 7268
1771367393193 0.49822744727134705 7269
1771367393277 0.17988939583301544 7270
1771367393356 0.6903845071792603 7271
1771367393437 0.19133421778678894 7272
1771367393514 0.4641502797603607 7273
1771367393590 0.3877030909061432 7274
1771367393665 0.7475189566612244 7275
1771367393826 0.6674768924713135 7276
1771367393910 0.6742923259735107 7277
1771367393995 0.5663747191429138 7278
1771367394071 0.9839545488357544 7279
1771367394150 0.6837813258171082 7280
1771367394226 0.6754443645477295 7281
1771367394306 0.5758691430091858 7282
1771367394478 0.7049363255500793 7283
1771367394560 0.2435120791196823 7284
1771367394638 0.6383653879165649 7285
1771367394716 0.33531874418258667 7286
1771367394791 0.4548853933811188 7287
1771367394874 0.32595139741897583 7288
1771367394955 0.3034970462322235 7289
1771367395035 0.6486475467681885 7290
1771367395192 0.16051176190376282 7291
1771367395270 0.8163231015205383 7292
1771367395356 0.14151708781719208 7293
1771367395443 0.8330382108688354 7294
1771367395528 0.973295271396637 7295
1771367395610 0.5726749300956726 7296
1771367395695 0.6244841814041138 7297
1771367395867 0.6349982023239136 7298
1771367395945 0.5803833603858948 7299
1771367396031 0.7008926272392273 7300
1771367396115 0.847429633140564 7301
1771367396192 1.287109613418579 7302
1771367396273 0.7751778364181519 7303
1771367396360 0.6217495203018188 7304
1771367396523 0.872451901435852 7305
1771367396604 0.578101396560669 7306
1771367396684 0.7746980786323547 7307
1771367396765 0.19115550816059113 7308
1771367396846 0.31194740533828735 7309
1771367396928 0.40135854482650757 7310
1771367397010 0.7081642746925354 7311
1771367397178 0.24189278483390808 7312
1771367397257 0.4802449941635132 7313
1771367397337 0.41402730345726013 7314
1771367397415 0.7513381838798523 7315
1771367397495 0.4913237392902374 7316
1771367397576 0.40066978335380554 7317
1771367397659 1.2647279500961304 7318
1771367397832 0.6128326654434204 7319
1771367397914 0.2548944652080536 7320
1771367397996 0.8285974264144897 7321
1771367398083 0.36043575406074524 7322
1771367398166 0.25383323431015015 7323
1771367398251 0.36098599433898926 7324
1771367398336 0.3387097716331482 7325
1771367398416 0.27125588059425354 7326
1771367398574 0.6957809925079346 7327
1771367398657 0.797132670879364 7328
1771367398739 1.184892177581787 7329
1771367398821 0.5316779613494873 7330
1771367398904 0.48314106464385986 7331
1771367398982 0.9635877013206482 7332
1771367399065 0.6429905891418457 7333
1771367399238 0.35441964864730835 7334
1771367399320 0.46048223972320557 7335
1771367399400 0.3411664366722107 7336
1771367399482 1.087374210357666 7337
1771367399564 0.6180174946784973 7338
1771367399648 0.5727372169494629 7339
1771367399726 1.153224229812622 7340
1771367399807 0.6282231211662292 7341
1771367399968 0.4359155595302582 7342
1771367400050 0.6795101165771484 7343
1771367400136 0.8071978092193604 7344
1771367400223 0.6413312554359436 7345
1771367400311 0.9345735311508179 7346
1771367400391 0.3375270962715149 7347
1771367400474 1.1151013374328613 7348
1771367400660 0.7863718867301941 7349
1771367400741 0.5987696051597595 7350
1771367400822 0.40273019671440125 7351
1771367400906 0.61198890209198 7352
1771367400988 0.3322676718235016 7353
1771367401066 0.7052438259124756 7354
1771367401147 0.8307637572288513 7355
1771367401225 0.766518771648407 7356
1771367401376 0.39163240790367126 7357
1771367401456 0.42937102913856506 7358
1771367401536 0.7744853496551514 7359
1771367401615 0.4199620485305786 7360
1771367401698 0.5693258047103882 7361
1771367401781 0.5495494604110718 7362
1771367401862 0.6774272918701172 7363
1771367402030 0.9619215726852417 7364
1771367402108 0.6587002277374268 7365
1771367402188 0.4423063397407532 7366
1771367402273 1.062190294265747 7367
1771367402357 0.3358970582485199 7368
1771367402444 0.2340432107448578 7369
1771367402528 0.6784484386444092 7370
1771367402608 0.651399552822113 7371
1771367402775 0.8129866123199463 7372
1771367402858 0.741513729095459 7373
1771367402943 0.6628313660621643 7374
1771367403029 1.1692874431610107 7375
1771367403111 0.4140280783176422 7376
1771367403194 0.47826439142227173 7377
1771367403273 1.0805137157440186 7378
1771367403440 0.5862493515014648 7379
1771367403523 0.2051929533481598 7380
1771367403605 1.5928728580474854 7381
1771367403686 1.8762065172195435 7382
1771367403762 0.696434497833252 7383
1771367403839 0.8659148216247559 7384
1771367403912 0.3987892270088196 7385
1771367403990 0.49035391211509705 7386
1771367404169 0.586550772190094 7387
1771367404251 0.8429043292999268 7388
1771367404338 0.8346362709999084 7389
1771367404417 1.0226846933364868 7390
1771367404495 0.46146371960639954 7391
1771367404577 0.5901829600334167 7392
1771367404662 0.2423962652683258 7393
1771367404830 0.18810227513313293 7394
1771367404910 0.759757399559021 7395
1771367404986 0.5404061675071716 7396
1771367405060 0.34603041410446167 7397
1771367405137 0.6690123081207275 7398
1771367405226 0.2653503715991974 7399
1771367405383 0.5826652646064758 7400
1771367405464 0.24712057411670685 7401
1771367405542 0.8831015825271606 7402
1771367405617 0.9025577902793884 7403
1771367405692 0.3645968735218048 7404
1771367405775 1.0059486627578735 7405
1771367405855 0.6627170443534851 7406
1771367406025 0.48363256454467773 7407
1771367406106 0.7412014603614807 7408
1771367406182 0.8499339818954468 7409
1771367406268 0.48134228587150574 7410
1771367406367 1.3328683376312256 7411
1771367406459 1.6012611389160156 7412
1771367406631 1.0273505449295044 7413
1771367406715 0.6801550388336182 7414
1771367406792 0.6156102418899536 7415
1771367406872 0.1798972338438034 7416
1771367406955 0.3943224251270294 7417
1771367407037 0.6591798067092896 7418
1771367407120 0.5621702075004578 7419
1771367407285 0.5670461058616638 7420
1771367407361 0.6527813673019409 7421
1771367407439 1.2582712173461914 7422
1771367407517 0.8866889476776123 7423
1771367407600 0.4947711229324341 7424
1771367407684 0.47189801931381226 7425
1771367407767 0.5407165288925171 7426
1771367407927 0.2554568648338318 7427
1771367408007 1.0674501657485962 7428
1771367408087 0.8220975995063782 7429
1771367408171 0.44059985876083374 7430
1771367408258 0.5679228901863098 7431
1771367408340 0.4268454909324646 7432
1771367408432 0.09712709486484528 7433
1771367408590 0.8410687446594238 7434
1771367408669 0.3462332487106323 7435
1771367408754 0.5397676229476929 7436
1771367408840 0.7483885288238525 7437
1771367408926 0.3483901023864746 7438
1771367409013 0.7052642107009888 7439
1771367409095 0.5982167720794678 7440
1771367409264 0.7786846160888672 7441
1771367409348 1.009395956993103 7442
1771367409433 0.21063415706157684 7443
1771367409520 0.711635947227478 7444
1771367409607 0.4831586480140686 7445
1771367409690 0.7918557524681091 7446
1771367409850 0.8679832816123962 7447
1771367409936 0.22681158781051636 7448
1771367410024 0.5866243243217468 7449
1771367410111 0.2983485758304596 7450
1771367410197 0.423329621553421 7451
1771367410277 0.5414125323295593 7452
1771367410357 0.32540014386177063 7453
1771367410532 0.45980972051620483 7454
1771367410618 0.6382564306259155 7455
1771367410707 0.17261381447315216 7456
1771367410788 0.22831682860851288 7457
1771367410868 0.5500695109367371 7458
1771367410951 0.5538823008537292 7459
1771367411037 0.5937877297401428 7460
1771367411218 0.3953811824321747 7461
1771367411300 0.6239551901817322 7462
1771367411385 0.1516948640346527 7463
1771367411489 0.4699019193649292 7464
1771367411594 0.6484259963035583 7465
1771367411678 0.21145378053188324 7466
1771367411854 0.6325762271881104 7467
1771367411935 0.857999324798584 7468
1771367412018 0.7510663866996765 7469
1771367412102 1.0499637126922607 7470
1771367412186 0.47670525312423706 7471
1771367412271 0.5871620178222656 7472
1771367412354 0.7699137330055237 7473
1771367412519 0.5367040038108826 7474
1771367412612 0.7353251576423645 7475
1771367412699 0.9505661129951477 7476
1771367412784 0.8387694358825684 7477
1771367412872 0.5796909332275391 7478
1771367412955 0.6627300977706909 7479
1771367413037 0.7357258200645447 7480
1771367413206 0.22302351891994476 7481
1771367413290 0.27213916182518005 7482
1771367413378 0.7274069786071777 7483
1771367413463 0.6278654932975769 7484
1771367413545 0.7043734788894653 7485
1771367413624 1.1981579065322876 7486
1771367413705 0.5012803673744202 7487
1771367413881 1.2163617610931396 7488
1771367413963 0.7999768853187561 7489
1771367414046 0.8504186272621155 7490
1771367414128 0.35079190135002136 7491
1771367414209 1.2315889596939087 7492
1771367414316 0.6036772131919861 7493
1771367414531 0.38212600350379944 7494
1771367414613 0.8691294193267822 7495
1771367414699 0.20140127837657928 7496
1771367414775 0.6038386821746826 7497
1771367414854 0.7694970369338989 7498
1771367414933 1.3607418537139893 7499
1771367415010 0.49118417501449585 7500
1771367415163 0.19909262657165527 7501
1771367415244 0.5317826867103577 7502
1771367415322 1.0493261814117432 7503
1771367415515 0.3370343744754791 7504
1771367415597 0.6039769649505615 7505
1771367415779 0.21587423980236053 7506
1771367415863 0.5246874094009399 7507
1771367415949 0.5752312541007996 7508
1771367416035 0.34118005633354187 7509
1771367416124 0.7431461811065674 7510
1771367416217 0.3865804374217987 7511
1771367416408 0.3469046354293823 7512
1771367416500 0.4218522608280182 7513
1771367416588 0.8408159017562866 7514
1771367416678 0.4218703508377075 7515
1771367416774 0.2630122900009155 7516
1771367416871 0.3211172819137573 7517
1771367416967 0.21507470309734344 7518
1771367417144 0.6902938485145569 7519
1771367417236 1.0319029092788696 7520
1771367417330 0.46418529748916626 7521
1771367417426 0.5478037595748901 7522
1771367417522 0.4741067886352539 7523
1771367417616 0.4741272032260895 7524
1771367417708 0.7340721487998962 7525
1771367417906 0.5438886880874634 7526
1771367418002 0.43041712045669556 7527
1771367418098 1.1062932014465332 7528
1771367418192 0.6200791001319885 7529
1771367418281 0.4437127709388733 7530
1771367418371 0.7501907348632812 7531
1771367418566 0.6358979940414429 7532
1771367418657 0.6078437566757202 7533
1771367418749 0.5520437955856323 7534
1771367418840 0.38645225763320923 7535
1771367418930 1.39690101146698 7536
1771367419022 1.186041235923767 7537
1771367419112 0.9930843114852905 7538
1771367419306 0.5960153937339783 7539
1771367419395 0.7667666673660278 7540
1771367419487 0.9609334468841553 7541
1771367419576 0.8353111743927002 7542
1771367419665 0.3036319613456726 7543
1771367419756 0.6489186882972717 7544
1771367419847 0.6097775101661682 7545
1771367420034 0.23609226942062378 7546
1771367420120 0.6826948523521423 7547
1771367420209 0.46444171667099 7548
1771367420297 0.6030105948448181 7549
1771367420386 0.18694135546684265 7550
1771367420475 0.3925926387310028 7551
1771367420560 0.47091609239578247 7552
1771367420729 0.6087362170219421 7553
1771367420812 0.5476784110069275 7554
1771367420897 0.7556660175323486 7555
1771367420979 0.13894283771514893 7556
1771367421061 0.8713484406471252 7557
1771367421143 0.6140360832214355 7558
1771367421226 0.7383633255958557 7559
1771367421433 0.13075292110443115 7560
1771367421521 0.7283134460449219 7561
1771367421606 0.5831581354141235 7562
1771367421692 0.7365453243255615 7563
1771367421779 0.5198498368263245 7564
1771367421868 0.5142187476158142 7565
1771367422064 0.2197105884552002 7566
1771367422160 0.6232820749282837 7567
1771367422254 0.5589855313301086 7568
1771367422347 0.4189298748970032 7569
1771367422439 0.25263795256614685 7570
1771367422535 0.17419187724590302 7571
1771367422626 0.5797749161720276 7572
1771367422801 0.2860325276851654 7573
1771367422892 0.3952072858810425 7574
1771367422982 0.6642767190933228 7575
1771367423075 0.45620638132095337 7576
1771367423167 0.32006916403770447 7577
1771367423260 0.5926875472068787 7578
1771367423353 0.8404279351234436 7579
1771367423535 0.7970403432846069 7580
1771367423624 0.6813540458679199 7581
1771367423714 0.6023733615875244 7582
1771367423807 0.7228363752365112 7583
1771367423898 0.31459471583366394 7584
1771367423987 0.7427760362625122 7585
1771367424175 0.6931326389312744 7586
1771367424269 0.9223809242248535 7587
1771367424362 0.7450795769691467 7588
1771367424452 0.7749969363212585 7589
1771367424541 0.3343581259250641 7590
1771367424628 0.7568682432174683 7591
1771367424715 0.33276239037513733 7592
1771367424918 0.6986499428749084 7593
1771367425012 0.6259093880653381 7594
1771367425101 0.43298065662384033 7595
1771367425188 0.3677588701248169 7596
1771367425275 0.7695080637931824 7597
1771367425367 0.7079036235809326 7598
1771367425465 0.5090036988258362 7599
1771367425658 0.36816126108169556 7600
1771367425742 0.8172094821929932 7601
1771367425831 0.44116753339767456 7602
1771367425919 0.3911362290382385 7603
1771367426008 0.41219213604927063 7604
1771367426102 0.601114809513092 7605
1771367426193 0.46351194381713867 7606
1771367426366 1.172003984451294 7607
1771367426461 0.17238864302635193 7608
1771367426557 0.758500337600708 7609
1771367426652 0.416398823261261 7610
1771367426745 0.482577383518219 7611
1771367426838 0.44290128350257874 7612
1771367427025 0.5595991015434265 7613
1771367427119 0.4202902615070343 7614
1771367427214 0.3892107307910919 7615
1771367427302 1.0042285919189453 7616
1771367427392 0.2598964273929596 7617
1771367427481 0.5778717994689941 7618
1771367427571 0.3382645547389984 7619
1771367427770 1.0961558818817139 7620
1771367427865 1.0733428001403809 7621
1771367427957 0.5881122350692749 7622
1771367428049 0.14020498096942902 7623
1771367428154 0.9136617183685303 7624
1771367428256 0.7220124006271362 7625
1771367428351 0.6729283928871155 7626
1771367428527 0.6606459617614746 7627
1771367428616 0.9051565527915955 7628
1771367428708 0.4335020184516907 7629
1771367428802 0.22854462265968323 7630
1771367428895 0.6611616015434265 7631
1771367428997 0.6013892889022827 7632
1771367429166 0.7974467873573303 7633
1771367429258 0.5378441214561462 7634
1771367429351 0.6974346041679382 7635
1771367429444 0.574845016002655 7636
1771367429549 0.6340344548225403 7637
1771367429634 0.6521116495132446 7638
1771367429721 0.28098803758621216 7639
1771367429904 0.7439410090446472 7640
1771367429993 0.6302772164344788 7641
1771367430080 0.7487615942955017 7642
1771367430167 0.4639354348182678 7643
1771367430257 0.7412156462669373 7644
1771367430347 0.5462794899940491 7645
1771367430440 0.7642048001289368 7646
1771367430628 1.0586707592010498 7647
1771367430716 0.4323734641075134 7648
1771367430802 0.6014324426651001 7649
1771367430885 0.6943172812461853 7650
1771367430969 0.5061654448509216 7651
1771367431054 0.3650106191635132 7652
1771367431238 1.0259064435958862 7653
1771367431322 0.6737269759178162 7654
1771367431407 0.6962864995002747 7655
1771367431499 0.6793928742408752 7656
1771367431588 0.15338683128356934 7657
1771367431673 0.3160673677921295 7658
1771367431761 0.3045850694179535 7659
1771367431988 0.3458234369754791 7660
1771367432079 0.7684730291366577 7661
1771367432169 0.738796055316925 7662
1771367432259 0.4493531882762909 7663
1771367432350 0.7365401983261108 7664
1771367432443 0.17990520596504211 7665
1771367432540 0.47843894362449646 7666
1771367432716 0.6970265507698059 7667
1771367432803 0.5700804591178894 7668
1771367432888 0.9657050967216492 7669
1771367432973 0.9312629103660583 7670
1771367433063 1.0957551002502441 7671
1771367433155 0.7330919504165649 7672
1771367433248 0.6711425185203552 7673
1771367433465 0.7445968985557556 7674
1771367433578 0.8347586393356323 7675
1771367433693 0.36460793018341064 7676
1771367433791 0.40750253200531006 7677
1771367433880 0.4724169969558716 7678
1771367433971 0.5595100522041321 7679
1771367434152 0.8874967694282532 7680
1771367434240 0.663718044757843 7681
1771367434331 0.8303147554397583 7682
1771367434427 0.685613751411438 7683
1771367434519 0.7507097125053406 7684
1771367434607 1.0884335041046143 7685
1771367434773 0.4247462749481201 7686
1771367434862 0.40385085344314575 7687
1771367434954 0.8197265267372131 7688
1771367435047 0.7007437348365784 7689
1771367435138 0.4495938718318939 7690
1771367435225 0.7022120952606201 7691
1771367435313 0.9113999009132385 7692
1771367435492 0.27043864130973816 7693
1771367435583 0.5808171033859253 7694
1771367435672 0.9933555722236633 7695
1771367435760 0.9437013268470764 7696
1771367435850 0.20986217260360718 7697
1771367435937 0.6253841519355774 7698
1771367436114 0.6299145817756653 7699
1771367436205 0.3892056345939636 7700
1771367436297 0.7465726733207703 7701
1771367436387 0.4587920904159546 7702
1771367436481 0.7984509468078613 7703
1771367436569 0.5596019625663757 7704
1771367436740 0.37462133169174194 7705
1771367436832 0.5334177017211914 7706
1771367436932 0.7816295027732849 7707
1771367437026 0.5623317360877991 7708
1771367437119 0.7110108137130737 7709
1771367437210 0.7444582581520081 7710
1771367437395 0.7718204855918884 7711
1771367437498 0.46691933274269104 7712
1771367437594 0.2519344985485077 7713
1771367437683 0.6430780291557312 7714
1771367437773 0.4178698658943176 7715
1771367437865 0.5358458757400513 7716
1771367438071 0.6228152513504028 7717
1771367438166 0.61350017786026 7718
1771367438258 1.288713812828064 7719
1771367438352 0.5728564262390137 7720
1771367438447 0.30724284052848816 7721
1771367438542 0.12205489724874496 7722
1771367438722 0.5807836055755615 7723
1771367438811 0.202619269490242 7724
1771367438898 0.2608264684677124 7725
1771367438985 0.6349912285804749 7726
1771367439076 0.26659831404685974 7727
1771367439169 0.341371089220047 7728
1771367439342 0.5773786902427673 7729
1771367439428 0.7114648818969727 7730
1771367439518 0.4642859995365143 7731
1771367439606 0.8811904788017273 7732
1771367439696 0.6784029006958008 7733
1771367439787 0.7875959873199463 7734
1771367439964 0.9187045693397522 7735
1771367440052 0.1962047964334488 7736
1771367440140 0.7432901263237 7737
1771367440228 0.2952539622783661 7738
1771367440393 0.2401776760816574 7739
1771367440493 0.39035412669181824 7740
1771367440666 0.19558241963386536 7741
1771367440759 0.9895269870758057 7742
1771367440857 0.8000302910804749 7743
1771367440951 0.4490610659122467 7744
1771367441044 1.0186582803726196 7745
1771367441139 0.4935397803783417 7746
1771367441324 0.8322852253913879 7747
1771367441414 0.22640597820281982 7748
1771367441505 0.7483324408531189 7749
1771367441601 0.6112456321716309 7750
1771367441690 1.6737329959869385 7751
1771367441775 1.035946249961853 7752
1771367441931 0.43745359778404236 7753
1771367442017 0.6349316835403442 7754
1771367442095 0.2825700640678406 7755
1771367442172 0.7141595482826233 7756
1771367442251 0.8010032773017883 7757
1771367442327 0.540375828742981 7758
1771367442405 0.2257683277130127 7759
1771367442574 0.426547110080719 7760
1771367442653 0.9371315836906433 7761
1771367442731 0.43136313557624817 7762
1771367442815 1.205342411994934 7763
1771367442898 0.8658881187438965 7764
1771367442983 0.63547283411026 7765
1771367443160 1.0520497560501099 7766
1771367443254 0.6120100021362305 7767
1771367443345 0.4625588357448578 7768
1771367443434 0.29400765895843506 7769
1771367443520 0.15420521795749664 7770
1771367443604 0.39266863465309143 7771
1771367443786 0.5681538581848145 7772
1771367443870 0.4104430079460144 7773
1771367443952 0.6866908073425293 7774
1771367444031 0.7609419822692871 7775
1771367444109 0.6986647844314575 7776
1771367444187 0.3681098222732544 7777
1771367444346 0.16421017050743103 7778
1771367444428 0.3121454119682312 7779
1771367444506 0.6814893484115601 7780
1771367444585 0.5432629585266113 7781
1771367444664 0.9739551544189453 7782
1771367444762 0.18486443161964417 7783
1771367444865 1.2094428539276123 7784
1771367445045 0.7413736581802368 7785
1771367445126 0.44590631127357483 7786
1771367445207 0.4252431094646454 7787
1771367445290 0.6052692532539368 7788
1771367445382 0.5018484592437744 7789
1771367445471 0.25797200202941895 7790
1771367445675 0.5154719948768616 7791
1771367445766 0.3376278579235077 7792
1771367445853 0.4156589210033417 7793
1771367445952 0.4624888598918915 7794
1771367446042 0.3859592378139496 7795
1771367446132 0.5633165240287781 7796
1771367446306 0.42829301953315735 7797
1771367446397 0.6078374981880188 7798
1771367446478 0.8951630592346191 7799
1771367446562 0.7186720967292786 7800
1771367446646 1.057705283164978 7801
1771367446730 0.7742177844047546 7802
1771367446889 0.5857887864112854 7803
1771367446974 1.2643396854400635 7804
1771367447057 1.0349273681640625 7805
1771367447144 0.5026823878288269 7806
1771367447228 0.5647878646850586 7807
1771367447309 0.3456927239894867 7808
1771367447394 0.45664769411087036 7809
1771367447552 0.6502687335014343 7810
1771367447633 0.6160133481025696 7811
1771367447714 0.31096068024635315 7812
1771367447798 1.0044808387756348 7813
1771367447879 0.6180998682975769 7814
1771367447961 0.5169596672058105 7815
1771367448116 0.5604628920555115 7816
1771367448192 0.617649257183075 7817
1771367448270 0.4198283851146698 7818
1771367448349 0.686220645904541 7819
1771367448426 0.38584816455841064 7820
1771367448506 0.5700252652168274 7821
1771367448682 0.38874346017837524 7822
1771367448769 0.8729936480522156 7823
1771367448852 0.22489671409130096 7824
1771367448936 1.1458468437194824 7825
1771367449021 0.4910029470920563 7826
1771367449106 0.6424122452735901 7827
1771367449293 0.8108271360397339 7828
1771367449382 0.864899218082428 7829
1771367449475 0.3990978002548218 7830
1771367449562 0.5451818704605103 7831
1771367449651 0.43578800559043884 7832
1771367449738 0.4646444320678711 7833
1771367449827 0.380655974149704 7834
1771367450024 1.3255589008331299 7835
1771367450110 1.1528480052947998 7836
1771367450195 0.6411698460578918 7837
1771367450283 0.6028980612754822 7838
1771367450373 0.9343417882919312 7839
1771367450463 0.16812191903591156 7840
1771367450659 0.49197739362716675 7841
1771367450743 0.6152790188789368 7842
1771367450828 0.460045725107193 7843
1771367450916 0.6052311062812805 7844
1771367451004 0.6172986030578613 7845
1771367451092 1.0890750885009766 7846
1771367451263 0.41549599170684814 7847
1771367451349 0.4849836528301239 7848
1771367451436 0.6113120317459106 7849
1771367451523 0.8225937485694885 7850
1771367451611 0.44226890802383423 7851
1771367451697 0.2181888073682785 7852
1771367451863 0.9479491114616394 7853
1771367451952 0.6435390114784241 7854
1771367452037 0.659529983997345 7855
1771367452121 0.5916509032249451 7856
1771367452208 0.6403210759162903 7857
1771367452291 0.7257936596870422 7858
1771367452375 0.4371899664402008 7859
1771367452554 0.4791485369205475 7860
1771367452646 0.8406909108161926 7861
1771367452739 0.4625129997730255 7862
1771367452828 0.7443681359291077 7863
1771367452916 0.9981376528739929 7864
1771367453004 0.4513362646102905 7865
1771367453185 0.7216571569442749 7866
1771367453275 0.7200493812561035 7867
1771367453362 0.5884842872619629 7868
1771367453444 0.5492445230484009 7869
1771367453526 1.3180044889450073 7870
1771367453612 0.9231612086296082 7871
1771367453780 0.5373086929321289 7872
1771367453867 0.4376099705696106 7873
1771367453955 0.4816693961620331 7874
1771367454047 0.6002007722854614 7875
1771367454135 0.5029741525650024 7876
1771367454222 0.6116178035736084 7877
1771367454398 0.6378306746482849 7878
1771367454487 0.999339759349823 7879
1771367454569 0.5266724228858948 7880
1771367454653 0.8064258098602295 7881
1771367454739 0.4911932349205017 7882
1771367454823 0.2193899303674698 7883
1771367454906 1.0258876085281372 7884
1771367455081 0.704764723777771 7885
1771367455164 0.6822854280471802 7886
1771367455250 0.8077535629272461 7887
1771367455335 1.735685110092163 7888
1771367455419 0.5296350717544556 7889
1771367455503 1.322544813156128 7890
1771367455669 0.5909082889556885 7891
1771367455752 0.3621464669704437 7892
1771367455833 1.0725377798080444 7893
1771367455916 0.7712374329566956 7894
1771367456002 0.392779678106308 7895
1771367456092 0.8234896659851074 7896
1771367456282 1.0191824436187744 7897
1771367456374 0.40745359659194946 7898
1771367456461 0.7650972008705139 7899
1771367456553 0.1365157812833786 7900
1771367456639 0.18252027034759521 7901
1771367456727 0.5741198658943176 7902
1771367456914 0.3113849461078644 7903
1771367457004 0.3375169038772583 7904
1771367457093 0.2978782653808594 7905
1771367457178 0.6292455196380615 7906
1771367457264 0.2133190780878067 7907
1771367457352 0.6418436169624329 7908
1771367457440 1.45892333984375 7909
1771367457648 0.6614311933517456 7910
1771367457744 0.7013688087463379 7911
1771367457830 0.3406296968460083 7912
1771367457917 0.36787480115890503 7913
1771367458007 0.6519387364387512 7914
1771367458097 0.49539896845817566 7915
1771367458267 1.0845941305160522 7916
1771367458356 0.8165550827980042 7917
1771367458446 0.5190914273262024 7918
1771367458533 0.4745878577232361 7919
1771367458619 0.18521103262901306 7920
1771367458706 0.41235262155532837 7921
1771367458872 0.7951043844223022 7922
1771367458958 0.6547760963439941 7923
1771367459046 0.7480959296226501 7924
1771367459141 0.563072681427002 7925
1771367459258 0.7084149718284607 7926
1771367459356 0.693544864654541 7927
1771367459530 0.9933832883834839 7928
1771367459615 0.6392911076545715 7929
1771367459703 0.5660520792007446 7930
1771367459788 0.4129140079021454 7931
1771367459874 0.678366482257843 7932
1771367459957 0.9771109223365784 7933
1771367460043 0.9856399297714233 7934
1771367460209 0.25341010093688965 7935
1771367460304 0.2916765809059143 7936
1771367460397 0.4405582547187805 7937
1771367460487 1.0229920148849487 7938
1771367460573 0.6422030925750732 7939
1771367460660 0.6914647817611694 7940
1771367460849 0.32128390669822693 7941
1771367460935 0.48622000217437744 7942
1771367461026 0.9579420685768127 7943
1771367461114 0.6330989003181458 7944
1771367461202 0.44220009446144104 7945
1771367461288 0.34945589303970337 7946
1771367461449 0.701349139213562 7947
1771367461537 0.4486120939254761 7948
1771367461629 0.627005398273468 7949
1771367461719 0.44167599081993103 7950
1771367461806 0.528097927570343 7951
1771367461889 0.6374536156654358 7952
1771367462055 0.4595266282558441 7953
1771367462145 0.8083664774894714 7954
1771367462232 0.2671661674976349 7955
1771367462327 0.44137004017829895 7956
1771367462417 0.5790143013000488 7957
1771367462504 0.4395041763782501 7958
1771367462602 0.6594250798225403 7959
1771367462785 0.41965189576148987 7960
1771367462875 0.3172398507595062 7961
1771367462965 0.31143563985824585 7962
1771367463056 0.7243258357048035 7963
1771367463149 0.7410831451416016 7964
1771367463263 0.567116379737854 7965
1771367463486 0.7379432320594788 7966
1771367463572 1.0382764339447021 7967
1771367463660 0.6898385286331177 7968
1771367463746 0.3773166835308075 7969
1771367463830 0.5594322085380554 7970
1771367463919 0.7481845021247864 7971
1771367464084 0.7369793653488159 7972
1771367464304 0.3803865313529968 7973
1771367464393 0.40247923135757446 7974
1771367464478 0.28703007102012634 7975
1771367464673 0.7110364437103271 7976
1771367464760 0.61187744140625 7977
1771367464849 0.5579336285591125 7978
1771367464933 0.42513546347618103 7979
1771367465018 0.41788581013679504 7980
1771367465103 0.2828662395477295 7981
1771367465195 0.5778951048851013 7982
1771367465383 0.6533722281455994 7983
1771367465468 0.4062201678752899 7984
1771367465552 0.3010869026184082 7985
1771367465636 0.6084116697311401 7986
1771367465721 0.9767298102378845 7987
1771367465810 0.4765644073486328 7988
1771367466001 1.0384105443954468 7989
1771367466087 1.0944385528564453 7990
1771367466172 0.4995386004447937 7991
1771367466262 0.46136391162872314 7992
1771367466356 0.7666994333267212 7993
1771367466447 0.3603741228580475 7994
1771367466620 0.841576337814331 7995
1771367466705 0.694631814956665 7996
1771367466796 0.2809235751628876 7997
1771367466911 0.3291652500629425 7998
1771367467005 0.7072970271110535 7999
1771367467092 0.4498312175273895 8000
1771367467277 0.8786577582359314 8001
1771367467360 0.5754791498184204 8002
1771367467443 0.265735000371933 8003
1771367467527 0.41056957840919495 8004
1771367467615 0.5973883867263794 8005
1771367467707 0.9853543043136597 8006
1771367467793 0.29194286465644836 8007
1771367467955 1.2432096004486084 8008
1771367468037 0.8230337500572205 8009
1771367468121 0.3205215334892273 8010
1771367468206 0.3661755323410034 8011
1771367468297 1.0050885677337646 8012
1771367468392 0.3829617202281952 8013
1771367468577 0.30076754093170166 8014
1771367468665 0.3082521855831146 8015
1771367468749 0.4705652594566345 8016
1771367468834 0.3378639221191406 8017
1771367468922 0.4060105085372925 8018
1771367469017 0.86057448387146 8019
1771367469194 0.7311275601387024 8020
1771367469276 0.5091330409049988 8021
1771367469356 0.24835088849067688 8022
1771367469434 0.802488386631012 8023
1771367469513 0.563504695892334 8024
1771367469593 0.6778778433799744 8025
1771367469742 0.6723923087120056 8026
1771367469825 0.162066251039505 8027
1771367469904 0.37230384349823 8028
1771367469987 0.3929794430732727 8029
1771367470068 0.8254613280296326 8030
1771367470150 0.6789976954460144 8031
1771367470230 0.5295276045799255 8032
1771367470382 0.885179877281189 8033
1771367470460 0.5440604090690613 8034
1771367470539 0.2662755846977234 8035
1771367470622 0.4545007646083832 8036
1771367470699 0.932227373123169 8037
1771367470775 0.6689775586128235 8038
1771367470920 0.7488260865211487 8039
1771367470998 0.7494058012962341 8040
1771367471076 0.6877368688583374 8041
1771367471154 0.4039374589920044 8042
1771367471243 0.6619465351104736 8043
1771367471323 0.27881500124931335 8044
1771367471402 0.8380343317985535 8045
1771367471553 0.997223436832428 8046
1771367471630 0.8655263781547546 8047
1771367471708 0.5167562365531921 8048
1771367471786 0.6999239921569824 8049
1771367471870 0.7970698475837708 8050
1771367471949 0.5293554067611694 8051
1771367472102 0.5568476319313049 8052
1771367472180 0.663827657699585 8053
1771367472258 0.14478223025798798 8054
1771367472336 1.1308053731918335 8055
1771367472418 1.2762725353240967 8056
1771367472502 0.41374242305755615 8057
1771367472587 0.45956602692604065 8058
1771367472753 0.5874781012535095 8059
1771367472835 0.36818012595176697 8060
1771367472920 0.9710080027580261 8061
1771367473007 0.8114544153213501 8062
1771367473095 1.0057718753814697 8063
1771367473185 0.3734411299228668 8064
1771367473347 0.8232996463775635 8065
1771367473432 0.6185684204101562 8066
1771367473516 0.6895273923873901 8067
1771367473604 1.4592249393463135 8068
1771367473690 0.2123359739780426 8069
1771367473768 1.1465297937393188 8070
1771367473845 0.5389617085456848 8071
1771367474001 0.5921304821968079 8072
1771367474083 1.0981501340866089 8073
1771367474168 0.7816654443740845 8074
1771367474259 0.48654410243034363 8075
1771367474348 0.3445456624031067 8076
1771367474432 0.43233320116996765 8077
1771367474609 0.7465981841087341 8078
1771367474691 0.9988194108009338 8079
1771367474782 0.43540117144584656 8080
1771367474868 0.30990085005760193 8081
1771367474952 0.7218549847602844 8082
1771367475035 0.4357883930206299 8083
1771367475118 0.6164892911911011 8084
1771367475275 0.6674387454986572 8085
1771367475365 0.5852203369140625 8086
1771367475447 0.3451133668422699 8087
1771367475528 0.5132831335067749 8088
1771367475611 0.9125643372535706 8089
1771367475689 0.3486003875732422 8090
1771367475840 0.42177507281303406 8091
1771367475924 0.5422808527946472 8092
1771367476008 0.6265308856964111 8093
1771367476087 0.6870537996292114 8094
1771367476165 0.7232875227928162 8095
1771367476244 0.4658679664134979 8096
1771367476412 0.7284340858459473 8097
1771367476493 0.3614603579044342 8098
1771367476580 0.7800880074501038 8099
1771367476658 0.41819462180137634 8100
1771367476738 0.546295702457428 8101
1771367476822 0.1741809993982315 8102
1771367476995 0.6780416965484619 8103
1771367477074 0.3316824436187744 8104
1771367477151 0.4311922490596771 8105
1771367477229 0.8073336482048035 8106
1771367477306 1.136064052581787 8107
1771367477384 0.7341376543045044 8108
1771367477550 0.6091848015785217 8109
1771367477634 0.5677571892738342 8110
1771367477712 0.7229891419410706 8111
1771367477792 0.27736371755599976 8112
1771367477873 0.493579626083374 8113
1771367477954 0.18652547895908356 8114
1771367478121 0.5027173161506653 8115
1771367478206 0.6863499879837036 8116
1771367478286 0.33554908633232117 8117
1771367478366 0.41056564450263977 8118
1771367478451 0.3102874159812927 8119
1771367478533 0.5082239508628845 8120
1771367478732 0.47054123878479004 8121
1771367478813 0.37196630239486694 8122
1771367478897 0.5917689800262451 8123
1771367478976 0.7079782485961914 8124
1771367479057 1.471619963645935 8125
1771367479136 1.0173521041870117 8126
1771367479300 0.16815300285816193 8127
1771367479382 0.16766560077667236 8128
1771367479462 0.6870342493057251 8129
1771367479540 0.2771419286727905 8130
1771367479619 0.40791046619415283 8131
1771367479699 0.5712540149688721 8132
1771367479867 0.7000429034233093 8133
1771367479953 0.6478366851806641 8134
1771367480033 0.8014668822288513 8135
1771367480112 0.235164076089859 8136
1771367480192 0.43128901720046997 8137
1771367480276 0.585181713104248 8138
1771367480441 0.6295501589775085 8139
1771367480530 0.308432400226593 8140
1771367480611 0.6500434875488281 8141
1771367480700 0.516223669052124 8142
1771367480787 0.4503239095211029 8143
1771367480878 0.8876433968544006 8144
1771367481073 0.8868880867958069 8145
1771367481156 0.3932499885559082 8146
1771367481238 0.329764187335968 8147
1771367481323 0.4670048952102661 8148
1771367481405 0.5190242528915405 8149
1771367481488 0.8055976033210754 8150
1771367481669 0.21617409586906433 8151
1771367481750 0.8844370245933533 8152
1771367481827 1.2476885318756104 8153
1771367481908 0.7731135487556458 8154
1771367481994 0.8169639706611633 8155
1771367482079 0.39786702394485474 8156
1771367482238 0.37423965334892273 8157
1771367482327 0.7187732458114624 8158
1771367482406 1.014011025428772 8159
1771367482487 0.4335103929042816 8160
1771367482577 0.7802817821502686 8161
1771367482668 0.4504651427268982 8162
1771367482829 1.0529252290725708 8163
1771367482914 0.25428110361099243 8164
1771367483000 0.5368118286132812 8165
1771367483091 0.798755943775177 8166
1771367483179 0.7625356316566467 8167
1771367483274 0.9017510414123535 8168
1771367483367 0.3832206726074219 8169
1771367483534 0.7280417084693909 8170
1771367483615 0.8643836379051208 8171
1771367483696 0.5792189836502075 8172
1771367483779 0.5163161158561707 8173
1771367483862 0.6769372820854187 8174
1771367484012 0.7226611375808716 8175
1771367484093 0.9129524230957031 8176
1771367484174 0.6251189112663269 8177
1771367484254 0.8853267431259155 8178
1771367484342 0.7159247398376465 8179
1771367484426 0.6830539107322693 8180
1771367484579 0.44908303022384644 8181
1771367484659 0.8413524031639099 8182
1771367484741 0.8277435302734375 8183
1771367484820 0.1523829996585846 8184
1771367484902 0.6592088937759399 8185
1771367484983 0.7224854826927185 8186
1771367485145 0.41835734248161316 8187
1771367485228 0.37417542934417725 8188
1771367485310 0.9418583512306213 8189
1771367485393 0.6223618388175964 8190
1771367485473 0.355524480342865 8191
1771367485554 0.4451945722103119 8192
1771367485717 0.7363486289978027 8193
1771367485798 0.5816566944122314 8194
1771367485878 0.43852484226226807 8195
1771367485957 0.7803779244422913 8196
1771367486040 0.5592886209487915 8197
1771367486124 0.8818637132644653 8198
1771367486293 0.26125577092170715 8199
1771367486377 0.2988817095756531 8200
1771367486465 0.4408363401889801 8201
1771367486543 0.2842201292514801 8202
1771367486626 0.4649176597595215 8203
1771367486712 0.7917940616607666 8204
1771367486878 0.31472644209861755 8205
1771367486961 0.6704692840576172 8206
1771367487041 0.34252336621284485 8207
1771367487119 0.3522442877292633 8208
1771367487208 1.1743478775024414 8209
1771367487294 0.7479312419891357 8210
1771367487472 0.5117378234863281 8211
1771367487562 0.5739853978157043 8212
1771367487641 0.608799397945404 8213
1771367487723 0.9011702537536621 8214
1771367487807 0.30192601680755615 8215
1771367487896 0.39142900705337524 8216
1771367488074 0.4719115197658539 8217
1771367488155 0.3865821957588196 8218
1771367488232 0.6939886808395386 8219
1771367488310 0.5869238376617432 8220
1771367488393 0.4776122570037842 8221
1771367488481 0.44286975264549255 8222
1771367488647 0.8253084421157837 8223
1771367488731 0.650170624256134 8224
1771367488810 0.45180976390838623 8225
1771367488889 0.41761577129364014 8226
1771367488974 0.9444649815559387 8227
1771367489062 0.3243272006511688 8228
1771367489242 0.6442139148712158 8229
1771367489332 0.6543746590614319 8230
1771367489414 0.7937228083610535 8231
1771367489496 0.6823223233222961 8232
1771367489584 0.3184024691581726 8233
1771367489672 0.7710331082344055 8234
1771367489847 0.5433443188667297 8235
1771367489930 0.22655262053012848 8236
1771367490010 0.34983399510383606 8237
1771367490093 0.48867714405059814 8238
1771367490177 0.9773168563842773 8239
1771367490259 0.8925455212593079 8240
1771367490349 1.1411067247390747 8241
1771367490524 0.487612247467041 8242
1771367490604 0.7093743681907654 8243
1771367490688 1.019601583480835 8244
1771367490769 0.7198116183280945 8245
1771367490853 1.1243263483047485 8246
1771367491032 0.5530387163162231 8247
1771367491121 0.500423789024353 8248
1771367491207 0.649286150932312 8249
1771367491292 0.6076164245605469 8250
1771367491383 0.8797464966773987 8251
1771367491469 0.6286877393722534 8252
1771367491632 0.314407080411911 8253
1771367491721 0.2843073606491089 8254
1771367491803 0.734794557094574 8255
1771367491884 0.7029460072517395 8256
1771367491964 0.18647387623786926 8257
1771367492045 0.4608835279941559 8258
1771367492228 0.285454124212265 8259
1771367492318 0.46955347061157227 8260
1771367492406 0.6396980285644531 8261
1771367492487 0.6423219442367554 8262
1771367492574 0.36170193552970886 8263
1771367492664 0.7088673114776611 8264
1771367492853 0.29527902603149414 8265
1771367492941 0.2958354949951172 8266
1771367493028 0.6363887786865234 8267
1771367493112 0.8882438540458679 8268
1771367493198 0.41877421736717224 8269
1771367493289 0.33863604068756104 8270
1771367493481 0.46106696128845215 8271
1771367493571 1.0231422185897827 8272
1771367493659 0.36965975165367126 8273
1771367493741 0.4195384681224823 8274
1771367493826 0.544033408164978 8275
1771367493917 0.9091200232505798 8276
1771367494100 0.25247010588645935 8277
1771367494194 0.5338758826255798 8278
1771367494277 0.2964152991771698 8279
1771367494358 0.360272079706192 8280
1771367494444 0.33176514506340027 8281
1771367494530 0.6694064736366272 8282
1771367494723 0.4605657160282135 8283
1771367494811 1.2328965663909912 8284
1771367494894 1.049058198928833 8285
1771367494977 0.7045163512229919 8286
1771367495060 0.500872015953064 8287
1771367495148 1.1834890842437744 8288
1771367495345 0.8556190133094788 8289
1771367495436 0.44782766699790955 8290
1771367495531 0.5237127542495728 8291
1771367495613 0.2913593649864197 8292
1771367495695 0.7855563759803772 8293
1771367495778 1.0527328252792358 8294
1771367495968 0.7503573298454285 8295
1771367496056 0.49639156460762024 8296
1771367496144 0.6086567044258118 8297
1771367496228 0.11980495601892471 8298
1771367496310 0.24355807900428772 8299
1771367496396 0.22313761711120605 8300
1771367496582 0.9550192952156067 8301
1771367496671 0.6172999143600464 8302
1771367496756 0.1792629510164261 8303
1771367496838 0.8161472082138062 8304
1771367496921 0.8351302742958069 8305
1771367497005 0.3858812153339386 8306
1771367497177 0.22648917138576508 8307
1771367497266 0.8822933435440063 8308
1771367497353 0.4053295850753784 8309
1771367497435 0.5570686459541321 8310
1771367497517 0.5304486751556396 8311
1771367497605 0.9997736811637878 8312
1771367497689 0.8234742879867554 8313
1771367497864 0.42089930176734924 8314
1771367497946 0.18419748544692993 8315
1771367498030 0.5486270189285278 8316
1771367498115 0.33446159958839417 8317
1771367498201 0.242551788687706 8318
1771367498411 0.5152300596237183 8319
1771367498511 0.7917723655700684 8320
1771367498604 0.4628680348396301 8321
1771367498697 0.44358351826667786 8322
1771367498791 0.8434155583381653 8323
1771367498888 0.4597659111022949 8324
1771367499085 0.5254673957824707 8325
1771367499183 0.47659432888031006 8326
1771367499279 0.4210982322692871 8327
1771367499371 1.1659797430038452 8328
1771367499465 0.6466734409332275 8329
1771367499566 0.3774559497833252 8330
1771367499759 0.6106861233711243 8331
1771367499849 0.7786868810653687 8332
1771367499935 0.22770406305789948 8333
1771367500026 0.17206449806690216 8334
1771367500122 0.4040994942188263 8335
1771367500214 0.9521654844284058 8336
1771367500449 0.5651656985282898 8337
1771367500549 0.5215481519699097 8338
1771367500648 0.5775604844093323 8339
1771367500748 0.4466221332550049 8340
1771367500869 0.7778348922729492 8341
1771367500960 0.811825156211853 8342
1771367501151 0.8214079737663269 8343
1771367501239 0.20590467751026154 8344
1771367501331 1.0499366521835327 8345
1771367501421 0.643074095249176 8346
1771367501510 0.4070616364479065 8347
1771367501601 0.5212862491607666 8348
1771367501792 0.6363791227340698 8349
1771367501883 0.5686479806900024 8350
1771367501978 0.42425453662872314 8351
1771367502074 1.2683430910110474 8352
1771367502167 0.5592395067214966 8353
1771367502259 0.7433381676673889 8354
1771367502440 0.7916876077651978 8355
1771367502535 0.24592407047748566 8356
1771367502631 0.5820059776306152 8357
1771367502726 0.44822901487350464 8358
1771367502816 0.4336901009082794 8359
1771367502905 1.2043044567108154 8360
1771367503136 0.7084360122680664 8361
1771367503236 0.6701419353485107 8362
1771367503333 0.6594296097755432 8363
1771367503426 0.73831707239151 8364
1771367503516 0.7161709666252136 8365
1771367503603 0.8246089816093445 8366
1771367503793 0.46783778071403503 8367
1771367503887 0.6185250282287598 8368
1771367503980 0.7754222750663757 8369
1771367504072 0.47498536109924316 8370
1771367504159 0.8118135333061218 8371
1771367504250 0.48268163204193115 8372
1771367504459 0.26783129572868347 8373
1771367504552 0.3966960906982422 8374
1771367504644 0.5270585417747498 8375
1771367504737 0.6615221500396729 8376
1771367504831 0.7691326141357422 8377
1771367504930 0.25972989201545715 8378
1771367505116 0.8405379056930542 8379
1771367505213 0.3304812014102936 8380
1771367505308 1.137892246246338 8381
1771367505402 0.9785072803497314 8382
1771367505499 0.31354856491088867 8383
1771367505600 0.2658865749835968 8384
1771367505698 0.37998610734939575 8385
1771367505881 0.24901235103607178 8386
1771367505978 0.44334912300109863 8387
1771367506077 0.6218468546867371 8388
1771367506180 0.6304520964622498 8389
1771367506288 0.4834747612476349 8390
1771367506398 0.524256706237793 8391
1771367506659 0.899787425994873 8392
1771367506758 0.26805490255355835 8393
1771367506853 0.9508460760116577 8394
1771367506949 0.8710139393806458 8395
1771367507043 0.6085948348045349 8396
1771367507140 0.4881233870983124 8397
1771367507377 0.9122065305709839 8398
1771367507476 0.665920615196228 8399
1771367507572 0.27570438385009766 8400
1771367507667 0.8953332901000977 8401
1771367507767 0.6836605072021484 8402
1771367507865 0.4675842225551605 8403
1771367508090 1.0565942525863647 8404
1771367508184 0.656556248664856 8405
1771367508276 0.8374274969100952 8406
1771367508374 0.23244072496891022 8407
1771367508476 0.7542189359664917 8408
1771367508574 0.5196067690849304 8409
1771367508788 0.6063652634620667 8410
1771367508884 0.9292268753051758 8411
1771367508984 0.40007326006889343 8412
1771367509088 0.5677856206893921 8413
1771367509186 0.4081801772117615 8414
1771367509282 0.5109653472900391 8415
1771367509480 0.5076736211776733 8416
1771367509577 0.4769389033317566 8417
1771367509678 0.30860215425491333 8418
1771367509775 0.3327333927154541 8419
1771367509886 0.25205084681510925 8420
1771367510001 0.47728610038757324 8421
1771367510248 1.0225682258605957 8422
1771367510347 0.7649052739143372 8423
1771367510442 0.31857940554618835 8424
1771367510538 0.2821037471294403 8425
1771367510636 0.3148443102836609 8426
1771367510732 0.26577281951904297 8427
1771367510945 0.5482296943664551 8428
1771367511043 0.7259564399719238 8429
1771367511140 0.356636106967926 8430
1771367511240 0.3677734136581421 8431
1771367511336 0.237118661403656 8432
1771367511432 0.7597467303276062 8433
1771367511622 0.32319900393486023 8434
1771367511726 0.663736879825592 8435
1771367511822 0.765758752822876 8436
1771367511919 0.4318159520626068 8437
1771367512017 0.6408067941665649 8438
1771367512126 0.6038818359375 8439
1771367512337 0.7684051394462585 8440
1771367512430 1.0264387130737305 8441
1771367512659 0.31915783882141113 8442
1771367512871 0.2630408704280853 8443
1771367512972 0.3884618878364563 8444
1771367513093 0.4834229350090027 8445
1771367513196 0.6815155744552612 8446
1771367513287 0.6065241694450378 8447
1771367513378 0.8235043883323669 8448
1771367513470 0.852719247341156 8449
1771367513669 0.4779517948627472 8450
1771367513771 0.2917715311050415 8451
1771367513868 0.6331908702850342 8452
1771367513968 0.43322640657424927 8453
1771367514063 1.1944035291671753 8454
1771367514161 0.3945196270942688 8455
1771367514261 0.5471220016479492 8456
1771367514354 0.23236392438411713 8457
1771367514584 0.5305374264717102 8458
1771367514677 0.17355850338935852 8459
1771367514773 0.3625090718269348 8460
1771367514867 0.7878739237785339 8461
1771367514980 0.5754718780517578 8462
1771367515096 0.10453520715236664 8463
1771367515190 0.8548406958580017 8464
1771367515384 0.8289243578910828 8465
1771367515478 0.41026169061660767 8466
1771367515571 0.7408009767532349 8467
1771367515667 0.3514438569545746 8468
1771367515760 0.47125259041786194 8469
1771367515856 0.389975368976593 8470
1771367516037 0.3632134199142456 8471
1771367516129 0.8730291724205017 8472
1771367516225 0.33513182401657104 8473
1771367516333 0.6670525670051575 8474
1771367516426 0.6555573344230652 8475
1771367516521 0.5071883201599121 8476
1771367516747 0.12187106162309647 8477
1771367516849 0.6906811594963074 8478
1771367516947 0.4057077169418335 8479
1771367517045 0.44974789023399353 8480
1771367517145 0.8473297953605652 8481
1771367517239 0.6030041575431824 8482
1771367517423 0.2124997079372406 8483
1771367517521 0.26740506291389465 8484
1771367517618 0.5146297216415405 8485
1771367517712 0.3890434801578522 8486
1771367517805 0.7773790955543518 8487
1771367518019 0.39289116859436035 8488
1771367518109 0.5086933970451355 8489
1771367518199 0.5833138823509216 8490
1771367518299 0.39999866485595703 8491
1771367518390 1.0289031267166138 8492
1771367518484 0.20733805000782013 8493
1771367518675 0.9608237743377686 8494
1771367518775 0.7052325010299683 8495
1771367518869 0.5549671649932861 8496
1771367518962 0.29152050614356995 8497
1771367519137 0.22952459752559662 8498
1771367519231 0.7256801724433899 8499
1771367519332 0.09881570935249329 8500
1771367519432 0.43622076511383057 8501
1771367519531 0.4136431813240051 8502
1771367519766 0.5567026734352112 8503
1771367519860 0.37853822112083435 8504
1771367519960 0.46691203117370605 8505
1771367520054 0.41874533891677856 8506
1771367520147 0.27323952317237854 8507
1771367520326 0.14358273148536682 8508
1771367520424 0.2533087730407715 8509
1771367520518 0.35186755657196045 8510
1771367520616 0.3455899953842163 8511
1771367520822 0.20399731397628784 8512
1771367520918 0.11567840725183487 8513
1771367521014 0.4545309245586395 8514
1771367521111 0.6071218848228455 8515
1771367521208 0.6631995439529419 8516
1771367521308 0.6068569421768188 8517
1771367521403 0.7005776166915894 8518
1771367521502 0.6263710856437683 8519
1771367521686 0.6590326428413391 8520
1771367521775 0.5506899356842041 8521
1771367521866 0.32041922211647034 8522
1771367521958 0.7590323090553284 8523
1771367522055 0.19034439325332642 8524
1771367522149 0.3917081356048584 8525
1771367522241 0.42022818326950073 8526
1771367522416 0.6609200835227966 8527
1771367522515 0.32347372174263 8528
1771367522614 1.061137318611145 8529
1771367522711 0.7853519320487976 8530
1771367522809 0.5312130451202393 8531
1771367522904 0.40589427947998047 8532
1771367523009 0.3085944354534149 8533
1771367523219 0.22942835092544556 8534
1771367523314 0.33097437024116516 8535
1771367523408 0.5377079248428345 8536
1771367523504 0.9860076904296875 8537
1771367523599 0.6650720238685608 8538
1771367523692 0.24451884627342224 8539
1771367523785 0.5027535557746887 8540
1771367523958 1.004313588142395 8541
1771367524053 0.3441019058227539 8542
1771367524150 0.5851263403892517 8543
1771367524236 0.395428866147995 8544
1771367524328 0.7301154732704163 8545
1771367524415 0.6350966691970825 8546
1771367524599 0.4871191680431366 8547
1771367524690 0.8060137033462524 8548
1771367524781 0.935414731502533 8549
1771367524875 0.900405764579773 8550
1771367524965 0.4040032625198364 8551
1771367525057 0.41353079676628113 8552
1771367525259 0.450011283159256 8553
1771367525352 0.4840511381626129 8554
1771367525439 0.6877177953720093 8555
1771367525527 0.8776359558105469 8556
1771367525618 0.5513365864753723 8557
1771367525801 0.8189886212348938 8558
1771367525890 0.8246840238571167 8559
1771367525975 1.0239161252975464 8560
1771367526059 1.2151668071746826 8561
1771367526142 0.30959418416023254 8562
1771367526325 0.1756044626235962 8563
1771367526416 0.5185202956199646 8564
1771367526498 0.78440260887146 8565
1771367526583 0.6274860501289368 8566
1771367526669 0.20173518359661102 8567
1771367526821 0.3642725646495819 8568
1771367526903 0.3119214177131653 8569
1771367526987 0.24800744652748108 8570
1771367527073 0.6004529595375061 8571
1771367527160 0.44994527101516724 8572
1771367527305 0.66762775182724 8573
1771367527393 0.36343061923980713 8574
1771367527476 0.4823513329029083 8575
1771367527557 0.31239891052246094 8576
1771367527744 0.7429547905921936 8577
1771367527827 0.6945785880088806 8578
1771367527908 0.2521754503250122 8579
1771367527988 1.1243200302124023 8580
1771367528070 1.0890288352966309 8581
1771367528221 0.35621294379234314 8582
1771367528317 0.5218823552131653 8583
1771367528427 0.8207088112831116 8584
1771367528544 0.28262120485305786 8585
1771367528661 0.6500678062438965 8586
1771367528779 0.6844673752784729 8587
1771367528898 0.8855526447296143 8588
1771367529058 0.335570365190506 8589
1771367529142 0.28049251437187195 8590
1771367529222 0.20201067626476288 8591
1771367529304 0.19274751842021942 8592
1771367529392 0.18338042497634888 8593
1771367529480 0.27964290976524353 8594
1771367529565 0.8506450653076172 8595
1771367529649 0.14370134472846985 8596
1771367529818 0.4520483911037445 8597
1771367529906 0.3378103971481323 8598
1771367529999 0.6192499399185181 8599
1771367530086 0.5021910071372986 8600
1771367530171 0.29986897110939026 8601
1771367530254 0.32959672808647156 8602
1771367530337 0.26995086669921875 8603
1771367530509 0.2281726449728012 8604
1771367530630 0.7142937183380127 8605
1771367530755 0.5155706405639648 8606
1771367530877 0.26444101333618164 8607
1771367530998 0.39631202816963196 8608
1771367531099 0.7054026126861572 8609
1771367531263 0.45094263553619385 8610
1771367531351 0.8762151598930359 8611
1771367531435 0.29763340950012207 8612
1771367531519 0.9710118174552917 8613
1771367531607 0.8210956454277039 8614
1771367531694 0.8572874665260315 8615
1771367531869 0.4887160062789917 8616
1771367531956 0.410179078578949 8617
1771367532043 0.5388303995132446 8618
1771367532133 0.15661995112895966 8619
1771367532223 0.19833838939666748 8620
1771367532311 0.45632418990135193 8621
1771367532475 0.7165303230285645 8622
1771367532574 0.9453116059303284 8623
1771367532669 0.27461159229278564 8624
1771367532759 0.3577711582183838 8625
1771367532855 0.9780713319778442 8626
1771367533049 0.6516851782798767 8627
1771367533134 0.5183454751968384 8628
1771367533220 0.24659116566181183 8629
1771367533305 0.252360075712204 8630
1771367533388 1.0803866386413574 8631
1771367533471 0.5431115031242371 8632
1771367533644 0.49092599749565125 8633
1771367533730 1.097856879234314 8634
1771367533815 0.8853517770767212 8635
1771367533901 0.49098560214042664 8636
1771367534062 0.8365705609321594 8637
1771367534152 0.47367507219314575 8638
1771367534237 0.4149765074253082 8639
1771367534327 1.0400807857513428 8640
1771367534410 0.6915572881698608 8641
1771367534566 0.3364640176296234 8642
1771367534651 0.5690111517906189 8643
1771367534740 0.5674054622650146 8644
1771367534831 0.7140979170799255 8645
1771367534928 0.5882406830787659 8646
1771367535108 0.41758134961128235 8647
1771367535194 0.6386178135871887 8648
1771367535282 0.7008042931556702 8649
1771367535381 0.5051229000091553 8650
1771367535542 0.4391026198863983 8651
1771367535631 0.4301770031452179 8652
1771367535718 1.3223562240600586 8653
1771367535806 0.7454183101654053 8654
1771367535900 0.7427123188972473 8655
1771367535996 0.46885427832603455 8656
1771367536086 0.5039535164833069 8657
1771367536176 1.0614030361175537 8658
1771367536350 0.7147920727729797 8659
1771367536443 0.7845759391784668 8660
1771367536533 0.8899180889129639 8661
1771367536622 1.32720947265625 8662
1771367536709 0.4899244010448456 8663
1771367536795 0.17269276082515717 8664
1771367536883 0.7249336838722229 8665
1771367537052 0.3253540098667145 8666
1771367537142 0.6523544788360596 8667
1771367537232 0.750331699848175 8668
1771367537317 0.6652976870536804 8669
1771367537400 0.6213416457176208 8670
1771367537482 0.9102829694747925 8671
1771367537569 0.3804439902305603 8672
1771367537734 0.48266130685806274 8673
1771367537824 0.2498958855867386 8674
1771367537913 0.9778159260749817 8675
1771367537998 0.3968563377857208 8676
1771367538080 1.0688979625701904 8677
1771367538164 0.32284095883369446 8678
1771367538253 0.5033676624298096 8679
1771367538438 0.28437575697898865 8680
1771367538523 0.6492489576339722 8681
1771367538607 0.5643697381019592 8682
1771367538694 0.32238149642944336 8683
1771367538781 0.2338743954896927 8684
1771367538875 0.7088955640792847 8685
1771367539092 0.6849764585494995 8686
1771367539177 0.7663522362709045 8687
1771367539265 0.5270204544067383 8688
1771367539354 0.32667726278305054 8689
1771367539444 0.9639924764633179 8690
1771367539537 0.3809640109539032 8691
1771367539711 0.17411811649799347 8692
1771367539803 0.8321131467819214 8693
1771367539895 0.34876513481140137 8694
1771367539985 0.5449748039245605 8695
1771367540072 0.3614974915981293 8696
1771367540256 0.2588067650794983 8697
1771367540346 0.2888083755970001 8698
1771367540453 0.5511177182197571 8699
1771367540562 0.8616853952407837 8700
1771367540644 0.6641846895217896 8701
1771367540809 0.4346531331539154 8702
1771367540900 0.9767407774925232 8703
1771367540997 1.0851871967315674 8704
1771367541098 1.0593584775924683 8705
1771367541191 0.6268894672393799 8706
1771367541365 0.28681620955467224 8707
1771367541462 0.7436155080795288 8708
1771367541557 0.3652859926223755 8709
1771367541649 0.2876162827014923 8710
1771367541740 0.6778043508529663 8711
1771367541903 0.6961613893508911 8712
1771367541990 0.45787742733955383 8713
1771367542080 0.44843029975891113 8714
1771367542168 0.5558370351791382 8715
1771367542336 0.6469879746437073 8716
1771367542422 0.18749429285526276 8717
1771367542506 0.884471595287323 8718
1771367542597 1.1991313695907593 8719
1771367542693 0.5186259746551514 8720
1771367542878 0.4464876353740692 8721
1771367542966 0.42462894320487976 8722
1771367543054 0.2847056984901428 8723
1771367543145 0.3788684606552124 8724
1771367543339 0.26604896783828735 8725
1771367543430 0.6236068606376648 8726
1771367543521 0.49486568570137024 8727
1771367543613 0.5251956582069397 8728
1771367543709 0.671152651309967 8729
1771367543802 0.4051898419857025 8730
1771367543890 0.3613574504852295 8731
1771367544024 0.38246890902519226 8732
1771367544194 0.6031879782676697 8733
1771367544281 0.8314801454544067 8734
1771367544370 0.7623608112335205 8735
1771367544456 0.47245892882347107 8736
1771367544539 0.4191645383834839 8737
1771367544623 1.1727163791656494 8738
1771367544709 1.2920747995376587 8739
1771367544793 0.5089303255081177 8740
1771367544967 0.4079914391040802 8741
1771367545054 0.47260114550590515 8742
1771367545141 0.61487877368927 8743
1771367545230 0.8031401038169861 8744
1771367545327 0.9492142796516418 8745
1771367545417 0.5692025423049927 8746
1771367545546 0.3732943832874298 8747
1771367545643 0.47093072533607483 8748
1771367545829 0.6711301207542419 8749
1771367545916 1.0019264221191406 8750
1771367545999 0.16185711324214935 8751
1771367546085 1.0113470554351807 8752
1771367546176 0.29464057087898254 8753
1771367546265 0.6272066235542297 8754
1771367546363 0.8410465717315674 8755
1771367546454 0.43611466884613037 8756
1771367546641 0.6353225708007812 8757
1771367546729 0.3814619779586792 8758
1771367546816 1.0963122844696045 8759
1771367546906 0.20924393832683563 8760
1771367546999 0.8770669102668762 8761
1771367547090 0.7306427955627441 8762
1771367547177 0.6671841144561768 8763
1771367547265 0.8707426190376282 8764
1771367547438 0.4766571819782257 8765
1771367547529 0.7947843670845032 8766
1771367547621 0.3234562575817108 8767
1771367547717 0.5368462204933167 8768
1771367547808 0.553563117980957 8769
1771367547901 1.0485845804214478 8770
1771367547992 1.155085802078247 8771
1771367548079 0.5108432769775391 8772
1771367548251 0.4376659393310547 8773
1771367548344 0.5245910286903381 8774
1771367548438 0.4240066707134247 8775
1771367548531 0.4935919940471649 8776
1771367548620 1.8672168254852295 8777
1771367548707 0.8315476775169373 8778
1771367548796 0.6933134198188782 8779
1771367548888 0.22414301335811615 8780
1771367549079 0.16233985126018524 8781
1771367549168 0.7149453163146973 8782
1771367549255 0.12180887907743454 8783
1771367549340 1.1765743494033813 8784
1771367549429 0.521247923374176 8785
1771367549527 0.7152687311172485 8786
1771367549615 0.4912770688533783 8787
1771367549704 0.7244178056716919 8788
1771367549869 0.48885494470596313 8789
1771367549953 0.378765732049942 8790
1771367550040 0.758365273475647 8791
1771367550127 0.4589530825614929 8792
1771367550217 0.5363914966583252 8793
1771367550378 0.7594988942146301 8794
1771367550459 0.9581463932991028 8795
1771367550544 0.896152913570404 8796
1771367550632 0.8159877061843872 8797
1771367550721 0.6589469313621521 8798
1771367550886 0.5530965924263 8799
1771367550972 0.6329747438430786 8800
1771367551055 0.8258704543113708 8801
1771367551141 0.524600088596344 8802
1771367551229 0.5305872559547424 8803
1771367551320 1.0415723323822021 8804
1771367551486 0.49310314655303955 8805
1771367551569 0.3296503722667694 8806
1771367551651 0.6508185863494873 8807
1771367551736 0.5847012996673584 8808
1771367551825 0.3433900475502014 8809
1771367551995 0.1699468493461609 8810
1771367552079 0.5134768486022949 8811
1771367552161 0.13886839151382446 8812
1771367552243 0.3355868458747864 8813
1771367552330 0.7145665884017944 8814
1771367552513 0.6194762587547302 8815
1771367552602 0.11718428134918213 8816
1771367552687 0.6455292701721191 8817
1771367552772 0.706084668636322 8818
1771367552858 0.597454309463501 8819
1771367552950 0.3118011951446533 8820
1771367553143 0.7940249443054199 8821
1771367553233 0.8656373620033264 8822
1771367553320 0.43682989478111267 8823
1771367553402 1.0497245788574219 8824
1771367553486 0.19478724896907806 8825
1771367553671 0.36548349261283875 8826
1771367553765 0.9217368364334106 8827
1771367553852 0.7573278546333313 8828
1771367553935 0.5517947673797607 8829
1771367554018 0.8213061094284058 8830
1771367554168 0.9219337105751038 8831
1771367554258 0.1839427500963211 8832
1771367554351 0.5904120802879333 8833
1771367554438 0.5497561693191528 8834
1771367554524 0.4209747910499573 8835
1771367554607 0.6786338090896606 8836
1771367554759 0.5952401161193848 8837
1771367554842 0.5108336806297302 8838
1771367554931 0.8343302011489868 8839
1771367555015 0.5299327969551086 8840
1771367555098 0.8549293875694275 8841
1771367555250 0.5497344136238098 8842
1771367555336 0.5276756882667542 8843
1771367555429 0.35660630464553833 8844
1771367555524 0.5796341896057129 8845
1771367555618 0.7851384878158569 8846
1771367555808 0.5260725021362305 8847
1771367555894 0.40389955043792725 8848
1771367555980 0.595861554145813 8849
1771367556071 0.15373651683330536 8850
1771367556162 0.7620972990989685 8851
1771367556324 0.6206926107406616 8852
1771367556417 0.1527787744998932 8853
1771367556498 0.5713831186294556 8854
1771367556584 0.5308904647827148 8855
1771367556669 0.7864776253700256 8856
1771367556754 0.5206199288368225 8857
1771367556909 0.4666741192340851 8858
1771367556991 0.437319278717041 8859
1771367557071 0.7849738597869873 8860
1771367557152 0.4628036618232727 8861
1771367557238 0.2700819671154022 8862
1771367557416 0.3119345009326935 8863
1771367557503 0.6814015507698059 8864
1771367557588 0.49522665143013 8865
1771367557673 0.6975613236427307 8866
1771367557763 0.6371199488639832 8867
1771367557939 0.1796458512544632 8868
1771367558027 0.6250334978103638 8869
1771367558110 0.6095895171165466 8870
1771367558197 0.23477023839950562 8871
1771367558282 1.0529441833496094 8872
1771367558366 0.47248852252960205 8873
1771367558526 0.5867735147476196 8874
1771367558612 0.6734996438026428 8875
1771367558732 0.44471678137779236 8876
1771367558845 0.8745274543762207 8877
1771367558933 0.39051204919815063 8878
1771367559098 0.6069309711456299 8879
1771367559188 0.7813136577606201 8880
1771367559273 0.492942214012146 8881
1771367559359 0.8468729853630066 8882
1771367559446 0.9626408815383911 8883
1771367559618 0.8625218868255615 8884
1771367559705 0.4529535174369812 8885
1771367559796 0.33283907175064087 8886
1771367559884 0.691556453704834 8887
1771367559973 0.9527485966682434 8888
1771367560061 0.6070343255996704 8889
1771367560213 0.695256233215332 8890
1771367560299 0.7242262959480286 8891
1771367560382 0.7189059257507324 8892
1771367560466 0.7273988127708435 8893
1771367560556 0.5322744846343994 8894
1771367560737 0.5167410373687744 8895
1771367560830 1.1215565204620361 8896
1771367560953 0.9388564825057983 8897
1771367561076 0.6581907868385315 8898
1771367561199 0.4898882210254669 8899
1771367561393 0.4763195216655731 8900
1771367561479 0.3881683051586151 8901
1771367561565 0.679865300655365 8902
1771367561650 0.5430629253387451 8903
1771367561736 0.49291718006134033 8904
1771367561905 0.39060506224632263 8905
1771367561995 0.926677405834198 8906
1771367562082 0.9308249354362488 8907
1771367562168 0.5687245726585388 8908
1771367562254 0.7782309055328369 8909
1771367562340 0.47635436058044434 8910
1771367562650 0.3298107981681824 8911
1771367562739 0.6353129744529724 8912
1771367562827 0.28144294023513794 8913
1771367562987 1.0222841501235962 8914
1771367563072 0.4884515702724457 8915
1771367563155 0.3592299818992615 8916
1771367563241 0.5552117824554443 8917
1771367563327 0.13676483929157257 8918
1771367563478 0.5547295808792114 8919
1771367563568 0.5944642424583435 8920
1771367563654 0.2494150996208191 8921
1771367563737 0.3650563359260559 8922
1771367563820 0.581015408039093 8923
1771367563906 0.7182471752166748 8924
1771367564067 0.6341881155967712 8925
1771367564152 0.8697748184204102 8926
1771367564235 0.30775511264801025 8927
1771367564318 0.674373209476471 8928
1771367564403 0.7600312829017639 8929
1771367564561 0.7267800569534302 8930
1771367564643 0.4824552536010742 8931
1771367564726 0.7793406844139099 8932
1771367564809 0.551091730594635 8933
1771367564892 0.3855685293674469 8934
1771367565044 0.5915413498878479 8935
1771367565128 0.6426146030426025 8936
1771367565211 0.5969316363334656 8937
1771367565293 0.6633170247077942 8938
1771367565383 0.6815293431282043 8939
1771367565467 0.6728940606117249 8940
1771367565621 0.2127663642168045 8941
1771367565704 0.6929853558540344 8942
1771367565790 0.446983277797699 8943
1771367565874 0.6936166286468506 8944
1771367565959 0.582453727722168 8945
1771367566122 0.1644904762506485 8946
1771367566206 0.8512301445007324 8947
1771367566290 0.46101799607276917 8948
1771367566380 0.605575442314148 8949
1771367566476 1.3792202472686768 8950
1771367566651 1.190844178199768 8951
1771367566738 0.5418763160705566 8952
1771367566824 0.17579078674316406 8953
1771367566908 0.68552565574646 8954
1771367566996 0.16223692893981934 8955
1771367567145 0.22065915167331696 8956
1771367567231 0.4039253294467926 8957
1771367567314 0.5815680623054504 8958
1771367567402 0.7018774151802063 8959
1771367567488 0.765460193157196 8960
1771367567575 0.1470097452402115 8961
1771367567723 1.268286943435669 8962
1771367567806 0.20733164250850677 8963
1771367567889 0.7753777503967285 8964
1771367567975 0.7798184752464294 8965
1771367568061 0.6966843008995056 8966
1771367568220 0.15284334123134613 8967
1771367568304 0.4666537046432495 8968
1771367568389 0.2617618441581726 8969
1771367568474 0.2730110287666321 8970
1771367568569 0.2654246687889099 8971
1771367568720 0.5798811316490173 8972
1771367568805 0.49890145659446716 8973
1771367568889 0.7759324312210083 8974
1771367568971 0.282640665769577 8975
1771367569054 0.6470917463302612 8976
1771367569141 0.25783005356788635 8977
1771367569290 0.8268648386001587 8978
1771367569373 0.2973324954509735 8979
1771367569460 0.3430052697658539 8980
1771367569547 0.8502634763717651 8981
1771367569631 0.19543974101543427 8982
1771367569780 0.5323805809020996 8983
1771367569866 0.1997036635875702 8984
1771367569949 0.7049328684806824 8985
1771367570039 0.5167596936225891 8986
1771367570124 0.39667680859565735 8987
1771367570282 0.2965858280658722 8988
1771367570365 0.5334559082984924 8989
1771367570447 0.7315000891685486 8990
1771367570529 0.418047696352005 8991
1771367570612 0.43502312898635864 8992
1771367570693 0.4172954261302948 8993
1771367570838 0.683266282081604 8994
1771367570921 0.48940232396125793 8995
1771367571009 0.7716950178146362 8996
1771367571096 0.7625650763511658 8997
1771367571180 0.2998441159725189 8998
1771367571328 0.5630009174346924 8999
1771367571411 0.4962504804134369 9000
1771367571500 0.8524748086929321 9001
1771367571581 1.1261826753616333 9002
1771367571664 0.412184476852417 9003
1771367571816 0.9834973812103271 9004
1771367571900 0.8885705471038818 9005
1771367571984 0.31928175687789917 9006
1771367572067 0.5085511803627014 9007
1771367572150 0.2204250544309616 9008
1771367572306 0.534092128276825 9009
1771367572393 0.9272298812866211 9010
1771367572480 1.0298351049423218 9011
1771367572569 0.5060974955558777 9012
1771367572656 0.5975174307823181 9013
1771367572741 0.6585575342178345 9014
1771367572895 0.3482987582683563 9015
1771367572987 0.59210205078125 9016
1771367573078 0.6444444060325623 9017
1771367573163 0.7650448679924011 9018
1771367573247 0.45791926980018616 9019
1771367573402 0.5391258597373962 9020
1771367573488 0.7663761377334595 9021
1771367573594 1.063957929611206 9022
1771367573676 1.0550510883331299 9023
1771367573761 0.7269168496131897 9024
1771367573909 0.9725100994110107 9025
1771367573994 0.9608182311058044 9026
1771367574076 0.7970767021179199 9027
1771367574163 0.5214662551879883 9028
1771367574270 0.6224052906036377 9029
1771367574364 0.8566405177116394 9030
1771367574524 0.28196656703948975 9031
1771367574606 0.3715519607067108 9032
1771367574688 0.5660187602043152 9033
1771367574776 0.15607106685638428 9034
1771367574857 0.20138388872146606 9035
1771367575002 0.6198739409446716 9036
1771367575084 0.1128162071108818 9037
1771367575166 0.6879464387893677 9038
1771367575253 0.5779579281806946 9039
1771367575334 0.3950445055961609 9040
1771367575482 0.38467252254486084 9041
1771367575565 0.271009624004364 9042
1771367575648 0.9249492287635803 9043
1771367575729 0.5712560415267944 9044
1771367575809 0.5642200708389282 9045
1771367575891 0.5594346523284912 9046
1771367576044 0.7650541663169861 9047
1771367576127 0.739096999168396 9048
1771367576215 0.39483797550201416 9049
1771367576301 0.5171777009963989 9050
1771367576384 0.3231855630874634 9051
1771367576547 0.6603750586509705 9052
1771367576630 0.6568363904953003 9053
1771367576714 0.582689106464386 9054
1771367576803 0.5284602046012878 9055
1771367576886 0.2902285158634186 9056
1771367577049 0.4966012239456177 9057
1771367577133 0.5291995406150818 9058
1771367577217 0.40568864345550537 9059
1771367577300 0.5529819130897522 9060
1771367577384 0.20161384344100952 9061
1771367577534 0.601117730140686 9062
1771367577620 0.4870220720767975 9063
1771367577712 0.5296924114227295 9064
1771367577795 0.2202519327402115 9065
1771367577876 0.603299617767334 9066
1771367577961 0.18679587543010712 9067
1771367578109 0.3103419840335846 9068
1771367578194 0.6524980664253235 9069
1771367578278 0.6443330645561218 9070
1771367578360 0.6662271618843079 9071
1771367578443 0.4393739104270935 9072
1771367578599 0.654500424861908 9073
1771367578684 0.5499749779701233 9074
1771367578766 0.9918031096458435 9075
1771367578849 0.7161034345626831 9076
1771367578932 0.5083298087120056 9077
1771367579079 0.44007688760757446 9078
1771367579166 0.665718138217926 9079
1771367579252 0.8764957785606384 9080
1771367579339 0.5970369577407837 9081
1771367579425 0.5415375828742981 9082
1771367579510 0.21205252408981323 9083
1771367579655 0.5591628551483154 9084
1771367579737 0.6136700510978699 9085
1771367579826 0.17227056622505188 9086
1771367579908 0.27058348059654236 9087
1771367579991 0.5453785061836243 9088
1771367580160 0.26346293091773987 9089
1771367580243 0.5494168400764465 9090
1771367580330 0.705359160900116 9091
1771367580415 0.7684214115142822 9092
1771367580500 0.5530850291252136 9093
1771367580655 0.9064317941665649 9094
1771367580743 0.3554844558238983 9095
1771367580831 0.40199482440948486 9096
1771367580918 0.5350650548934937 9097
1771367581004 0.3781619369983673 9098
1771367581091 0.35710057616233826 9099
1771367581238 0.7665361762046814 9100
1771367581324 0.5173640847206116 9101
1771367581410 0.7062699198722839 9102
1771367581495 0.3920730650424957 9103
1771367581580 1.1875654458999634 9104
1771367581727 0.9416040182113647 9105
1771367581814 0.5927912592887878 9106
1771367581897 1.2700713872909546 9107
1771367581983 1.028927206993103 9108
1771367582073 0.6821492910385132 9109
1771367582158 0.4465961754322052 9110
1771367582307 0.41367509961128235 9111
1771367582396 0.6961935758590698 9112
1771367582484 0.4179590344429016 9113
1771367582574 0.3021288216114044 9114
1771367582662 0.5633150935173035 9115
1771367582825 0.25018301606178284 9116
1771367582912 0.5162380933761597 9117
1771367583001 0.32617637515068054 9118
1771367583093 0.7844826579093933 9119
1771367583180 0.5647786259651184 9120
1771367583336 0.2727903127670288 9121
1771367583423 0.42918410897254944 9122
1771367583512 1.2872226238250732 9123
1771367583607 1.006554126739502 9124
1771367583704 1.0245288610458374 9125
1771367583859 1.039479374885559 9126
1771367583947 0.32288241386413574 9127
1771367584033 1.070806622505188 9128
1771367584118 0.42850086092948914 9129
1771367584204 0.7016162872314453 9130
1771367584290 0.675046443939209 9131
1771367584446 0.3234667479991913 9132
1771367584533 0.33042046427726746 9133
1771367584620 0.10635228455066681 9134
1771367584704 0.323461651802063 9135
1771367584796 0.5259973406791687 9136
1771367584949 0.9470598697662354 9137
1771367585036 1.0040168762207031 9138
1771367585123 0.23057033121585846 9139
1771367585206 0.4978896975517273 9140
1771367585291 0.7001028656959534 9141
1771367585443 0.7615096569061279 9142
1771367585530 0.31834712624549866 9143
1771367585616 0.5002495646476746 9144
1771367585703 0.5181065201759338 9145
1771367585788 0.2692312002182007 9146
1771367585950 0.46265509724617004 9147
1771367586039 0.5473734140396118 9148
1771367586126 0.7825656533241272 9149
1771367586213 0.680281400680542 9150
1771367586299 0.4276224672794342 9151
1771367586384 1.0358237028121948 9152
1771367586543 0.37805065512657166 9153
1771367586631 0.37296202778816223 9154
1771367586718 0.3009328544139862 9155
1771367586815 0.49643534421920776 9156
1771367586912 0.6433418393135071 9157
1771367587072 0.24696648120880127 9158
1771367587160 0.452766478061676 9159
1771367587247 0.550137996673584 9160
1771367587334 0.9317218661308289 9161
1771367587419 0.4992187023162842 9162
1771367587570 0.48924720287323 9163
1771367587655 0.20567123591899872 9164
1771367587741 0.40682098269462585 9165
1771367587828 0.29804572463035583 9166
1771367587914 0.5291500091552734 9167
1771367588067 0.20653510093688965 9168
1771367588154 0.5684814453125 9169
1771367588242 0.4781380295753479 9170
1771367588328 0.756729006767273 9171
1771367588416 0.734853982925415 9172
1771367588570 0.6631590127944946 9173
1771367588658 0.11284086108207703 9174
1771367588743 0.2323625683784485 9175
1771367588828 0.29589784145355225 9176
1771367588920 0.18072280287742615 9177
1771367589079 0.33384400606155396 9178
1771367589168 0.785444974899292 9179
1771367589252 0.5276608467102051 9180
1771367589335 0.8219971656799316 9181
1771367589418 0.657321572303772 9182
1771367589573 0.31356939673423767 9183
1771367589659 0.8455424308776855 9184
1771367589742 0.38090452551841736 9185
1771367589827 0.20738860964775085 9186
1771367589911 0.7079389691352844 9187
1771367590066 0.7319430112838745 9188
1771367590152 0.4168868064880371 9189
1771367590234 0.6341592073440552 9190
1771367590318 0.20574834942817688 9191
1771367590404 0.3382366895675659 9192
1771367590490 0.27542299032211304 9193
1771367590649 0.2702052593231201 9194
1771367590735 0.4774518311023712 9195
1771367590830 1.52984619140625 9196
1771367590923 1.0278633832931519 9197
1771367591016 0.6203188896179199 9198
1771367591175 0.4264337420463562 9199
1771367591258 0.7535210251808167 9200
1771367591341 0.5352845788002014 9201
1771367591423 0.5150257349014282 9202
1771367591505 0.5933912396430969 9203
1771367591671 0.3740566372871399 9204
1771367591754 0.4904923737049103 9205
1771367591837 0.6221829652786255 9206
1771367591921 0.8687630295753479 9207
1771367592006 0.44311320781707764 9208
1771367592187 0.16512101888656616 9209
1771367592287 0.665558934211731 9210
1771367592371 0.43998798727989197 9211
1771367592455 0.849638044834137 9212
1771367592542 0.4732750654220581 9213
1771367592708 0.3623862862586975 9214
1771367592799 0.5650354027748108 9215
1771367592888 0.4886063039302826 9216
1771367592977 0.46725180745124817 9217
1771367593071 0.6486310362815857 9218
1771367593233 0.7467848062515259 9219
1771367593342 0.30289870500564575 9220
1771367593445 0.30991435050964355 9221
1771367593531 0.23434019088745117 9222
1771367593614 1.0001734495162964 9223
1771367593769 0.4207226634025574 9224
1771367593854 0.2954663634300232 9225
1771367593938 0.8458951115608215 9226
1771367594023 0.8324579000473022 9227
1771367594111 0.8432165384292603 9228
1771367594290 0.8023003935813904 9229
1771367594376 0.8354511260986328 9230
1771367594467 1.302737832069397 9231
1771367594551 0.8438321948051453 9232
1771367594634 1.021888017654419 9233
1771367594729 0.16727207601070404 9234
1771367594892 0.28633973002433777 9235
1771367594974 0.3452376127243042 9236
1771367595057 0.4426174461841583 9237
1771367595154 0.2952335774898529 9238
1771367595240 0.19345390796661377 9239
1771367595399 0.4234517514705658 9240
1771367595488 0.9505502581596375 9241
1771367595572 1.4176723957061768 9242
1771367595660 1.0962731838226318 9243
1771367595750 0.7354759573936462 9244
1771367595934 1.205210566520691 9245
1771367596022 1.173150658607483 9246
1771367596107 0.3706841766834259 9247
1771367596193 0.3023269474506378 9248
1771367596277 0.7386115789413452 9249
1771367596459 0.817794919013977 9250
1771367596554 0.09990361332893372 9251
1771367596639 0.31124234199523926 9252
1771367596725 0.712019145488739 9253
1771367596810 0.6639832854270935 9254
1771367596985 0.49064385890960693 9255
1771367597079 0.7896706461906433 9256
1771367597194 0.1932857483625412 9257
1771367597303 0.5878702998161316 9258
1771367597394 0.6227037310600281 9259
1771367597562 0.737975537776947 9260
1771367597657 0.7486907839775085 9261
1771367597755 0.6067902445793152 9262
1771367597850 0.5725488066673279 9263
1771367597939 0.4128294289112091 9264
1771367598116 0.5265814065933228 9265
1771367598206 0.8481194972991943 9266
1771367598295 0.4319310188293457 9267
1771367598387 0.762499988079071 9268
1771367598477 0.43720608949661255 9269
1771367598643 0.6959658861160278 9270
1771367598733 0.37053894996643066 9271
1771367598824 0.9407740235328674 9272
1771367598920 0.908859133720398 9273
1771367599025 0.5264697670936584 9274
1771367599122 0.6420630216598511 9275
1771367599307 0.9523391723632812 9276
1771367599403 0.33291181921958923 9277
1771367599497 0.2131797820329666 9278
1771367599589 0.6713436841964722 9279
1771367599682 0.7698872089385986 9280
1771367599854 0.4647774398326874 9281
1771367599943 0.17457237839698792 9282
1771367600035 0.6158707737922668 9283
1771367600126 0.4341631233692169 9284
1771367600220 1.1737606525421143 9285
1771367600400 0.217837393283844 9286
1771367600495 0.6754867434501648 9287
1771367600587 0.5592249631881714 9288
1771367600679 0.7646692991256714 9289
1771367600772 0.8595940470695496 9290
1771367600946 0.8316293358802795 9291
1771367601040 0.7295985221862793 9292
1771367601135 0.4019762873649597 9293
1771367601228 0.48157092928886414 9294
1771367601331 0.8782190084457397 9295
1771367601500 0.8366559147834778 9296
1771367601592 0.3087879717350006 9297
1771367601680 0.3747963011264801 9298
1771367601769 0.3833010196685791 9299
1771367601859 0.8566535711288452 9300
1771367602026 0.792591392993927 9301
1771367602119 0.44028422236442566 9302
1771367602211 0.22192856669425964 9303
1771367602302 0.5354074835777283 9304
1771367602395 0.9879235029220581 9305
1771367602565 0.8568665385246277 9306
1771367602662 0.29456326365470886 9307
1771367602756 0.5290473699569702 9308
1771367602846 0.8179627060890198 9309
1771367602936 0.6355614066123962 9310
1771367603119 0.4804823398590088 9311
1771367603217 0.6558799147605896 9312
1771367603309 0.5151780247688293 9313
1771367603400 0.5683411359786987 9314
1771367603497 0.7330052852630615 9315
1771367603593 0.7998753190040588 9316
1771367603789 0.3967377543449402 9317
1771367603882 0.5941244959831238 9318
1771367603973 0.43117624521255493 9319
1771367604065 0.0877126082777977 9320
1771367604160 0.5120843648910522 9321
1771367604366 0.9605309963226318 9322
1771367604463 0.4831992983818054 9323
1771367604558 0.9072291254997253 9324
1771367604652 0.667410671710968 9325
1771367604746 0.6551704406738281 9326
1771367604918 0.7938775420188904 9327
1771367605008 0.7391175627708435 9328
1771367605099 0.586018443107605 9329
1771367605190 0.3436950147151947 9330
1771367605281 0.1534256935119629 9331
1771367605452 1.0075007677078247 9332
1771367605549 0.5924717783927917 9333
1771367605641 0.3605581820011139 9334
1771367605732 0.49647626280784607 9335
1771367605822 0.5880217552185059 9336
1771367605989 0.7855604887008667 9337
1771367606081 0.9664909839630127 9338
1771367606175 0.2856190800666809 9339
1771367606266 0.796680748462677 9340
1771367606362 0.9438552856445312 9341
1771367606538 0.7372440099716187 9342
1771367606632 0.3349170386791229 9343
1771367606722 0.3200113773345947 9344
1771367606814 0.7551913857460022 9345
1771367606905 0.3127921223640442 9346
1771367607072 0.44797417521476746 9347
1771367607167 0.1907055377960205 9348
1771367607259 0.6386566162109375 9349
1771367607348 0.19915494322776794 9350
1771367607438 0.25246039032936096 9351
1771367607610 0.7539806962013245 9352
1771367607703 0.2626486122608185 9353
1771367607794 0.18235169351100922 9354
1771367607884 0.4983685314655304 9355
1771367607974 0.5386670827865601 9356
1771367608065 0.4344561696052551 9357
1771367608236 0.7201768755912781 9358
1771367608326 0.6038691401481628 9359
1771367608415 0.8778245449066162 9360
1771367608505 0.543076753616333 9361
1771367608595 0.9053536653518677 9362
1771367608764 0.97459477186203 9363
1771367608854 0.11858385056257248 9364
1771367608944 0.8936820030212402 9365
1771367609034 0.8826411366462708 9366
1771367609123 0.5856181979179382 9367
1771367609293 1.0181928873062134 9368
1771367609382 0.7299652695655823 9369
1771367609472 0.8034297227859497 9370
1771367609562 0.4409077763557434 9371
1771367609658 0.4956088066101074 9372
1771367609828 0.5113577842712402 9373
1771367609919 0.8051119446754456 9374
1771367610011 0.9029198288917542 9375
1771367610102 0.8784052133560181 9376
1771367610193 0.49493348598480225 9377
1771367610358 0.45843711495399475 9378
1771367610449 0.2968386709690094 9379
1771367610677 0.9551687836647034 0
1771367610844 1.0957390069961548 1
1771367610936 1.0027579069137573 2
1771367611027 1.0315083265304565 3
1771367611118 1.0065252780914307 4
1771367611216 0.9565001130104065 5
1771367611377 0.890421986579895 6
1771367611467 0.7600688338279724 7
1771367611566 0.8723845481872559 8
1771367611654 1.339876651763916 9
1771367611749 1.4380683898925781 10
1771367611913 1.154781699180603 11
1771367612000 1.1191551685333252 12
1771367612086 0.7504561543464661 13
1771367612177 0.7523960471153259 14
1771367612265 0.9023266434669495 15
1771367612351 1.1050150394439697 16
1771367612506 0.622693657875061 17
1771367612605 0.8189062476158142 18
1771367612695 0.6331029534339905 19
1771367612784 0.6345257759094238 20
1771367612872 0.5981141328811646 21
1771367613038 0.8389313220977783 22
1771367613127 0.6091135740280151 23
1771367613220 0.6329160332679749 24
1771367613312 0.6797528862953186 25
1771367613415 0.7822985649108887 26
1771367613594 0.6507967114448547 27
1771367613682 1.546507716178894 28
1771367613769 1.5596970319747925 29
1771367613871 0.851165771484375 30
1771367613963 0.6097076535224915 31
1771367614153 0.5592114329338074 32
1771367614256 0.5981186032295227 33
1771367614356 0.5903899073600769 34
1771367614456 0.8119783997535706 35
1771367614555 0.8825157284736633 36
1771367614748 0.9863201379776001 37
1771367614840 0.9714081287384033 38
1771367614930 0.7047731280326843 39
1771367615020 0.8439845442771912 40
1771367615110 0.5966747403144836 41
1771367615277 0.7187850475311279 42
1771367615372 0.9375495314598083 43
1771367615462 0.7791802883148193 44
1771367615551 1.0726500749588013 45
1771367615644 0.7160062789916992 46
1771367615846 0.6458778977394104 47
1771367615947 0.5767792463302612 48
1771367616040 0.7090808153152466 49
1771367616130 0.92527836561203 50
1771367616220 0.8341388702392578 51
1771367616392 1.1181256771087646 52
1771367616489 0.8056879639625549 53
1771367616590 0.7065284848213196 54
1771367616684 0.4809402525424957 55
1771367616778 0.6926079392433167 56
1771367616944 1.2250137329101562 57
1771367617038 1.2918223142623901 58
1771367617136 0.7123754024505615 59
1771367617229 0.8383820652961731 60
1771367617322 0.6728153228759766 61
1771367617489 0.8527352809906006 62
1771367617586 0.7617692351341248 63
1771367617678 1.3370018005371094 64
1771367617768 1.4693647623062134 65
1771367617860 1.5065279006958008 66
1771367618030 0.7936587929725647 67
1771367618124 1.0621682405471802 68
1771367618216 1.3830479383468628 69
1771367618305 1.9355151653289795 70
1771367618396 0.7926908731460571 71
1771367618574 0.6882662177085876 72
1771367618669 0.8152397274971008 73
1771367618758 0.802565336227417 74
1771367618845 0.6751119494438171 75
1771367618932 0.8187128901481628 76
1771367619088 0.6397117972373962 77
1771367619177 1.296614170074463 78
1771367619264 1.2183667421340942 79
1771367619355 0.8760861158370972 80
1771367619442 0.7864062190055847 81
1771367619619 0.6425793766975403 82
1771367619722 0.7787627577781677 83
1771367619823 0.9501243829727173 84
1771367619923 0.6561105847358704 85
1771367620024 0.6745901703834534 86
1771367620203 1.4341514110565186 87
1771367620304 1.486525535583496 88
1771367620402 0.6815449595451355 89
1771367620496 0.9150479435920715 90
1771367620591 1.2916767597198486 91
1771367620764 0.7199451923370361 92
1771367620860 0.6492612361907959 93
1771367620955 0.7074516415596008 94
1771367621050 0.6931864023208618 95
1771367621146 0.6471672058105469 96
1771367621317 0.7131776213645935 97
1771367621414 0.8208373785018921 98
1771367621511 0.8954126238822937 99
1771367621608 1.5674898624420166 100
1771367621702 1.356370210647583 101
1771367621873 0.7220743894577026 102
1771367621969 0.6948806643486023 103
1771367622064 0.6686131954193115 104
1771367622165 0.8355332016944885 105
1771367622261 0.6166223287582397 106
1771367622437 0.7826319336891174 107
1771367622536 0.6428923606872559 108
1771367622633 0.708653450012207 109
1771367622732 0.5546431541442871 110
1771367622829 0.6651595830917358 111
1771367623015 1.0568522214889526 112
1771367623113 1.115443468093872 113
1771367623212 0.8450919389724731 114
1771367623308 0.7554737329483032 115
1771367623403 0.6221768260002136 116
1771367623498 0.6746530532836914 117
1771367623671 0.6086484789848328 118
1771367623785 1.0211312770843506 119
1771367623908 1.0703368186950684 120
1771367624002 0.9923942685127258 121
1771367624187 1.0397889614105225 122
1771367624284 0.7773911952972412 123
1771367624375 0.8332406282424927 124
1771367624463 0.6339987516403198 125
1771367624549 0.667872965335846 126
1771367624704 1.817123293876648 127
1771367624791 1.540592908859253 128
1771367624882 0.5624179244041443 129
1771367624970 0.7015000581741333 130
1771367625062 0.7751377820968628 131
1771367625226 0.7496512532234192 132
1771367625321 0.6923648715019226 133
1771367625407 0.7761797308921814 134
1771367625494 0.7058034539222717 135
1771367625582 0.6656667590141296 136
1771367625743 1.153222918510437 137
1771367625829 0.9566705226898193 138
1771367625916 0.6814884543418884 139
1771367626002 0.7943103313446045 140
1771367626090 0.8686146140098572 141
1771367626259 1.4466097354888916 142
1771367626356 0.9474838972091675 143
1771367626442 0.5739653706550598 144
1771367626528 1.1868585348129272 145
1771367626615 0.5923860669136047 146
1771367626776 0.9770519733428955 147
1771367626861 0.6994626522064209 148
1771367626948 0.7267506718635559 149
1771367627038 0.8935235142707825 150
1771367627210 0.7165942788124084 151
1771367627300 0.5035257935523987 152
1771367627386 0.6454733610153198 153
1771367627471 0.7948350310325623 154
1771367627556 0.6000189781188965 155
1771367627710 0.537851870059967 156
1771367627794 1.18625807762146 157
1771367627881 1.1860017776489258 158
1771367627965 0.8055539131164551 159
1771367628051 0.7871435880661011 160
1771367628220 0.9910513162612915 161
1771367628310 1.1581937074661255 162
1771367628403 0.8039132356643677 163
1771367628487 1.0922764539718628 164
1771367628574 0.9441447854042053 165
1771367628736 1.0823105573654175 166
1771367628825 0.7398783564567566 167
1771367628918 0.7169034481048584 168
1771367629014 0.5725589394569397 169
1771367629118 0.9925623536109924 170
1771367629292 0.6075430512428284 171
1771367629387 1.4174038171768188 172
1771367629483 0.8527547121047974 173
1771367629582 0.7675642371177673 174
1771367629688 0.8263528347015381 175
1771367629875 0.5792675018310547 176
1771367629977 0.5721491575241089 177
1771367630082 0.595395028591156 178
1771367630200 0.6643136143684387 179
1771367630406 0.7267659306526184 180
1771367630506 0.7849217057228088 181
1771367630606 0.6830146908760071 182
1771367630715 0.722288191318512 183
1771367630825 0.9478223323822021 184
1771367631018 0.5802240371704102 185
1771367631129 0.7441897392272949 186
1771367631241 0.72132408618927 187
1771367631348 0.8934439420700073 188
1771367631456 0.8512474894523621 189
1771367631661 0.9954489469528198 190
1771367631772 0.9925407767295837 191
1771367631884 0.3978356420993805 192
1771367631992 0.7557446360588074 193
1771367632100 0.8800989389419556 194
1771367632296 0.7364292740821838 195
1771367632397 0.615083634853363 196
1771367632507 0.7268449664115906 197
1771367632612 0.5693432688713074 198
1771367632709 0.6458405256271362 199
1771367632886 0.5384477972984314 200
1771367632987 0.8297125101089478 201
1771367633088 0.6135628819465637 202
1771367633194 0.7683152556419373 203
1771367633293 0.9061434268951416 204
1771367633474 0.9695032835006714 205
1771367633568 0.895935595035553 206
1771367633662 1.1239712238311768 207
1771367633758 0.7153324484825134 208
1771367633937 0.5366264581680298 209
1771367634034 0.568540632724762 210
1771367634129 1.3657892942428589 211
1771367634230 0.9956600666046143 212
1771367634323 0.760296106338501 213
1771367634516 1.4217349290847778 214
1771367634619 1.5729466676712036 215
1771367634713 1.008199691772461 216
1771367634805 0.5378292798995972 217
1771367634901 0.8205695748329163 218
1771367635073 0.6739652752876282 219
1771367635168 0.9263148307800293 220
1771367635268 0.5692249536514282 221
1771367635360 0.7421872019767761 222
1771367635453 0.6125285029411316 223
1771367635630 0.8214192390441895 224
1771367635727 0.9740076661109924 225
1771367635825 0.727638304233551 226
1771367635916 1.2001698017120361 227
1771367636017 0.683331310749054 228
1771367636229 1.4735826253890991 229
1771367636336 1.4610278606414795 230
1771367636437 0.4719104766845703 231
1771367636543 1.1674344539642334 232
1771367636648 0.6094738841056824 233
1771367636894 1.0868808031082153 234
1771367637000 0.4998340904712677 235
1771367637105 0.7806605100631714 236
1771367637207 0.6701638698577881 237
1771367637424 0.5612084865570068 238
1771367637532 0.862024188041687 239
1771367637638 0.6581464409828186 240
1771367637739 0.613779604434967 241
1771367637839 1.170559048652649 242
1771367638059 1.709688663482666 243
1771367638160 0.8695695400238037 244
1771367638265 0.9318903088569641 245
1771367638369 0.6439279317855835 246
1771367638475 1.2569139003753662 247
1771367638677 0.5857363939285278 248
1771367638779 0.5897696018218994 249
1771367638882 0.6298871636390686 250
1771367638993 0.6793563365936279 251
1771367639101 1.0312891006469727 252
1771367639303 0.8408108353614807 253
1771367639400 0.6604483723640442 254
1771367639497 0.619177520275116 255
1771367639601 0.6541106700897217 256
1771367639704 0.7354740500450134 257
1771367639909 0.5525945425033569 258
1771367640029 0.6590952277183533 259
1771367640153 0.570663571357727 260
1771367640262 0.8241133093833923 261
1771367640363 0.7419005632400513 262
1771367640563 0.6342549324035645 263
1771367640659 0.5387091636657715 264
1771367640760 0.7243288159370422 265
1771367640868 0.5074429512023926 266
1771367641080 0.6168022751808167 267
1771367641185 0.7377834320068359 268
1771367641289 0.7790981531143188 269
1771367641388 0.8127058744430542 270
1771367641496 0.5690484642982483 271
1771367641704 1.0837693214416504 272
1771367641803 0.5565311908721924 273
1771367641900 1.3247605562210083 274
1771367642005 0.7155462503433228 275
1771367642110 0.5843279361724854 276
1771367642318 0.5576722025871277 277
1771367642419 0.785057544708252 278
1771367642517 0.6285544037818909 279
1771367642621 0.8851457834243774 280
1771367642724 0.7720117568969727 281
1771367642930 0.5401622653007507 282
1771367643036 0.7026990056037903 283
1771367643140 0.6166806817054749 284
1771367643242 0.6723873615264893 285
1771367643345 0.8183444142341614 286
1771367643554 0.6892090439796448 287
1771367643665 0.6943341493606567 288
1771367643786 0.9402627944946289 289
1771367643889 0.7117612361907959 290
1771367643994 0.7293977737426758 291
1771367644199 0.8075392246246338 292
1771367644303 0.8503274321556091 293
1771367644409 0.9558814167976379 294
1771367644511 0.8187904953956604 295
1771367644754 0.8054121732711792 296
1771367644865 0.5790351033210754 297
1771367644976 0.6487652659416199 298
1771367645082 0.7183539271354675 299
1771367645186 0.6019401550292969 300
1771367645389 0.6847608685493469 301
1771367645490 0.6603009700775146 302
1771367645591 0.8071634769439697 303
1771367645696 0.7548522353172302 304
1771367645801 0.514708936214447 305
1771367645988 1.2417476177215576 306
1771367646089 0.6856421232223511 307
1771367646192 0.8146207928657532 308
1771367646299 0.5724877119064331 309
1771367646408 0.449398398399353 310
1771367646615 0.5468817353248596 311
1771367646717 0.712374746799469 312
1771367646822 0.6485882997512817 313
1771367646928 0.6755056381225586 314
1771367647031 0.7867736220359802 315
1771367647212 0.6763769388198853 316
1771367647308 1.2195335626602173 317
1771367647410 1.2289998531341553 318
1771367647518 0.5647688508033752 319
1771367647622 0.787800133228302 320
1771367647806 0.7481447458267212 321
1771367647910 0.5646767616271973 322
1771367648014 0.7707015872001648 323
1771367648117 0.6457903981208801 324
1771367648299 0.7017788290977478 325
1771367648397 0.7482723593711853 326
1771367648498 0.3194427192211151 327
1771367648602 0.7135297656059265 328
1771367648708 0.5860462188720703 329
1771367648888 0.6650345921516418 330
1771367648985 0.5725257396697998 331
1771367649084 0.9681397080421448 332
1771367649191 0.7006593346595764 333
1771367649299 0.6182591915130615 334
1771367649486 0.8368445038795471 335
1771367649584 0.7423650622367859 336
1771367649684 0.7439647912979126 337
1771367649788 1.0251559019088745 338
1771367649891 0.8519606590270996 339
1771367650078 0.9436883330345154 340
1771367650173 0.977046549320221 341
1771367650272 0.990860104560852 342
1771367650372 0.7100651264190674 343
1771367650472 0.8572059869766235 344
1771367650673 0.9908682107925415 345
1771367650770 0.829963207244873 346
1771367650871 0.7233767509460449 347
1771367650973 0.7068702578544617 348
1771367651074 0.6327701807022095 349
1771367651268 0.6386446952819824 350
1771367651361 0.7960708737373352 351
1771367651460 1.108820915222168 352
1771367651554 0.8579148650169373 353
1771367651732 0.7234812378883362 354
1771367651820 0.6013245582580566 355
1771367651910 0.646456778049469 356
1771367652000 1.3379862308502197 357
1771367652088 0.7178525924682617 358
1771367652262 0.810446560382843 359
1771367652355 0.5254292488098145 360
1771367652445 0.7143709659576416 361
1771367652535 1.3370428085327148 362
1771367652628 0.7830781936645508 363
1771367652830 0.9273401498794556 364
1771367652921 0.9623898267745972 365
1771367653009 1.2810646295547485 366
1771367653097 0.7847808599472046 367
1771367653185 0.7751566767692566 368
1771367653363 0.5767865777015686 369
1771367653468 0.6012841463088989 370
1771367653562 0.706059992313385 371
1771367653656 0.9418719410896301 372
1771367653748 0.5897531509399414 373
1771367653932 0.6922995448112488 374
1771367654041 1.0870239734649658 375
1771367654142 0.5709924101829529 376
1771367654239 0.9281482100486755 377
1771367654337 0.6298772096633911 378
1771367654534 0.535170316696167 379
1771367654639 0.4623677432537079 380
1771367654741 0.6522297263145447 381
1771367654837 0.6462452411651611 382
1771367655027 0.7603297233581543 383
1771367655130 0.5529907941818237 384
1771367655236 0.7115069031715393 385
1771367655345 1.0518006086349487 386
1771367655454 0.5646217465400696 387
1771367655662 0.6327413320541382 388
1771367655770 0.4843348264694214 389
1771367655878 0.5947164297103882 390
1771367655979 0.8636714816093445 391
1771367656075 0.7022639513015747 392
1771367656267 1.2433634996414185 393
1771367656369 0.9783945679664612 394
1771367656472 1.0108352899551392 395
1771367656580 0.8163728713989258 396
1771367656686 0.8023576140403748 397
1771367656873 0.9442316293716431 398
1771367656975 0.7177291512489319 399
1771367657093 0.9340196251869202 400
1771367657197 1.035187840461731 401
1771367657302 0.6859885454177856 402
1771367657501 0.7499585747718811 403
1771367657608 0.6194015741348267 404
1771367657706 0.9653680324554443 405
1771367657800 0.6915931701660156 406
1771367657894 0.44340750575065613 407
1771367658061 0.6482151746749878 408
1771367658152 0.66527259349823 409
1771367658238 0.6480199694633484 410
1771367658331 0.6286189556121826 411
1771367658498 0.5831151604652405 412
1771367658586 0.5503659248352051 413
1771367658672 0.7472299933433533 414
1771367658761 0.7395077347755432 415
1771367658842 2.111906051635742 416
1771367659164 0.758394181728363 417
1771367659266 0.8000265955924988 418
1771367659370 0.5621468424797058 419
1771367659588 0.7005919814109802 420
1771367659695 0.5625272989273071 421
1771367659801 0.73261958360672 422
1771367659908 0.6042600870132446 423
1771367660013 0.572941243648529 424
1771367660239 0.7959754467010498 425
1771367660359 0.5672388672828674 426
1771367660466 0.9620214700698853 427
1771367660567 0.8983623385429382 428
1771367660669 0.7524112462997437 429
1771367660870 0.5690691471099854 430
1771367660991 0.665523111820221 431
1771367661100 0.8896260857582092 432
1771367661201 0.5839062333106995 433
1771367661409 0.805058479309082 434
1771367661517 0.7417283058166504 435
1771367661624 0.7410213947296143 436
1771367661725 0.5658158659934998 437
1771367661832 0.5117639303207397 438
1771367662047 0.4546186923980713 439
1771367662155 0.5723338723182678 440
1771367662261 0.6819576025009155 441
1771367662365 0.7224373817443848 442
1771367662471 0.7575225830078125 443
1771367662685 0.811004638671875 444
1771367662791 0.5911905169487 445
1771367662899 0.42616763710975647 446
1771367663009 0.9513777494430542 447
1771367663137 1.3278700113296509 448
1771367663375 0.8877792954444885 449
1771367663480 0.5735441446304321 450
1771367663588 0.6554687023162842 451
1771367663698 0.7176647782325745 452
1771367663806 0.9147853255271912 453
1771367664024 0.7268004417419434 454
1771367664132 0.6268650889396667 455
1771367664241 0.662011981010437 456
1771367664350 0.5710927844047546 457
1771367664557 0.9043613076210022 458
1771367664666 0.4664367139339447 459
1771367664776 1.2234067916870117 460
1771367664886 0.7252500653266907 461
1771367664992 0.822259247303009 462
1771367665169 0.7264010906219482 463
1771367665274 0.8329322934150696 464
1771367665381 0.4936179220676422 465
1771367665489 0.6049209237098694 466
1771367665606 0.4721370339393616 467
1771367665806 1.5480307340621948 468
1771367665915 0.9250915050506592 469
1771367666024 0.8271220922470093 470
1771367666132 0.8531179428100586 471
1771367666325 0.5157074928283691 472
1771367666426 0.6696817874908447 473
1771367666527 1.217606782913208 474
1771367666632 0.7471861839294434 475
1771367666738 1.3683898448944092 476
1771367666927 0.9684508442878723 477
1771367667026 0.8226850628852844 478
1771367667124 0.6077658534049988 479
1771367667228 0.446866899728775 480
1771367667328 0.6513116955757141 481
1771367667533 0.7610165476799011 482
1771367667633 0.8872011303901672 483
1771367667735 0.5936897397041321 484
1771367667842 0.7013627886772156 485
1771367668054 0.9528271555900574 486
1771367668157 0.8973514437675476 487
1771367668258 0.8700632452964783 488
1771367668360 0.6948719620704651 489
1771367668464 0.6359330415725708 490
1771367668692 0.5073113441467285 491
1771367668790 0.49386242032051086 492
1771367668896 0.815879225730896 493
1771367668999 0.6313626170158386 494
1771367669201 0.7842665314674377 495
1771367669308 0.6208938360214233 496
1771367669415 0.5274807810783386 497
1771367669518 0.975261926651001 498
1771367669619 0.5265753865242004 499
1771367669826 0.7502902746200562 500
1771367669936 0.5902825593948364 501
1771367670044 0.606646716594696 502
1771367670148 0.7477768063545227 503
1771367670250 0.8585385680198669 504
1771367670457 0.673211932182312 505
1771367670566 0.8924776315689087 506
1771367670672 0.8428610563278198 507
1771367670775 0.5190771222114563 508
1771367670977 0.8024479150772095 509
1771367671084 0.8375119566917419 510
1771367671192 0.9950839877128601 511
1771367671298 0.6407487392425537 512
1771367671400 0.6221175193786621 513
1771367671603 0.5866499543190002 514
1771367671709 0.6689320206642151 515
1771367671815 0.43736693263053894 516
1771367671917 0.6828500628471375 517
1771367672022 0.5785679817199707 518
1771367672226 1.03548264503479 519
1771367672330 0.68745356798172 520
1771367672433 0.8125239014625549 521
1771367672539 0.6169758439064026 522
1771367672728 0.8035638332366943 523
1771367672834 0.655110776424408 524
1771367672943 0.873579740524292 525
1771367673050 0.9147192239761353 526
1771367673158 0.9019294381141663 527
1771367673346 0.6991470456123352 528
1771367673449 0.49049168825149536 529
1771367673555 0.4867343306541443 530
1771367673663 0.782410740852356 531
1771367673854 0.7948681116104126 532
1771367673956 0.7554999589920044 533
1771367674062 0.5300333499908447 534
1771367674161 0.6496886610984802 535
1771367674267 0.7798933982849121 536
1771367674462 0.46201011538505554 537
1771367674569 0.647688090801239 538
1771367674670 0.6959509253501892 539
1771367674772 0.7218765616416931 540
1771367674877 0.8840327858924866 541
1771367675082 0.563646137714386 542
1771367675185 0.6967489123344421 543
1771367675291 0.7164213061332703 544
1771367675398 0.6300050616264343 545
1771367675623 1.0833702087402344 546
1771367675721 0.9870280623435974 547
1771367675819 0.4742300510406494 548
1771367675916 0.6471789479255676 549
1771367676016 1.089465618133545 550
1771367676232 0.670400083065033 551
1771367676340 1.105588436126709 552
1771367676441 1.1292728185653687 553
1771367676537 0.5656358003616333 554
1771367676635 0.6163939833641052 555
1771367676843 0.5106053948402405 556
1771367676948 0.6578008532524109 557
1771367677048 0.9823969006538391 558
1771367677146 0.9350932836532593 559
1771367677354 0.6928252577781677 560
1771367677457 0.6416804194450378 561
1771367677564 0.4497298002243042 562
1771367677668 0.6179379820823669 563
1771367677769 0.5096776485443115 564
1771367677978 0.6753937602043152 565
1771367678083 0.6695670485496521 566
1771367678190 0.7723148465156555 567
1771367678292 0.5991856455802917 568
1771367678476 0.6421416401863098 569
1771367678579 0.5160307288169861 570
1771367678681 0.7921696305274963 571
1771367678780 0.42518380284309387 572
1771367678878 0.5307006239891052 573
1771367679055 0.7930798530578613 574
1771367679155 0.7126613259315491 575
1771367679255 1.0469982624053955 576
1771367679362 0.7980515956878662 577
1771367679467 0.6279282569885254 578
1771367679643 0.6905760169029236 579
1771367679740 0.9408368468284607 580
1771367679834 1.262294888496399 581
1771367679925 0.9289298057556152 582
1771367680122 0.5452642440795898 583
1771367680221 0.6682476997375488 584
1771367680323 0.9113343954086304 585
1771367680416 0.5153917074203491 586
1771367680505 0.41534826159477234 587
1771367680665 0.8964325189590454 588
1771367680755 0.5731301307678223 589
1771367680844 0.5898832082748413 590
1771367680932 1.0490198135375977 591
1771367681021 1.0052822828292847 592
1771367681188 0.7298331260681152 593
1771367681275 0.7083980441093445 594
1771367681361 0.761897623538971 595
1771367681448 0.6487830281257629 596
1771367681600 0.8536081910133362 597
1771367681686 0.3962986469268799 598
1771367681777 0.48817527294158936 599
1771367681868 0.569097101688385 600
1771367681955 0.6979923248291016 601
1771367682113 0.885557234287262 602
1771367682200 1.3165251016616821 603
1771367682287 0.5909753441810608 604
1771367682391 0.620780885219574 605
1771367682588 0.8002582788467407 606
1771367682681 0.7667728066444397 607
1771367682775 1.0058542490005493 608
1771367682871 0.6773447394371033 609
1771367682971 0.4390968382358551 610
1771367683158 0.4168209433555603 611
1771367683246 0.5665745139122009 612
1771367683332 1.0267219543457031 613
1771367683419 0.9175705313682556 614
1771367683511 0.7175917625427246 615
1771367683689 0.8648809790611267 616
1771367683780 0.564369797706604 617
1771367683866 0.7256441712379456 618
1771367683951 0.8621551394462585 619
1771367684125 0.8271059989929199 620
1771367684216 0.6538240313529968 621
1771367684308 0.6065019369125366 622
1771367684406 0.4836294651031494 623
1771367684502 1.1358697414398193 624
1771367684670 0.5194671154022217 625
1771367684761 0.6307886838912964 626
1771367684854 0.6371562480926514 627
1771367684945 0.7414057850837708 628
1771367685038 0.5507383942604065 629
1771367685208 0.5030832886695862 630
1771367685296 0.8682084083557129 631
1771367685390 0.8774068355560303 632
1771367685484 0.760376513004303 633
1771367685659 0.6349442005157471 634
1771367685754 0.6769529581069946 635
1771367685846 0.7414994239807129 636
1771367685940 0.534953236579895 637
1771367686036 0.5734242796897888 638
1771367686222 0.7776216268539429 639
1771367686319 0.8872589468955994 640
1771367686417 0.5129755735397339 641
1771367686519 0.8183786273002625 642
1771367686684 0.733003556728363 643
1771367686772 0.5980375409126282 644
1771367686860 0.44659069180488586 645
1771367686949 0.6076348423957825 646
1771367687042 0.7621870636940002 647
1771367687206 0.7715286612510681 648
1771367687293 0.6557477712631226 649
1771367687380 1.0258389711380005 650
1771367687466 0.9607574343681335 651
1771367687553 0.9145683646202087 652
1771367687716 0.6912378668785095 653
1771367687809 0.9105417132377625 654
1771367687896 0.7314581274986267 655
1771367687985 0.763584554195404 656
1771367688145 0.7148745059967041 657
1771367688268 0.8095771074295044 658
1771367688357 0.591022789478302 659
1771367688446 0.8290706872940063 660
1771367688535 0.5883968472480774 661
1771367688708 0.6442477107048035 662
1771367688800 0.7854964137077332 663
1771367688893 0.5419736504554749 664
1771367688986 0.5418972969055176 665
1771367689080 0.5837070345878601 666
1771367689244 0.9790452122688293 667
1771367689328 1.1185868978500366 668
1771367689415 0.5971992611885071 669
1771367689500 1.0915732383728027 670
1771367689666 1.2219702005386353 671
1771367689754 0.64933180809021 672
1771367689841 1.0948735475540161 673
1771367689926 0.9705011248588562 674
1771367690016 0.5313112735748291 675
1771367690203 0.8052895069122314 676
1771367690332 0.874265730381012 677
1771367690431 0.43898144364356995 678
1771367690519 0.8466213941574097 679
1771367690693 0.7778037786483765 680
1771367690784 0.8230041861534119 681
1771367690875 0.8241958022117615 682
1771367690963 0.5948629975318909 683
1771367691054 0.8947500586509705 684
1771367691230 1.155768632888794 685
1771367691319 0.6017391085624695 686
1771367691407 0.6943737864494324 687
1771367691502 0.9309737086296082 688
1771367691594 0.5692908763885498 689
1771367691766 0.5869646072387695 690
1771367691861 0.6921837329864502 691
1771367691953 0.8441582322120667 692
1771367692046 0.9878748059272766 693
1771367692220 1.177390456199646 694
1771367692315 0.8487623333930969 695
1771367692407 0.8424659967422485 696
1771367692499 0.9027280211448669 697
1771367692600 0.7114596366882324 698
1771367692809 0.740506649017334 699
1771367692909 0.5461950302124023 700
1771367693017 0.5572711229324341 701
1771367693125 0.7328916788101196 702
1771367693238 0.5855798721313477 703
1771367693428 0.683157205581665 704
1771367693525 0.4769492447376251 705
1771367693617 0.7101159691810608 706
1771367693704 0.5256048440933228 707
1771367693875 0.7008510828018188 708
1771367693970 0.7944526672363281 709
1771367694068 0.4616681933403015 710
1771367694166 0.6959593892097473 711
1771367694263 0.6313486695289612 712
1771367694450 0.931570291519165 713
1771367694548 0.6327701210975647 714
1771367694647 0.8840349912643433 715
1771367694741 0.8187915682792664 716
1771367694917 0.676518976688385 717
1771367695012 1.1523208618164062 718
1771367695117 1.3889585733413696 719
1771367695216 0.6877503991127014 720
1771367695318 0.6682685017585754 721
1771367695518 0.6314523220062256 722
1771367695611 0.703667163848877 723
1771367695729 0.8017730712890625 724
1771367695828 0.9316291213035583 725
1771367695925 0.715849757194519 726
1771367696097 0.7085591554641724 727
1771367696189 0.8613327741622925 728
1771367696281 0.5659608244895935 729
1771367696388 0.7460386157035828 730
1771367696569 0.8628684282302856 731
1771367696662 0.564738929271698 732
1771367696758 1.0392794609069824 733
1771367696848 0.9185085296630859 734
1771367696953 0.7915650606155396 735
1771367697144 0.7626650929450989 736
1771367697238 0.3399578630924225 737
1771367697333 0.6941046118736267 738
1771367697433 0.9179830551147461 739
1771367697538 0.7139535546302795 740
1771367697721 0.7256788611412048 741
1771367697814 0.5510152578353882 742
1771367697910 0.8160381317138672 743
1771367698007 0.4622626304626465 744
1771367698196 0.6780600547790527 745
1771367698294 0.7893607020378113 746
1771367698384 0.7659172415733337 747
1771367698474 0.7260737419128418 748
1771367698564 0.5826953649520874 749
1771367698738 0.746387243270874 750
1771367698836 0.6782963871955872 751
1771367698932 1.0482912063598633 752
1771367699030 0.7296680808067322 753
1771367699121 0.5897842049598694 754
1771367699297 1.1669844388961792 755
1771367699393 0.7290320992469788 756
1771367699493 0.6103541254997253 757
1771367699581 0.8100906014442444 758
1771367699739 0.9069803357124329 759
1771367699831 0.6198294162750244 760
1771367699923 0.7947592735290527 761
1771367700020 0.5093393921852112 762
1771367700115 0.6327508687973022 763
1771367700277 0.33398136496543884 764
1771367700370 0.7212508320808411 765
1771367700464 0.6786291003227234 766
1771367700560 0.9345505237579346 767
1771367700655 0.5573601126670837 768
1771367700818 0.7474325895309448 769
1771367700907 0.8886739611625671 770
1771367700998 0.5747186541557312 771
1771367701105 0.8639146685600281 772
1771367701206 0.9003793597221375 773
1771367701376 0.8715640902519226 774
1771367701465 0.8318256139755249 775
1771367701556 0.808644711971283 776
1771367701652 0.7073819041252136 777
1771367701845 0.82872474193573 778
1771367701940 0.8147342205047607 779
1771367702029 0.7941630482673645 780
1771367702118 0.9468634128570557 781
1771367702208 1.0038615465164185 782
1771367702392 0.7356588840484619 783
1771367702488 1.0199110507965088 784
1771367702591 0.6844879984855652 785
1771367702688 0.9619345664978027 786
1771367702781 1.217453956604004 787
1771367702948 0.8740215301513672 788
1771367703045 0.5452397465705872 789
1771367703145 0.524956226348877 790
1771367703255 0.6299232244491577 791
1771367703433 0.5204943418502808 792
1771367703529 0.9078771471977234 793
1771367703622 0.7703257203102112 794
1771367703716 0.6554610133171082 795
1771367703818 0.7487221360206604 796
1771367704012 0.6371017694473267 797
1771367704109 0.8590227365493774 798
1771367704205 0.7502322793006897 799
1771367704301 0.919728696346283 800
1771367704403 0.6406173706054688 801
1771367704588 0.7711724042892456 802
1771367704674 0.7157019376754761 803
1771367704763 0.957096517086029 804
1771367704855 0.9495140910148621 805
1771367704945 0.9285958409309387 806
1771367705120 1.7155190706253052 807
1771367705208 0.6480064392089844 808
1771367705306 1.0938624143600464 809
1771367705400 0.7199365496635437 810
1771367705594 0.6254789233207703 811
1771367705693 0.7361956238746643 812
1771367705782 0.8268181681632996 813
1771367705869 0.6388195157051086 814
1771367705967 0.8730488419532776 815
1771367706175 0.7126797437667847 816
1771367706276 0.44992929697036743 817
1771367706366 0.7716169953346252 818
1771367706455 0.6938977241516113 819
1771367706559 0.6491368412971497 820
1771367706743 0.6668895483016968 821
1771367706839 0.4638049006462097 822
1771367706934 0.7589784860610962 823
1771367707027 0.612125813961029 824
1771367707207 1.4623911380767822 825
1771367707305 1.0105444192886353 826
1771367707409 0.43495064973831177 827
1771367707506 0.7127107381820679 828
1771367707673 0.6014204025268555 829
1771367707766 0.6285494565963745 830
1771367707860 0.4198600649833679 831
1771367707953 1.0703986883163452 832
1771367708128 0.30465131998062134 833
1771367708355 0.882588267326355 834
1771367708451 0.7480043768882751 835
1771367708652 0.851836621761322 836
1771367708745 0.7288093566894531 837
1771367708834 0.6517214775085449 838
1771367708921 0.7150887846946716 839
1771367709094 1.50856351852417 840
1771367709192 0.9667173624038696 841
1771367709291 0.5870485305786133 842
1771367709385 0.8502093553543091 843
1771367709490 0.673397958278656 844
1771367709702 0.6243013143539429 845
1771367709812 0.5449566841125488 846
1771367709914 0.7442229390144348 847
1771367710014 0.5645890235900879 848
1771367710207 0.44545361399650574 849
1771367710306 0.6941419839859009 850
1771367710404 0.6245918869972229 851
1771367710509 0.50022953748703 852
1771367710701 0.6905640959739685 853
1771367710801 0.6214943528175354 854
1771367710899 1.0314269065856934 855
1771367711002 0.3823557198047638 856
1771367711107 0.9896075129508972 857
1771367711299 0.7292269468307495 858
1771367711402 0.9610728025436401 859
1771367711510 0.7307211756706238 860
1771367711617 0.5858634114265442 861
1771367711810 0.6484941840171814 862
1771367711914 0.7520549893379211 863
1771367712021 0.5862799882888794 864
1771367712125 0.6519594192504883 865
1771367712231 0.9075677990913391 866
1771367712426 0.8514004945755005 867
1771367712532 0.6905260682106018 868
1771367712640 0.5914559364318848 869
1771367712760 0.5141288042068481 870
1771367712970 0.5378491878509521 871
1771367713082 0.5336290597915649 872
1771367713192 0.6631550192832947 873
1771367713311 0.8170483112335205 874
1771367713418 0.7565063834190369 875
1771367713632 1.2072749137878418 876
1771367713776 0.9156544804573059 877
1771367713912 0.9249072670936584 878
1771367714042 1.1169503927230835 879
1771367714254 0.6265084743499756 880
1771367714368 0.6190969347953796 881
1771367714484 0.7916858792304993 882
1771367714591 0.7105252146720886 883
1771367714690 0.6206849217414856 884
1771367714893 0.4729907512664795 885
1771367715002 0.37945955991744995 886
1771367715104 0.7583138942718506 887
1771367715194 0.5925124287605286 888
1771367715365 0.9022405743598938 889
1771367715459 0.5385500192642212 890
1771367715556 0.6171151399612427 891
1771367715656 0.6923272609710693 892
1771367715756 0.9039644598960876 893
1771367715941 0.7708423137664795 894
1771367716040 0.5406513810157776 895
1771367716139 0.9168951511383057 896
1771367716270 0.7478457689285278 897
1771367716449 0.7955982685089111 898
1771367716550 0.39994943141937256 899
1771367716649 0.6609184145927429 900
1771367716750 0.6030467748641968 901
1771367716856 0.7494032979011536 902
1771367717063 0.7455049753189087 903
1771367717177 0.3990684747695923 904
1771367717300 0.697063684463501 905
1771367717429 0.7089390158653259 906
1771367717619 0.9846378564834595 907
1771367717728 0.558159589767456 908
1771367717834 0.6426569819450378 909
1771367717950 0.5860819816589355 910
1771367718058 0.7829077243804932 911
1771367718269 0.7618917226791382 912
1771367718386 0.772363543510437 913
1771367718508 0.8132610321044922 914
1771367718642 0.9726244807243347 915
1771367718856 0.6383079886436462 916
1771367718967 0.44564613699913025 917
1771367719081 0.6083318591117859 918
1771367719192 0.51305091381073 919
1771367719306 0.7776284217834473 920
1771367719503 1.1336954832077026 921
1771367719610 0.809405505657196 922
1771367719721 0.8320508003234863 923
1771367719832 0.917589545249939 924
1771367720044 0.6042634844779968 925
1771367720154 0.7835866808891296 926
1771367720261 0.637914776802063 927
1771367720370 0.501976728439331 928
1771367720481 0.878053605556488 929
1771367720676 0.8060387969017029 930
1771367720782 0.8274300694465637 931
1771367720889 0.8016217947006226 932
1771367721006 1.0941709280014038 933
1771367721193 0.36983251571655273 934
1771367721295 1.177154302597046 935
1771367721398 0.7983514070510864 936
1771367721503 0.7243743538856506 937
1771367721610 0.9497618079185486 938
1771367721791 0.7431318759918213 939
1771367721893 0.918248176574707 940
1771367721995 0.5935949683189392 941
1771367722098 0.5729304552078247 942
1771367722297 0.8046984076499939 943
1771367722395 1.0695431232452393 944
1771367722499 0.5160165429115295 945
1771367722609 1.2691129446029663 946
1771367722715 0.924001932144165 947
1771367722903 0.48002657294273376 948
1771367722997 0.39024388790130615 949
1771367723092 0.7294098734855652 950
1771367723190 0.8748717904090881 951
1771367723374 0.9348921775817871 952
1771367723479 0.4541870951652527 953
1771367723580 0.870509922504425 954
1771367723683 0.6964117884635925 955
1771367723786 0.4361878037452698 956
1771367724004 0.5395975112915039 957
1771367724109 0.7769931554794312 958
1771367724205 0.5860325694084167 959
1771367724310 1.0299283266067505 960
1771367724520 0.8016241192817688 961
1771367724631 0.6195418238639832 962
1771367724738 0.5671907663345337 963
1771367724844 1.0928109884262085 964
1771367724948 0.516231119632721 965
1771367725149 1.1030200719833374 966
1771367725256 0.5453932285308838 967
1771367725363 0.48887380957603455 968
1771367725463 0.5862685441970825 969
1771367725662 0.6134252548217773 970
1771367725770 0.764853835105896 971
1771367725879 0.6787000894546509 972
1771367725987 0.6141035556793213 973
1771367726096 0.5829812288284302 974
1771367726289 0.8418733477592468 975
1771367726410 0.7912324070930481 976
1771367726519 0.5284194946289062 977
1771367726629 0.827341616153717 978
1771367726837 0.8385582566261292 979
1771367726948 0.6750092506408691 980
1771367727057 0.5483821630477905 981
1771367727165 0.591410756111145 982
1771367727269 0.8660087585449219 983
1771367727463 0.9149371981620789 984
1771367727584 0.6699246168136597 985
1771367727718 0.6296038627624512 986
1771367727826 0.9307122826576233 987
1771367728061 0.6872228384017944 988
1771367728185 0.7647854089736938 989
1771367728298 0.8496699929237366 990
1771367728410 0.8887555599212646 991
1771367728516 1.0037486553192139 992
1771367728721 0.49662721157073975 993
1771367728833 0.6470046043395996 994
1771367728943 1.0064595937728882 995
1771367729047 1.3958219289779663 996
1771367729234 0.7700091004371643 997
1771367729344 0.4797665476799011 998
1771367729454 0.6529265642166138 999
1771367729560 0.9768332242965698 1000
1771367729664 0.6449710726737976 1001
1771367729846 0.35274460911750793 1002
1771367729953 0.6100373268127441 1003
1771367730063 0.6239349842071533 1004
1771367730175 0.8689882755279541 1005
1771367730366 0.7716395854949951 1006
1771367730469 0.6649035811424255 1007
1771367730577 0.768459141254425 1008
1771367730678 0.7158300280570984 1009
1771367730784 0.6062010526657104 1010
1771367730973 0.5923079252243042 1011
1771367731072 0.4975340664386749 1012
1771367731172 0.4736405313014984 1013
1771367731281 1.1128636598587036 1014
1771367731485 0.9202808737754822 1015
1771367731589 0.6744921803474426 1016
1771367731690 0.7649218440055847 1017
1771367731795 0.5816863179206848 1018
1771367731899 0.8625709414482117 1019
1771367732085 0.563194215297699 1020
1771367732182 0.6859447956085205 1021
1771367732292 0.39026421308517456 1022
1771367732397 0.7313573360443115 1023
1771367732600 0.4106734097003937 1024
1771367732708 0.9933292865753174 1025
1771367732813 0.6660656332969666 1026
1771367732922 0.7475879192352295 1027
1771367733030 0.7749538421630859 1028
1771367733226 0.6194210648536682 1029
1771367733338 0.9571640491485596 1030
1771367733450 0.5156680941581726 1031
1771367733560 0.6320456266403198 1032
1771367733771 0.5075230598449707 1033
1771367733875 0.7145834565162659 1034
1771367733985 0.6076451539993286 1035
1771367734099 0.7003519535064697 1036
1771367734212 0.6337087750434875 1037
1771367734417 0.7371100187301636 1038
1771367734526 0.9018024206161499 1039
1771367734636 0.7865505814552307 1040
1771367734750 0.43604424595832825 1041
1771367734950 0.512484073638916 1042
1771367735068 0.8354339599609375 1043
1771367735190 0.8412563800811768 1044
1771367735299 0.7145709991455078 1045
1771367735413 0.6198045611381531 1046
1771367735617 0.8546662330627441 1047
1771367735722 0.7036629319190979 1048
1771367735835 1.0068886280059814 1049
1771367735950 0.8030386567115784 1050
1771367736144 0.7547328472137451 1051
1771367736246 1.036332368850708 1052
1771367736349 0.6099987030029297 1053
1771367736461 0.6954972743988037 1054
1771367736560 0.5240996479988098 1055
1771367736745 0.7127140760421753 1056
1771367736837 1.5596015453338623 1057
1771367736928 0.8848293423652649 1058
1771367737023 0.49652883410453796 1059
1771367737189 0.7146543860435486 1060
1771367737281 0.6646392345428467 1061
1771367737378 0.6815745234489441 1062
1771367737473 0.683600902557373 1063
1771367737568 0.7998229265213013 1064
1771367737733 0.42625534534454346 1065
1771367737830 0.7852748036384583 1066
1771367737927 0.8285953402519226 1067
1771367738025 0.9975924491882324 1068
1771367738194 1.0578616857528687 1069
1771367738288 0.5667604207992554 1070
1771367738395 0.8102564215660095 1071
1771367738500 0.5259891748428345 1072
1771367738592 0.8721162676811218 1073
1771367738764 0.8346424698829651 1074
1771367738857 0.6281682252883911 1075
1771367738958 0.6277909278869629 1076
1771367739064 0.7058228850364685 1077
1771367739256 0.7252001762390137 1078
1771367739356 0.39772307872772217 1079
1771367739513 0.46889975666999817 1080
1771367739631 1.0341405868530273 1081
1771367739737 0.7947084307670593 1082
1771367739929 0.6657276749610901 1083
1771367740031 0.5900653600692749 1084
1771367740134 0.7600680589675903 1085
1771367740242 0.5689017176628113 1086
1771367740439 0.6844249367713928 1087
1771367740543 0.7776976823806763 1088
1771367740646 0.3978360593318939 1089
1771367740745 0.9496346116065979 1090
1771367740852 0.7193247079849243 1091
1771367741046 0.9239521026611328 1092
1771367741146 0.6450834274291992 1093
1771367741243 0.8989143967628479 1094
1771367741343 0.8928080797195435 1095
1771367741549 0.6059466004371643 1096
1771367741648 0.78529292345047 1097
1771367741745 0.5937094688415527 1098
1771367741842 0.7460357546806335 1099
1771367741941 0.5865741968154907 1100
1771367742135 0.72800612449646 1101
1771367742234 0.38934326171875 1102
1771367742332 0.4331326186656952 1103
1771367742428 0.8727121949195862 1104
1771367742625 0.595177173614502 1105
1771367742729 0.9156667590141296 1106
1771367742828 0.5747824907302856 1107
1771367742926 0.5568695068359375 1108
1771367743026 1.0391907691955566 1109
1771367743250 0.7056605219841003 1110
1771367743352 1.0568684339523315 1111
1771367743450 0.5613799095153809 1112
1771367743545 0.9506570100784302 1113
1771367743755 1.1173111200332642 1114
1771367743850 0.6916021704673767 1115
1771367743945 0.2946774661540985 1116
1771367744044 0.7662932276725769 1117
1771367744144 0.7180232405662537 1118
1771367744347 0.6103563904762268 1119
1771367744461 0.5460190176963806 1120
1771367744567 0.544752836227417 1121
1771367744675 0.4974726438522339 1122
1771367744891 0.6184471845626831 1123
1771367745003 1.0644108057022095 1124
1771367745108 0.7686010003089905 1125
1771367745213 1.1327041387557983 1126
1771367745428 0.7059490084648132 1127
1771367745542 0.7594355344772339 1128
1771367745649 0.6365985870361328 1129
1771367745750 0.7011345028877258 1130
1771367745851 0.4983814060688019 1131
1771367746062 0.8737726211547852 1132
1771367746167 0.6176652908325195 1133
1771367746272 0.7481492757797241 1134
1771367746381 1.0511560440063477 1135
1771367746591 0.7742583155632019 1136
1771367746697 0.6986616849899292 1137
1771367746808 0.6577528119087219 1138
1771367746919 0.4860648512840271 1139
1771367747027 0.511344850063324 1140
1771367747232 0.7435487508773804 1141
1771367747341 0.4368930160999298 1142
1771367747452 0.9143271446228027 1143
1771367747562 0.6309161186218262 1144
1771367747775 1.1747009754180908 1145
1771367747883 0.9496079087257385 1146
1771367747994 0.9827924370765686 1147
1771367748101 0.957572340965271 1148
1771367748212 0.7447981238365173 1149
1771367748420 0.8272021412849426 1150
1771367748527 0.2956942915916443 1151
1771367748637 0.614162802696228 1152
1771367748746 0.394591748714447 1153
1771367748950 0.818284273147583 1154
1771367749057 0.6869223713874817 1155
1771367749164 0.5219138860702515 1156
1771367749272 0.6470388174057007 1157
1771367749381 0.7406662106513977 1158
1771367749578 0.7106842398643494 1159
1771367749685 0.6209554672241211 1160
1771367749794 0.8062052726745605 1161
1771367749905 0.35931137204170227 1162
1771367750102 0.7676156163215637 1163
1771367750209 0.8513795137405396 1164
1771367750318 0.5812105536460876 1165
1771367750427 0.7981874346733093 1166
1771367750647 0.6654934287071228 1167
1771367750752 0.5390616059303284 1168
1771367750858 0.5804545879364014 1169
1771367750967 0.8485472798347473 1170
1771367751077 0.5170424580574036 1171
1771367751296 0.6465341448783875 1172
1771367751405 0.4276033043861389 1173
1771367751514 0.453920841217041 1174
1771367751625 0.7309188842773438 1175
1771367751836 0.6263256072998047 1176
1771367751946 0.8008349537849426 1177
1771367752053 0.522777259349823 1178
1771367752180 0.790944516658783 1179
1771367752401 0.6962512135505676 1180
1771367752506 0.9760074019432068 1181
1771367752611 0.8179473876953125 1182
1771367752718 0.46835073828697205 1183
1771367752942 0.5295060276985168 1184
1771367753062 0.5804975032806396 1185
1771367753173 0.7438510656356812 1186
1771367753286 0.6607728004455566 1187
1771367753511 1.0091676712036133 1188
1771367753624 0.9276109933853149 1189
1771367753733 0.7827202677726746 1190
1771367753841 0.46130502223968506 1191
1771367753961 0.8041718006134033 1192
1771367754183 0.9403413534164429 1193
1771367754293 0.6398922801017761 1194
1771367754406 0.4566859006881714 1195
1771367754531 0.6943140029907227 1196
1771367754740 0.7117427587509155 1197
1771367754853 0.4839271306991577 1198
1771367754966 0.7238484025001526 1199
1771367755095 0.4750392735004425 1200
1771367755208 1.1201940774917603 1201
1771367755414 0.6640689969062805 1202
1771367755527 0.8247393369674683 1203
1771367755652 0.2912980318069458 1204
1771367755866 0.39327606558799744 1205
1771367755977 0.4823065996170044 1206
1771367756089 0.7266541123390198 1207
1771367756198 0.6915403604507446 1208
1771367756420 0.54254549741745 1209
1771367756526 0.7470740079879761 1210
1771367756634 0.6636810302734375 1211
1771367756741 1.0308886766433716 1212
1771367756846 0.6427078247070312 1213
1771367757050 0.829516589641571 1214
1771367757160 0.7393308281898499 1215
1771367757277 1.1516287326812744 1216
1771367757388 0.6103415489196777 1217
1771367757599 0.5543521046638489 1218
1771367757708 0.5051442384719849 1219
1771367757821 0.7298983931541443 1220
1771367757929 0.6875060200691223 1221
1771367758037 0.8481442332267761 1222
1771367758225 0.5351265668869019 1223
1771367758330 0.8560354113578796 1224
1771367758441 0.7491276264190674 1225
1771367758548 0.650744616985321 1226
1771367758730 0.7516413927078247 1227
1771367758834 0.48470982909202576 1228
1771367758938 0.7142221927642822 1229
1771367759047 0.3387189209461212 1230
1771367759262 0.5419074296951294 1231
1771367759367 0.5232306122779846 1232
1771367759471 0.5628859996795654 1233
1771367759577 0.45813697576522827 1234
1771367759785 0.5831433534622192 1235
1771367759891 0.5916079878807068 1236
1771367759997 0.5828311443328857 1237
1771367760103 0.6153349280357361 1238
1771367760305 0.7809613347053528 1239
1771367760414 0.7952520847320557 1240
1771367760524 0.8148540258407593 1241
1771367760635 0.8014513254165649 1242
1771367760741 0.8720483183860779 1243
1771367760928 0.5909111499786377 1244
1771367761036 0.48962897062301636 1245
1771367761143 0.9200677275657654 1246
1771367761247 1.085138201713562 1247
1771367761457 0.7737460732460022 1248
1771367761562 0.29874852299690247 1249
1771367761647 1.0325247049331665 1250
1771367761988 0.7121943235397339 1251
1771367762095 0.6366187930107117 1252
1771367762203 0.2627731263637543 1253
1771367762408 0.4819639027118683 1254
1771367762515 0.6137633919715881 1255
1771367762624 1.1460479497909546 1256
1771367762737 0.6059062480926514 1257
1771367762948 0.6773523092269897 1258
1771367763058 0.3072829842567444 1259
1771367763167 0.5631191730499268 1260
1771367763278 0.9896026849746704 1261
1771367763387 0.9074175357818604 1262
1771367763581 0.8041883707046509 1263
1771367763692 0.7022243142127991 1264
1771367763802 0.7191991806030273 1265
1771367763907 0.6084029674530029 1266
1771367764107 0.4199027121067047 1267
1771367764218 0.8205564022064209 1268
1771367764318 0.5975382328033447 1269
1771367764414 0.8208301067352295 1270
1771367764511 0.7682584524154663 1271
1771367764697 1.0573675632476807 1272
1771367764787 0.9492857456207275 1273
1771367764879 0.5584360957145691 1274
1771367764968 0.8190184831619263 1275
1771367765132 0.5479087829589844 1276
1771367765230 0.44566866755485535 1277
1771367765323 0.8765693306922913 1278
1771367765412 0.6487863063812256 1279
1771367765578 0.7631278038024902 1280
1771367765674 0.6016538143157959 1281
1771367765764 1.0005685091018677 1282
1771367765857 0.5545116066932678 1283
1771367766031 1.0435163974761963 1284
1771367766166 0.54402095079422 1285
1771367766301 0.9701191782951355 1286
1771367766421 1.030900001525879 1287
1771367766593 0.593986988067627 1288
1771367766684 0.7292740345001221 1289
1771367766772 0.5605509281158447 1290
1771367766861 0.5932475924491882 1291
1771367766950 0.8569665551185608 1292
1771367767128 0.612352192401886 1293
1771367767224 0.6844474673271179 1294
1771367767314 0.7364678978919983 1295
1771367767404 0.535736083984375 1296
1771367767574 0.8319621086120605 1297
1771367767674 0.6485661864280701 1298
1771367767778 0.629172682762146 1299
1771367767870 0.611659586429596 1300
1771367767960 0.5911009311676025 1301
1771367768122 0.6661873459815979 1302
1771367768214 0.40820324420928955 1303
1771367768314 0.4318038821220398 1304
1771367768491 0.9043539762496948 1305
1771367768588 0.7565827965736389 1306
1771367768682 0.7275230288505554 1307
1771367768781 0.6728132963180542 1308
1771367768968 0.4593711197376251 1309
1771367769068 0.42890289425849915 1310
1771367769169 0.6478777527809143 1311
1771367769262 0.6267110705375671 1312
1771367769352 0.962907612323761 1313
1771367769532 0.6145517826080322 1314
1771367769635 0.6573638916015625 1315
1771367769737 0.6382565498352051 1316
1771367769831 0.5998185276985168 1317
1771367770013 0.7048885226249695 1318
1771367770110 0.8224156498908997 1319
1771367770205 0.7513370513916016 1320
1771367770301 0.4820994436740875 1321
1771367770394 0.6393740773200989 1322
1771367770570 0.45543208718299866 1323
1771367770667 0.5348016619682312 1324
1771367770762 0.7808775305747986 1325
1771367770853 0.6085672378540039 1326
1771367771029 0.4884101152420044 1327
1771367771122 0.6836504936218262 1328
1771367771211 0.8244704604148865 1329
1771367771308 0.8957167267799377 1330
1771367771469 1.2620697021484375 1331
1771367771564 0.7666178345680237 1332
1771367771658 0.9700734615325928 1333
1771367771762 0.9085418581962585 1334
1771367771959 0.6417743563652039 1335
1771367772070 0.7384740710258484 1336
1771367772171 0.39569032192230225 1337
1771367772264 0.9910799860954285 1338
1771367772427 0.49427658319473267 1339
1771367772522 0.8356997966766357 1340
1771367772613 0.8020520806312561 1341
1771367772708 0.8513498902320862 1342
1771367772799 0.7754977941513062 1343
1771367772961 0.9985182881355286 1344
1771367773055 1.2301316261291504 1345
1771367773147 0.5942580103874207 1346
1771367773241 0.6694005131721497 1347
1771367773407 0.7018450498580933 1348
1771367773502 0.8916553258895874 1349
1771367773595 0.8095003962516785 1350
1771367773689 1.0224025249481201 1351
1771367773784 0.5053226947784424 1352
1771367773949 0.7005072832107544 1353
1771367774040 0.7212560176849365 1354
1771367774132 0.5872552990913391 1355
1771367774287 0.4184802770614624 1356
1771367774386 0.7412843704223633 1357
1771367774480 1.0668164491653442 1358
1771367774571 0.7985202670097351 1359
1771367774735 1.365039587020874 1360
1771367774827 0.4769704043865204 1361
1771367774921 1.0449192523956299 1362
1771367775014 0.7123512029647827 1363
1771367775107 0.4942921996116638 1364
1771367775264 1.0189117193222046 1365
1771367775358 0.9782088994979858 1366
1771367775458 0.8048641085624695 1367
1771367775559 0.5618550777435303 1368
1771367775725 0.6952452659606934 1369
1771367775819 0.8532687425613403 1370
1771367775916 0.8011295795440674 1371
1771367776011 0.270201176404953 1372
1771367776106 0.4143674373626709 1373
1771367776272 0.3438868820667267 1374
1771367776365 1.0507824420928955 1375
1771367776464 0.6036397218704224 1376
1771367776559 0.8151938915252686 1377
1771367776719 1.0033200979232788 1378
1771367776816 0.6530587077140808 1379
1771367776909 1.1929081678390503 1380
1771367777003 0.5360257625579834 1381
1771367777163 0.6418847441673279 1382
1771367777262 0.6153289079666138 1383
1771367777357 0.8022150993347168 1384
1771367777448 0.7276902198791504 1385
1771367777609 0.49951502680778503 1386
1771367777702 0.7631785869598389 1387
1771367777793 0.37795835733413696 1388
1771367777884 0.8394964337348938 1389
1771367778053 0.42800018191337585 1390
1771367778148 0.5491963624954224 1391
1771367778237 0.7586537599563599 1392
1771367778334 0.5559483170509338 1393
1771367778429 0.7145107984542847 1394
1771367778611 0.9267131090164185 1395
1771367778702 0.7662131190299988 1396
1771367778793 0.4171009361743927 1397
1771367778884 0.9998224377632141 1398
1771367779042 0.5536215305328369 1399
1771367779137 0.6780946254730225 1400
1771367779229 0.342593252658844 1401
1771367779322 0.6527372002601624 1402
1771367779414 0.46881264448165894 1403
1771367779572 0.609434962272644 1404
1771367779665 0.5712657570838928 1405
1771367779760 0.8326096534729004 1406
1771367779918 0.5188955068588257 1407
1771367780014 0.961138129234314 1408
1771367780114 0.7439329624176025 1409
1771367780209 0.4572528600692749 1410
1771367780372 0.46620607376098633 1411
1771367780467 0.44794532656669617 1412
1771367780561 0.9237543344497681 1413
1771367780652 0.9137678742408752 1414
1771367780750 0.5948270559310913 1415
1771367780914 0.5215368270874023 1416
1771367781007 0.6311054229736328 1417
1771367781101 0.773931622505188 1418
1771367781193 0.48269304633140564 1419
1771367781351 0.6987913846969604 1420
1771367781444 0.7309930324554443 1421
1771367781536 0.8481048345565796 1422
1771367781631 0.6911129355430603 1423
1771367781725 0.5554550886154175 1424
1771367781890 0.42848944664001465 1425
1771367781982 0.3689764440059662 1426
1771367782074 0.8278368711471558 1427
1771367782174 0.6632990837097168 1428
1771367782334 0.7443627715110779 1429
1771367782426 0.8481019735336304 1430
1771367782520 0.6075150370597839 1431
1771367782615 0.459176242351532 1432
1771367782780 1.1092132329940796 1433
1771367782873 0.46015694737434387 1434
1771367782966 0.6238862872123718 1435
1771367783061 0.4964313805103302 1436
1771367783222 0.8001499176025391 1437
1771367783318 0.4619458019733429 1438
1771367783415 0.6877968311309814 1439
1771367783507 0.6342720985412598 1440
1771367783664 0.8472485542297363 1441
1771367783761 0.8109061121940613 1442
1771367783858 0.4443575143814087 1443
1771367783952 0.6808018088340759 1444
1771367784045 0.7290558815002441 1445
1771367784207 0.4712049961090088 1446
1771367784309 0.7002950310707092 1447
1771367784404 0.6125309467315674 1448
1771367784495 0.6074016094207764 1449
1771367784653 1.0526750087738037 1450
1771367784746 0.6746413707733154 1451
1771367784837 0.48998165130615234 1452
1771367784928 0.6136927008628845 1453
1771367785022 0.3392385244369507 1454
1771367785181 0.7205033898353577 1455
1771367785275 0.5789244771003723 1456
1771367785368 0.5976707339286804 1457
1771367785466 0.8912667632102966 1458
1771367785623 0.7316797375679016 1459
1771367785715 0.7775993347167969 1460
1771367785807 0.5375533699989319 1461
1771367785899 0.9156286120414734 1462
1771367786057 0.6439496874809265 1463
1771367786151 0.42214176058769226 1464
1771367786243 0.5167649388313293 1465
1771367786342 0.5579234957695007 1466
1771367786439 0.6353363990783691 1467
1771367786604 0.5773357152938843 1468
1771367786697 0.6842021346092224 1469
1771367786789 0.36564165353775024 1470
1771367786879 0.7361871600151062 1471
1771367787035 0.3449461758136749 1472
1771367787126 0.4604714810848236 1473
1771367787217 0.7621575593948364 1474
1771367787308 0.5851435661315918 1475
1771367787463 0.5517681241035461 1476
1771367787555 0.57212895154953 1477
1771367787649 0.8062557578086853 1478
1771367787744 0.6034975051879883 1479
1771367787835 0.3916240930557251 1480
1771367787995 0.8218578696250916 1481
1771367788087 0.7480894923210144 1482
1771367788177 0.507598876953125 1483
1771367788267 0.49180421233177185 1484
1771367788432 1.6171292066574097 1485
1771367788526 0.9201571345329285 1486
1771367788618 0.7311495542526245 1487
1771367788713 1.1689189672470093 1488
1771367788873 0.9829102754592896 1489
1771367788964 0.7555820345878601 1490
1771367789055 0.8428336381912231 1491
1771367789145 0.2539331316947937 1492
1771367789234 0.7444745302200317 1493
1771367789391 0.6665521264076233 1494
1771367789481 0.47420722246170044 1495
1771367789572 0.5344194769859314 1496
1771367789662 0.5567978024482727 1497
1771367789817 0.6821697354316711 1498
1771367789907 0.48774072527885437 1499
1771367789998 0.4604487121105194 1500
1771367790090 0.6147658824920654 1501
1771367790244 0.9231706261634827 1502
1771367790337 0.5261273384094238 1503
1771367790427 0.676314651966095 1504
1771367790525 0.9055630564689636 1505
1771367790618 0.7991658449172974 1506
1771367790778 0.6969341039657593 1507
1771367790871 0.6275377869606018 1508
1771367790962 0.5792722105979919 1509
1771367791053 0.6079457998275757 1510
1771367791210 0.5992271900177002 1511
1771367791302 0.4239899516105652 1512
1771367791393 0.34298112988471985 1513
1771367791485 0.6500236988067627 1514
1771367791638 0.8593601584434509 1515
1771367791732 0.46365609765052795 1516
1771367791823 0.5808742642402649 1517
1771367791918 0.6355050206184387 1518
1771367792075 0.8291265368461609 1519
1771367792173 0.45229974389076233 1520
1771367792266 0.839503288269043 1521
1771367792360 0.5829592943191528 1522
1771367792518 0.48551908135414124 1523
1771367792621 0.5084786415100098 1524
1771367792720 0.5157985091209412 1525
1771367792815 0.6154342293739319 1526
1771367792909 0.49784743785858154 1527
1771367793072 0.6884260177612305 1528
1771367793164 0.7804532647132874 1529
1771367793258 0.8929461240768433 1530
1771367793354 0.6945667266845703 1531
1771367793514 0.7502828240394592 1532
1771367793606 0.6933410167694092 1533
1771367793701 1.0951290130615234 1534
1771367793794 0.4672640562057495 1535
1771367793954 0.4742378890514374 1536
1771367794048 0.7765718102455139 1537
1771367794142 0.5744933485984802 1538
1771367794236 0.6280624270439148 1539
1771367794399 0.5775364637374878 1540
1771367794493 0.5041704773902893 1541
1771367794586 0.5463465452194214 1542
1771367794687 0.5269537568092346 1543
1771367794849 0.5307267308235168 1544
1771367794944 0.6389745473861694 1545
1771367795036 0.9423719048500061 1546
1771367795129 0.8340038061141968 1547
1771367795288 0.6252657175064087 1548
1771367795380 0.6775239706039429 1549
1771367795479 0.6462540030479431 1550
1771367795572 0.5585654377937317 1551
1771367795733 0.9546257853507996 1552
1771367795828 0.6673411726951599 1553
1771367795922 0.9398173689842224 1554
1771367796017 0.7045016288757324 1555
1771367796172 0.693956732749939 1556
1771367796266 0.714006781578064 1557
1771367796358 0.9071131348609924 1558
1771367796453 0.8719577789306641 1559
1771367796613 0.8342399597167969 1560
1771367796708 0.9341464638710022 1561
1771367796810 0.506470263004303 1562
1771367796904 0.5245988368988037 1563
1771367797078 0.6296655535697937 1564
1771367797176 0.31359556317329407 1565
1771367797273 0.7457844018936157 1566
1771367797367 0.8907472491264343 1567
1771367797460 0.5059522986412048 1568
1771367797622 0.5816726088523865 1569
1771367797718 0.6900562047958374 1570
1771367797813 1.0331447124481201 1571
1771367797909 0.6438405513763428 1572
1771367798069 0.8714359998703003 1573
1771367798161 1.214079737663269 1574
1771367798257 0.4568752646446228 1575
1771367798351 0.7698588967323303 1576
1771367798512 0.6891770362854004 1577
1771367798608 0.7192388772964478 1578
1771367798702 0.9054328203201294 1579
1771367798797 0.5025674104690552 1580
1771367798968 0.9483143091201782 1581
1771367799063 0.5620334148406982 1582
1771367799157 0.5399864315986633 1583
1771367799249 0.7582282423973083 1584
1771367799405 0.744696855545044 1585
1771367799505 0.8826331496238708 1586
1771367799602 0.8188794851303101 1587
1771367799698 0.5005345940589905 1588
1771367799859 0.9611378312110901 1589
1771367799956 0.6834400296211243 1590
1771367800053 0.8817992210388184 1591
1771367800155 0.7577740550041199 1592
1771367800319 0.7608397006988525 1593
1771367800419 1.1337469816207886 1594
1771367800516 0.533912181854248 1595
1771367800613 0.7437172532081604 1596
1771367800771 1.2079641819000244 1597
1771367800872 0.7048831582069397 1598
1771367800974 0.780360221862793 1599
1771367801070 0.2928491532802582 1600
1771367801234 0.5865510106086731 1601
1771367801332 0.4309561848640442 1602
1771367801428 0.6654694676399231 1603
1771367801526 0.9754095673561096 1604
1771367801689 0.855139970779419 1605
1771367801788 0.8552141189575195 1606
1771367801886 0.4715854525566101 1607
1771367801984 0.7980932593345642 1608
1771367802080 0.7162086963653564 1609
1771367802241 0.833239734172821 1610
1771367802337 1.0117435455322266 1611
1771367802431 0.42939823865890503 1612
1771367802528 1.0759961605072021 1613
1771367802696 0.9015814661979675 1614
1771367802793 0.5220375061035156 1615
1771367802887 0.6568980813026428 1616
1771367802984 0.6080335378646851 1617
1771367803153 1.0307685136795044 1618
1771367803247 0.640449583530426 1619
1771367803343 0.5584413409233093 1620
1771367803440 0.7734245657920837 1621
1771367803602 0.5439237356185913 1622
1771367803697 0.8018535375595093 1623
1771367803790 0.6553221940994263 1624
1771367803887 1.2521419525146484 1625
1771367804047 0.7745764255523682 1626
1771367804144 0.31159162521362305 1627
1771367804241 0.8587205410003662 1628
1771367804336 1.014207363128662 1629
1771367804500 0.7235106825828552 1630
1771367804597 0.5614262819290161 1631
1771367804692 0.9415088295936584 1632
1771367804788 1.0682567358016968 1633
1771367804948 0.7699143886566162 1634
1771367805050 1.0719269514083862 1635
1771367805152 0.6595332026481628 1636
1771367805247 0.6446546316146851 1637
1771367805412 0.7031834721565247 1638
1771367805508 0.5447061061859131 1639
1771367805603 0.7428426742553711 1640
1771367805696 0.5864366888999939 1641
1771367805855 0.7567960023880005 1642
1771367805954 0.6645813584327698 1643
1771367806050 1.076407790184021 1644
1771367806145 1.1341601610183716 1645
1771367806307 0.803443968296051 1646
1771367806403 0.6711336970329285 1647
1771367806503 0.7288413643836975 1648
1771367806597 0.6286347508430481 1649
1771367806694 0.8212830424308777 1650
1771367806859 1.0090562105178833 1651
1771367806956 0.4395456314086914 1652
1771367807054 0.55271315574646 1653
1771367807155 0.5825262665748596 1654
1771367807325 0.7191236615180969 1655
1771367807419 0.8205810785293579 1656
1771367807514 0.7666891813278198 1657
1771367807608 0.7583767175674438 1658
1771367807767 0.28585803508758545 1659
1771367807858 0.588191032409668 1660
1771367807949 0.7937551140785217 1661
1771367808041 0.6893954873085022 1662
1771367808201 0.7630441188812256 1663
1771367808292 0.835594892501831 1664
1771367808383 0.9600580930709839 1665
1771367808474 0.5019093155860901 1666
1771367808614 1.3513951301574707 1667
1771367808842 0.9735350608825684 1668
1771367809000 0.7196139693260193 1669
1771367809091 0.5835722088813782 1670
1771367809182 0.33643850684165955 1671
1771367809285 0.5587940812110901 1672
1771367809445 0.5743271112442017 1673
1771367809539 0.3672126829624176 1674
1771367809631 0.6352735161781311 1675
1771367809727 0.8455573320388794 1676
1771367809881 0.5294937491416931 1677
1771367809974 0.8983840346336365 1678
1771367810065 0.4105529189109802 1679
1771367810155 0.5603642463684082 1680
1771367810312 0.6704168319702148 1681
1771367810405 0.34133997559547424 1682
1771367810496 0.6947979927062988 1683
1771367810588 0.7670543789863586 1684
1771367810749 0.4526502788066864 1685
1771367810844 0.9329246282577515 1686
1771367810936 0.638071596622467 1687
1771367811028 0.6875120401382446 1688
1771367811119 0.7996528148651123 1689
1771367811274 0.6284835934638977 1690
1771367811376 0.979631781578064 1691
1771367811470 0.690187394618988 1692
1771367811561 1.3141785860061646 1693
1771367811722 0.899027407169342 1694
1771367811814 0.6337457299232483 1695
1771367811908 0.8442858457565308 1696
1771367812001 0.5574269890785217 1697
1771367812163 0.8756499886512756 1698
1771367812260 0.7006455659866333 1699
1771367812354 0.5826966762542725 1700
1771367812448 0.7263203859329224 1701
1771367812608 0.34403982758522034 1702
1771367812714 0.96808260679245 1703
1771367812809 0.8046566247940063 1704
1771367812904 0.8893193602561951 1705
1771367813066 0.6940100789070129 1706
1771367813161 1.3211884498596191 1707
1771367813261 0.9398909211158752 1708
1771367813361 0.47176602482795715 1709
1771367813536 0.5763797163963318 1710
1771367813631 0.5739607214927673 1711
1771367813727 0.800247848033905 1712
1771367813823 0.8111394047737122 1713
1771367813980 0.4568445086479187 1714
1771367814078 0.7460779547691345 1715
1771367814173 0.49018552899360657 1716
1771367814269 0.6748596429824829 1717
1771367814430 0.5257230401039124 1718
1771367814531 0.768668532371521 1719
1771367814628 0.5708605647087097 1720
1771367814729 0.6310723423957825 1721
1771367814898 0.8249948024749756 1722
1771367814994 0.5832340121269226 1723
1771367815088 0.7165716290473938 1724
1771367815183 0.4057067632675171 1725
1771367815351 0.7217113971710205 1726
1771367815455 0.4352896213531494 1727
1771367815557 0.5955582857131958 1728
1771367815653 0.6706191301345825 1729
1771367815750 0.5043140649795532 1730
1771367815916 0.6389691829681396 1731
1771367816011 0.6989912986755371 1732
1771367816106 0.5383793711662292 1733
1771367816199 0.7074668407440186 1734
1771367816357 0.48677319288253784 1735
1771367816457 0.8525813817977905 1736
1771367816552 1.260880708694458 1737
1771367816645 0.7786672711372375 1738
1771367816806 0.9083526730537415 1739
1771367816900 0.3823026120662689 1740
1771367816994 0.7877807021141052 1741
1771367817089 0.7163683772087097 1742
1771367817249 0.7996726036071777 1743
1771367817346 0.8757148385047913 1744
1771367817442 0.4666098654270172 1745
1771367817540 0.6430583596229553 1746
1771367817708 0.5511160492897034 1747
1771367817803 0.8660112023353577 1748
1771367817902 0.5371235013008118 1749
1771367817997 0.8188477158546448 1750
1771367818158 0.5381401777267456 1751
1771367818252 0.33758261799812317 1752
1771367818345 0.19656731188297272 1753
1771367818439 0.48161551356315613 1754
1771367818598 0.6168760061264038 1755
1771367818693 0.8947671055793762 1756
1771367818787 0.7743006944656372 1757
1771367818883 0.5045995116233826 1758
1771367819043 0.7351388335227966 1759
1771367819142 0.7625863552093506 1760
1771367819237 0.8195877075195312 1761
1771367819333 0.6504043340682983 1762
1771367819492 0.8353796005249023 1763
1771367819590 0.8484235405921936 1764
1771367819691 0.23042190074920654 1765
1771367819788 0.7312779426574707 1766
1771367819953 0.7569425106048584 1767
1771367820053 0.8752270340919495 1768
1771367820150 0.6383760571479797 1769
1771367820244 0.6289035081863403 1770
1771367820340 0.5318579077720642 1771
1771367820503 0.38743945956230164 1772
1771367820600 0.5963243246078491 1773
1771367820696 0.6265430450439453 1774
1771367820792 0.5491507053375244 1775
1771367820955 0.3393537700176239 1776
1771367821051 0.6090348958969116 1777
1771367821151 0.8706057667732239 1778
1771367821247 0.6099228262901306 1779
1771367821411 0.6076319217681885 1780
1771367821506 0.6701869964599609 1781
1771367821602 0.5423724055290222 1782
1771367821699 0.48718783259391785 1783
1771367821877 0.5856914520263672 1784
1771367821970 0.6596807837486267 1785
1771367822065 0.6989141702651978 1786
1771367822160 0.7945914268493652 1787
1771367822319 0.5522323250770569 1788
1771367822416 0.980336606502533 1789
1771367822513 0.7501605749130249 1790
1771367822608 0.5410899519920349 1791
1771367822769 0.43206286430358887 1792
1771367822862 0.6015297174453735 1793
1771367822957 0.594584047794342 1794
1771367823053 0.21628889441490173 1795
1771367823212 0.6402137875556946 1796
1771367823308 0.39334768056869507 1797
1771367823402 0.5715714693069458 1798
1771367823495 1.1746705770492554 1799
1771367823652 0.8917846083641052 1800
1771367823746 0.6340539455413818 1801
1771367823846 0.7629528641700745 1802
1771367823943 0.6876599788665771 1803
1771367824104 0.6702985763549805 1804
1771367824198 0.5815814137458801 1805
1771367824293 0.8884426951408386 1806
1771367824392 0.8455173969268799 1807
1771367824550 1.3456162214279175 1808
1771367824646 1.116548776626587 1809
1771367824738 0.4580821692943573 1810
1771367824833 0.3354361653327942 1811
1771367824929 1.003441572189331 1812
1771367825092 1.2043941020965576 1813
1771367825189 0.7305909991264343 1814
1771367825284 0.6978545188903809 1815
1771367825480 0.2988617718219757 1816
1771367825579 0.5665088295936584 1817
1771367825675 0.4817306399345398 1818
1771367825769 0.816121518611908 1819
1771367825944 0.7344745993614197 1820
1771367826045 0.6233476400375366 1821
1771367826142 0.7193452715873718 1822
1771367826238 1.1442890167236328 1823
1771367826334 1.1366245746612549 1824
1771367826498 0.9088484644889832 1825
1771367826593 0.7541338205337524 1826
1771367826689 0.6751073002815247 1827
1771367826855 0.8287911415100098 1828
1771367826951 0.9673489332199097 1829
1771367827047 0.5513538122177124 1830
1771367827142 0.709747850894928 1831
1771367827308 0.7545554041862488 1832
1771367827406 0.5914531946182251 1833
1771367827500 0.4769606590270996 1834
1771367827595 0.8820995092391968 1835
1771367827690 0.6930841207504272 1836
1771367827854 0.867925763130188 1837
1771367827955 0.34486961364746094 1838
1771367828055 0.45431336760520935 1839
1771367828219 0.5750800371170044 1840
1771367828314 0.5446932315826416 1841
1771367828407 0.639447033405304 1842
1771367828503 0.3767404854297638 1843
1771367828662 0.6127381324768066 1844
1771367828761 0.6370452642440796 1845
1771367828855 0.4859366714954376 1846
1771367828951 0.7251614332199097 1847
1771367829047 0.3256935477256775 1848
1771367829206 0.16567091643810272 1849
1771367829300 0.5483294725418091 1850
1771367829393 0.5354921221733093 1851
1771367829550 0.5230256915092468 1852
1771367829644 0.8584765791893005 1853
1771367829738 0.6989043951034546 1854
1771367829832 0.5390098690986633 1855
1771367829993 0.5220961570739746 1856
1771367830097 0.894495964050293 1857
1771367830193 0.5684778690338135 1858
1771367830289 0.8778436183929443 1859
1771367830382 0.6040129065513611 1860
1771367830544 0.7248030304908752 1861
1771367830638 0.7644938230514526 1862
1771367830733 0.5784860849380493 1863
1771367830828 0.6593246459960938 1864
1771367830987 0.49575701355934143 1865
1771367831082 0.3462940454483032 1866
1771367831178 0.719482421875 1867
1771367831273 0.4986741244792938 1868
1771367831431 0.7401288151741028 1869
1771367831526 0.5122770667076111 1870
1771367831621 0.6700561046600342 1871
1771367831716 0.9079515337944031 1872
1771367831876 0.9238094687461853 1873
1771367831971 0.45902684330940247 1874
1771367832065 0.5410401821136475 1875
1771367832166 0.4874490201473236 1876
1771367832333 0.4015066623687744 1877
1771367832428 1.057814359664917 1878
1771367832529 0.6359131336212158 1879
1771367832631 0.5740980505943298 1880
1771367832799 0.7267418503761292 1881
1771367832895 0.3934614956378937 1882
1771367832989 0.7389402985572815 1883
1771367833084 0.6094266176223755 1884
1771367833250 0.711966872215271 1885
1771367833346 0.6137004494667053 1886
1771367833447 0.607592761516571 1887
1771367833539 0.4514304995536804 1888
1771367833699 0.7048168778419495 1889
1771367833797 0.5902671813964844 1890
1771367833893 0.8562151193618774 1891
1771367833993 0.5046730041503906 1892
1771367834154 0.4542114734649658 1893
1771367834259 0.4045116901397705 1894
1771367834355 0.6271170377731323 1895
1771367834453 0.6827300190925598 1896
1771367834619 1.0855789184570312 1897
1771367834719 0.540459156036377 1898
1771367834814 0.5926076173782349 1899
1771367834909 0.9124753475189209 1900
1771367835073 0.8400349617004395 1901
1771367835171 0.8224582672119141 1902
1771367835269 0.9090061783790588 1903
1771367835364 0.4870922863483429 1904
1771367835533 0.5417841076850891 1905
1771367835628 0.42863526940345764 1906
1771367835726 0.4660906493663788 1907
1771367835826 0.6335241794586182 1908
1771367835990 0.4006713926792145 1909
1771367836087 0.6358271837234497 1910
1771367836183 0.6675208210945129 1911
1771367836280 0.7177897691726685 1912
1771367836453 0.4904894232749939 1913
1771367836553 0.6128431558609009 1914
1771367836650 1.0292491912841797 1915
1771367836749 0.9283754825592041 1916
1771367836910 0.4819730818271637 1917
1771367837008 0.6422061324119568 1918
1771367837107 0.6901454329490662 1919
1771367837205 0.6815921068191528 1920
1771367837368 0.5735021829605103 1921
1771367837466 0.5590625405311584 1922
1771367837564 0.5855916738510132 1923
1771367837661 0.48152729868888855 1924
1771367837833 0.9026985168457031 1925
1771367837931 0.4243026375770569 1926
1771367838028 0.7040213346481323 1927
1771367838123 0.683809757232666 1928
1771367838281 0.747558057308197 1929
1771367838375 0.5929358601570129 1930
1771367838474 0.510782778263092 1931
1771367838566 0.5185429453849792 1932
1771367838726 0.4886913299560547 1933
1771367838818 0.5175856947898865 1934
1771367838911 0.5047528147697449 1935
1771367839006 0.6178858280181885 1936
1771367839165 1.1672813892364502 1937
1771367839262 0.7393448948860168 1938
1771367839357 1.0541437864303589 1939
1771367839453 1.0599446296691895 1940
1771367839613 0.40039336681365967 1941
1771367839706 1.0905970335006714 1942
1771367839803 0.7363132834434509 1943
1771367839895 0.7419138550758362 1944
1771367840057 0.5666649341583252 1945
1771367840150 0.7878005504608154 1946
1771367840245 0.5429760217666626 1947
1771367840339 0.9244091510772705 1948
1771367840506 0.7788658738136292 1949
1771367840602 0.4074733257293701 1950
1771367840694 1.227904200553894 1951
1771367840789 0.6323690414428711 1952
1771367840955 0.5012246370315552 1953
1771367841052 0.8286237120628357 1954
1771367841148 0.5993753671646118 1955
1771367841243 0.5768855810165405 1956
1771367841405 0.3610774576663971 1957
1771367841501 0.31102678179740906 1958
1771367841596 0.41455546021461487 1959
1771367841692 0.6250312328338623 1960
1771367841851 0.45758751034736633 1961
1771367841946 0.7585949897766113 1962
1771367842045 0.4650116264820099 1963
1771367842142 0.4507197141647339 1964
1771367842304 0.9634465575218201 1965
1771367842400 0.5437686443328857 1966
1771367842498 0.6080234050750732 1967
1771367842602 0.9052076935768127 1968
1771367842769 0.422573983669281 1969
1771367842862 0.3655813932418823 1970
1771367842958 0.588020384311676 1971
1771367843055 0.7569608092308044 1972
1771367843215 0.4629955291748047 1973
1771367843311 0.41760730743408203 1974
1771367843408 0.4715971350669861 1975
1771367843503 0.846690833568573 1976
1771367843664 0.5383789539337158 1977
1771367843757 0.4979904890060425 1978
1771367843853 0.6763617992401123 1979
1771367843946 1.003974437713623 1980
1771367844107 0.4833681583404541 1981
1771367844206 1.030693531036377 1982
1771367844304 0.40451815724372864 1983
1771367844403 0.3819274306297302 1984
1771367844572 0.5616297721862793 1985
1771367844673 0.49749335646629333 1986
1771367844769 0.735008955001831 1987
1771367844864 0.8789222836494446 1988
1771367845026 0.9686832427978516 1989
1771367845121 0.6114833950996399 1990
1771367845219 0.821219801902771 1991
1771367845316 0.9074879884719849 1992
1771367845481 0.8442296385765076 1993
1771367845578 0.7299619913101196 1994
1771367845673 0.8315870761871338 1995
1771367845766 0.8056657314300537 1996
1771367845925 0.4690815210342407 1997
1771367846019 0.7519558072090149 1998
1771367846113 0.6628565192222595 1999
1771367846212 0.7982780337333679 2000
1771367846374 0.6683725714683533 2001
1771367846473 0.6804322600364685 2002
1771367846570 0.7898436188697815 2003
1771367846666 0.4719773828983307 2004
1771367846842 0.909227192401886 2005
1771367846937 0.2709343135356903 2006
1771367847037 0.5612183809280396 2007
1771367847135 0.809981644153595 2008
1771367847299 0.48186632990837097 2009
1771367847395 0.6058332324028015 2010
1771367847492 1.1905109882354736 2011
1771367847592 0.8158241510391235 2012
1771367847752 0.5581195950508118 2013
1771367847851 0.2890123128890991 2014
1771367847950 0.6347926259040833 2015
1771367848054 0.8039085268974304 2016
1771367848219 0.5299869775772095 2017
1771367848316 0.94948410987854 2018
1771367848414 0.5758514404296875 2019
1771367848510 0.5507786273956299 2020
1771367848671 1.0418109893798828 2021
1771367848765 0.5657085180282593 2022
1771367848869 0.26013070344924927 2023
1771367848966 0.5080839395523071 2024
1771367849131 0.28780314326286316 2025
1771367849230 1.137678861618042 2026
1771367849326 0.38104483485221863 2027
1771367849422 0.681702733039856 2028
1771367849584 0.7007778882980347 2029
1771367849681 0.688200831413269 2030
1771367849777 0.7936152219772339 2031
1771367849876 0.7331184148788452 2032
1771367850051 0.9181003570556641 2033
1771367850147 0.7345114946365356 2034
1771367850245 0.9780357480049133 2035
1771367850343 0.8058284521102905 2036
1771367850509 0.7624547481536865 2037
1771367850606 0.8037760257720947 2038
1771367850703 0.8309422731399536 2039
1771367850801 1.1477102041244507 2040
1771367850979 0.7681219577789307 2041
1771367851077 0.5831688642501831 2042
1771367851173 0.7126051783561707 2043
1771367851269 0.7147635817527771 2044
1771367851440 0.6829667091369629 2045
1771367851538 0.9070944786071777 2046
1771367851633 0.7238775491714478 2047
1771367851729 0.5800939202308655 2048
1771367851897 0.7207792401313782 2049
1771367851997 0.5391365885734558 2050
1771367852094 0.8091816306114197 2051
1771367852191 0.7531940340995789 2052
1771367852358 0.9135039448738098 2053
1771367852454 0.5188575387001038 2054
1771367852551 0.4018726050853729 2055
1771367852649 0.49911168217658997 2056
1771367852815 0.7132024765014648 2057
1771367852911 0.7517257332801819 2058
1771367853014 0.714604377746582 2059
1771367853112 0.5791347622871399 2060
1771367853278 0.4986951947212219 2061
1771367853377 0.872199535369873 2062
1771367853472 1.0388599634170532 2063
1771367853569 0.7350467443466187 2064
1771367853734 0.6678957939147949 2065
1771367853832 1.3176395893096924 2066
1771367853928 0.5300535559654236 2067
1771367854028 0.8770555257797241 2068
1771367854191 0.6687398552894592 2069
1771367854287 0.6565412282943726 2070
1771367854387 0.2749561667442322 2071
1771367854481 0.9749934673309326 2072
1771367854642 0.6949433088302612 2073
1771367854737 0.8626226782798767 2074
1771367854837 0.8726421594619751 2075
1771367854932 0.7336429357528687 2076
1771367855103 0.8893476128578186 2077
1771367855200 0.6697396039962769 2078
1771367855295 0.4865091145038605 2079
1771367855400 0.6252524852752686 2080
1771367855564 0.8892741799354553 2081
1771367855659 0.6759046316146851 2082
1771367855755 0.537897527217865 2083
1771367855835 0.9095255136489868 2084
1771367856141 0.3763965666294098 2085
1771367856237 0.9760258793830872 2086
1771367856405 0.6976227164268494 2087
1771367856505 0.18141880631446838 2088
1771367856600 0.4066936671733856 2089
1771367856695 1.0142338275909424 2090
1771367856860 0.8835872411727905 2091
1771367856958 1.2434771060943604 2092
1771367857059 0.4790123999118805 2093
1771367857165 0.5273765325546265 2094
1771367857338 0.4496367871761322 2095
1771367857437 0.7647517323493958 2096
1771367857536 0.7037076354026794 2097
1771367857633 0.7328214645385742 2098
1771367857796 0.5819161534309387 2099
1771367857892 0.6983204483985901 2100
1771367857989 0.6540223360061646 2101
1771367858086 0.41371971368789673 2102
1771367858247 0.5466615557670593 2103
1771367858343 0.8930373191833496 2104
1771367858439 0.5921371579170227 2105
1771367858535 0.330745130777359 2106
1771367858697 0.9599086046218872 2107
1771367858795 0.41671279072761536 2108
1771367858893 0.3938831388950348 2109
1771367858990 0.7569301128387451 2110
1771367859158 0.4381629526615143 2111
1771367859263 0.7748029232025146 2112
1771367859365 0.5373108386993408 2113
1771367859468 0.7057527303695679 2114
1771367859643 0.4752039611339569 2115
1771367859741 0.9499609470367432 2116
1771367859839 0.700955331325531 2117
1771367859938 0.6282739043235779 2118
1771367860109 0.5374413132667542 2119
1771367860206 0.613836944103241 2120
1771367860303 0.6047643423080444 2121
1771367860398 1.0613133907318115 2122
1771367860559 0.3031936287879944 2123
1771367860655 1.1237624883651733 2124
1771367860750 0.6092530488967896 2125
1771367860847 0.4836081266403198 2126
1771367861010 0.6267697215080261 2127
1771367861105 0.7950008511543274 2128
1771367861203 0.7490351796150208 2129
1771367861306 0.6276100873947144 2130
1771367861472 0.5642712712287903 2131
1771367861568 0.619101345539093 2132
1771367861663 0.38836678862571716 2133
1771367861759 0.5600970983505249 2134
1771367861918 0.44182005524635315 2135
1771367862016 0.4057365357875824 2136
1771367862111 0.8570547699928284 2137
1771367862207 0.6304817795753479 2138
1771367862370 0.49258559942245483 2139
1771367862469 0.9689255356788635 2140
1771367862568 0.4684768617153168 2141
1771367862667 0.6816295981407166 2142
1771367862842 0.42021095752716064 2143
1771367862939 1.1127638816833496 2144
1771367863038 0.7208638787269592 2145
1771367863136 0.7615941762924194 2146
1771367863298 0.4990707039833069 2147
1771367863403 0.561447024345398 2148
1771367863503 0.30703362822532654 2149
1771367863598 0.712912917137146 2150
1771367863764 0.8867872357368469 2151
1771367863860 0.6633775234222412 2152
1771367863957 0.7576159834861755 2153
1771367864052 0.9037466645240784 2154
1771367864215 0.8805590867996216 2155
1771367864312 0.7622278928756714 2156
1771367864412 0.8577008843421936 2157
1771367864515 0.5019051432609558 2158
1771367864678 0.7038765549659729 2159
1771367864776 0.7570086121559143 2160
1771367864876 1.0494590997695923 2161
1771367865040 1.0841399431228638 2162
1771367865140 0.7541725039482117 2163
1771367865239 0.8898303508758545 2164
1771367865338 0.6513087749481201 2165
1771367865516 0.8028459548950195 2166
1771367865619 0.5270227789878845 2167
1771367865717 0.5492104291915894 2168
1771367865816 0.5961288809776306 2169
1771367865980 1.2953310012817383 2170
1771367866080 0.4211914539337158 2171
1771367866176 0.49024325609207153 2172
1771367866274 0.7570173144340515 2173
1771367866438 0.5632980465888977 2174
1771367866538 0.7373175621032715 2175
1771367866640 0.9107027649879456 2176
1771367866739 0.8972458243370056 2177
1771367866904 0.4791487455368042 2178
1771367867003 0.47231313586235046 2179
1771367867100 0.49284249544143677 2180
1771367867265 0.5118913650512695 2181
1771367867363 0.6689319014549255 2182
1771367867457 0.38704943656921387 2183
1771367867557 0.2644284963607788 2184
1771367867723 0.5896204710006714 2185
1771367867822 0.49507200717926025 2186
1771367867918 0.32488733530044556 2187
1771367868014 0.517036497592926 2188
1771367868177 0.8660634160041809 2189
1771367868272 0.5959016680717468 2190
1771367868368 0.45092466473579407 2191
1771367868474 0.5261143445968628 2192
1771367868647 0.4537658393383026 2193
1771367868745 0.7818571925163269 2194
1771367868842 0.939789891242981 2195
1771367869005 0.44652193784713745 2196
1771367869104 0.6298519968986511 2197
1771367869199 0.38548046350479126 2198
1771367869297 0.5645415782928467 2199
1771367869459 0.9658287167549133 2200
1771367869557 0.5978515148162842 2201
1771367869660 0.722551167011261 2202
1771367869759 0.6714489459991455 2203
1771367869928 0.6322870254516602 2204
1771367870024 0.5404273867607117 2205
1771367870122 0.6476450562477112 2206
1771367870221 0.4874200224876404 2207
1771367870383 0.795848548412323 2208
1771367870483 0.8625301718711853 2209
1771367870583 0.3826931416988373 2210
1771367870744 0.7938820123672485 2211
1771367870844 0.650606095790863 2212
1771367870942 0.307218462228775 2213
1771367871042 0.43716880679130554 2214
1771367871205 0.9700732231140137 2215
1771367871302 0.4942670464515686 2216
1771367871398 0.5876977443695068 2217
1771367871497 0.8896476626396179 2218
1771367871659 0.6113158464431763 2219
1771367871767 0.565330445766449 2220
1771367871866 0.9016647338867188 2221
1771367871963 0.42264389991760254 2222
1771367872134 0.7519901990890503 2223
1771367872232 1.1906843185424805 2224
1771367872330 0.6420684456825256 2225
1771367872430 0.6698175668716431 2226
1771367872629 0.7483106255531311 2227
1771367872727 0.6304613947868347 2228
1771367872826 0.4860366880893707 2229
1771367872926 0.38248905539512634 2230
1771367873095 0.8144723176956177 2231
1771367873192 0.6277747750282288 2232
1771367873290 0.8535955548286438 2233
1771367873460 0.3053402304649353 2234
1771367873560 0.6600288152694702 2235
1771367873658 0.5712391138076782 2236
1771367873759 0.6689507365226746 2237
1771367873928 0.7712165713310242 2238
1771367874028 0.5976155400276184 2239
1771367874125 0.7977942824363708 2240
1771367874223 0.5817301273345947 2241
1771367874386 0.6837078928947449 2242
1771367874483 0.9513323307037354 2243
1771367874578 0.7436776757240295 2244
1771367874673 0.3181289732456207 2245
1771367874834 0.631273627281189 2246
1771367874929 1.0515834093093872 2247
1771367875025 0.6069209575653076 2248
1771367875121 0.5906875729560852 2249
1771367875282 0.5110062956809998 2250
1771367875378 0.864185094833374 2251
1771367875482 0.7081784605979919 2252
1771367875580 0.24194501340389252 2253
1771367875741 0.719273030757904 2254
1771367875844 0.8140950798988342 2255
1771367875948 1.1216332912445068 2256
1771367876113 1.281895399093628 2257
1771367876213 0.7141087651252747 2258
1771367876310 0.7373547554016113 2259
1771367876407 0.7100175023078918 2260
1771367876575 0.8129547834396362 2261
1771367876674 0.7607277631759644 2262
1771367876772 0.7892747521400452 2263
1771367876869 0.582335352897644 2264
1771367877031 0.6117357611656189 2265
1771367877133 0.7679481506347656 2266
1771367877229 0.6098084449768066 2267
1771367877325 0.6554037928581238 2268
1771367877486 0.5312661528587341 2269
1771367877585 0.3643229603767395 2270
1771367877684 0.15728062391281128 2271
1771367877785 0.6851586103439331 2272
1771367877952 0.24100810289382935 2273
1771367878051 0.6063345074653625 2274
1771367878150 0.4338037073612213 2275
1771367878249 0.5041078329086304 2276
1771367878417 0.48655441403388977 2277
1771367878515 0.41053473949432373 2278
1771367878614 0.5297344923019409 2279
1771367878776 0.5303428769111633 2280
1771367878876 0.8245144486427307 2281
1771367878973 0.4447022080421448 2282
1771367879075 0.3400045335292816 2283
1771367879236 0.7441476583480835 2284
1771367879336 0.41542577743530273 2285
1771367879433 0.4469442665576935 2286
1771367879532 0.5756948590278625 2287
1771367879694 0.4373059570789337 2288
1771367879794 0.769477367401123 2289
1771367879892 0.5867261290550232 2290
1771367879994 0.6368104219436646 2291
1771367880164 0.593938946723938 2292
1771367880260 0.7143628597259521 2293
1771367880358 0.642127275466919 2294
1771367880454 0.3974190950393677 2295
1771367880618 0.606799304485321 2296
1771367880717 0.347791463136673 2297
1771367880815 0.5569135546684265 2298
1771367880913 0.8268137574195862 2299
1771367881074 1.7692723274230957 2300
1771367881169 0.5371922254562378 2301
1771367881267 0.8907213807106018 2302
1771367881428 0.6957756876945496 2303
1771367881523 0.5078104734420776 2304
1771367881619 0.7280905246734619 2305
1771367881715 0.5500488877296448 2306
1771367881872 0.7754107713699341 2307
1771367881972 0.7159998416900635 2308
1771367882073 0.8177186250686646 2309
1771367882172 0.8551254868507385 2310
1771367882337 0.949532151222229 2311
1771367882437 0.8507471084594727 2312
1771367882536 0.7516212463378906 2313
1771367882637 0.8104206323623657 2314
1771367882808 0.8967092037200928 2315
1771367882903 0.6914156079292297 2316
1771367883000 0.5062923431396484 2317
1771367883097 0.7246242165565491 2318
1771367883264 0.316650927066803 2319
1771367883365 0.47129082679748535 2320
1771367883465 0.7114825248718262 2321
1771367883564 0.5900207757949829 2322
1771367883731 0.7058649659156799 2323
1771367883828 0.25921663641929626 2324
1771367883924 0.8055494427680969 2325
1771367884094 0.2687627971172333 2326
1771367884199 0.6870810985565186 2327
1771367884298 0.4739050567150116 2328
1771367884397 0.6833193898200989 2329
1771367884568 0.3123912811279297 2330
1771367884668 0.658229649066925 2331
1771367884766 0.4850302040576935 2332
1771367884864 0.5787038803100586 2333
1771367885027 0.403913289308548 2334
1771367885125 0.7996461391448975 2335
1771367885222 0.37093842029571533 2336
1771367885322 0.443494975566864 2337
1771367885497 1.0242472887039185 2338
1771367885598 0.8205181956291199 2339
1771367885698 0.7032761573791504 2340
1771367885798 0.8035582304000854 2341
1771367885964 0.7149485349655151 2342
1771367886063 0.9672863483428955 2343
1771367886163 0.9797880053520203 2344
1771367886274 0.4858201742172241 2345
1771367886444 0.629439115524292 2346
1771367886546 0.8138096332550049 2347
1771367886642 0.8211103081703186 2348
1771367886805 0.6120077967643738 2349
1771367886907 0.8537366986274719 2350
1771367887003 0.559683084487915 2351
1771367887103 0.27841201424598694 2352
1771367887264 0.5148966312408447 2353
1771367887366 0.7646056413650513 2354
1771367887462 0.6370262503623962 2355
1771367887560 0.8583850264549255 2356
1771367887721 0.602837324142456 2357
1771367887819 0.7646679282188416 2358
1771367887915 0.6409630179405212 2359
1771367888012 0.460237056016922 2360
1771367888184 0.9818588495254517 2361
1771367888279 0.7792391777038574 2362
1771367888383 0.44906193017959595 2363
1771367888481 0.404872864484787 2364
1771367888657 0.9910820126533508 2365
1771367888755 0.5553001165390015 2366
1771367888852 0.6113996505737305 2367
1771367888949 0.8845998048782349 2368
1771367889111 0.5092512965202332 2369
1771367889210 0.4054444432258606 2370
1771367889308 0.6104188561439514 2371
1771367889471 0.44504258036613464 2372
1771367889569 0.9412129521369934 2373
1771367889667 0.8228128552436829 2374
1771367889764 0.848331868648529 2375
1771367889926 1.3362011909484863 2376
1771367890024 0.4250752925872803 2377
1771367890124 0.783300518989563 2378
1771367890227 0.6428895592689514 2379
1771367890394 0.7230474352836609 2380
1771367890496 0.4987226128578186 2381
1771367890596 0.8184155225753784 2382
1771367890696 0.4522523581981659 2383
1771367890861 0.5255307555198669 2384
1771367890962 0.7244262099266052 2385
1771367891062 0.8512036204338074 2386
1771367891160 0.5686777830123901 2387
1771367891328 0.3969442844390869 2388
1771367891427 0.785744845867157 2389
1771367891524 0.42344608902931213 2390
1771367891620 0.4166643023490906 2391
1771367891793 0.4140099287033081 2392
1771367891890 0.5569169521331787 2393
1771367891987 0.3877624273300171 2394
1771367892149 0.7890390157699585 2395
1771367892250 0.38790982961654663 2396
1771367892348 0.9804369211196899 2397
1771367892446 0.27380138635635376 2398
1771367892627 0.48634475469589233 2399
1771367892730 1.0072605609893799 2400
1771367892828 1.38299560546875 2401
1771367892928 0.7616891264915466 2402
1771367893092 0.6142352223396301 2403
1771367893192 0.708382248878479 2404
1771367893295 0.47605448961257935 2405
1771367893394 0.670993447303772 2406
1771367893558 0.7206841111183167 2407
1771367893656 0.8411004543304443 2408
1771367893752 1.047263264656067 2409
1771367893849 0.6985453367233276 2410
1771367894012 0.23671746253967285 2411
1771367894111 0.8969288468360901 2412
1771367894207 0.7731893062591553 2413
1771367894307 0.7618569135665894 2414
1771367894473 0.822441041469574 2415
1771367894578 0.7105905413627625 2416
1771367894681 0.6999863982200623 2417
1771367894846 0.4739915132522583 2418
1771367894946 0.6377499103546143 2419
1771367895043 0.5106024146080017 2420
1771367895141 0.4886319637298584 2421
1771367895304 0.5347503423690796 2422
1771367895409 0.46199312806129456 2423
1771367895508 0.5188276767730713 2424
1771367895608 0.777843713760376 2425
1771367895772 0.573031485080719 2426
1771367895871 0.6032987236976624 2427
1771367895973 0.5858675241470337 2428
1771367896072 0.6761851906776428 2429
1771367896237 1.121853232383728 2430
1771367896339 1.0443792343139648 2431
1771367896447 0.6912030577659607 2432
1771367896549 1.2613874673843384 2433
1771367896727 0.9313226342201233 2434
1771367896824 1.1103620529174805 2435
1771367896920 0.6576438546180725 2436
1771367897018 1.151539921760559 2437
1771367897185 0.7763598561286926 2438
1771367897283 0.7146053314208984 2439
1771367897380 0.9069222807884216 2440
1771367897542 0.28966107964515686 2441
1771367897641 0.49008581042289734 2442
1771367897738 0.3849524259567261 2443
1771367897834 0.46573224663734436 2444
1771367897995 0.4588174819946289 2445
1771367898091 0.6069849729537964 2446
1771367898188 1.1253714561462402 2447
1771367898283 0.597075343132019 2448
1771367898442 0.8154146075248718 2449
1771367898539 0.7629485726356506 2450
1771367898636 0.543658435344696 2451
1771367898739 0.6206875443458557 2452
1771367898907 0.5425422191619873 2453
1771367899004 0.6090185046195984 2454
1771367899101 0.9833249449729919 2455
1771367899197 0.7098809480667114 2456
1771367899359 0.6074880361557007 2457
1771367899461 0.6845912933349609 2458
1771367899569 0.5151394605636597 2459
1771367899665 0.8779593110084534 2460
1771367899851 0.9393734931945801 2461
1771367899949 0.5470835566520691 2462
1771367900046 0.44785234332084656 2463
1771367900213 0.4176698327064514 2464
1771367900313 0.6219397783279419 2465
1771367900410 0.6089049577713013 2466
1771367900506 0.6002572178840637 2467
1771367900669 0.31211069226264954 2468
1771367900768 0.4743989109992981 2469
1771367900872 0.58171546459198 2470
1771367900971 0.5022792220115662 2471
1771367901136 0.7148471474647522 2472
1771367901237 0.8692343831062317 2473
1771367901333 0.3466821014881134 2474
1771367901429 0.7381216883659363 2475
1771367901593 0.4378766715526581 2476
1771367901693 0.5991190075874329 2477
1771367901790 0.8323119282722473 2478
1771367901887 0.5662945508956909 2479
1771367902051 0.7221759557723999 2480
1771367902151 0.689373254776001 2481
1771367902253 0.6164022088050842 2482
1771367902352 0.27764198184013367 2483
1771367902520 0.9940164089202881 2484
1771367902621 0.7964299321174622 2485
1771367902724 0.6689034104347229 2486
1771367902902 0.8066565990447998 2487
1771367903004 0.4614311754703522 2488
1771367903104 1.189152717590332 2489
1771367903203 1.1565817594528198 2490
1771367903375 0.4131094813346863 2491
1771367903474 0.4337782561779022 2492
1771367903573 0.7201859354972839 2493
1771367903674 0.8055076599121094 2494
1771367903835 0.5699449181556702 2495
1771367903936 1.3093781471252441 2496
1771367904034 0.8303765058517456 2497
1771367904132 0.7941039800643921 2498
1771367904297 0.8386719822883606 2499
1771367904399 0.8166064023971558 2500
1771367904480 0.07038792222738266 2501
1771367904798 0.3650096654891968 2502
1771367904897 0.5610645413398743 2503
1771367905070 0.6708688139915466 2504
1771367905169 0.7785277962684631 2505
1771367905265 0.44770529866218567 2506
1771367905362 0.781307578086853 2507
1771367905532 0.7469204068183899 2508
1771367905638 0.3880421221256256 2509
1771367905736 0.9057679176330566 2510
1771367905903 0.8897243142127991 2511
1771367906004 0.6397743821144104 2512
1771367906102 0.7091783285140991 2513
1771367906202 0.2540576159954071 2514
1771367906364 0.357578307390213 2515
1771367906470 0.7346063256263733 2516
1771367906571 0.4670009911060333 2517
1771367906673 0.481676310300827 2518
1771367906840 0.49998265504837036 2519
1771367906937 0.44039589166641235 2520
1771367907040 0.4472774565219879 2521
1771367907142 1.4241976737976074 2522
1771367907313 1.0663419961929321 2523
1771367907412 0.548004686832428 2524
1771367907510 0.7637226581573486 2525
1771367907675 0.8816202282905579 2526
1771367907778 0.5904263854026794 2527
1771367907877 0.5035435557365417 2528
1771367907978 0.3999566435813904 2529
1771367908144 0.48433196544647217 2530
1771367908249 1.0754836797714233 2531
1771367908349 0.6675150990486145 2532
1771367908448 0.4779333770275116 2533
1771367908615 1.0456444025039673 2534
1771367908715 0.549728274345398 2535
1771367908815 0.7089472413063049 2536
1771367908979 0.8275424242019653 2537
1771367909083 0.5169413089752197 2538
1771367909192 1.2196696996688843 2539
1771367909295 0.8046257495880127 2540
1771367909467 0.5936750769615173 2541
1771367909570 0.25214582681655884 2542
1771367909674 0.5095511674880981 2543
1771367909776 0.578667402267456 2544
1771367909944 0.6886509656906128 2545
1771367910045 0.642871618270874 2546
1771367910148 0.3328876793384552 2547
1771367910314 0.48432648181915283 2548
1771367910415 0.3215358555316925 2549
1771367910515 0.5858157277107239 2550
1771367910625 0.2917105555534363 2551
1771367910792 0.4678685963153839 2552
1771367910896 0.6947181820869446 2553
1771367911001 0.754768431186676 2554
1771367911105 0.5622082948684692 2555
1771367911278 0.6188199520111084 2556
1771367911381 0.6355769038200378 2557
1771367911480 0.7687126398086548 2558
1771367911653 0.5610112547874451 2559
1771367911753 0.7431140542030334 2560
1771367911855 0.39890390634536743 2561
1771367911955 0.7225250005722046 2562
1771367912122 0.7709031105041504 2563
1771367912221 0.8841851353645325 2564
1771367912318 1.269310474395752 2565
1771367912416 0.3305130898952484 2566
1771367912584 1.0779516696929932 2567
1771367912685 0.3112669289112091 2568
1771367912783 0.45989394187927246 2569
1771367912950 0.7545874714851379 2570
1771367913050 0.67533278465271 2571
1771367913148 0.44897812604904175 2572
1771367913247 0.5165533423423767 2573
1771367913426 1.0157430171966553 2574
1771367913525 1.3085277080535889 2575
1771367913624 0.578058123588562 2576
1771367913724 0.7624908089637756 2577
1771367913889 0.5209735035896301 2578
1771367913988 0.7794476747512817 2579
1771367914088 0.6269136071205139 2580
1771367914187 0.4862360656261444 2581
1771367914358 0.6518526077270508 2582
1771367914460 0.49537691473960876 2583
1771367914560 0.745311975479126 2584
1771367914727 0.7639732360839844 2585
1771367914827 0.5637555718421936 2586
1771367914928 0.652094841003418 2587
1771367915029 1.0239899158477783 2588
1771367915192 0.8658865094184875 2589
1771367915291 0.7644515037536621 2590
1771367915395 0.743176281452179 2591
1771367915567 0.4398811161518097 2592
1771367915668 0.3919234871864319 2593
1771367915766 0.756869375705719 2594
1771367915865 0.6095777750015259 2595
1771367916030 0.5671681761741638 2596
1771367916131 0.6773308515548706 2597
1771367916229 0.4627571403980255 2598
1771367916328 0.4253788888454437 2599
1771367916499 0.5647843480110168 2600
1771367916601 0.19716034829616547 2601
1771367916701 0.49614065885543823 2602
1771367916865 0.6772416830062866 2603
1771367916967 0.8981897234916687 2604
1771367917067 0.5255305767059326 2605
1771367917167 0.33676236867904663 2606
1771367917332 0.6661317944526672 2607
1771367917432 0.6459434628486633 2608
1771367917538 0.7531976699829102 2609
1771367917638 0.767324686050415 2610
1771367917808 0.3005286157131195 2611
1771367917908 0.5649354457855225 2612
1771367918008 0.763303816318512 2613
1771367918113 0.9197788238525391 2614
1771367918287 0.34289470314979553 2615
1771367918388 0.5734586715698242 2616
1771367918488 0.5575506687164307 2617
1771367918656 0.5647403597831726 2618
1771367918756 0.4100012183189392 2619
1771367918854 0.7984126210212708 2620
1771367918951 0.4718575179576874 2621
1771367919114 0.35917115211486816 2622
1771367919211 0.7064293026924133 2623
1771367919310 0.5605534911155701 2624
1771367919407 0.6103836297988892 2625
1771367919604 0.5800304412841797 2626
1771367919703 0.873316764831543 2627
1771367919800 0.7752990126609802 2628
1771367919963 0.7300117611885071 2629
1771367920064 0.6521111130714417 2630
1771367920162 0.3144378662109375 2631
1771367920260 0.6915550827980042 2632
1771367920424 0.7396159768104553 2633
1771367920521 0.28481581807136536 2634
1771367920618 0.4015653431415558 2635
1771367920717 0.3713197410106659 2636
1771367920879 0.5192795395851135 2637
1771367920979 0.27662143111228943 2638
1771367921083 0.6990995407104492 2639
1771367921181 0.42287477850914 2640
1771367921343 0.6490991711616516 2641
1771367921441 0.5261723399162292 2642
1771367921539 0.43196237087249756 2643
1771367921710 0.7107461094856262 2644
1771367921812 1.0195916891098022 2645
1771367921909 1.1262766122817993 2646
1771367922007 1.0771839618682861 2647
1771367922174 0.8369972705841064 2648
1771367922273 0.5166619420051575 2649
1771367922371 1.014828085899353 2650
1771367922538 0.3023450970649719 2651
1771367922641 0.8779214024543762 2652
1771367922742 0.5929260849952698 2653
1771367922840 0.5199529528617859 2654
1771367923008 0.3447927236557007 2655
1771367923110 0.8241310119628906 2656
1771367923210 0.6623084545135498 2657
1771367923309 0.336736261844635 2658
1771367923479 0.4099425971508026 2659
1771367923577 0.39705100655555725 2660
1771367923677 0.5559186935424805 2661
1771367923854 0.22436045110225677 2662
1771367923958 0.23218344151973724 2663
1771367924061 0.6762139201164246 2664
1771367924161 0.5708634257316589 2665
1771367924328 1.0898821353912354 2666
1771367924433 1.0591092109680176 2667
1771367924536 0.7932403683662415 2668
1771367924636 0.3525311350822449 2669
1771367924800 0.27215316891670227 2670
1771367924899 0.5427460670471191 2671
1771367925001 0.7220125794410706 2672
1771367925102 0.3944137692451477 2673
1771367925268 0.78663569688797 2674
1771367925369 0.2422770857810974 2675
1771367925475 0.6405308842658997 2676
1771367925640 0.2734462022781372 2677
1771367925740 0.44226470589637756 2678
1771367925847 1.0456792116165161 2679
1771367925948 0.7605607509613037 2680
1771367926118 0.723252534866333 2681
1771367926216 0.9402515888214111 2682
1771367926321 0.5717729926109314 2683
1771367926422 0.5770844221115112 2684
1771367926599 0.5108201503753662 2685
1771367926700 0.8456624746322632 2686
1771367926802 0.6738834381103516 2687
1771367926966 0.6012543439865112 2688
1771367927068 0.4738010764122009 2689
1771367927165 0.5106111168861389 2690
1771367927264 0.7922857999801636 2691
1771367927430 0.8961719274520874 2692
1771367927529 0.4305059611797333 2693
1771367927627 0.8287356495857239 2694
1771367927727 0.839839518070221 2695
1771367927898 0.5849775075912476 2696
1771367928000 0.903159499168396 2697
1771367928102 0.572335422039032 2698
1771367928203 0.45845189690589905 2699
1771367928371 0.5061406493186951 2700
1771367928473 0.4932384192943573 2701
1771367928575 0.6709526181221008 2702
1771367928738 0.4436599314212799 2703
1771367928843 0.5188019871711731 2704
1771367928942 0.36868178844451904 2705
1771367929043 0.5793620347976685 2706
1771367929209 0.9817310571670532 2707
1771367929308 0.34294387698173523 2708
1771367929408 0.9223889708518982 2709
1771367929570 0.6067829728126526 2710
1771367929670 0.45025646686553955 2711
1771367929771 0.8243104219436646 2712
1771367929872 0.7780458927154541 2713
1771367930048 0.7681347131729126 2714
1771367930148 0.6685304045677185 2715
1771367930252 0.6812075972557068 2716
1771367930352 0.6818687915802002 2717
1771367930517 0.40002477169036865 2718
1771367930616 0.7926109433174133 2719
1771367930715 0.5651797652244568 2720
1771367930884 0.8854960203170776 2721
1771367930985 1.0203852653503418 2722
1771367931087 0.7446929216384888 2723
1771367931185 0.2814938724040985 2724
1771367931350 0.539606511592865 2725
1771367931452 0.5929749608039856 2726
1771367931553 0.8867089748382568 2727
1771367931653 1.0542110204696655 2728
1771367931820 0.7021682262420654 2729
1771367931920 0.166543647646904 2730
1771367932025 0.18265286087989807 2731
1771367932129 0.4960204064846039 2732
1771367932298 0.6634787917137146 2733
1771367932396 0.7321188449859619 2734
1771367932494 0.46408340334892273 2735
1771367932663 0.685669481754303 2736
1771367932766 0.7079733610153198 2737
1771367932869 0.7960566878318787 2738
1771367932967 0.9018884301185608 2739
1771367933135 0.8170862197875977 2740
1771367933234 1.6928056478500366 2741
1771367933337 0.7414006590843201 2742
1771367933436 0.963701605796814 2743
1771367933602 0.8876187801361084 2744
1771367933700 0.6746704578399658 2745
1771367933798 0.4018729627132416 2746
1771367933961 0.645063579082489 2747
1771367934060 0.7377309799194336 2748
1771367934165 0.5472583770751953 2749
1771367934264 0.6511723399162292 2750
1771367934444 0.4995347559452057 2751
1771367934543 0.6124147176742554 2752
1771367934642 0.8807598352432251 2753
1771367934740 0.5583792328834534 2754
1771367934903 0.4512188732624054 2755
1771367935003 0.9828363060951233 2756
1771367935101 0.4140787720680237 2757
1771367935199 0.8606002926826477 2758
1771367935363 0.571238100528717 2759
1771367935467 0.8772475719451904 2760
1771367935566 0.33184483647346497 2761
1771367935730 0.35272881388664246 2762
1771367935831 0.5314376354217529 2763
1771367935929 0.3377501666545868 2764
1771367936028 0.6091130971908569 2765
1771367936196 0.433678537607193 2766
1771367936298 0.5790562629699707 2767
1771367936396 0.9430509805679321 2768
1771367936569 1.0809996128082275 2769
1771367936669 0.6382743716239929 2770
1771367936767 0.5589084625244141 2771
1771367936865 0.7871478199958801 2772
1771367937027 0.6563916206359863 2773
1771367937124 0.4038442373275757 2774
1771367937223 0.5687463283538818 2775
1771367937322 0.46316611766815186 2776
1771367937484 0.5545744299888611 2777
1771367937584 0.7487108707427979 2778
1771367937682 0.36115095019340515 2779
1771367937844 0.3938339352607727 2780
1771367937944 0.6913392543792725 2781
1771367938042 0.4127984046936035 2782
1771367938142 0.38935357332229614 2783
1771367938331 0.7372631430625916 2784
1771367938434 0.7401227951049805 2785
1771367938535 0.6540693044662476 2786
1771367938637 0.9784823060035706 2787
1771367938802 0.5960820317268372 2788
1771367938902 0.5138993263244629 2789
1771367939004 0.9966235756874084 2790
1771367939105 0.5734795928001404 2791
1771367939273 0.5093221664428711 2792
1771367939374 0.6096707582473755 2793
1771367939474 0.8621609807014465 2794
1771367939640 0.6024748682975769 2795
1771367939741 0.7905925512313843 2796
1771367939842 0.5219022035598755 2797
1771367939943 0.530514657497406 2798
1771367940106 0.5109473466873169 2799
1771367940205 0.5879500508308411 2800
1771367940303 0.8301404714584351 2801
1771367940411 0.1654862016439438 2802
1771367940580 0.8183310031890869 2803
1771367940679 0.2325565218925476 2804
1771367940779 0.48673880100250244 2805
1771367940942 1.0752477645874023 2806
1771367941042 0.6752650141716003 2807
1771367941140 0.8326354622840881 2808
1771367941238 1.0601426362991333 2809
1771367941403 0.7840725779533386 2810
1771367941500 1.0449579954147339 2811
1771367941599 0.9217946529388428 2812
1771367941698 0.9407490491867065 2813
1771367941863 0.8306903839111328 2814
1771367941963 1.0016536712646484 2815
1771367942064 0.923613429069519 2816
1771367942161 0.7825049757957458 2817
1771367942325 0.6576071381568909 2818
1771367942426 0.4434775412082672 2819
1771367942532 0.7804549932479858 2820
1771367942710 0.614063560962677 2821
1771367942811 0.4434329569339752 2822
1771367942909 0.5025149583816528 2823
1771367943008 0.30790188908576965 2824
1771367943175 0.4448094367980957 2825
1771367943276 0.9409235715866089 2826
1771367943381 0.7331840991973877 2827
1771367943549 0.4888213872909546 2828
1771367943649 1.0811749696731567 2829
1771367943754 1.1043457984924316 2830
1771367943855 0.5702099204063416 2831
1771367944020 0.9725944995880127 2832
1771367944121 0.8485539555549622 2833
1771367944223 1.33414888381958 2834
1771367944320 0.6112091541290283 2835
1771367944489 0.4992862343788147 2836
1771367944595 0.3103563189506531 2837
1771367944696 0.6892502307891846 2838
1771367944863 0.7444615364074707 2839
1771367944966 0.9515312910079956 2840
1771367945069 0.6665709614753723 2841
1771367945166 1.1934082508087158 2842
1771367945329 0.1334492564201355 2843
1771367945431 1.072562575340271 2844
1771367945532 1.0143795013427734 2845
1771367945631 1.4617643356323242 2846
1771367945796 1.0107280015945435 2847
1771367945895 0.7091875672340393 2848
1771367945994 0.41853341460227966 2849
1771367946093 0.308977335691452 2850
1771367946257 0.6957365870475769 2851
1771367946358 0.6912420988082886 2852
1771367946461 0.9706485271453857 2853
1771367946633 0.6490246057510376 2854
1771367946737 0.8005110621452332 2855
1771367946836 0.638673722743988 2856
1771367946934 0.8698521852493286 2857
1771367947099 0.7920882105827332 2858
1771367947197 1.0415669679641724 2859
1771367947302 1.0462898015975952 2860
1771367947465 0.5260061621665955 2861
1771367947568 0.7521085739135742 2862
1771367947666 0.668078601360321 2863
1771367947767 0.9444953203201294 2864
1771367947929 0.481414794921875 2865
1771367948030 0.4850102365016937 2866
1771367948127 0.5229663848876953 2867
1771367948288 0.380816787481308 2868
1771367948388 0.30901485681533813 2869
1771367948490 0.39785483479499817 2870
1771367948591 0.6240710616111755 2871
1771367948766 0.8384993076324463 2872
1771367948874 0.7011906504631042 2873
1771367948974 0.7322268486022949 2874
1771367949136 0.37608203291893005 2875
1771367949236 0.6051980257034302 2876
1771367949334 0.7080984711647034 2877
1771367949433 0.6572917103767395 2878
1771367949597 0.470343679189682 2879
1771367949694 0.7564504742622375 2880
1771367949792 0.8481993675231934 2881
1771367949955 0.5900745987892151 2882
1771367950055 0.7174232602119446 2883
1771367950155 0.7474139332771301 2884
1771367950253 0.4169064462184906 2885
1771367950421 0.8584675788879395 2886
1771367950523 0.426827996969223 2887
1771367950626 0.4649587869644165 2888
1771367950729 1.1124978065490723 2889
1771367950904 0.5096686482429504 2890
1771367951007 0.9547268152236938 2891
1771367951108 0.5337463021278381 2892
1771367951273 0.7130107283592224 2893
1771367951377 0.6352835893630981 2894
1771367951474 0.5827130079269409 2895
1771367951572 0.7593790888786316 2896
1771367951736 1.0880085229873657 2897
1771367951835 1.0976369380950928 2898
1771367951936 0.9655982851982117 2899
1771367952101 0.5518631935119629 2900
1771367952203 0.8129974007606506 2901
1771367952303 0.8721410632133484 2902
1771367952403 0.5910993218421936 2903
1771367952573 0.9893364310264587 2904
1771367952674 0.6601228713989258 2905
1771367952773 1.0919551849365234 2906
1771367952944 1.011949896812439 2907
1771367953044 0.9433990716934204 2908
1771367953144 0.7392311096191406 2909
1771367953241 0.3260953724384308 2910
1771367953405 1.0265955924987793 2911
1771367953504 0.8241996765136719 2912
1771367953601 0.6029843688011169 2913
1771367953699 0.6023418307304382 2914
1771367953862 0.4784427583217621 2915
1771367953962 0.8091620206832886 2916
1771367954062 0.716469407081604 2917
1771367954213 2.2300899028778076 2918
1771367954468 0.42211124300956726 2919
1771367954632 0.36214902997016907 2920
1771367954733 0.39226388931274414 2921
1771367954836 0.6298552751541138 2922
1771367955009 0.5958578586578369 2923
1771367955117 0.44981420040130615 2924
1771367955219 0.36869439482688904 2925
1771367955325 0.7697282433509827 2926
1771367955493 0.7841293811798096 2927
1771367955593 0.21535652875900269 2928
1771367955693 0.42250874638557434 2929
1771367955856 0.4330432713031769 2930
1771367955959 0.6029565930366516 2931
1771367956059 0.4422585368156433 2932
1771367956158 0.6757323145866394 2933
1771367956324 0.6075598001480103 2934
1771367956425 0.4178770184516907 2935
1771367956527 0.7560833096504211 2936
1771367956689 0.9644796252250671 2937
1771367956791 0.5624281167984009 2938
1771367956890 0.556925356388092 2939
1771367956991 0.6323397159576416 2940
1771367957167 0.5855156183242798 2941
1771367957267 1.3359308242797852 2942
1771367957368 0.761311411857605 2943
1771367957531 0.2812618911266327 2944
1771367957632 0.4895835518836975 2945
1771367957731 0.7442244291305542 2946
1771367957829 0.42868858575820923 2947
1771367957991 0.3398348093032837 2948
1771367958089 0.5704613327980042 2949
1771367958187 0.5321155786514282 2950
1771367958349 0.7224811911582947 2951
1771367958448 0.6054810285568237 2952
1771367958545 0.6252937912940979 2953
1771367958642 0.20299430191516876 2954
1771367958810 0.3494466245174408 2955
1771367958909 0.5184420347213745 2956
1771367959009 0.6239340305328369 2957
1771367959182 1.0770442485809326 2958
1771367959282 0.22485551238059998 2959
1771367959380 0.6024642586708069 2960
1771367959478 0.39603862166404724 2961
1771367959641 0.3605794608592987 2962
1771367959739 0.6816614866256714 2963
1771367959840 0.501160740852356 2964
1771367960004 0.5242115259170532 2965
1771367960105 0.37961384654045105 2966
1771367960204 0.7809972167015076 2967
1771367960306 0.3015329837799072 2968
1771367960472 0.47083520889282227 2969
1771367960575 0.601386547088623 2970
1771367960674 1.1537044048309326 2971
1771367960837 0.5879402160644531 2972
1771367960939 0.5547852516174316 2973
1771367961040 1.1808555126190186 2974
1771367961140 0.3081866204738617 2975
1771367961317 0.8314129114151001 2976
1771367961425 0.44513553380966187 2977
1771367961531 0.7266839146614075 2978
1771367961702 0.3977903127670288 2979
1771367961804 0.5865647196769714 2980
1771367961906 0.93592768907547 2981
1771367962005 0.8093881607055664 2982
1771367962173 0.4696809649467468 2983
1771367962273 0.4934995472431183 2984
1771367962373 0.8524827361106873 2985
1771367962539 0.6740671992301941 2986
1771367962643 0.880611777305603 2987
1771367962742 0.7223827242851257 2988
1771367962842 0.3330865502357483 2989
1771367963008 0.4841706454753876 2990
1771367963108 0.5839042663574219 2991
1771367963208 0.5495972037315369 2992
1771367963386 0.7611992359161377 2993
1771367963486 0.6699268817901611 2994
1771367963585 0.5544946789741516 2995
1771367963688 0.49621322751045227 2996
1771367963855 0.28115832805633545 2997
1771367963956 0.4991762936115265 2998
1771367964057 0.7365650534629822 2999
1771367964221 0.5730562210083008 3000
1771367964326 0.8182283639907837 3001
1771367964429 0.48873409628868103 3002
1771367964529 0.7011662721633911 3003
1771367964697 0.2609889805316925 3004
1771367964797 0.09516558796167374 3005
1771367964897 0.6794139742851257 3006
1771367965061 0.7501024603843689 3007
1771367965165 0.8377164006233215 3008
1771367965268 0.697435200214386 3009
1771367965373 0.733923077583313 3010
1771367965552 1.1400054693222046 3011
1771367965656 1.1213767528533936 3012
1771367965761 0.5084941983222961 3013
1771367965927 0.6151467561721802 3014
1771367966029 0.9151691794395447 3015
1771367966130 0.720072865486145 3016
1771367966235 0.3824857771396637 3017
1771367966434 0.625234842300415 3018
1771367966537 0.8718744516372681 3019
1771367966638 0.7008652687072754 3020
1771367966803 0.6876276731491089 3021
1771367966904 0.23470374941825867 3022
1771367967007 0.6130405068397522 3023
1771367967110 0.7783567905426025 3024
1771367967278 0.7071244120597839 3025
1771367967381 0.7456763982772827 3026
1771367967487 0.5595117211341858 3027
1771367967659 0.437933087348938 3028
1771367967761 0.6334920525550842 3029
1771367967862 0.7884125113487244 3030
1771367967960 0.34884533286094666 3031
1771367968125 1.0024440288543701 3032
1771367968226 1.1862643957138062 3033
1771367968329 0.558517336845398 3034
1771367968495 0.6976272463798523 3035
1771367968598 0.6290714740753174 3036
1771367968700 1.0537127256393433 3037
1771367968799 0.4492326080799103 3038
1771367968965 0.43402281403541565 3039
1771367969068 0.9020520448684692 3040
1771367969168 0.6401225924491882 3041
1771367969333 0.8496243953704834 3042
1771367969442 0.30766838788986206 3043
1771367969547 0.696487307548523 3044
1771367969652 0.5099179744720459 3045
1771367969823 0.5837665796279907 3046
1771367969927 0.5560276508331299 3047
1771367970028 1.3933571577072144 3048
1771367970195 0.7962939143180847 3049
1771367970298 0.6387538909912109 3050
1771367970402 0.7275020480155945 3051
1771367970503 0.9266805052757263 3052
1771367970667 0.8907002806663513 3053
1771367970769 0.3866901695728302 3054
1771367970871 0.4647369682788849 3055
1771367971036 0.43653735518455505 3056
1771367971140 0.6351030468940735 3057
1771367971241 0.45905181765556335 3058
1771367971345 0.5829227566719055 3059
1771367971510 0.5673331022262573 3060
1771367971614 0.6389174461364746 3061
1771367971722 0.5535693168640137 3062
1771367971893 0.546737790107727 3063
1771367971998 0.5837414860725403 3064
1771367972099 0.633579671382904 3065
1771367972202 0.7685745358467102 3066
1771367972369 0.6334303617477417 3067
1771367972468 0.3165997266769409 3068
1771367972568 0.8230523467063904 3069
1771367972734 0.41149580478668213 3070
1771367972836 0.49818184971809387 3071
1771367972937 0.48790454864501953 3072
1771367973037 0.27091455459594727 3073
1771367973210 0.3335747718811035 3074
1771367973311 0.6389487981796265 3075
1771367973415 0.23759008944034576 3076
1771367973582 1.1014326810836792 3077
1771367973685 0.47294753789901733 3078
1771367973793 0.6149335503578186 3079
1771367973898 0.14638961851596832 3080
1771367974068 0.42386260628700256 3081
1771367974170 0.675028383731842 3082
1771367974273 0.509042501449585 3083
1771367974443 0.3234153687953949 3084
1771367974547 0.2429666370153427 3085
1771367974649 0.12881851196289062 3086
1771367974749 1.2962217330932617 3087
1771367974914 1.2357096672058105 3088
1771367975017 0.4319705665111542 3089
1771367975117 0.6108417510986328 3090
1771367975282 0.44214731454849243 3091
1771367975385 1.2817431688308716 3092
1771367975494 0.8203710317611694 3093
1771367975597 0.3150741457939148 3094
1771367975772 0.6042793393135071 3095
1771367975881 0.12531772255897522 3096
1771367975985 1.0786134004592896 3097
1771367976155 0.4887276887893677 3098
1771367976261 0.2854401469230652 3099
1771367976366 0.6807851791381836 3100
1771367976476 0.7587378621101379 3101
1771367976646 0.7171475887298584 3102
1771367976749 0.32354632019996643 3103
1771367976853 0.6951733827590942 3104
1771367977021 0.4653801918029785 3105
1771367977128 0.5624448657035828 3106
1771367977234 0.5642107725143433 3107
1771367977337 0.34430941939353943 3108
1771367977505 0.4007566571235657 3109
1771367977608 0.5394349098205566 3110
1771367977710 0.8055545687675476 3111
1771367977886 0.6008607745170593 3112
1771367977993 0.7340532541275024 3113
1771367978098 0.9358702301979065 3114
1771367978203 0.3694153130054474 3115
1771367978375 0.4623677730560303 3116
1771367978475 0.449780136346817 3117
1771367978578 0.8428659439086914 3118
1771367978742 0.9445186257362366 3119
1771367978842 0.4408044219017029 3120
1771367978942 0.36947283148765564 3121
1771367979042 0.6592389941215515 3122
1771367979222 0.7354666590690613 3123
1771367979324 0.4248807430267334 3124
1771367979425 0.6165681481361389 3125
1771367979613 0.6394216418266296 3126
1771367979724 0.14288684725761414 3127
1771367979827 0.6895158886909485 3128
1771367979929 0.4166336953639984 3129
1771367980117 0.6536529064178467 3130
1771367980219 1.0870205163955688 3131
1771367980322 1.2862365245819092 3132
1771367980500 0.5160661339759827 3133
1771367980604 0.6675240397453308 3134
1771367980709 0.965490460395813 3135
1771367980812 0.819973886013031 3136
1771367980990 0.7885249853134155 3137
1771367981109 1.076619029045105 3138
1771367981218 0.902820348739624 3139
1771367981396 0.6319670081138611 3140
1771367981500 1.0655202865600586 3141
1771367981601 1.005934238433838 3142
1771367981701 0.6876680254936218 3143
1771367981879 0.9345378279685974 3144
1771367981980 0.5139145851135254 3145
1771367982091 0.3686773478984833 3146
1771367982263 0.46082669496536255 3147
1771367982365 0.806244969367981 3148
1771367982465 0.4112643599510193 3149
1771367982572 0.49671128392219543 3150
1771367982755 0.2958245873451233 3151
1771367982857 0.7834749221801758 3152
1771367982958 0.6904341578483582 3153
1771367983144 0.8138721585273743 3154
1771367983252 0.28542301058769226 3155
1771367983359 0.30283549427986145 3156
1771367983462 0.31667107343673706 3157
1771367983637 1.0506402254104614 3158
1771367983737 0.7552955150604248 3159
1771367983837 0.3449152410030365 3160
1771367984012 0.39318111538887024 3161
1771367984120 0.8177561163902283 3162
1771367984224 0.869210958480835 3163
1771367984325 0.3605397939682007 3164
1771367984505 0.7568777799606323 3165
1771367984603 0.4414880573749542 3166
1771367984708 0.5689280033111572 3167
1771367984881 0.5443269610404968 3168
1771367984982 0.20253390073776245 3169
1771367985084 0.4449211359024048 3170
1771367985186 0.2742728292942047 3171
1771367985371 0.4545084238052368 3172
1771367985483 0.5974311232566833 3173
1771367985585 0.35636138916015625 3174
1771367985761 0.6417422890663147 3175
1771367985865 0.9966317415237427 3176
1771367985981 0.8611456155776978 3177
1771367986093 0.6496241688728333 3178
1771367986278 0.6045175194740295 3179
1771367986379 0.5261977910995483 3180
1771367986487 0.4686647951602936 3181
1771367986654 0.8670367002487183 3182
1771367986755 0.5734770894050598 3183
1771367986857 0.5462220311164856 3184
1771367986956 0.5528454184532166 3185
1771367987123 0.8456255793571472 3186
1771367987223 0.7562538385391235 3187
1771367987322 0.3950495719909668 3188
1771367987485 0.7132172584533691 3189
1771367987585 0.6900871992111206 3190
1771367987686 0.7708941102027893 3191
1771367987785 0.4372263252735138 3192
1771367987948 0.9934848546981812 3193
1771367988048 0.7561920881271362 3194
1771367988148 0.8124122023582458 3195
1771367988322 0.44604983925819397 3196
1771367988428 1.0199609994888306 3197
1771367988530 0.37137413024902344 3198
1771367988632 0.6418662071228027 3199
1771367988799 0.756202220916748 3200
1771367988902 0.8400019407272339 3201
1771367989002 0.5218936800956726 3202
1771367989162 0.787689745426178 3203
1771367989262 0.8753159046173096 3204
1771367989363 0.507210910320282 3205
1771367989464 0.20902931690216064 3206
1771367989630 0.4800480604171753 3207
1771367989730 0.5184516310691833 3208
1771367989828 0.9599485993385315 3209
1771367989988 0.9990098476409912 3210
1771367990087 0.579156756401062 3211
1771367990184 0.8387746214866638 3212
1771367990282 0.8962613344192505 3213
1771367990455 0.5772367715835571 3214
1771367990553 0.17660829424858093 3215
1771367990651 0.2913691997528076 3216
1771367990814 0.8242279887199402 3217
1771367990915 0.3574367165565491 3218
1771367991012 0.6959671974182129 3219
1771367991109 0.8826543092727661 3220
1771367991271 0.4785620868206024 3221
1771367991371 0.8387413024902344 3222
1771367991472 0.5359222888946533 3223
1771367991573 1.0696195363998413 3224
1771367991735 0.7757911086082458 3225
1771367991837 0.7169597148895264 3226
1771367991937 0.3837757110595703 3227
1771367992100 0.6722587943077087 3228
1771367992202 0.7564839124679565 3229
1771367992302 0.5590705871582031 3230
1771367992403 0.576202929019928 3231
1771367992577 1.03333580493927 3232
1771367992684 1.0035686492919922 3233
1771367992789 0.7435957789421082 3234
1771367992962 0.9547060132026672 3235
1771367993065 0.5848399996757507 3236
1771367993166 0.41713717579841614 3237
1771367993271 0.511664628982544 3238
1771367993441 0.8630733489990234 3239
1771367993546 0.6535637974739075 3240
1771367993651 0.5088996887207031 3241
1771367993821 0.6291646957397461 3242
1771367993929 0.33468523621559143 3243
1771367994029 0.7420253753662109 3244
1771367994130 0.7082967162132263 3245
1771367994303 0.5409578084945679 3246
1771367994404 0.4005078375339508 3247
1771367994504 0.9566276669502258 3248
1771367994611 0.6916174292564392 3249
1771367994785 0.8475791811943054 3250
1771367994886 1.0875287055969238 3251
1771367994987 1.1984258890151978 3252
1771367995154 0.6096737384796143 3253
1771367995260 0.425118088722229 3254
1771367995362 0.6219133734703064 3255
1771367995465 0.3990975618362427 3256
1771367995633 0.503174364566803 3257
1771367995733 0.34814566373825073 3258
1771367995834 0.584943950176239 3259
1771367995999 1.1618783473968506 3260
1771367996101 0.3765190541744232 3261
1771367996202 0.6032295227050781 3262
1771367996307 0.7860963940620422 3263
1771367996478 0.8436685800552368 3264
1771367996582 0.4937748908996582 3265
1771367996693 0.9934983253479004 3266
1771367996796 0.5205920934677124 3267
1771367996969 0.7173296213150024 3268
1771367997074 0.489621102809906 3269
1771367997178 0.6769893765449524 3270
1771367997348 0.5335237979888916 3271
1771367997454 0.6874077916145325 3272
1771367997560 1.1835829019546509 3273
1771367997667 0.697946310043335 3274
1771367997836 0.5623331069946289 3275
1771367997940 0.6015514731407166 3276
1771367998045 0.6761460304260254 3277
1771367998211 0.9609029293060303 3278
1771367998315 0.3905147314071655 3279
1771367998417 0.851650059223175 3280
1771367998520 0.760505735874176 3281
1771367998694 0.8031560778617859 3282
1771367998802 0.6520786881446838 3283
1771367998904 0.5221260786056519 3284
1771367999076 0.5473020672798157 3285
1771367999179 0.8863738179206848 3286
1771367999281 0.5822866559028625 3287
1771367999450 0.42365723848342896 3288
1771367999549 0.660203218460083 3289
1771367999648 0.625037431716919 3290
1771367999815 0.9199067950248718 3291
1771367999918 0.6156191229820251 3292
1771368000023 0.5631459355354309 3293
1771368000192 0.9261150360107422 3294
1771368000296 0.7291653156280518 3295
1771368000398 0.721828818321228 3296
1771368000567 0.4858438968658447 3297
1771368000670 0.7664471864700317 3298
1771368000777 0.9935722947120667 3299
1771368000887 0.9557424187660217 3300
1771368001061 1.0838791131973267 3301
1771368001162 0.4967459738254547 3302
1771368001264 0.582275927066803 3303
1771368001366 0.7976232767105103 3304
1771368001535 0.6839268207550049 3305
1771368001637 0.5330473780632019 3306
1771368001743 0.656950056552887 3307
1771368001848 1.096466064453125 3308
1771368002017 0.7333806753158569 3309
1771368002122 1.1768521070480347 3310
1771368002227 0.38099807500839233 3311
1771368002329 0.6410331726074219 3312
1771368002504 1.0760935544967651 3313
1771368002607 0.8686361908912659 3314
1771368002707 0.6694844961166382 3315
1771368002879 1.1819924116134644 3316
1771368002982 0.9375917315483093 3317
1771368003083 0.4625343978404999 3318
1771368003185 0.7750437259674072 3319
1771368003360 0.5001779198646545 3320
1771368003459 0.22168593108654022 3321
1771368003562 0.5188510417938232 3322
1771368003728 1.2985997200012207 3323
1771368003829 0.4767441749572754 3324
1771368003931 0.3293997049331665 3325
1771368004098 0.7276955842971802 3326
1771368004201 0.586712121963501 3327
1771368004304 0.6767569184303284 3328
1771368004473 1.0847125053405762 3329
1771368004577 0.6095262765884399 3330
1771368004681 0.44772422313690186 3331
1771368004783 0.6888898611068726 3332
1771368004951 0.6359964609146118 3333
1771368005055 0.6644926071166992 3334
1771368005138 0.11151139438152313 3335
1771368005465 0.5368255376815796 3336
1771368005630 1.1243072748184204 3337
1771368005730 1.0674656629562378 3338
1771368005830 0.4309571087360382 3339
1771368005992 0.674746036529541 3340
1771368006093 0.45830973982810974 3341
1771368006192 0.8203569054603577 3342
1771368006295 0.23449932038784027 3343
1771368006461 0.5674482583999634 3344
1771368006562 0.5027679800987244 3345
1771368006662 0.502966582775116 3346
1771368006761 0.2629242539405823 3347
1771368006924 0.4716615080833435 3348
1771368007034 0.5069605708122253 3349
1771368007136 0.5259320139884949 3350
1771368007236 0.25338631868362427 3351
1771368007405 0.6920725107192993 3352
1771368007509 0.5712507963180542 3353
1771368007610 0.8436031341552734 3354
1771368007714 0.5027402639389038 3355
1771368007880 1.2903623580932617 3356
1771368007979 0.4311102330684662 3357
1771368008079 0.5329269170761108 3358
1771368008242 0.28368714451789856 3359
1771368008346 0.18498648703098297 3360
1771368008447 0.7990354299545288 3361
1771368008552 0.5312379002571106 3362
1771368008717 1.113731861114502 3363
1771368008819 0.9484782218933105 3364
1771368008922 0.4351245164871216 3365
1771368009091 0.4698483347892761 3366
1771368009197 0.6682820320129395 3367
1771368009296 0.652692973613739 3368
1771368009463 0.49962976574897766 3369
1771368009563 0.3600040674209595 3370
1771368009665 0.8462782502174377 3371
1771368009830 0.6865425109863281 3372
1771368009935 0.6796752214431763 3373
1771368010037 0.5389547944068909 3374
1771368010201 0.7548532485961914 3375
1771368010304 0.809313178062439 3376
1771368010406 0.7087387442588806 3377
1771368010570 0.4958368241786957 3378
1771368010675 0.4785706400871277 3379
1771368010775 0.18637020885944366 3380
1771368010879 0.8188196420669556 3381
1771368011045 0.3248707950115204 3382
1771368011148 0.4755496084690094 3383
1771368011259 0.26965242624282837 3384
1771368011366 1.1218727827072144 3385
1771368011537 0.8076922297477722 3386
1771368011640 0.5223802924156189 3387
1771368011740 0.6182870864868164 3388
1771368011844 0.5236505270004272 3389
1771368012008 0.5156342387199402 3390
1771368012109 0.9958971738815308 3391
1771368012210 0.3203020393848419 3392
1771368012313 0.26047712564468384 3393
1771368012480 0.8285472989082336 3394
1771368012585 0.5140613317489624 3395
1771368012690 0.5975742936134338 3396
1771368012861 0.39701932668685913 3397
1771368012962 0.3964172303676605 3398
1771368013073 0.5055695176124573 3399
1771368013180 0.955912709236145 3400
1771368013383 0.21288743615150452 3401
1771368013491 0.9160478711128235 3402
1771368013596 0.7419841885566711 3403
1771368013763 0.3530469834804535 3404
1771368013865 0.7344629168510437 3405
1771368013968 0.6713346242904663 3406
1771368014135 0.7793287634849548 3407
1771368014242 0.6780456304550171 3408
1771368014346 1.0632270574569702 3409
1771368014517 0.719746470451355 3410
1771368014619 0.6471527218818665 3411
1771368014720 0.29378172755241394 3412
1771368014823 0.2402767688035965 3413
1771368014991 0.5043393969535828 3414
1771368015095 0.6105878949165344 3415
1771368015200 0.5929669141769409 3416
1771368015376 0.46263277530670166 3417
1771368015491 0.46859094500541687 3418
1771368015600 0.4054298996925354 3419
1771368015773 0.821823000907898 3420
1771368015879 0.754304826259613 3421
1771368015985 0.423653781414032 3422
1771368016158 0.6127976179122925 3423
1771368016266 0.9317304491996765 3424
1771368016371 0.4004371464252472 3425
1771368016477 0.613585352897644 3426
1771368016652 0.5314152836799622 3427
1771368016760 0.7142845988273621 3428
1771368016865 1.0708225965499878 3429
1771368016969 0.6383048295974731 3430
1771368017138 0.6860397458076477 3431
1771368017245 0.7279488444328308 3432
1771368017353 0.5456058382987976 3433
1771368017463 0.7307950258255005 3434
1771368017638 0.6295309662818909 3435
1771368017742 0.5076177716255188 3436
1771368017842 0.8051422238349915 3437
1771368017940 0.7065117359161377 3438
1771368018105 0.720300555229187 3439
1771368018205 0.7694118618965149 3440
1771368018305 0.22608564794063568 3441
1771368018469 0.9854034185409546 3442
1771368018570 0.39837518334388733 3443
1771368018670 1.0977648496627808 3444
1771368018770 0.4684794545173645 3445
1771368018935 0.824702262878418 3446
1771368019037 1.0006625652313232 3447
1771368019136 0.6280245780944824 3448
1771368019303 1.0537914037704468 3449
1771368019408 0.6615436673164368 3450
1771368019512 1.0293961763381958 3451
1771368019687 0.30862122774124146 3452
1771368019788 0.9833605885505676 3453
1771368019890 0.3625916540622711 3454
1771368020055 0.5055027604103088 3455
1771368020160 0.7202768921852112 3456
1771368020262 0.7200769782066345 3457
1771368020430 0.5011870861053467 3458
1771368020535 0.6242339015007019 3459
1771368020638 1.122869610786438 3460
1771368020805 1.0390293598175049 3461
1771368020910 0.7759283185005188 3462
1771368021012 0.8005509376525879 3463
1771368021113 0.37273895740509033 3464
1771368021281 0.8464490175247192 3465
1771368021381 0.524278998374939 3466
1771368021484 0.2568552494049072 3467
1771368021590 0.4428875744342804 3468
1771368021767 0.418401837348938 3469
1771368021872 0.6127372980117798 3470
1771368021976 0.17645102739334106 3471
1771368022078 0.6689505577087402 3472
1771368022250 0.4640541076660156 3473
1771368022357 0.5733675956726074 3474
1771368022461 0.21554672718048096 3475
1771368022565 0.4116968810558319 3476
1771368022750 0.789046049118042 3477
1771368022856 0.48383697867393494 3478
1771368022958 0.35450756549835205 3479
1771368023128 0.791469395160675 3480
1771368023234 0.91124027967453 3481
1771368023343 0.39408954977989197 3482
1771368023447 0.7941046953201294 3483
1771368023618 0.5261772871017456 3484
1771368023729 0.36876562237739563 3485
1771368023833 0.5363859534263611 3486
1771368024005 0.8063159584999084 3487
1771368024109 0.5285794138908386 3488
1771368024216 0.553284227848053 3489
1771368024387 0.26962190866470337 3490
1771368024490 0.47097358107566833 3491
1771368024593 0.4519082009792328 3492
1771368024759 0.2198183238506317 3493
1771368024862 0.6246222257614136 3494
1771368024964 0.4384784698486328 3495
1771368025068 0.6590653657913208 3496
1771368025236 0.4008157253265381 3497
1771368025340 0.842505931854248 3498
1771368025448 0.6339027285575867 3499
1771368025615 0.4170742630958557 3500
1771368025721 0.6805850267410278 3501
1771368025833 0.7167558670043945 3502
1771368026003 0.6144795417785645 3503
1771368026104 0.7352752089500427 3504
1771368026208 0.21977773308753967 3505
1771368026371 1.1536452770233154 3506
1771368026476 1.4997568130493164 3507
1771368026576 0.22140437364578247 3508
1771368026677 0.7247880697250366 3509
1771368026839 0.49338656663894653 3510
1771368026941 1.3175485134124756 3511
1771368027041 0.584633469581604 3512
1771368027141 0.5798406600952148 3513
1771368027303 0.6263506412506104 3514
1771368027405 0.7887744307518005 3515
1771368027509 0.8207970857620239 3516
1771368027612 0.40176036953926086 3517
1771368027784 0.5239831209182739 3518
1771368027894 0.5943576097488403 3519
1771368027999 0.7576896548271179 3520
1771368028102 0.8659051656723022 3521
1771368028273 0.7513000965118408 3522
1771368028374 0.7422131299972534 3523
1771368028475 0.926673173904419 3524
1771368028646 1.509281873703003 3525
1771368028749 0.6489659547805786 3526
1771368028850 1.333821415901184 3527
1771368028950 0.7286545038223267 3528
1771368029116 0.41255268454551697 3529
1771368029220 0.6670929789543152 3530
1771368029324 0.5289980173110962 3531
1771368029490 0.4257078170776367 3532
1771368029591 0.2722509503364563 3533
1771368029693 0.5210453867912292 3534
1771368029859 0.45479509234428406 3535
1771368029968 0.5118551254272461 3536
1771368030072 0.7255356907844543 3537
1771368030240 0.9871981739997864 3538
1771368030343 0.7693986892700195 3539
1771368030447 0.7185841798782349 3540
1771368030614 0.7868070602416992 3541
1771368030717 0.4144895374774933 3542
1771368030817 0.6256066560745239 3543
1771368030979 1.1420173645019531 3544
1771368031082 0.704277515411377 3545
1771368031181 0.7912418246269226 3546
1771368031282 0.37085339426994324 3547
1771368031447 0.5621755123138428 3548
1771368031551 0.6693049073219299 3549
1771368031652 0.9257838129997253 3550
1771368031754 0.46836695075035095 3551
1771368031929 0.9612820744514465 3552
1771368032041 1.080093502998352 3553
1771368032149 0.53646320104599 3554
1771368032252 0.5074317455291748 3555
1771368032421 0.5319205522537231 3556
1771368032526 0.6189033389091492 3557
1771368032634 0.5198886394500732 3558
1771368032739 0.1518203765153885 3559
1771368032909 0.7519015073776245 3560
1771368033015 0.48862528800964355 3561
1771368033120 0.6744087934494019 3562
1771368033223 0.3892277777194977 3563
1771368033392 0.7121525406837463 3564
1771368033498 0.311488538980484 3565
1771368033603 0.43429192900657654 3566
1771368033708 0.5794830322265625 3567
1771368033875 0.2493949681520462 3568
1771368033981 0.3926272392272949 3569
1771368034088 0.9186721444129944 3570
1771368034197 0.9444645047187805 3571
1771368034371 0.6231802701950073 3572
1771368034472 0.7646932005882263 3573
1771368034581 0.35168027877807617 3574
1771368034686 0.20111431181430817 3575
1771368034861 1.3579671382904053 3576
1771368034967 0.5053272843360901 3577
1771368035072 0.9536957144737244 3578
1771368035174 0.5012508034706116 3579
1771368035353 0.7434656620025635 3580
1771368035463 1.3138222694396973 3581
1771368035569 0.2951164245605469 3582
1771368035672 0.6424786448478699 3583
1771368035843 0.7803251147270203 3584
1771368035947 0.4796745777130127 3585
1771368036049 0.7465564608573914 3586
1771368036154 0.8889842629432678 3587
1771368036332 0.8299883008003235 3588
1771368036441 0.3614623546600342 3589
1771368036546 0.7154862880706787 3590
1771368036649 0.8161072731018066 3591
1771368036817 0.22388827800750732 3592
1771368036921 0.4097713232040405 3593
1771368037021 0.5273867845535278 3594
1771368037121 0.5922239422798157 3595
1771368037284 0.39392760396003723 3596
1771368037387 0.24362672865390778 3597
1771368037489 0.6661760210990906 3598
1771368037593 0.44011563062667847 3599
1771368037757 1.1669093370437622 3600
1771368037861 0.3915916979312897 3601
1771368037962 0.6928646564483643 3602
1771368038066 1.2495890855789185 3603
1771368038229 0.5404645204544067 3604
1771368038342 0.36030110716819763 3605
1771368038446 0.6583372354507446 3606
1771368038550 0.4663546085357666 3607
1771368038719 0.3573274612426758 3608
1771368038822 0.8684096336364746 3609
1771368038924 0.7046665549278259 3610
1771368039026 0.8293115496635437 3611
1771368039193 0.48066776990890503 3612
1771368039300 0.5977947115898132 3613
1771368039405 0.28501754999160767 3614
1771368039569 0.687084436416626 3615
1771368039671 1.3095216751098633 3616
1771368039772 0.4083867073059082 3617
1771368039936 0.6183112263679504 3618
1771368040039 0.45106637477874756 3619
1771368040141 0.4959774911403656 3620
1771368040243 0.28824856877326965 3621
1771368040428 0.3456774353981018 3622
1771368040534 0.6538228392601013 3623
1771368040638 0.8775874972343445 3624
1771368040809 0.3444477915763855 3625
1771368040917 0.7396112680435181 3626
1771368041025 0.6399282813072205 3627
1771368041197 0.5031247138977051 3628
1771368041302 0.6801988482475281 3629
1771368041408 0.7192425727844238 3630
1771368041516 0.40089166164398193 3631
1771368041686 0.42190369963645935 3632
1771368041790 1.1259691715240479 3633
1771368041892 0.7515395879745483 3634
1771368042059 0.2512943744659424 3635
1771368042164 0.17974399030208588 3636
1771368042268 0.6329519152641296 3637
1771368042443 0.6126235127449036 3638
1771368042556 0.7965690493583679 3639
1771368042665 0.5648636221885681 3640
1771368042840 0.3952406048774719 3641
1771368042948 0.7615841627120972 3642
1771368043053 0.25610506534576416 3643
1771368043155 0.5877686738967896 3644
1771368043324 1.1588536500930786 3645
1771368043430 0.6590354442596436 3646
1771368043531 0.6527047157287598 3647
1771368043698 0.7855454683303833 3648
1771368043801 0.4917769432067871 3649
1771368043902 0.4870658814907074 3650
1771368044003 0.5070494413375854 3651
1771368044172 0.5998542904853821 3652
1771368044273 0.7919772863388062 3653
1771368044375 0.1852530986070633 3654
1771368044556 0.7727602124214172 3655
1771368044661 0.8453799486160278 3656
1771368044763 0.8671218752861023 3657
1771368044868 0.3764152228832245 3658
1771368045041 0.6792116761207581 3659
1771368045142 0.4055260419845581 3660
1771368045308 0.5717521905899048 3661
1771368045412 0.5647521615028381 3662
1771368045519 0.6050262451171875 3663
1771368045622 0.8798522353172302 3664
1771368045791 0.3752363324165344 3665
1771368045897 0.9984911680221558 3666
1771368046001 0.9788162708282471 3667
1771368046169 0.5323311686515808 3668
1771368046273 0.8259769082069397 3669
1771368046375 0.4210374355316162 3670
1771368046479 0.6015411615371704 3671
1771368046659 0.32941603660583496 3672
1771368046763 0.6207337975502014 3673
1771368046866 0.5637583136558533 3674
1771368047034 1.0662627220153809 3675
1771368047141 1.3494797945022583 3676
1771368047243 0.5039269924163818 3677
1771368047411 0.6389762163162231 3678
1771368047522 0.4321483075618744 3679
1771368047629 0.5440316796302795 3680
1771368047733 0.4815385043621063 3681
1771368047902 0.4693639874458313 3682
1771368048005 0.6625298261642456 3683
1771368048110 0.9083396196365356 3684
1771368048279 1.0654592514038086 3685
1771368048384 0.6025270223617554 3686
1771368048488 0.620307981967926 3687
1771368048654 0.7002863883972168 3688
1771368048771 0.6427472233772278 3689
1771368048876 0.7923386096954346 3690
1771368048984 0.4012358784675598 3691
1771368049158 0.2804239094257355 3692
1771368049262 0.8584838509559631 3693
1771368049369 0.4893840253353119 3694
1771368049542 0.6885508894920349 3695
1771368049649 0.15779589116573334 3696
1771368049755 0.754358172416687 3697
1771368049860 0.3768010437488556 3698
1771368050031 0.6146535873413086 3699
1771368050135 0.5536797046661377 3700
1771368050242 0.3663434386253357 3701
1771368050413 0.7235863208770752 3702
1771368050516 0.5793032050132751 3703
1771368050620 0.9037022590637207 3704
1771368050796 0.8673640489578247 3705
1771368050903 0.5751999020576477 3706
1771368051007 0.7038178443908691 3707
1771368051179 0.9058955311775208 3708
1771368051286 0.6992987394332886 3709
1771368051391 1.1479538679122925 3710
1771368051497 0.5186566114425659 3711
1771368051668 0.713051974773407 3712
1771368051773 0.2201116681098938 3713
1771368051879 0.6908074021339417 3714
1771368052050 0.508983314037323 3715
1771368052157 0.9788769483566284 3716
1771368052262 1.0754859447479248 3717
1771368052430 0.8319286108016968 3718
1771368052537 0.596901535987854 3719
1771368052640 0.8601585626602173 3720
1771368052743 0.5460606217384338 3721
1771368052922 0.7147671580314636 3722
1771368053029 0.6438112854957581 3723
1771368053132 0.8958236575126648 3724
1771368053304 0.7709529995918274 3725
1771368053413 0.3564091622829437 3726
1771368053518 0.38304826617240906 3727
1771368053621 0.4476104974746704 3728
1771368053792 0.6201769709587097 3729
1771368053895 0.42955225706100464 3730
1771368054000 0.8788073062896729 3731
1771368054169 0.4179147779941559 3732
1771368054273 0.6625851988792419 3733
1771368054382 0.5979508757591248 3734
1771368054552 0.9759628176689148 3735
1771368054656 0.9895525574684143 3736
1771368054760 0.5451275706291199 3737
1771368054866 0.3713560998439789 3738
1771368055052 0.677643895149231 3739
1771368055161 0.4089953899383545 3740
1771368055267 0.9174765944480896 3741
1771368055444 0.2764042913913727 3742
1771368055550 0.874564528465271 3743
1771368055653 0.4005158543586731 3744
1771368055821 0.6432545185089111 3745
1771368055926 0.4716028869152069 3746
1771368056030 0.6155341267585754 3747
1771368056134 0.4461210370063782 3748
1771368056303 0.48503971099853516 3749
1771368056406 0.7439740896224976 3750
1771368056514 0.7353610992431641 3751
1771368056667 0.9483091235160828 3752
1771368056995 0.535669207572937 3753
1771368057111 0.8052722811698914 3754
1771368057214 0.5334445238113403 3755
1771368057320 0.596867024898529 3756
1771368057492 0.5925152897834778 3757
1771368057596 0.5915511250495911 3758
1771368057699 1.0531377792358398 3759
1771368057872 0.5811347961425781 3760
1771368057979 0.5955680012702942 3761
1771368058085 0.47886431217193604 3762
1771368058257 0.5717310309410095 3763
1771368058365 0.768759548664093 3764
1771368058472 0.4878435730934143 3765
1771368058642 0.4534188210964203 3766
1771368058747 0.29805901646614075 3767
1771368058855 0.4515278935432434 3768
1771368058960 0.7000094652175903 3769
1771368059141 0.8611103892326355 3770
1771368059251 0.8139212131500244 3771
1771368059358 0.5499343276023865 3772
1771368059531 0.4361783266067505 3773
1771368059640 0.5820639729499817 3774
1771368059746 0.43058302998542786 3775
1771368059852 0.470154345035553 3776
1771368060051 0.45027559995651245 3777
1771368060156 0.37006255984306335 3778
1771368060262 0.534898042678833 3779
1771368060434 0.6255524158477783 3780
1771368060545 0.59205561876297 3781
1771368060654 0.23631665110588074 3782
1771368060760 0.8562547564506531 3783
1771368060931 0.7467019557952881 3784
1771368061036 0.694821834564209 3785
1771368061215 0.5120617151260376 3786
1771368061324 0.5684193968772888 3787
1771368061430 0.2755371928215027 3788
1771368061536 0.3489335775375366 3789
1771368061712 0.1987622231245041 3790
1771368061820 0.5381392240524292 3791
1771368061925 0.6611753702163696 3792
1771368062097 0.6475259065628052 3793
1771368062206 0.3590993583202362 3794
1771368062312 0.28024908900260925 3795
1771368062421 0.9287167191505432 3796
1771368062598 0.48587000370025635 3797
1771368062710 0.7580752968788147 3798
1771368062821 0.7737576961517334 3799
1771368063001 0.6206521987915039 3800
1771368063112 0.7549275755882263 3801
1771368063219 1.1634289026260376 3802
1771368063406 0.4285182058811188 3803
1771368063514 0.546305239200592 3804
1771368063623 0.6957605481147766 3805
1771368063727 0.7249985337257385 3806
1771368063900 0.8013461828231812 3807
1771368064005 0.7932482957839966 3808
1771368064109 1.0165073871612549 3809
1771368064278 0.7182590365409851 3810
1771368064383 0.7583580613136292 3811
1771368064489 0.6033094525337219 3812
1771368064657 0.6612213850021362 3813
1771368064764 0.991582453250885 3814
1771368064869 0.8774440288543701 3815
1771368064973 0.5779311656951904 3816
1771368065146 0.3498022258281708 3817
1771368065250 0.2441130131483078 3818
1771368065356 0.7128973007202148 3819
1771368065536 0.5518165230751038 3820
1771368065640 0.47012075781822205 3821
1771368065742 0.2602393627166748 3822
1771368065844 1.3215636014938354 3823
1771368066009 0.3622809052467346 3824
1771368066110 1.3096814155578613 3825
1771368066211 0.8896425366401672 3826
1771368066376 0.5334921479225159 3827
1771368066478 0.37551409006118774 3828
1771368066585 0.5966081619262695 3829
1771368066751 0.5357480645179749 3830
1771368066852 0.8199032545089722 3831
1771368066953 0.8230171203613281 3832
1771368067117 0.7738991379737854 3833
1771368067220 0.6700307726860046 3834
1771368067321 0.3828231692314148 3835
1771368067425 0.430377334356308 3836
1771368067601 0.4945821762084961 3837
1771368067702 0.37767189741134644 3838
1771368067805 0.4471622109413147 3839
1771368067978 1.071000576019287 3840
1771368068082 0.8818511962890625 3841
1771368068186 0.8551626801490784 3842
1771368068356 0.6579391956329346 3843
1771368068461 0.42180874943733215 3844
1771368068566 1.0764267444610596 3845
1771368068671 0.7848637104034424 3846
1771368068839 0.17036882042884827 3847
1771368068946 0.8216594457626343 3848
1771368069053 0.5077326893806458 3849
1771368069224 0.6221447587013245 3850
1771368069329 0.37483450770378113 3851
1771368069434 0.609866201877594 3852
1771368069544 0.3356926441192627 3853
1771368069722 0.5202029347419739 3854
1771368069828 0.43259990215301514 3855
1771368069934 0.6341150999069214 3856
1771368070107 0.7626723647117615 3857
1771368070212 0.4734126329421997 3858
1771368070318 0.384708434343338 3859
1771368070487 0.786624550819397 3860
1771368070594 0.6453450918197632 3861
1771368070700 0.43096810579299927 3862
1771368070804 0.6938261985778809 3863
1771368070975 0.3514593541622162 3864
1771368071082 1.4080111980438232 3865
1771368071189 1.0200390815734863 3866
1771368071361 0.7901263236999512 3867
1771368071468 0.6545259952545166 3868
1771368071572 0.5984389185905457 3869
1771368071754 0.2764643430709839 3870
1771368071860 0.7635498642921448 3871
1771368071964 0.283088356256485 3872
1771368072069 0.6857947707176208 3873
1771368072238 1.0445767641067505 3874
1771368072343 0.8997837901115417 3875
1771368072447 0.5207007527351379 3876
1771368072624 0.6457722187042236 3877
1771368072736 0.8865058422088623 3878
1771368072844 0.4580477774143219 3879
1771368073020 0.5644793510437012 3880
1771368073128 0.3717310130596161 3881
1771368073235 0.35634666681289673 3882
1771368073341 0.547762930393219 3883
1771368073519 0.5958898067474365 3884
1771368073627 0.6721677184104919 3885
1771368073739 0.6453227400779724 3886
1771368073913 0.4646857678890228 3887
1771368074019 0.9000189900398254 3888
1771368074123 0.5125290155410767 3889
1771368074292 0.5881046652793884 3890
1771368074402 1.0419210195541382 3891
1771368074509 0.6566043496131897 3892
1771368074677 0.6054819226264954 3893
1771368074783 0.5709651708602905 3894
1771368074888 1.5688668489456177 3895
1771368074991 0.4040316641330719 3896
1771368075161 0.8601469993591309 3897
1771368075264 0.9206107258796692 3898
1771368075367 0.6831705570220947 3899
1771368075540 0.40299224853515625 3900
1771368075648 0.8179343342781067 3901
1771368075753 1.036934733390808 3902
1771368075866 0.35010579228401184 3903
1771368076040 0.7701126337051392 3904
1771368076146 0.6916531920433044 3905
1771368076250 0.6126481294631958 3906
1771368076420 0.2309413105249405 3907
1771368076530 0.8528866171836853 3908
1771368076637 1.0652421712875366 3909
1771368076807 0.5367245078086853 3910
1771368076914 0.9559443593025208 3911
1771368077020 0.5289414525032043 3912
1771368077189 0.5567981600761414 3913
1771368077294 0.4024752080440521 3914
1771368077401 0.43043744564056396 3915
1771368077507 0.18913157284259796 3916
1771368077679 0.3047662675380707 3917
1771368077785 0.7011334300041199 3918
1771368077896 0.47586238384246826 3919
1771368078072 0.6725390553474426 3920
1771368078177 0.29407063126564026 3921
1771368078280 0.9192734360694885 3922
1771368078447 0.5398492813110352 3923
1771368078554 0.3251541256904602 3924
1771368078658 0.8528244495391846 3925
1771368078760 0.3907603323459625 3926
1771368078938 0.9120519161224365 3927
1771368079042 0.2167471945285797 3928
1771368079145 0.3756661117076874 3929
1771368079316 0.18650215864181519 3930
1771368079420 0.8899489641189575 3931
1771368079525 1.2252624034881592 3932
1771368079693 0.2489541471004486 3933
1771368079798 0.3918387293815613 3934
1771368079904 0.499659925699234 3935
1771368080086 0.49047398567199707 3936
1771368080192 0.5002909898757935 3937
1771368080296 0.6369083523750305 3938
1771368080400 0.34419965744018555 3939
1771368080570 0.6042636632919312 3940
1771368080674 0.4360755681991577 3941
1771368080779 0.8275896310806274 3942
1771368080946 0.8439791798591614 3943
1771368081054 0.6887729167938232 3944
1771368081157 0.3625105917453766 3945
1771368081325 0.17294883728027344 3946
1771368081430 0.7020424008369446 3947
1771368081534 0.5474138259887695 3948
1771368081639 0.43968465924263 3949
1771368081811 0.909541130065918 3950
1771368081919 0.8620151281356812 3951
1771368082030 0.779666543006897 3952
1771368082209 0.32538270950317383 3953
1771368082314 0.5156205892562866 3954
1771368082422 0.6112471222877502 3955
1771368082530 0.6521024107933044 3956
1771368082710 0.5885871648788452 3957
1771368082818 0.5148805975914001 3958
1771368082926 0.6260232925415039 3959
1771368083103 0.64683598279953 3960
1771368083210 0.3781994879245758 3961
1771368083319 0.38417571783065796 3962
1771368083493 0.6989626884460449 3963
1771368083601 0.7350050210952759 3964
1771368083707 0.5270178318023682 3965
1771368083814 0.7210882902145386 3966
1771368083990 0.3626048266887665 3967
1771368084098 0.33378180861473083 3968
1771368084210 0.21848006546497345 3969
1771368084389 0.5324693322181702 3970
1771368084495 0.957619845867157 3971
1771368084600 0.6483227610588074 3972
1771368084774 0.5592601299285889 3973
1771368084880 0.3345126509666443 3974
1771368084985 0.8775990009307861 3975
1771368085156 0.37427234649658203 3976
1771368085263 0.7506654262542725 3977
1771368085371 0.8742345571517944 3978
1771368085480 0.9707944393157959 3979
1771368085657 0.3109915256500244 3980
1771368085766 0.7607453465461731 3981
1771368085873 0.3933955430984497 3982
1771368086048 0.7764080166816711 3983
1771368086156 0.586372435092926 3984
1771368086268 0.5174551606178284 3985
1771368086449 0.7493830919265747 3986
1771368086556 0.9376654028892517 3987
1771368086663 0.7346217632293701 3988
1771368086834 0.6717941164970398 3989
1771368086942 0.7480546236038208 3990
1771368087051 0.5234226584434509 3991
1771368087161 0.38411200046539307 3992
1771368087335 1.0209261178970337 3993
1771368087443 0.46954041719436646 3994
1771368087549 0.7936584949493408 3995
1771368087722 0.46405893564224243 3996
1771368087831 0.8063903450965881 3997
1771368087937 0.854595959186554 3998
1771368088112 0.24094431102275848 3999
1771368088219 0.12583023309707642 4000
1771368088331 0.441750168800354 4001
1771368088515 0.4646748900413513 4002
1771368088623 0.4430636465549469 4003
1771368088726 0.717111349105835 4004
1771368088832 0.7190318703651428 4005
1771368089006 1.1736315488815308 4006
1771368089115 0.8403373956680298 4007
1771368089222 0.5110443234443665 4008
1771368089390 1.0410462617874146 4009
1771368089492 0.5966126918792725 4010
1771368089596 0.7717186808586121 4011
1771368089762 0.6942760944366455 4012
1771368089867 0.679793119430542 4013
1771368089970 0.36377108097076416 4014
1771368090137 0.18898740410804749 4015
1771368090242 0.5469102263450623 4016
1771368090347 0.47840461134910583 4017
1771368090455 0.7589477896690369 4018
1771368090630 0.8349857926368713 4019
1771368090737 1.477885365486145 4020
1771368090843 0.5890938639640808 4021
1771368091016 0.16501379013061523 4022
1771368091123 0.5694756507873535 4023
1771368091229 0.44624558091163635 4024
1771368091395 0.6893132328987122 4025
1771368091501 0.7432102560997009 4026
1771368091604 0.534033477306366 4027
1771368091772 0.46887651085853577 4028
1771368091882 0.7462899684906006 4029
1771368091988 0.45849284529685974 4030
1771368092091 0.568827211856842 4031
1771368092262 0.9914636015892029 4032
1771368092368 0.38563835620880127 4033
1771368092487 0.4001040458679199 4034
1771368092665 0.2613670825958252 4035
1771368092769 0.5456465482711792 4036
1771368092874 0.7145318388938904 4037
1771368093040 0.6385183930397034 4038
1771368093145 0.8325833082199097 4039
1771368093249 0.3827735483646393 4040
1771368093424 0.7581607103347778 4041
1771368093535 0.14620432257652283 4042
1771368093643 0.28778406977653503 4043
1771368093747 0.48781782388687134 4044
1771368093923 0.341194748878479 4045
1771368094032 0.6199629902839661 4046
1771368094138 0.7662615180015564 4047
1771368094312 0.6902426481246948 4048
1771368094421 0.5014392137527466 4049
1771368094542 0.6648244857788086 4050
1771368094719 0.8014319539070129 4051
1771368094825 0.4950045049190521 4052
1771368094930 0.754751980304718 4053
1771368095097 0.5206683278083801 4054
1771368095201 0.5457388758659363 4055
1771368095304 0.4026886820793152 4056
1771368095410 0.509545087814331 4057
1771368095582 0.672899067401886 4058
1771368095688 0.49554988741874695 4059
1771368095790 0.6846756339073181 4060
1771368095957 0.6225954294204712 4061
1771368096058 0.6347514986991882 4062
1771368096162 0.7591032981872559 4063
1771368096328 0.8781188130378723 4064
1771368096433 0.40121135115623474 4065
1771368096540 0.5970233678817749 4066
1771368096720 0.8995137810707092 4067
1771368096827 0.7781585454940796 4068
1771368096933 0.38290852308273315 4069
1771368097037 0.7676994800567627 4070
1771368097208 0.9334434866905212 4071
1771368097313 0.49297258257865906 4072
1771368097418 0.5411252379417419 4073
1771368097589 0.818236768245697 4074
1771368097697 0.4408967196941376 4075
1771368097804 0.6532976031303406 4076
1771368097975 0.8982717394828796 4077
1771368098083 0.32954418659210205 4078
1771368098193 0.7336804270744324 4079
1771368098367 0.5243067741394043 4080
1771368098476 0.5621036291122437 4081
1771368098587 0.44484132528305054 4082
1771368098697 0.4710403382778168 4083
1771368098880 0.5984985828399658 4084
1771368098987 0.7338811755180359 4085
1771368099093 0.5405296683311462 4086
1771368099269 0.3777620792388916 4087
1771368099376 0.36089321970939636 4088
1771368099482 1.157907247543335 4089
1771368099652 1.3320364952087402 4090
1771368099761 0.9607535004615784 4091
1771368099869 1.037757158279419 4092
1771368100042 0.6634606719017029 4093
1771368100153 0.8026256561279297 4094
1771368100263 0.9461416602134705 4095
1771368100370 0.5480903387069702 4096
1771368100541 0.6366405487060547 4097
1771368100647 0.9586182236671448 4098
1771368100752 0.5729342699050903 4099
1771368100938 0.8595722913742065 4100
1771368101047 0.21499580144882202 4101
1771368101153 0.5711310505867004 4102
1771368101329 0.5315485000610352 4103
1771368101439 0.14536571502685547 4104
1771368101549 0.6021459102630615 4105
1771368101722 0.5579468607902527 4106
1771368101834 0.24846267700195312 4107
1771368101944 0.8077468276023865 4108
1771368102053 0.5279237031936646 4109
1771368102226 0.4872952401638031 4110
1771368102334 0.35316169261932373 4111
1771368102443 0.6023419499397278 4112
1771368102622 0.8304536938667297 4113
1771368102732 1.0002089738845825 4114
1771368102840 0.3884604573249817 4115
1771368103024 0.9043546915054321 4116
1771368103133 0.5755214095115662 4117
1771368103243 0.7045977115631104 4118
1771368103420 0.42574647068977356 4119
1771368103531 0.6006650328636169 4120
1771368103639 1.008117914199829 4121
1771368103745 0.680620551109314 4122
1771368103918 0.8060098886489868 4123
1771368104029 0.551291823387146 4124
1771368104139 0.40230703353881836 4125
1771368104314 0.5243281722068787 4126
1771368104425 0.8810195326805115 4127
1771368104534 0.29542508721351624 4128
1771368104705 0.22909106314182281 4129
1771368104814 0.5003785490989685 4130
1771368104921 0.6899583339691162 4131
1771368105104 0.4958394765853882 4132
1771368105212 0.21860119700431824 4133
1771368105321 0.48482125997543335 4134
1771368105433 0.8997347354888916 4135
1771368105606 0.7760157585144043 4136
1771368105713 0.1881031095981598 4137
1771368105823 0.48124977946281433 4138
1771368106002 0.885108470916748 4139
1771368106113 0.7217045426368713 4140
1771368106225 0.34449928998947144 4141
1771368106401 0.9596182107925415 4142
1771368106513 0.5753572583198547 4143
1771368106630 0.6902764439582825 4144
1771368106829 0.6142618656158447 4145
1771368106943 1.1612508296966553 4146
1771368107063 0.5705642700195312 4147
1771368107175 0.7324255108833313 4148
1771368107354 0.974838137626648 4149
1771368107466 0.7953059673309326 4150
1771368107575 0.4302505850791931 4151
1771368107753 0.6989955902099609 4152
1771368107862 0.3942682445049286 4153
1771368107969 0.7862122058868408 4154
1771368108142 0.4880827069282532 4155
1771368108254 0.8844600319862366 4156
1771368108362 1.0263564586639404 4157
1771368108536 0.6900631785392761 4158
1771368108648 0.7769492864608765 4159
1771368108758 0.6173809766769409 4160
1771368108869 0.8330373167991638 4161
1771368109042 0.30403754115104675 4162
1771368109157 0.7486331462860107 4163
1771368109269 0.6490219831466675 4164
1771368109446 0.6870186924934387 4165
1771368109558 0.39807021617889404 4166
1771368109667 0.40445151925086975 4167
1771368109841 0.56890469789505 4168
1771368109937 0.3943011164665222 4169
1771368110271 0.27466192841529846 4170
1771368110375 0.5905413031578064 4171
1771368110480 0.45341262221336365 4172
1771368110651 0.6289218068122864 4173
1771368110755 0.6233465075492859 4174
1771368110860 0.6449583768844604 4175
1771368111035 0.37023478746414185 4176
1771368111139 0.17455488443374634 4177
1771368111250 0.3886193335056305 4178
1771368111424 0.5278807878494263 4179
1771368111531 0.725598156452179 4180
1771368111635 0.8838943243026733 4181
1771368111802 0.7297466397285461 4182
1771368111908 0.748599112033844 4183
1771368112015 0.7609828114509583 4184
1771368112125 0.7395880222320557 4185
1771368112296 0.8670846223831177 4186
1771368112407 0.211683452129364 4187
1771368112515 0.8294979333877563 4188
1771368112690 0.4336366057395935 4189
1771368112797 0.7415892481803894 4190
1771368112905 0.4866766333580017 4191
1771368113079 0.6513383388519287 4192
1771368113190 0.7593218684196472 4193
1771368113305 0.6525885462760925 4194
1771368113485 0.2596970498561859 4195
1771368113593 0.5207614898681641 4196
1771368113704 0.5155569911003113 4197
1771368113814 0.29064756631851196 4198
1771368113988 0.7884058952331543 4199
1771368114096 0.45591437816619873 4200
1771368114204 0.24998024106025696 4201
1771368114384 0.44996821880340576 4202
1771368114495 0.8922450542449951 4203
1771368114605 0.8784741759300232 4204
1771368114778 0.8538804054260254 4205
1771368114889 0.17649126052856445 4206
1771368114999 0.6713399291038513 4207
1771368115172 0.40945011377334595 4208
1771368115284 0.35046136379241943 4209
1771368115402 0.12933343648910522 4210
1771368115510 0.34810712933540344 4211
1771368115685 0.6266714334487915 4212
1771368115792 0.6365741491317749 4213
1771368115900 0.3991270363330841 4214
1771368116076 0.7203726768493652 4215
1771368116184 0.5824738144874573 4216
1771368116297 0.3194376826286316 4217
1771368116469 0.5415799021720886 4218
1771368116579 0.791768491268158 4219
1771368116690 0.2320757657289505 4220
1771368116863 0.6716369986534119 4221
1771368116975 0.47895440459251404 4222
1771368117085 0.4709729850292206 4223
1771368117194 0.8544341325759888 4224
1771368117369 0.40622228384017944 4225
1771368117483 0.6619160175323486 4226
1771368117600 0.19826628267765045 4227
1771368117777 0.5953475832939148 4228
1771368117887 0.7848960757255554 4229
1771368117998 0.6173743009567261 4230
1771368118173 0.5767141580581665 4231
1771368118287 0.5932540893554688 4232
1771368118399 0.40490594506263733 4233
1771368118575 0.7133973240852356 4234
1771368118690 0.4127669632434845 4235
1771368118803 0.3552786707878113 4236
1771368118914 0.8173677325248718 4237
1771368119094 0.3328614830970764 4238
1771368119204 0.663158118724823 4239
1771368119313 0.43508341908454895 4240
1771368119487 0.662412166595459 4241
1771368119601 0.5908653140068054 4242
1771368119712 0.38310810923576355 4243
1771368119886 0.9499062299728394 4244
1771368119993 0.6926674842834473 4245
1771368120102 0.8724782466888428 4246
1771368120276 0.9440677762031555 4247
1771368120387 0.6441838145256042 4248
1771368120498 0.47365105152130127 4249
1771368120608 0.5693897008895874 4250
1771368120781 1.1402685642242432 4251
1771368120891 0.6863558292388916 4252
1771368121001 0.7953749299049377 4253
1771368121171 0.4269847273826599 4254
1771368121279 0.5355629324913025 4255
1771368121383 0.7040461897850037 4256
1771368121549 0.779549777507782 4257
1771368121662 0.432496577501297 4258
1771368121768 0.4787713289260864 4259
1771368121936 0.7800732851028442 4260
1771368122042 0.6173296570777893 4261
1771368122147 0.6613153219223022 4262
1771368122315 1.0950130224227905 4263
1771368122425 0.9402825236320496 4264
1771368122533 0.6076924800872803 4265
1771368122644 0.7258260250091553 4266
1771368122836 0.7298734784126282 4267
1771368122943 0.3153698146343231 4268
1771368123050 1.0971425771713257 4269
1771368123225 0.25807780027389526 4270
1771368123333 0.29643774032592773 4271
1771368123443 0.44902950525283813 4272
1771368123618 0.6851736307144165 4273
1771368123738 0.5368494391441345 4274
1771368123851 0.3085421323776245 4275
1771368124031 1.1912826299667358 4276
1771368124141 0.4013195037841797 4277
1771368124253 0.47624146938323975 4278
1771368124364 0.6530188918113708 4279
1771368124546 0.2571796774864197 4280
1771368124657 0.7805595397949219 4281
1771368124766 0.41454562544822693 4282
1771368124948 0.4928700923919678 4283
1771368125060 0.5911006331443787 4284
1771368125169 0.20667944848537445 4285
1771368125344 0.5467994213104248 4286
1771368125464 0.29638683795928955 4287
1771368125574 0.5729055404663086 4288
1771368125761 1.0602725744247437 4289
1771368125882 0.7168037295341492 4290
1771368125993 0.49929460883140564 4291
1771368126104 1.0128834247589111 4292
1771368126281 0.5478010177612305 4293
1771368126390 0.7508512139320374 4294
1771368126504 0.4602152109146118 4295
1771368126679 0.40685340762138367 4296
1771368126788 0.8620237708091736 4297
1771368126895 0.9189038276672363 4298
1771368127069 1.1517534255981445 4299
1771368127183 0.35851600766181946 4300
1771368127293 0.9605914354324341 4301
1771368127465 0.547301173210144 4302
1771368127577 0.4025220572948456 4303
1771368127686 0.9792022109031677 4304
1771368127861 0.5082445740699768 4305
1771368127978 0.31250497698783875 4306
1771368128089 0.31529465317726135 4307
1771368128200 0.8281978964805603 4308
1771368128376 0.5710534453392029 4309
1771368128483 0.8145228624343872 4310
1771368128590 0.5947536826133728 4311
1771368128762 0.7292717695236206 4312
1771368128872 0.5208175182342529 4313
1771368128980 0.2560136318206787 4314
1771368129151 0.12169621139764786 4315
1771368129260 0.5099062919616699 4316
1771368129368 1.0937658548355103 4317
1771368129542 0.9161713719367981 4318
1771368129654 0.9796324968338013 4319
1771368129763 0.7446519732475281 4320
1771368129870 1.1237194538116455 4321
1771368130055 0.4704856276512146 4322
1771368130166 0.20288294553756714 4323
1771368130275 0.859769880771637 4324
1771368130453 0.30286064743995667 4325
1771368130564 0.3891667127609253 4326
1771368130673 1.3072491884231567 4327
1771368130850 1.8269803524017334 4328
1771368130958 1.3345823287963867 4329
1771368131067 1.0740318298339844 4330
1771368131249 0.7898525595664978 4331
1771368131359 0.7171708345413208 4332
1771368131462 0.9824323058128357 4333
1771368131633 1.204480528831482 4334
1771368131741 0.6056429147720337 4335
1771368131849 0.5622711181640625 4336
1771368132023 0.4807604253292084 4337
1771368132138 0.6715667247772217 4338
1771368132245 0.3148472309112549 4339
1771368132350 0.45435628294944763 4340
1771368132525 0.7765811085700989 4341
1771368132633 0.7573825716972351 4342
1771368132740 0.3200537860393524 4343
1771368132912 0.8230364918708801 4344
1771368133019 0.6075751185417175 4345
1771368133129 0.3134329319000244 4346
1771368133301 0.6070451140403748 4347
1771368133409 0.9850505590438843 4348
1771368133518 0.3815057873725891 4349
1771368133689 0.6727392077445984 4350
1771368133797 0.8387852907180786 4351
1771368133902 0.6330935955047607 4352
1771368134069 0.6060783267021179 4353
1771368134186 1.1097525358200073 4354
1771368134300 0.5982456207275391 4355
1771368134484 0.5628172159194946 4356
1771368134599 0.21191462874412537 4357
1771368134708 0.3438859283924103 4358
1771368134815 1.0251576900482178 4359
1771368134992 0.8102658987045288 4360
1771368135100 0.6480636596679688 4361
1771368135208 0.3783203959465027 4362
1771368135383 0.22297635674476624 4363
1771368135495 0.5187784433364868 4364
1771368135602 0.937357485294342 4365
1771368135777 0.5113677978515625 4366
1771368135884 0.6621454954147339 4367
1771368135992 0.4446925222873688 4368
1771368136165 0.19728940725326538 4369
1771368136283 0.46907681226730347 4370
1771368136391 0.304889976978302 4371
1771368136572 0.8825801014900208 4372
1771368136682 0.5012989640235901 4373
1771368136789 0.6464083790779114 4374
1771368136961 0.3115234375 4375
1771368137070 0.8056249022483826 4376
1771368137178 0.5714569687843323 4377
1771368137287 1.0110576152801514 4378
1771368137461 0.5035528540611267 4379
1771368137570 0.2939588129520416 4380
1771368137677 0.5716785192489624 4381
1771368137849 0.5594848990440369 4382
1771368137956 0.7661188244819641 4383
1771368138061 0.20839539170265198 4384
1771368138231 0.21230731904506683 4385
1771368138342 0.37127190828323364 4386
1771368138446 0.6487522721290588 4387
1771368138615 0.5326839089393616 4388
1771368138719 0.6128841042518616 4389
1771368138821 0.43422916531562805 4390
1771368138989 0.31278300285339355 4391
1771368139093 0.17638660967350006 4392
1771368139195 0.907049834728241 4393
1771368139365 1.071498990058899 4394
1771368139468 0.19492588937282562 4395
1771368139571 0.5193900465965271 4396
1771368139675 0.42554357647895813 4397
1771368139844 0.2950432002544403 4398
1771368139952 0.46332433819770813 4399
1771368140058 0.614647388458252 4400
1771368140232 0.6902937293052673 4401
1771368140340 0.1843094527721405 4402
1771368140458 0.7824215888977051 4403
1771368140635 0.3950875401496887 4404
1771368140741 0.49839645624160767 4405
1771368140846 0.39125993847846985 4406
1771368141012 0.6156700849533081 4407
1771368141119 0.5004774928092957 4408
1771368141223 0.7670586705207825 4409
1771368141393 0.390210896730423 4410
1771368141504 0.5264580249786377 4411
1771368141609 0.6003838181495667 4412
1771368141777 0.6152175664901733 4413
1771368141881 0.4892449378967285 4414
1771368141984 0.6012783646583557 4415
1771368142089 0.2675076425075531 4416
1771368142256 0.571450412273407 4417
1771368142362 0.5530509352684021 4418
1771368142476 0.4937249720096588 4419
1771368142653 0.6386223435401917 4420
1771368142760 0.45607712864875793 4421
1771368142869 0.9929520487785339 4422
1771368143043 0.5372458696365356 4423
1771368143150 0.670647382736206 4424
1771368143256 0.8311727046966553 4425
1771368143427 1.038529396057129 4426
1771368143535 0.4379688799381256 4427
1771368143641 0.6808720231056213 4428
1771368143811 0.6400766372680664 4429
1771368143917 0.7496899962425232 4430
1771368144025 0.5368692874908447 4431
1771368144197 0.6198922991752625 4432
1771368144306 0.4945085346698761 4433
1771368144418 0.485263466835022 4434
1771368144527 0.5591863393783569 4435
1771368144714 0.4078868627548218 4436
1771368144822 0.7001620531082153 4437
1771368144930 0.3705337643623352 4438
1771368145103 0.2762635350227356 4439
1771368145209 0.4274902045726776 4440
1771368145314 0.7727734446525574 4441
1771368145492 1.183986783027649 4442
1771368145597 0.4492218792438507 4443
1771368145703 0.7513207197189331 4444
1771368145890 0.4718524217605591 4445
1771368145999 0.43561914563179016 4446
1771368146105 0.3695620894432068 4447
1771368146279 0.6096321940422058 4448
1771368146390 0.4526589810848236 4449
1771368146504 0.164057657122612 4450
1771368146684 0.5305770039558411 4451
1771368146793 0.42846763134002686 4452
1771368146901 0.9843376874923706 4453
1771368147008 1.114892601966858 4454
1771368147184 0.5124079585075378 4455
1771368147292 0.815216064453125 4456
1771368147405 0.7624033093452454 4457
1771368147585 0.43029525876045227 4458
1771368147692 0.8768852949142456 4459
1771368147799 0.6245403289794922 4460
1771368147972 0.5349265336990356 4461
1771368148078 0.7569292783737183 4462
1771368148186 0.32639312744140625 4463
1771368148358 0.40539881587028503 4464
1771368148467 0.2431812733411789 4465
1771368148576 0.8550176024436951 4466
1771368148758 0.8234550952911377 4467
1771368148873 0.3042857348918915 4468
1771368148985 0.6584861874580383 4469
1771368149164 0.6488837599754333 4470
1771368149275 0.8461129069328308 4471
1771368149385 0.35842517018318176 4472
1771368149496 1.062605619430542 4473
1771368149673 0.48210301995277405 4474
1771368149784 0.5366456508636475 4475
1771368149895 0.6613835692405701 4476
1771368150072 0.21127524971961975 4477
1771368150184 0.8888223767280579 4478
1771368150297 0.670845627784729 4479
1771368150473 0.5346496105194092 4480
1771368150582 0.4279949963092804 4481
1771368150692 0.688949465751648 4482
1771368150877 0.5414559841156006 4483
1771368150991 0.2841169238090515 4484
1771368151101 0.8156861662864685 4485
1771368151276 0.3958575129508972 4486
1771368151389 0.5658223032951355 4487
1771368151500 0.6224195957183838 4488
1771368151673 0.7533199787139893 4489
1771368151784 0.5930874347686768 4490
1771368151893 0.5983239412307739 4491
1771368152000 0.3609060049057007 4492
1771368152176 1.046797513961792 4493
1771368152287 0.7293451428413391 4494
1771368152397 0.7255544066429138 4495
1771368152574 0.8295112252235413 4496
1771368152683 0.8182752728462219 4497
1771368152792 0.4345153570175171 4498
1771368152977 0.41998544335365295 4499
1771368153088 0.7415784001350403 4500
1771368153200 0.6088618636131287 4501
1771368153386 0.8105408549308777 4502
1771368153500 1.0501409769058228 4503
1771368153611 0.42989757657051086 4504
1771368153806 0.712181568145752 4505
1771368153918 0.7053416967391968 4506
1771368154027 0.4990052282810211 4507
1771368154199 0.4499896466732025 4508
1771368154309 0.6779587268829346 4509
1771368154423 0.5486546754837036 4510
1771368154532 0.7122426629066467 4511
1771368154707 0.5293980836868286 4512
1771368154818 0.5119096040725708 4513
1771368154929 0.3679253160953522 4514
1771368155109 0.7472602128982544 4515
1771368155217 0.8956018090248108 4516
1771368155329 0.3963560163974762 4517
1771368155509 0.7168489098548889 4518
1771368155619 0.6480095386505127 4519
1771368155729 0.9071903824806213 4520
1771368155904 0.42647305130958557 4521
1771368156015 0.3703552782535553 4522
1771368156125 0.5070281028747559 4523
1771368156298 0.6432790160179138 4524
1771368156409 0.8097419142723083 4525
1771368156528 0.9043835997581482 4526
1771368156702 0.23967720568180084 4527
1771368156812 0.8205825090408325 4528
1771368156921 0.8479248285293579 4529
1771368157033 1.079115867614746 4530
1771368157207 0.29935646057128906 4531
1771368157315 0.43269121646881104 4532
1771368157425 0.7602372765541077 4533
1771368157603 0.5798841118812561 4534
1771368157715 0.6012300252914429 4535
1771368157827 0.6973980665206909 4536
1771368158004 0.7498169541358948 4537
1771368158113 0.4915456175804138 4538
1771368158223 0.6728007197380066 4539
1771368158398 0.5307064056396484 4540
1771368158512 0.8852466940879822 4541
1771368158623 0.934058666229248 4542
1771368158798 0.4363262951374054 4543
1771368158910 0.29215767979621887 4544
1771368159022 0.8304792642593384 4545
1771368159199 0.8800997138023376 4546
1771368159308 0.5126163959503174 4547
1771368159418 0.9177295565605164 4548
1771368159529 0.716640055179596 4549
1771368159704 0.2842470705509186 4550
1771368159815 0.46176037192344666 4551
1771368159926 0.3225044906139374 4552
1771368160104 0.22290556132793427 4553
1771368160217 0.6117693185806274 4554
1771368160328 1.2033188343048096 4555
1771368160501 0.6556825041770935 4556
1771368160609 0.8287777900695801 4557
1771368160720 0.8269293308258057 4558
1771368160894 0.300772488117218 4559
1771368161004 0.43302908539772034 4560
1771368161113 0.526167631149292 4561
1771368161291 0.4337473213672638 4562
1771368161401 0.6709772944450378 4563
1771368161508 0.5276976823806763 4564
1771368161678 0.5943883657455444 4565
1771368161790 0.3858518600463867 4566
1771368161902 0.5306500792503357 4567
1771368162011 0.6504232883453369 4568
1771368162183 0.679450511932373 4569
1771368162293 0.5605792999267578 4570
1771368162400 0.5578518509864807 4571
1771368162575 0.5497078895568848 4572
1771368162684 0.17160244286060333 4573
1771368162795 0.4686986804008484 4574
1771368162973 0.3797803521156311 4575
1771368163084 0.6209596395492554 4576
1771368163195 0.8812635540962219 4577
1771368163374 0.5566135048866272 4578
1771368163481 1.1072369813919067 4579
1771368163588 1.2781730890274048 4580
1771368163758 0.32743480801582336 4581
1771368163866 0.6140840649604797 4582
1771368163972 0.24246136844158173 4583
1771368164146 1.2537963390350342 4584
1771368164262 1.2598127126693726 4585
1771368164355 1.0735266208648682 4586
1771368164699 0.49696725606918335 4587
1771368164809 0.668461799621582 4588
1771368164986 0.353170782327652 4589
1771368165097 1.1810649633407593 4590
1771368165206 1.0204620361328125 4591
1771368165390 0.5104681849479675 4592
1771368165504 0.6906002163887024 4593
1771368165612 0.739996612071991 4594
1771368165785 0.5414207577705383 4595
1771368165893 0.7094937562942505 4596
1771368166001 0.28988927602767944 4597
1771368166174 0.444201797246933 4598
1771368166285 0.39495980739593506 4599
1771368166403 0.5918505787849426 4600
1771368166579 0.7683189511299133 4601
1771368166688 0.7935712337493896 4602
1771368166801 0.4347667694091797 4603
1771368166913 0.5455600023269653 4604
1771368167089 0.6834656596183777 4605
1771368167199 0.7740375995635986 4606
1771368167307 0.5875393152236938 4607
1771368167482 0.317780464887619 4608
1771368167592 0.5961874723434448 4609
1771368167701 0.6290405988693237 4610
1771368167873 0.5402542352676392 4611
1771368167986 0.6216347813606262 4612
1771368168095 0.9720805287361145 4613
1771368168268 1.074257493019104 4614
1771368168379 0.13145866990089417 4615
1771368168486 0.6040991544723511 4616
1771368168594 0.7300200462341309 4617
1771368168767 0.6193698048591614 4618
1771368168876 0.43955135345458984 4619
1771368168986 0.2790367007255554 4620
1771368169160 0.6065196990966797 4621
1771368169268 0.7946801781654358 4622
1771368169377 1.18943190574646 4623
1771368169552 0.3262161314487457 4624
1771368169660 0.726949155330658 4625
1771368169769 0.3358360528945923 4626
1771368169939 0.4228783845901489 4627
1771368170047 0.8354243040084839 4628
1771368170153 0.700110912322998 4629
1771368170260 0.29779067635536194 4630
1771368170438 0.678175151348114 4631
1771368170546 0.5271947383880615 4632
1771368170654 0.3027791380882263 4633
1771368170827 0.49326083064079285 4634
1771368170938 0.44925200939178467 4635
1771368171046 0.7061625719070435 4636
1771368171219 0.8281134963035583 4637
1771368171328 0.16463084518909454 4638
1771368171434 0.6233500242233276 4639
1771368171610 0.7711693048477173 4640
1771368171718 0.6546841859817505 4641
1771368171825 0.577026903629303 4642
1771368171995 0.479751855134964 4643
1771368172105 0.8855541944503784 4644
1771368172212 0.5796289443969727 4645
1771368172319 0.3157333731651306 4646
1771368172500 0.6429504752159119 4647
1771368172612 0.7539157867431641 4648
1771368172721 0.7197040319442749 4649
1771368172901 0.4834451675415039 4650
1771368173015 0.46197396516799927 4651
1771368173123 0.9916161298751831 4652
1771368173309 0.5426269769668579 4653
1771368173428 0.38373902440071106 4654
1771368173540 1.0348697900772095 4655
1771368173721 0.874768853187561 4656
1771368173834 0.6801072955131531 4657
1771368173944 0.4234659671783447 4658
1771368174117 0.19935020804405212 4659
1771368174227 0.5662122964859009 4660
1771368174335 1.0159096717834473 4661
1771368174447 0.8289259672164917 4662
1771368174623 0.8385785818099976 4663
1771368174734 1.016250729560852 4664
1771368174842 0.8591951131820679 4665
1771368175019 0.7089917063713074 4666
1771368175129 0.3340120017528534 4667
1771368175241 0.2438104748725891 4668
1771368175418 0.28856781125068665 4669
1771368175531 0.5583838224411011 4670
1771368175641 0.7444806694984436 4671
1771368175822 0.46008217334747314 4672
1771368175933 0.8272250294685364 4673
1771368176041 0.2488141655921936 4674
1771368176220 0.27393630146980286 4675
1771368176333 0.8556815981864929 4676
1771368176443 0.3369233012199402 4677
1771368176624 0.3178965151309967 4678
1771368176735 0.4003579914569855 4679
1771368176846 0.6502997279167175 4680
1771368177023 0.8968175053596497 4681
1771368177135 0.6524689793586731 4682
1771368177245 0.4689025580883026 4683
1771368177420 0.8346824049949646 4684
1771368177531 0.5620742440223694 4685
1771368177639 0.6086402535438538 4686
1771368177815 0.6113207340240479 4687
1771368177924 0.8656266927719116 4688
1771368178033 0.7098638415336609 4689
1771368178206 0.22309884428977966 4690
1771368178316 0.2733152508735657 4691
1771368178424 1.1425119638442993 4692
1771368178596 0.7131917476654053 4693
1771368178704 0.8241260051727295 4694
1771368178812 1.0398210287094116 4695
1771368178982 0.7852491140365601 4696
1771368179092 0.6336971521377563 4697
1771368179199 0.3889448046684265 4698
1771368179370 0.3620435893535614 4699
1771368179480 0.4792328178882599 4700
1771368179589 0.8933830261230469 4701
1771368179760 0.5603172183036804 4702
1771368179871 0.7103447318077087 4703
1771368179982 0.1977844536304474 4704
1771368180156 0.21713408827781677 4705
1771368180267 0.6161452531814575 4706
1771368180375 0.7406471967697144 4707
1771368180548 1.076042652130127 4708
1771368180657 0.793387234210968 4709
1771368180764 0.7553689479827881 4710
1771368180935 0.6927770376205444 4711
1771368181045 0.7982645630836487 4712
1771368181154 0.5351142883300781 4713
1771368181327 0.5774165987968445 4714
1771368181439 0.33564493060112 4715
1771368181551 0.869071900844574 4716
1771368181724 1.1967530250549316 4717
1771368181834 0.4632593095302582 4718
1771368181942 0.6180967092514038 4719
1771368182118 0.36978423595428467 4720
1771368182230 0.4303751289844513 4721
1771368182340 0.6899703741073608 4722
1771368182518 0.44517773389816284 4723
1771368182631 0.38964685797691345 4724
1771368182742 0.4671231806278229 4725
1771368182916 0.9371408224105835 4726
1771368183029 0.47960081696510315 4727
1771368183141 0.751024603843689 4728
1771368183325 0.5632308721542358 4729
1771368183439 0.6517895460128784 4730
1771368183552 0.6940475702285767 4731
1771368183725 0.8006653785705566 4732
1771368183836 0.8043013215065002 4733
1771368183944 1.0078222751617432 4734
1771368184118 0.4645686149597168 4735
1771368184225 1.2059919834136963 4736
1771368184337 1.070307970046997 4737
1771368184444 0.13631409406661987 4738
1771368184614 0.4619794189929962 4739
1771368184721 0.6196296811103821 4740
1771368184829 0.7110975384712219 4741
1771368185000 0.3762686550617218 4742
1771368185110 0.7732707858085632 4743
1771368185217 0.5537987351417542 4744
1771368185394 0.43368449807167053 4745
1771368185503 0.715785026550293 4746
1771368185612 0.5312657952308655 4747
1771368185784 0.46365687251091003 4748
1771368185892 0.6906782984733582 4749
1771368185999 0.1823735386133194 4750
1771368186172 0.623959481716156 4751
1771368186278 0.7288615107536316 4752
1771368186391 0.39664843678474426 4753
1771368186563 0.3273801803588867 4754
1771368186670 0.7469055652618408 4755
1771368186776 1.182728886604309 4756
1771368186944 0.6117385029792786 4757
1771368187051 0.4296209216117859 4758
1771368187157 0.4273865818977356 4759
1771368187327 0.7917808890342712 4760
1771368187436 0.7454857230186462 4761
1771368187544 0.3733653426170349 4762
1771368187725 0.1700086146593094 4763
1771368187835 0.5053594708442688 4764
1771368187945 0.7167207598686218 4765
1771368188120 0.3326440751552582 4766
1771368188233 0.6100625991821289 4767
1771368188343 0.6382154822349548 4768
1771368188519 0.2296479493379593 4769
1771368188632 0.20218907296657562 4770
1771368188744 0.21711990237236023 4771
1771368188919 1.0273514986038208 4772
1771368189030 0.6269885897636414 4773
1771368189142 0.5775251984596252 4774
1771368189324 0.8075479865074158 4775
1771368189431 0.6712554097175598 4776
1771368189538 0.5986314415931702 4777
1771368189711 0.7144585251808167 4778
1771368189818 0.35029909014701843 4779
1771368189925 0.3958389461040497 4780
1771368190098 1.1409798860549927 4781
1771368190204 1.140640139579773 4782
1771368190318 0.8935522437095642 4783
1771368190491 0.7791627049446106 4784
1771368190597 0.7317752242088318 4785
1771368190705 0.6150578260421753 4786
1771368190875 0.7894967198371887 4787
1771368190984 0.8399408459663391 4788
1771368191095 0.43645548820495605 4789
1771368191266 0.3746453523635864 4790
1771368191377 0.2766481935977936 4791
1771368191486 0.3516155481338501 4792
1771368191659 1.0225977897644043 4793
1771368191768 0.7148454785346985 4794
1771368191874 0.6842030882835388 4795
1771368192042 0.22099502384662628 4796
1771368192149 0.5975583791732788 4797
1771368192255 0.6948887705802917 4798
1771368192427 0.5216691493988037 4799
1771368192540 0.33156973123550415 4800
1771368192656 0.5109560489654541 4801
1771368192834 0.5571838617324829 4802
1771368192946 0.23445646464824677 4803
1771368193059 0.4687957763671875 4804
1771368193270 0.3250848054885864 4805
1771368193389 1.0371453762054443 4806
1771368193499 0.7883861660957336 4807
1771368193695 0.6064667105674744 4808
1771368193804 0.28117635846138 4809
1771368193920 0.514695405960083 4810
1771368194110 0.9854588508605957 4811
1771368194220 0.5352705121040344 4812
1771368194329 0.8069679737091064 4813
1771368194514 0.38825660943984985 4814
1771368194626 0.5582327246665955 4815
1771368194736 0.6203810572624207 4816
1771368194911 0.645204484462738 4817
1771368195024 0.510957658290863 4818
1771368195137 0.6330261826515198 4819
1771368195314 0.38208985328674316 4820
1771368195431 0.2899603545665741 4821
1771368195541 0.6466032862663269 4822
1771368195718 1.1322788000106812 4823
1771368195830 0.6703959107398987 4824
1771368195940 0.566628098487854 4825
1771368196118 0.7222428917884827 4826
1771368196231 0.581303596496582 4827
1771368196342 0.6748022437095642 4828
1771368196536 0.6128591299057007 4829
1771368196652 0.34048938751220703 4830
1771368196763 0.21879546344280243 4831
1771368196940 0.5671985745429993 4832
1771368197052 0.32396066188812256 4833
1771368197165 0.8918696045875549 4834
1771368197276 0.9036596417427063 4835
1771368197454 0.5362213850021362 4836
1771368197568 1.0424563884735107 4837
1771368197677 0.491395503282547 4838
1771368197850 0.36777636408805847 4839
1771368197957 0.7404744625091553 4840
1771368198064 0.7414050102233887 4841
1771368198235 0.45439139008522034 4842
1771368198344 0.22685924172401428 4843
1771368198452 0.08951296657323837 4844
1771368198627 0.2505958378314972 4845
1771368198739 0.2219652235507965 4846
1771368198845 0.8351218104362488 4847
1771368199016 0.36750924587249756 4848
1771368199124 0.7087124586105347 4849
1771368199229 0.6502856016159058 4850
1771368199401 0.8053991794586182 4851
1771368199506 0.8126699924468994 4852
1771368199612 0.8991891741752625 4853
1771368199781 0.45914870500564575 4854
1771368199888 0.5437808036804199 4855
1771368200001 0.4769938588142395 4856
1771368200194 0.5290743708610535 4857
1771368200302 0.3903881013393402 4858
1771368200408 0.6495741009712219 4859
1771368200577 0.4456860423088074 4860
1771368200688 0.45312193036079407 4861
1771368200802 0.15425096452236176 4862
1771368200974 0.6146752238273621 4863
1771368201080 0.755023717880249 4864
1771368201187 0.7277563810348511 4865
1771368201357 0.6299492716789246 4866
1771368201464 0.9612893462181091 4867
1771368201571 0.6462616324424744 4868
1771368201743 0.2481067031621933 4869
1771368201851 0.44419315457344055 4870
1771368201961 0.48763126134872437 4871
1771368202130 0.8857136964797974 4872
1771368202240 0.9059783816337585 4873
1771368202348 0.9443994760513306 4874
1771368202520 0.4581921100616455 4875
1771368202629 0.6833586692810059 4876
1771368202743 0.5843110680580139 4877
1771368202922 0.5694820284843445 4878
1771368203030 0.24699421226978302 4879
1771368203139 0.20581457018852234 4880
1771368203312 0.5499754548072815 4881
1771368203425 0.42626720666885376 4882
1771368203535 0.6125059723854065 4883
1771368203704 0.6768344640731812 4884
1771368203815 1.323864221572876 4885
1771368203921 0.4781191051006317 4886
1771368204092 0.4688766300678253 4887
1771368204200 0.6643132567405701 4888
1771368204306 0.7694799304008484 4889
1771368204478 0.8152399063110352 4890
1771368204585 0.9542300701141357 4891
1771368204691 0.8323649168014526 4892
1771368204862 0.27036336064338684 4893
1771368204969 0.5599741339683533 4894
1771368205078 0.4594067335128784 4895
1771368205247 0.8572632074356079 4896
1771368205360 0.6273797750473022 4897
1771368205475 0.5348206162452698 4898
1771368205646 0.35515597462654114 4899
1771368205759 1.2310383319854736 4900
1771368205869 0.7814528942108154 4901
1771368206038 0.7110527753829956 4902
1771368206148 0.5315930843353271 4903
1771368206257 0.9331956505775452 4904
1771368206428 0.529296875 4905
1771368206541 1.0889567136764526 4906
1771368206650 0.5720657706260681 4907
1771368206821 0.343330055475235 4908
1771368206934 0.8970271944999695 4909
1771368207044 0.33381715416908264 4910
1771368207216 1.0453345775604248 4911
1771368207326 0.8316015005111694 4912
1771368207437 0.20498402416706085 4913
1771368207611 0.5206807851791382 4914
1771368207720 0.5683059096336365 4915
1771368207832 0.9414634108543396 4916
1771368208003 1.1274936199188232 4917
1771368208114 0.8598065972328186 4918
1771368208221 0.7220364809036255 4919
1771368208389 0.7506783604621887 4920
1771368208499 0.416000634431839 4921
1771368208610 0.3978014588356018 4922
1771368208785 0.5838066339492798 4923
1771368208900 0.4208829402923584 4924
1771368209013 0.6601603031158447 4925
1771368209186 0.20468838512897491 4926
1771368209299 0.5916659832000732 4927
1771368209413 0.3279613256454468 4928
1771368209588 0.7175878286361694 4929
1771368209698 0.8048940300941467 4930
1771368209808 0.9857026934623718 4931
1771368209917 0.5775178074836731 4932
1771368210090 0.7109935283660889 4933
1771368210201 0.6531665325164795 4934
1771368210312 0.3058265447616577 4935
1771368210484 0.8403809666633606 4936
1771368210596 0.4188897907733917 4937
1771368210704 0.5933008790016174 4938
1771368210874 0.27936550974845886 4939
1771368210984 0.8930776715278625 4940
1771368211097 0.5183754563331604 4941
1771368211274 0.7432259321212769 4942
1771368211383 0.2561136782169342 4943
1771368211492 0.29304420948028564 4944
1771368211668 0.2877379059791565 4945
1771368211781 0.7181097865104675 4946
1771368211895 0.7677582502365112 4947
1771368212069 0.6023798584938049 4948
1771368212178 0.38134056329727173 4949
1771368212285 0.9550663828849792 4950
1771368212458 0.6767112612724304 4951
1771368212572 0.5079081654548645 4952
1771368212682 1.1094210147857666 4953
1771368212859 1.1810522079467773 4954
1771368212970 0.33277788758277893 4955
1771368213081 0.1469961255788803 4956
1771368213259 0.8261756896972656 4957
1771368213375 0.43010494112968445 4958
1771368213482 0.5988248586654663 4959
1771368213656 0.6913749575614929 4960
1771368213763 0.43042194843292236 4961
1771368213872 0.5749644041061401 4962
1771368214046 0.648537814617157 4963
1771368214154 0.4479702115058899 4964
1771368214262 0.6624182462692261 4965
1771368214438 0.6674844622612 4966
1771368214548 0.9442145824432373 4967
1771368214656 1.1092723608016968 4968
1771368214828 0.8234951496124268 4969
1771368214939 0.16253265738487244 4970
1771368215047 0.6438632607460022 4971
1771368215219 0.48881104588508606 4972
1771368215333 0.7372673153877258 4973
1771368215447 0.7298086881637573 4974
1771368215621 0.4419659376144409 4975
1771368215729 0.2713441848754883 4976
1771368215838 0.3463870584964752 4977
1771368216012 0.7103661298751831 4978
1771368216125 0.8821592926979065 4979
1771368216234 0.45178112387657166 4980
1771368216419 0.517802357673645 4981
1771368216538 0.6005327105522156 4982
1771368216649 0.5035611391067505 4983
1771368216828 0.19978201389312744 4984
1771368216939 1.0106287002563477 4985
1771368217050 0.5588844418525696 4986
1771368217231 0.33269554376602173 4987
1771368217342 0.7645029425621033 4988
1771368217453 0.9780076146125793 4989
1771368217627 0.9244477152824402 4990
1771368217736 0.6012094616889954 4991
1771368217846 0.477384477853775 4992
1771368218021 0.6909462213516235 4993
1771368218129 0.4377425014972687 4994
1771368218241 0.250088095664978 4995
1771368218427 0.6984589695930481 4996
1771368218540 0.21541087329387665 4997
1771368218654 0.6173952221870422 4998
1771368218841 0.2563764750957489 4999
1771368218952 0.6368658542633057 5000
1771368219063 0.28902527689933777 5001
1771368219242 0.17493900656700134 5002
1771368219333 2.7343995571136475 5003
1771368219685 0.8971824645996094 5004
1771368219795 1.0981405973434448 5005
1771368219973 0.7710259556770325 5006
1771368220083 0.22100503742694855 5007
1771368220191 0.33735379576683044 5008
1771368220366 1.0162400007247925 5009
1771368220482 0.6207618117332458 5010
1771368220592 1.0367225408554077 5011
1771368220768 0.3556094765663147 5012
1771368220878 0.6575338840484619 5013
1771368220986 0.399425208568573 5014
1771368221162 0.18847472965717316 5015
1771368221273 0.6307976245880127 5016
1771368221381 1.0425865650177002 5017
1771368221571 0.8502846956253052 5018
1771368221681 0.7007310390472412 5019
1771368221792 1.4391489028930664 5020
1771368221969 0.3409543037414551 5021
1771368222081 0.38870471715927124 5022
1771368222257 0.6768867373466492 5023
1771368222368 0.9329392910003662 5024
1771368222479 0.19797077775001526 5025
1771368222659 1.2727657556533813 5026
1771368222773 0.2841291129589081 5027
1771368222889 0.4413434565067291 5028
1771368223069 0.09836781024932861 5029
1771368223183 0.6582316160202026 5030
1771368223299 0.7528136968612671 5031
1771368223481 0.42744582891464233 5032
1771368223598 0.19679175317287445 5033
1771368223712 0.6090099811553955 5034
1771368223889 0.5941848158836365 5035
1771368224003 0.6904017329216003 5036
1771368224114 0.299173504114151 5037
1771368224292 0.6649580597877502 5038
1771368224406 0.5771084427833557 5039
1771368224513 0.35659030079841614 5040
1771368224683 0.6006847620010376 5041
1771368224792 0.6052190661430359 5042
1771368224903 0.4100054204463959 5043
1771368225072 0.10289893299341202 5044
1771368225185 0.6141875982284546 5045
1771368225296 1.1411948204040527 5046
1771368225475 0.922183096408844 5047
1771368225583 0.3813030421733856 5048
1771368225695 0.5466659665107727 5049
1771368225867 0.6175891757011414 5050
1771368225974 0.7681359648704529 5051
1771368226080 0.6732769012451172 5052
1771368226252 0.5269568562507629 5053
1771368226360 0.5732479095458984 5054
1771368226476 0.2324487566947937 5055
1771368226651 0.6031598448753357 5056
1771368226761 0.5863672494888306 5057
1771368226871 0.44027820229530334 5058
1771368227051 0.9359033703804016 5059
1771368227162 0.4882519245147705 5060
1771368227273 0.6632071733474731 5061
1771368227453 0.8795775771141052 5062
1771368227567 0.3174225986003876 5063
1771368227680 0.43684592843055725 5064
1771368227862 0.6750859022140503 5065
1771368227974 0.5905245542526245 5066
1771368228084 0.3375965356826782 5067
1771368228260 0.8585572838783264 5068
1771368228374 0.5299274921417236 5069
1771368228551 0.5350123643875122 5070
1771368228664 0.2541862726211548 5071
1771368228775 0.639804482460022 5072
1771368228952 0.8913921117782593 5073
1771368229066 0.7719733119010925 5074
1771368229177 0.5583447813987732 5075
1771368229353 0.4426884651184082 5076
1771368229468 0.43595555424690247 5077
1771368229580 0.771237313747406 5078
1771368229755 0.6777694821357727 5079
1771368229868 0.6780630350112915 5080
1771368229981 0.5790224075317383 5081
1771368230157 0.7258759140968323 5082
1771368230270 0.2906353771686554 5083
1771368230379 0.5091798305511475 5084
1771368230551 0.7843315601348877 5085
1771368230662 0.7197211980819702 5086
1771368230772 0.6641268730163574 5087
1771368230946 0.49141237139701843 5088
1771368231059 0.9956901669502258 5089
1771368231169 0.6572656631469727 5090
1771368231342 0.21941623091697693 5091
1771368231453 0.790846049785614 5092
1771368231566 0.40858760476112366 5093
1771368231740 0.5034375786781311 5094
1771368231855 0.548081636428833 5095
1771368231970 0.8835447430610657 5096
1771368232146 1.0399665832519531 5097
1771368232261 1.223589539527893 5098
1771368232373 0.8190956115722656 5099
1771368232554 0.619802713394165 5100
1771368232673 0.7793709635734558 5101
1771368232788 0.676494836807251 5102
1771368232971 1.0934566259384155 5103
1771368233088 0.7825005650520325 5104
1771368233203 0.28729933500289917 5105
1771368233389 0.6651188135147095 5106
1771368233502 0.38745561242103577 5107
1771368233616 0.2587118148803711 5108
1771368233795 0.8399779200553894 5109
1771368233908 0.44312506914138794 5110
1771368234029 0.39272022247314453 5111
1771368234213 0.1456453800201416 5112
1771368234327 0.7506476044654846 5113
1771368234443 0.8785390853881836 5114
1771368234621 1.1890356540679932 5115
1771368234735 0.895366370677948 5116
1771368234847 0.5031624436378479 5117
1771368235027 0.7791271805763245 5118
1771368235139 0.7266355752944946 5119
1771368235256 0.386881023645401 5120
1771368235441 0.42736050486564636 5121
1771368235554 0.507362425327301 5122
1771368235670 0.31188705563545227 5123
1771368235850 0.25074905157089233 5124
1771368235964 0.3301897346973419 5125
1771368236079 0.2548961639404297 5126
1771368236256 0.641431987285614 5127
1771368236371 0.3285743296146393 5128
1771368236489 0.35429146885871887 5129
1771368236671 0.7238727807998657 5130
1771368236781 0.88483065366745 5131
1771368236892 0.6396079063415527 5132
1771368237068 0.3362959921360016 5133
1771368237179 0.8920836448669434 5134
1771368237291 0.6602350473403931 5135
1771368237469 0.5136041641235352 5136
1771368237580 0.23466059565544128 5137
1771368237694 0.7360724210739136 5138
1771368237875 0.4806707203388214 5139
1771368237987 0.7766004204750061 5140
1771368238100 0.2902807891368866 5141
1771368238284 1.0215826034545898 5142
1771368238398 0.408837229013443 5143
1771368238507 0.8704078197479248 5144
1771368238687 0.38787540793418884 5145
1771368238797 0.3041572570800781 5146
1771368238975 0.18183554708957672 5147
1771368239086 0.3869919180870056 5148
1771368239196 0.9270111322402954 5149
1771368239371 0.40851640701293945 5150
1771368239485 0.5988860726356506 5151
1771368239599 0.606997549533844 5152
1771368239779 0.7480869293212891 5153
1771368239895 0.36182737350463867 5154
1771368240009 0.5380516052246094 5155
1771368240187 0.4612215459346771 5156
1771368240310 0.49362462759017944 5157
1771368240423 0.6375141143798828 5158
1771368240606 0.5867655873298645 5159
1771368240718 0.5046068429946899 5160
1771368240834 1.0037447214126587 5161
1771368241014 0.3563230633735657 5162
1771368241129 0.3170541524887085 5163
1771368241243 0.4314689636230469 5164
1771368241420 0.7246842980384827 5165
1771368241538 0.6263559460639954 5166
1771368241651 1.048777461051941 5167
1771368241829 0.38111916184425354 5168
1771368241947 0.8858291506767273 5169
1771368242061 0.7411629557609558 5170
1771368242237 0.7965977191925049 5171
1771368242357 0.40789464116096497 5172
1771368242473 0.7438340783119202 5173
1771368242657 0.43553051352500916 5174
1771368242770 0.3643409311771393 5175
1771368242882 1.0347700119018555 5176
1771368243061 0.5962344408035278 5177
1771368243175 0.8091066479682922 5178
1771368243290 0.39083436131477356 5179
1771368243470 0.39567509293556213 5180
1771368243585 0.5504005551338196 5181
1771368243698 0.2814619541168213 5182
1771368243878 0.1783372014760971 5183
1771368243993 1.1732174158096313 5184
1771368244103 0.6158890724182129 5185
1771368244280 0.19269104301929474 5186
1771368244396 0.21773087978363037 5187
1771368244511 0.5238989591598511 5188
1771368244689 0.7326431274414062 5189
1771368244798 0.34129634499549866 5190
1771368244908 0.7922178506851196 5191
1771368245084 0.3294017016887665 5192
1771368245196 0.8710581660270691 5193
1771368245305 0.4014930725097656 5194
1771368245483 0.26679033041000366 5195
1771368245593 0.9193294048309326 5196
1771368245703 0.6541188955307007 5197
1771368245877 0.492779403924942 5198
1771368245986 0.417494535446167 5199
1771368246096 0.28317415714263916 5200
1771368246271 0.7434824109077454 5201
1771368246381 0.24068209528923035 5202
1771368246508 0.6119122505187988 5203
1771368246711 0.8761951327323914 5204
1771368246821 0.3152579367160797 5205
1771368246933 0.7101953625679016 5206
1771368247106 1.2389363050460815 5207
1771368247216 0.8212769627571106 5208
1771368247325 0.5374465584754944 5209
1771368247502 0.42879143357276917 5210
1771368247614 0.15198764204978943 5211
1771368247725 0.4352458119392395 5212
1771368247899 0.4981301426887512 5213
1771368248009 0.3671513497829437 5214
1771368248120 0.13829800486564636 5215
1771368248294 0.5788968801498413 5216
1771368248403 0.9207504391670227 5217
1771368248515 0.30231016874313354 5218
1771368248703 0.7398502230644226 5219
1771368248816 0.8953487277030945 5220
1771368248926 0.43449780344963074 5221
1771368249101 0.29602178931236267 5222
1771368249210 0.5906369686126709 5223
1771368249382 0.8297501802444458 5224
1771368249494 1.7040202617645264 5225
1771368249604 1.2447614669799805 5226
1771368249780 0.9003066420555115 5227
1771368249896 0.3257203996181488 5228
1771368250011 0.77993243932724 5229
1771368250184 1.1983872652053833 5230
1771368250299 0.7625033259391785 5231
1771368250410 0.5095271468162537 5232
1771368250582 1.0147340297698975 5233
1771368250700 0.7001230120658875 5234
1771368250814 0.4838698208332062 5235
1771368250991 0.18276822566986084 5236
1771368251107 0.6788696050643921 5237
1771368251218 0.5940662026405334 5238
1771368251392 0.27384504675865173 5239
1771368251504 0.23723165690898895 5240
1771368251618 1.1475862264633179 5241
1771368251792 1.325331687927246 5242
1771368251907 0.9135428071022034 5243
1771368252019 0.6937321424484253 5244
1771368252190 0.5067389607429504 5245
1771368252301 1.4120264053344727 5246
1771368252410 0.837531328201294 5247
1771368252585 0.32438668608665466 5248
1771368252697 0.4264337420463562 5249
1771368252814 0.6920731067657471 5250
1771368252990 0.4927048087120056 5251
1771368253100 0.22511526942253113 5252
1771368253210 0.4490923285484314 5253
1771368253392 0.9709001183509827 5254
1771368253503 1.025185227394104 5255
1771368253613 0.32074347138404846 5256
1771368253789 0.2986084222793579 5257
1771368253900 0.7669487595558167 5258
1771368254011 0.8392898440361023 5259
1771368254185 0.49125826358795166 5260
1771368254298 0.7576547861099243 5261
1771368254412 0.338081032037735 5262
1771368254586 0.7628602981567383 5263
1771368254696 0.5241295695304871 5264
1771368254807 0.5938042998313904 5265
1771368254990 0.705711305141449 5266
1771368255100 0.5345544815063477 5267
1771368255212 0.47030624747276306 5268
1771368255394 0.4352932572364807 5269
1771368255504 0.5259871482849121 5270
1771368255618 0.4872082769870758 5271
1771368255795 1.128057599067688 5272
1771368255906 1.2415612936019897 5273
1771368256017 1.2227236032485962 5274
1771368256193 1.5902379751205444 5275
1771368256305 0.8180370926856995 5276
1771368256420 0.25703394412994385 5277
1771368256600 0.5717748999595642 5278
1771368256714 0.46172723174095154 5279
1771368256827 0.5520108342170715 5280
1771368257012 0.22005747258663177 5281
1771368257123 0.6665311455726624 5282
1771368257235 0.3126007318496704 5283
1771368257412 0.5294226408004761 5284
1771368257523 0.5710670948028564 5285
1771368257637 0.3282795548439026 5286
1771368257811 0.15037226676940918 5287
1771368257922 0.8390488028526306 5288
1771368258038 0.8644119501113892 5289
1771368258226 0.41036850214004517 5290
1771368258335 0.1850842535495758 5291
1771368258444 0.24816447496414185 5292
1771368258617 0.46658754348754883 5293
1771368258726 0.7909931540489197 5294
1771368258835 0.6968395709991455 5295
1771368259017 0.6502678394317627 5296
1771368259129 0.6922839879989624 5297
1771368259240 0.43382734060287476 5298
1771368259443 0.7760089039802551 5299
1771368259560 0.6472446918487549 5300
1771368259682 0.3803957402706146 5301
1771368259888 0.3960277736186981 5302
1771368260003 0.834428071975708 5303
1771368260189 0.5193760991096497 5304
1771368260301 0.9208922982215881 5305
1771368260415 0.519051194190979 5306
1771368260600 1.3874375820159912 5307
1771368260715 0.29658693075180054 5308
1771368260831 0.8703235387802124 5309
1771368261017 0.4687900245189667 5310
1771368261138 0.6001508831977844 5311
1771368261259 0.5235593914985657 5312
1771368261444 0.15177865326404572 5313
1771368261561 0.4841051697731018 5314
1771368261677 0.9396252632141113 5315
1771368261859 0.3346741795539856 5316
1771368261976 0.48154258728027344 5317
1771368262089 0.6163487434387207 5318
1771368262296 0.4673742651939392 5319
1771368262413 0.6326902508735657 5320
1771368262529 0.7475497126579285 5321
1771368262717 0.37203046679496765 5322
1771368262830 1.0124658346176147 5323
1771368262944 0.3899664282798767 5324
1771368263132 0.6601854562759399 5325
1771368263252 0.3796292841434479 5326
1771368263367 0.7696455717086792 5327
1771368263558 0.5273170471191406 5328
1771368263670 0.8284165263175964 5329
1771368263783 0.6978720426559448 5330
1771368263964 0.7512776255607605 5331
1771368264078 0.7770698070526123 5332
1771368264192 0.29620668292045593 5333
1771368264370 0.7358086705207825 5334
1771368264485 0.6180945634841919 5335
1771368264594 0.15559104084968567 5336
1771368264769 0.621430516242981 5337
1771368264879 0.34897011518478394 5338
1771368264988 0.47580477595329285 5339
1771368265175 0.5454548597335815 5340
1771368265293 0.4541419446468353 5341
1771368265403 0.34725770354270935 5342
1771368265587 0.6115425825119019 5343
1771368265699 0.9624050855636597 5344
1771368265811 0.5654798150062561 5345
1771368265993 0.49080991744995117 5346
1771368266105 0.6829372048377991 5347
1771368266216 0.5023117065429688 5348
1771368266396 0.3500809371471405 5349
1771368266511 0.3273189067840576 5350
1771368266628 0.6316485404968262 5351
1771368266810 0.5161034464836121 5352
1771368266923 1.1016857624053955 5353
1771368267035 0.5526740550994873 5354
1771368267217 0.39858946204185486 5355
1771368267335 0.42404085397720337 5356
1771368267449 0.6650714874267578 5357
1771368267634 0.4650695323944092 5358
1771368267749 0.7048184871673584 5359
1771368267863 0.250215083360672 5360
1771368268046 0.5673606991767883 5361
1771368268159 0.6705514192581177 5362
1771368268272 0.9369240999221802 5363
1771368268454 0.37509071826934814 5364
1771368268567 0.4610581398010254 5365
1771368268680 0.5181201100349426 5366
1771368268861 0.4749688506126404 5367
1771368268976 0.8902623653411865 5368
1771368269091 0.6657806634902954 5369
1771368269274 0.6492896676063538 5370
1771368269396 0.42036867141723633 5371
1771368269515 0.5062844157218933 5372
1771368269701 0.5417725443840027 5373
1771368269816 0.419599711894989 5374
1771368269993 0.8277286291122437 5375
1771368270106 1.2851520776748657 5376
1771368270220 0.9748907685279846 5377
1771368270398 0.1751461625099182 5378
1771368270514 0.13004836440086365 5379
1771368270631 0.6827076077461243 5380
1771368270812 0.5303367376327515 5381
1771368270929 0.2617209553718567 5382
1771368271045 0.9490762948989868 5383
1771368271226 0.5976147055625916 5384
1771368271340 0.588971734046936 5385
1771368271457 0.26719096302986145 5386
1771368271656 0.4277702867984772 5387
1771368271768 0.35214850306510925 5388
1771368271881 0.4850718677043915 5389
1771368272067 0.5617403388023376 5390
1771368272182 0.7457000613212585 5391
1771368272294 1.0799999237060547 5392
1771368272479 0.6771575808525085 5393
1771368272595 0.15016157925128937 5394
1771368272711 0.6740655303001404 5395
1771368272892 0.5263526439666748 5396
1771368273006 0.8466741442680359 5397
1771368273119 1.1488673686981201 5398
1771368273298 0.3173874020576477 5399
1771368273412 0.650928795337677 5400
1771368273603 0.5370920300483704 5401
1771368273718 0.4948384463787079 5402
1771368273828 0.8213725090026855 5403
1771368274006 0.6663244962692261 5404
1771368274122 0.19517728686332703 5405
1771368274235 0.7985336780548096 5406
1771368274414 0.3715725541114807 5407
1771368274535 0.299290269613266 5408
1771368274647 0.30354854464530945 5409
1771368274828 0.44510313868522644 5410
1771368274941 0.6865686178207397 5411
1771368275052 0.47397077083587646 5412
1771368275229 0.327995240688324 5413
1771368275339 0.8711032867431641 5414
1771368275449 0.6032289862632751 5415
1771368275634 0.1606653332710266 5416
1771368275751 0.3737616240978241 5417
1771368275863 0.7904847264289856 5418
1771368276043 0.3224334418773651 5419
1771368276136 3.927028179168701 5420
1771368276492 1.90212082862854 5421
1771368276676 0.4004336893558502 5422
1771368276789 0.9114086627960205 5423
1771368276901 0.3840929865837097 5424
1771368277077 0.5309010148048401 5425
1771368277192 0.9907864332199097 5426
1771368277311 0.8087407350540161 5427
1771368277487 0.31514498591423035 5428
1771368277603 0.5958602428436279 5429
1771368277718 0.6281219720840454 5430
1771368277915 0.43819475173950195 5431
1771368278030 0.545880138874054 5432
1771368278141 1.0571798086166382 5433
1771368278325 0.5729474425315857 5434
1771368278435 0.4077369272708893 5435
1771368278548 0.3338329792022705 5436
1771368278731 0.42447254061698914 5437
1771368278842 0.45167076587677 5438
1771368278956 0.7172583341598511 5439
1771368279144 0.4741978347301483 5440
1771368279254 0.7354970574378967 5441
1771368279363 0.3859756290912628 5442
1771368279547 0.859359085559845 5443
1771368279656 0.2956925928592682 5444
1771368279765 0.9278503656387329 5445
1771368279959 0.48234251141548157 5446
1771368280071 1.2259107828140259 5447
1771368280183 0.20939305424690247 5448
1771368280370 0.9414904713630676 5449
1771368280481 0.713070809841156 5450
1771368280593 1.0900869369506836 5451
1771368280779 0.2877029478549957 5452
1771368280891 0.3368786871433258 5453
1771368281000 0.8238512277603149 5454
1771368281183 1.27218496799469 5455
1771368281293 0.9053251147270203 5456
1771368281475 0.2040887326002121 5457
1771368281590 0.3510110676288605 5458
1771368281698 0.510472297668457 5459
1771368281902 0.5404877066612244 5460
1771368282018 0.273992657661438 5461
1771368282129 0.5674846768379211 5462
1771368282315 0.6745969653129578 5463
1771368282425 0.26718869805336 5464
1771368282541 0.7511826753616333 5465
1771368282727 0.6357773542404175 5466
1771368282841 0.6096838712692261 5467
1771368282968 0.5213737487792969 5468
1771368283167 0.388318806886673 5469
1771368283283 0.5919127464294434 5470
1771368283398 1.0292304754257202 5471
1771368283584 0.8515611886978149 5472
1771368283696 0.7297753095626831 5473
1771368283807 0.6971699595451355 5474
1771368284003 0.29396894574165344 5475
1771368284122 0.3678620457649231 5476
1771368284236 0.48681288957595825 5477
1771368284429 0.3254740834236145 5478
1771368284543 0.3547355830669403 5479
1771368284665 0.7561056017875671 5480
1771368284864 0.2989060580730438 5481
1771368284981 0.9008082151412964 5482
1771368285102 0.8011152744293213 5483
1771368285310 0.41148641705513 5484
1771368285431 0.7898634672164917 5485
1771368285550 0.7402101159095764 5486
1771368285737 0.7891295552253723 5487
1771368285850 0.424220472574234 5488
1771368285963 0.8293215036392212 5489
1771368286157 0.6645458936691284 5490
1771368286274 0.5267399549484253 5491
1771368286462 0.5641016364097595 5492
1771368286577 0.3365313708782196 5493
1771368286691 0.8182037472724915 5494
1771368286873 0.9135985970497131 5495
1771368286986 0.19043684005737305 5496
1771368287100 0.4109481871128082 5497
1771368287279 0.7533420920372009 5498
1771368287391 0.3067443370819092 5499
1771368287500 0.9444164633750916 5500
1771368287678 0.41115593910217285 5501
1771368287790 0.4402945041656494 5502
1771368287900 0.4422016441822052 5503
1771368288078 0.42380642890930176 5504
1771368288203 0.33627408742904663 5505
1771368288321 0.6772815585136414 5506
1771368288507 0.7165144681930542 5507
1771368288623 0.7319626212120056 5508
1771368288739 0.44467365741729736 5509
1771368288925 0.7980450391769409 5510
1771368289040 0.6831200122833252 5511
1771368289157 0.9362834692001343 5512
1771368289342 0.5444934368133545 5513
1771368289458 0.551094651222229 5514
1771368289571 0.7694146037101746 5515
1771368289755 0.679506242275238 5516
1771368289869 1.109972357749939 5517
1771368289982 0.628479540348053 5518
1771368290163 0.5497614145278931 5519
1771368290282 0.2532995939254761 5520
1771368290397 0.4238269627094269 5521
1771368290580 0.47408145666122437 5522
1771368290690 0.5253244042396545 5523
1771368290799 0.5316511988639832 5524
1771368290975 0.9338414669036865 5525
1771368291085 0.5196377038955688 5526
1771368291260 0.348583459854126 5527
1771368291374 0.38035571575164795 5528
1771368291509 0.4677407741546631 5529
1771368291691 0.3689808249473572 5530
1771368291802 0.840191662311554 5531
1771368291914 0.39064446091651917 5532
1771368292090 1.0404903888702393 5533
1771368292204 0.6974299550056458 5534
1771368292322 0.9050191044807434 5535
1771368292504 0.5375571846961975 5536
1771368292624 0.5237522721290588 5537
1771368292744 0.5079382658004761 5538
1771368292958 0.10127844661474228 5539
1771368293077 0.2562170922756195 5540
1771368293192 0.38247692584991455 5541
1771368293384 0.7189902663230896 5542
1771368293498 0.7894852757453918 5543
1771368293618 0.7827600836753845 5544
1771368293807 0.3139079511165619 5545
1771368293922 0.7080779075622559 5546
1771368294034 0.30568328499794006 5547
1771368294225 0.8889386057853699 5548
1771368294344 0.4703511595726013 5549
1771368294467 0.7516573667526245 5550
1771368294658 0.35570278763771057 5551
1771368294770 0.7563018202781677 5552
1771368294885 1.054116129875183 5553
1771368295078 0.3326359689235687 5554
1771368295191 0.4898979067802429 5555
1771368295305 0.265222430229187 5556
1771368295515 0.4605812728404999 5557
1771368295631 0.6637014150619507 5558
1771368295743 0.3996872007846832 5559
1771368295932 0.5267676115036011 5560
1771368296049 0.7164750099182129 5561
1771368296237 0.7479446530342102 5562
1771368296350 0.20644310116767883 5563
1771368296473 0.33792850375175476 5564
1771368296679 0.4516964852809906 5565
1771368296793 0.5140615105628967 5566
1771368296905 0.6705360412597656 5567
1771368297093 0.6882541179656982 5568
1771368297207 0.8275794386863708 5569
1771368297321 1.0682287216186523 5570
1771368297527 0.4190390408039093 5571
1771368297642 0.22065724432468414 5572
1771368297754 0.7710273861885071 5573
1771368297941 0.25403574109077454 5574
1771368298056 0.756837785243988 5575
1771368298174 0.31198200583457947 5576
1771368298385 0.21444807946681976 5577
1771368298502 0.39168259501457214 5578
1771368298629 0.32491356134414673 5579
1771368298841 0.6255710124969482 5580
1771368298956 0.9078542590141296 5581
1771368299077 0.5633502006530762 5582
1771368299272 0.4961172342300415 5583
1771368299389 0.4013417065143585 5584
1771368299502 0.7302337288856506 5585
1771368299689 0.29260581731796265 5586
1771368299805 0.4768140912055969 5587
1771368299919 0.23798830807209015 5588
1771368300103 0.8792134523391724 5589
1771368300215 0.36354485154151917 5590
1771368300330 0.5244189500808716 5591
1771368300512 0.6783061027526855 5592
1771368300638 0.5762946009635925 5593
1771368300755 0.6137689352035522 5594
1771368300942 0.8087408542633057 5595
1771368301058 0.24295592308044434 5596
1771368301240 0.6751141548156738 5597
1771368301356 0.2997543215751648 5598
1771368301473 0.4229035973548889 5599
1771368301656 0.3215325176715851 5600
1771368301775 0.5531169772148132 5601
1771368301890 0.9484862089157104 5602
1771368302075 0.6317971348762512 5603
1771368302193 0.8167487382888794 5604
1771368302317 0.6554605960845947 5605
1771368302518 0.3797639310359955 5606
1771368302638 0.35684552788734436 5607
1771368302761 0.21977931261062622 5608
1771368302958 0.8716408014297485 5609
1771368303073 0.3736085295677185 5610
1771368303188 0.4900870621204376 5611
1771368303377 0.6388733386993408 5612
1771368303492 0.4579308032989502 5613
1771368303626 0.6586704850196838 5614
1771368303819 0.3974985182285309 5615
1771368303933 0.6192956566810608 5616
1771368304047 0.4690046012401581 5617
1771368304240 0.36572426557540894 5618
1771368304357 0.9534688591957092 5619
1771368304469 0.3129073679447174 5620
1771368304661 0.7456784248352051 5621
1771368304778 0.38428154587745667 5622
1771368304901 0.8655598163604736 5623
1771368305093 0.42170634865760803 5624
1771368305207 0.38143765926361084 5625
1771368305324 0.4721159338951111 5626
1771368305513 0.8134886026382446 5627
1771368305629 0.45189374685287476 5628
1771368305740 0.7620458006858826 5629
1771368305930 0.46383875608444214 5630
1771368306042 0.8451620936393738 5631
1771368306232 0.19023315608501434 5632
1771368306349 1.0691267251968384 5633
1771368306466 0.40464696288108826 5634
1771368306652 0.3407195210456848 5635
1771368306765 0.2885432839393616 5636
1771368306884 0.4976270794868469 5637
1771368307082 0.7477015852928162 5638
1771368307195 0.1912081390619278 5639
1771368307307 0.6269196271896362 5640
1771368307491 0.9712992906570435 5641
1771368307605 1.0954248905181885 5642
1771368307716 0.2691733241081238 5643
1771368307904 0.6901341676712036 5644
1771368308016 0.38712701201438904 5645
1771368308131 0.6150064468383789 5646
1771368308318 0.3078097403049469 5647
1771368308431 0.8595795631408691 5648
1771368308542 0.7262255549430847 5649
1771368308738 0.6573736667633057 5650
1771368308852 0.5439808964729309 5651
1771368308973 0.27696120738983154 5652
1771368309163 0.7852466702461243 5653
1771368309273 1.2128396034240723 5654
1771368309454 0.3542923927307129 5655
1771368309572 0.3667178750038147 5656
1771368309694 0.6754096746444702 5657
1771368309877 0.508196234703064 5658
1771368310010 0.5887705087661743 5659
1771368310127 0.32285311818122864 5660
1771368310344 0.8476146459579468 5661
1771368310475 0.5396532416343689 5662
1771368310605 0.8798278570175171 5663
1771368310816 0.4955328106880188 5664
1771368310947 0.41608214378356934 5665
1771368311078 0.6420508027076721 5666
1771368311276 0.3983449935913086 5667
1771368311390 0.8333759903907776 5668
1771368311510 0.2541421353816986 5669
1771368311706 0.6319282650947571 5670
1771368311824 0.6636923551559448 5671
1771368311936 0.1217951625585556 5672
1771368312133 0.35284221172332764 5673
1771368312250 1.0722109079360962 5674
1771368312367 0.7277871966362 5675
1771368312603 0.4203907251358032 5676
1771368312741 0.6955642104148865 5677
1771368312862 1.1574863195419312 5678
1771368313087 0.3555527925491333 5679
1771368313211 0.9844978451728821 5680
1771368313334 0.9890208840370178 5681
1771368313550 0.2604619860649109 5682
1771368313666 0.7073673009872437 5683
1771368313780 0.4851745665073395 5684
1771368313994 0.7514916062355042 5685
1771368314117 0.5857893824577332 5686
1771368314234 0.6314139366149902 5687
1771368314426 0.5397189259529114 5688
1771368314553 0.18558155000209808 5689
1771368314679 0.8424587845802307 5690
1771368314881 0.14872106909751892 5691
1771368314998 0.6595585346221924 5692
1771368315115 0.7822538614273071 5693
1771368315334 0.47056758403778076 5694
1771368315466 0.3747287094593048 5695
1771368315585 0.8531312942504883 5696
1771368315775 0.7570658922195435 5697
1771368315892 1.217153549194336 5698
1771368316008 1.0935709476470947 5699
1771368316189 0.5282835364341736 5700
1771368316308 0.7377173900604248 5701
1771368316427 0.473227322101593 5702
1771368316610 0.6228987574577332 5703
1771368316728 0.5732354521751404 5704
1771368316841 1.2997381687164307 5705
1771368317022 0.9864639043807983 5706
1771368317138 0.6111054420471191 5707
1771368317256 0.9353780150413513 5708
1771368317458 0.6465363502502441 5709
1771368317578 0.7052218914031982 5710
1771368317694 0.7914024591445923 5711
1771368317883 0.15618586540222168 5712
1771368317996 0.6782110929489136 5713
1771368318110 0.6791905760765076 5714
1771368318295 0.633191704750061 5715
1771368318407 0.5433005094528198 5716
1771368318519 1.3902180194854736 5717
1771368318704 0.44865918159484863 5718
1771368318824 0.26675233244895935 5719
1771368319024 0.14592984318733215 5720
1771368319147 1.0332037210464478 5721
1771368319266 0.4194502830505371 5722
1771368319457 0.4978921413421631 5723
1771368319571 0.35268837213516235 5724
1771368319683 0.9204181432723999 5725
1771368319866 1.1232250928878784 5726
1771368319979 0.2843363285064697 5727
1771368320162 0.8700202107429504 5728
1771368320276 0.8431223034858704 5729
1771368320395 0.6753718256950378 5730
1771368320575 0.4016459882259369 5731
1771368320691 1.0496785640716553 5732
1771368320805 0.9633545875549316 5733
1771368320986 0.6145039796829224 5734
1771368321101 0.43177708983421326 5735
1771368321218 0.16285823285579681 5736
1771368321396 0.31093084812164307 5737
1771368321516 0.5721280574798584 5738
1771368321629 0.7825083136558533 5739
1771368321813 0.5326236486434937 5740
1771368321925 0.34001997113227844 5741
1771368322043 0.213675856590271 5742
1771368322248 0.4697745442390442 5743
1771368322361 0.7799966931343079 5744
1771368322547 0.30053040385246277 5745
1771368322662 0.766653835773468 5746
1771368322778 0.32213616371154785 5747
1771368322961 0.48129209876060486 5748
1771368323075 0.6068533062934875 5749
1771368323188 0.2623891234397888 5750
1771368323366 0.6159359812736511 5751
1771368323483 0.864391565322876 5752
1771368323600 0.5119515061378479 5753
1771368323787 0.26243358850479126 5754
1771368323903 0.7248461842536926 5755
1771368324017 0.26987165212631226 5756
1771368324196 0.309163898229599 5757
1771368324310 0.31684228777885437 5758
1771368324501 0.4066462516784668 5759
1771368324628 0.20442132651805878 5760
1771368324741 0.44751355051994324 5761
1771368324929 0.4764227569103241 5762
1771368325045 0.2816869914531708 5763
1771368325159 0.4808702766895294 5764
1771368325348 1.0272853374481201 5765
1771368325463 0.8371664881706238 5766
1771368325588 0.2514931261539459 5767
1771368325788 0.6577923893928528 5768
1771368325900 0.6949741244316101 5769
1771368326014 1.0096584558486938 5770
1771368326202 0.5535939931869507 5771
1771368326316 0.836175262928009 5772
1771368326513 0.7849199771881104 5773
1771368326629 0.5340632200241089 5774
1771368326743 0.33723369240760803 5775
1771368326930 0.5155762434005737 5776
1771368327043 0.6308689713478088 5777
1771368327155 0.6565082669258118 5778
1771368327341 0.34297773241996765 5779
1771368327456 0.344735711812973 5780
1771368327568 0.15394531190395355 5781
1771368327762 0.6150224804878235 5782
1771368327877 0.6192659735679626 5783
1771368327990 0.46263155341148376 5784
1771368328182 0.32333582639694214 5785
1771368328300 0.5366429090499878 5786
1771368328414 0.37357276678085327 5787
1771368328603 0.4603111743927002 5788
1771368328719 0.7228408455848694 5789
1771368328911 0.548596978187561 5790
1771368329028 0.1504732221364975 5791
1771368329145 0.25801149010658264 5792
1771368329356 0.350421667098999 5793
1771368329472 0.6465493440628052 5794
1771368329584 0.5102283358573914 5795
1771368329778 0.4115031063556671 5796
1771368329892 0.6482996344566345 5797
1771368330005 0.5470526218414307 5798
1771368330196 0.4388405978679657 5799
1771368330313 0.1870713233947754 5800
1771368330429 0.560496985912323 5801
1771368330620 0.9569170475006104 5802
1771368330742 1.0262926816940308 5803
1771368330861 0.3712913990020752 5804
1771368331067 0.35954299569129944 5805
1771368331187 0.8178253769874573 5806
1771368331307 0.5604373216629028 5807
1771368331535 0.36296629905700684 5808
1771368331653 0.5170101523399353 5809
1771368331854 0.4754113554954529 5810
1771368331970 0.9396870136260986 5811
1771368332084 0.5690400004386902 5812
1771368332269 0.5003315210342407 5813
1771368332383 0.7161365151405334 5814
1771368332499 0.5787602066993713 5815
1771368332687 0.9965423941612244 5816
1771368332802 0.5232353210449219 5817
1771368332917 0.8066254258155823 5818
1771368333101 0.6844393014907837 5819
1771368333216 0.22833184897899628 5820
1771368333330 0.3616463840007782 5821
1771368333518 0.7509050369262695 5822
1771368333632 0.44140732288360596 5823
1771368333811 0.7609536051750183 5824
1771368333929 0.7060567736625671 5825
1771368334041 0.5854476690292358 5826
1771368334221 0.4931650757789612 5827
1771368334339 0.44757941365242004 5828
1771368334456 0.36882224678993225 5829
1771368334636 0.7628636956214905 5830
1771368334755 0.5145615935325623 5831
1771368334868 1.0852885246276855 5832
1771368335045 0.2450975626707077 5833
1771368335160 0.9472764134407043 5834
1771368335274 0.7809138894081116 5835
1771368335457 0.38346749544143677 5836
1771368335553 0.24442028999328613 5837
1771368335915 0.453657329082489 5838
1771368336097 0.581454336643219 5839
1771368336214 0.4345984160900116 5840
1771368336327 0.4862310290336609 5841
1771368336509 0.350076287984848 5842
1771368336631 0.41256535053253174 5843
1771368336749 0.5525113940238953 5844
1771368336933 0.8531976342201233 5845
1771368337049 0.7263835668563843 5846
1771368337168 1.1582448482513428 5847
1771368337349 0.656505823135376 5848
1771368337463 0.377450168132782 5849
1771368337576 0.9619073271751404 5850
1771368337757 0.46958592534065247 5851
1771368337872 0.7298732995986938 5852
1771368337986 0.6248758435249329 5853
1771368338169 0.7941015362739563 5854
1771368338284 0.4435582160949707 5855
1771368338401 0.34893953800201416 5856
1771368338595 0.6764265298843384 5857
1771368338720 0.12278665602207184 5858
1771368338925 0.6312062740325928 5859
1771368339043 0.41912028193473816 5860
1771368339159 0.768842339515686 5861
1771368339340 0.6027379035949707 5862
1771368339459 0.23185443878173828 5863
1771368339576 0.1089932844042778 5864
1771368339771 0.37169530987739563 5865
1771368339888 0.891319215297699 5866
1771368340001 0.6938789486885071 5867
1771368340195 0.43889811635017395 5868
1771368340312 0.707964301109314 5869
1771368340427 0.41591158509254456 5870
1771368340605 0.3763881325721741 5871
1771368340724 0.2619820833206177 5872
1771368340907 0.5615216493606567 5873
1771368341023 0.47731760144233704 5874
1771368341137 0.5455840229988098 5875
1771368341316 0.9140200614929199 5876
1771368341432 0.3503757119178772 5877
1771368341545 0.14209339022636414 5878
1771368341731 0.537613570690155 5879
1771368341849 0.5023482441902161 5880
1771368341963 0.6804535984992981 5881
1771368342141 0.7151405811309814 5882
1771368342260 0.3135865032672882 5883
1771368342376 0.5049217343330383 5884
1771368342560 1.5177741050720215 5885
1771368342677 0.5625340342521667 5886
1771368342794 1.2583822011947632 5887
1771368342975 0.37848660349845886 5888
1771368343091 0.6600223183631897 5889
1771368343271 0.2874697148799896 5890
1771368343390 0.49190813302993774 5891
1771368343509 1.179826021194458 5892
1771368343688 0.5618242025375366 5893
1771368343805 0.33284685015678406 5894
1771368343920 0.4904637336730957 5895
1771368344101 0.5111515522003174 5896
1771368344218 0.8236335515975952 5897
1771368344338 0.8754071593284607 5898
1771368344524 0.16787849366664886 5899
1771368344641 0.9341807961463928 5900
1771368344757 0.54638671875 5901
1771368344940 0.8847512602806091 5902
1771368345055 0.3562163710594177 5903
1771368345169 0.542535662651062 5904
1771368345351 0.6098383069038391 5905
1771368345471 0.32172393798828125 5906
1771368345585 0.7207999229431152 5907
1771368345767 1.238200306892395 5908
1771368345881 0.2936384081840515 5909
1771368346062 0.4515937864780426 5910
1771368346179 0.40445342659950256 5911
1771368346297 0.5082026720046997 5912
1771368346477 0.6155965924263 5913
1771368346595 0.5541718006134033 5914
1771368346711 0.4402437210083008 5915
1771368346902 0.19897864758968353 5916
1771368347019 0.7551529407501221 5917
1771368347138 0.33819401264190674 5918
1771368347328 0.3683392405509949 5919
1771368347461 0.5623106360435486 5920
1771368347584 0.3317245841026306 5921
1771368347775 0.310291051864624 5922
1771368347888 0.9652218222618103 5923
1771368348080 0.644112229347229 5924
1771368348194 0.2289762645959854 5925
1771368348308 0.647931694984436 5926
1771368348501 0.17620797455310822 5927
1771368348617 0.9194529056549072 5928
1771368348732 0.8921560049057007 5929
1771368348958 0.47949644923210144 5930
1771368349072 0.7215136885643005 5931
1771368349187 0.6058913469314575 5932
1771368349376 0.2808041572570801 5933
1771368349490 0.6240176558494568 5934
1771368349603 0.5631888508796692 5935
1771368349794 0.6043705344200134 5936
1771368349911 0.7245303988456726 5937
1771368350027 0.5234838128089905 5938
1771368350217 0.8530954122543335 5939
1771368350332 0.2064749300479889 5940
1771368350523 0.6636717319488525 5941
1771368350651 0.49206387996673584 5942
1771368350770 0.20740456879138947 5943
1771368350960 0.4575301706790924 5944
1771368351075 0.44538456201553345 5945
1771368351195 0.2972687780857086 5946
1771368351390 0.3620661199092865 5947
1771368351510 0.3413711190223694 5948
1771368351638 0.40688472986221313 5949
1771368351848 0.6818321943283081 5950
1771368351960 0.5383726358413696 5951
1771368352076 0.7166633009910583 5952
1771368352267 0.3553260862827301 5953
1771368352380 0.8129185438156128 5954
1771368352492 0.6096615195274353 5955
1771368352689 0.5274699926376343 5956
1771368352807 0.659675121307373 5957
1771368352921 1.116433024406433 5958
1771368353125 0.35683372616767883 5959
1771368353240 0.5634750723838806 5960
1771368353448 0.8926910161972046 5961
1771368353578 0.9274911880493164 5962
1771368353705 0.48334312438964844 5963
1771368353889 0.42069801688194275 5964
1771368354008 0.28686508536338806 5965
1771368354121 1.0843716859817505 5966
1771368354301 0.8697273135185242 5967
1771368354419 0.994025707244873 5968
1771368354533 0.240186408162117 5969
1771368354721 0.7815017700195312 5970
1771368354836 0.5483914613723755 5971
1771368354949 0.2502988576889038 5972
1771368355130 0.23707953095436096 5973
1771368355243 0.25395944714546204 5974
1771368355427 0.8175264000892639 5975
1771368355542 0.6234902143478394 5976
1771368355655 0.4678887128829956 5977
1771368355832 0.2949163317680359 5978
1771368355948 0.11805423349142075 5979
1771368356063 0.493005633354187 5980
1771368356254 0.4928034842014313 5981
1771368356372 0.9884514212608337 5982
1771368356490 0.7346392273902893 5983
1771368356676 0.20791177451610565 5984
1771368356798 0.6317628026008606 5985
1771368356915 0.47078201174736023 5986
1771368357100 0.6813557147979736 5987
1771368357219 0.4668659269809723 5988
1771368357335 0.5353173017501831 5989
1771368357528 0.28348883986473083 5990
1771368357647 0.33687859773635864 5991
1771368357827 0.5274893641471863 5992
1771368357945 0.42489737272262573 5993
1771368358064 0.5502176284790039 5994
1771368358245 0.52149498462677 5995
1771368358363 0.7045251131057739 5996
1771368358481 0.5210781693458557 5997
1771368358661 0.24084888398647308 5998
1771368358782 0.654373049736023 5999
1771368358901 0.7616032361984253 6000
1771368359083 0.7512158155441284 6001
1771368359201 0.4235396683216095 6002
1771368359318 0.25181224942207336 6003
1771368359500 0.3277512788772583 6004
1771368359617 0.5179581642150879 6005
1771368359731 0.4706372916698456 6006
1771368359914 0.05127491056919098 6007
1771368360028 0.6266677975654602 6008
1771368360208 0.778941810131073 6009
1771368360326 0.5990912318229675 6010
1771368360445 0.6457627415657043 6011
1771368360626 0.431652694940567 6012
1771368360743 0.6413545608520508 6013
1771368360858 0.7255296111106873 6014
1771368361039 0.5853291153907776 6015
1771368361152 0.6911070346832275 6016
1771368361268 1.0953917503356934 6017
1771368361448 1.1720091104507446 6018
1771368361565 0.7100204825401306 6019
1771368361742 0.4802097976207733 6020
1771368361859 0.8006350994110107 6021
1771368361975 0.6461697220802307 6022
1771368362155 0.8318085074424744 6023
1771368362273 0.5052238702774048 6024
1771368362391 0.8617373108863831 6025
1771368362574 0.513086199760437 6026
1771368362691 0.16454903781414032 6027
1771368362807 0.7942279577255249 6028
1771368362990 0.5015830397605896 6029
1771368363107 0.3144043982028961 6030
1771368363222 0.17822334170341492 6031
1771368363408 0.705917477607727 6032
1771368363524 0.36803576350212097 6033
1771368363703 0.8842300176620483 6034
1771368363823 0.5635936856269836 6035
1771368363940 0.8305063247680664 6036
1771368364126 0.7090423107147217 6037
1771368364245 0.5591037273406982 6038
1771368364362 0.5960685014724731 6039
1771368364550 0.2581411898136139 6040
1771368364668 1.1406257152557373 6041
1771368364784 0.9781045913696289 6042
1771368364967 0.7877874970436096 6043
1771368365089 0.44141629338264465 6044
1771368365272 0.426554411649704 6045
1771368365391 0.47185903787612915 6046
1771368365514 0.38663890957832336 6047
1771368365693 0.4745679199695587 6048
1771368365811 0.5272288918495178 6049
1771368365928 0.9821689128875732 6050
1771368366113 0.26546406745910645 6051
1771368366231 0.5567932724952698 6052
1771368366347 0.8046460747718811 6053
1771368366534 0.5000717043876648 6054
1771368366653 0.3459472060203552 6055
1771368366772 0.48432275652885437 6056
1771368366966 0.6131295561790466 6057
1771368367084 0.8212195038795471 6058
1771368367269 0.619623601436615 6059
1771368367390 0.592022716999054 6060
1771368367507 0.5466944575309753 6061
1771368367693 0.7142594456672668 6062
1771368367811 0.2583352029323578 6063
1771368367929 0.6590102314949036 6064
1771368368110 0.858660101890564 6065
1771368368226 0.4876330494880676 6066
1771368368342 0.2982163727283478 6067
1771368368526 0.5790958404541016 6068
1771368368642 0.38486215472221375 6069
1771368368821 0.41106489300727844 6070
1771368368937 0.444940984249115 6071
1771368369052 0.7005836367607117 6072
1771368369235 1.050604224205017 6073
1771368369359 0.3319852352142334 6074
1771368369479 0.4006792902946472 6075
1771368369663 0.4725753962993622 6076
1771368369780 1.162593960762024 6077
1771368369896 0.2686717212200165 6078
1771368370078 0.43486347794532776 6079
1771368370192 0.19939745962619781 6080
1771368370373 0.5410785675048828 6081
1771368370490 0.23138092458248138 6082
1771368370607 0.16655147075653076 6083
1771368370786 0.7268773913383484 6084
1771368370907 0.5221937298774719 6085
1771368371024 0.37743932008743286 6086
1771368371205 0.40412238240242004 6087
1771368371327 0.5734028816223145 6088
1771368371450 0.3229489028453827 6089
1771368371634 0.22321869432926178 6090
1771368371752 0.4387049376964569 6091
1771368371872 0.4680047631263733 6092
1771368372055 1.0227781534194946 6093
1771368372172 0.291138231754303 6094
1771368372355 0.4084474742412567 6095
1771368372476 0.8785962462425232 6096
1771368372593 0.4897688925266266 6097
1771368372778 0.4113476872444153 6098
1771368372895 0.5911962389945984 6099
1771368373012 0.44990208745002747 6100
1771368373197 0.9047673940658569 6101
1771368373316 0.44325119256973267 6102
1771368373512 0.8282461762428284 6103
1771368373631 0.11704088002443314 6104
1771368373747 0.9032242894172668 6105
1771368373928 0.6445253491401672 6106
1771368374048 0.5207892656326294 6107
1771368374165 0.3474452495574951 6108
1771368374347 0.4389225244522095 6109
1771368374467 0.542427122592926 6110
1771368374588 0.8392713665962219 6111
1771368374769 0.5324887633323669 6112
1771368374885 0.8123816847801208 6113
1771368375067 1.0722360610961914 6114
1771368375181 1.1138969659805298 6115
1771368375298 0.7430902123451233 6116
1771368375488 0.9087321162223816 6117
1771368375612 0.6222397089004517 6118
1771368375731 0.1279488503932953 6119
1771368375916 0.5982128977775574 6120
1771368376034 0.16335934400558472 6121
1771368376150 0.5763198137283325 6122
1771368376331 0.6331296563148499 6123
1771368376447 0.44601863622665405 6124
1771368376568 0.5325312614440918 6125
1771368376751 0.1308286488056183 6126
1771368376871 0.9411534667015076 6127
1771368377055 0.32449856400489807 6128
1771368377177 0.4756109416484833 6129
1771368377296 0.3754649758338928 6130
1771368377479 0.6834895014762878 6131
1771368377603 0.5901830792427063 6132
1771368377724 0.6475005745887756 6133
1771368377911 0.5988432168960571 6134
1771368378029 0.966701090335846 6135
1771368378208 0.31467223167419434 6136
1771368378322 0.455173522233963 6137
1771368378434 0.6214283108711243 6138
1771368378612 0.5332843065261841 6139
1771368378726 0.6383391618728638 6140
1771368378840 0.9246437549591064 6141
1771368379018 0.5002496838569641 6142
1771368379132 1.0722798109054565 6143
1771368379247 0.4374053180217743 6144
1771368379429 0.43196162581443787 6145
1771368379545 0.17584043741226196 6146
1771368379734 0.5681152939796448 6147
1771368379850 0.3967811167240143 6148
1771368379965 0.43128225207328796 6149
1771368380147 0.5008509755134583 6150
1771368380263 0.5909349322319031 6151
1771368380376 0.2907153367996216 6152
1771368380558 0.8737844228744507 6153
1771368380674 0.7819242477416992 6154
1771368380788 0.7615653872489929 6155
1771368380968 0.5463480353355408 6156
1771368381085 0.49093616008758545 6157
1771368381202 0.9232672452926636 6158
1771368381384 0.3672519624233246 6159
1771368381503 0.74471116065979 6160
1771368381685 0.35368266701698303 6161
1771368381805 0.4965803623199463 6162
1771368381923 0.4329768121242523 6163
1771368382109 0.6642017960548401 6164
1771368382223 0.629146158695221 6165
1771368382341 0.5275841951370239 6166
1771368382524 0.6560013890266418 6167
1771368382641 0.8049314022064209 6168
1771368382823 0.9364145398139954 6169
1771368382945 0.4949275851249695 6170
1771368383062 0.9852772951126099 6171
1771368383246 1.1642310619354248 6172
1771368383367 0.6501526832580566 6173
1771368383482 0.46756723523139954 6174
1771368383664 0.7557749152183533 6175
1771368383780 0.7332605123519897 6176
1771368383903 0.7135186195373535 6177
1771368384091 0.5857287645339966 6178
1771368384208 0.34278926253318787 6179
1771368384395 0.4176417291164398 6180
1771368384512 0.1702592968940735 6181
1771368384630 0.5703474879264832 6182
1771368384817 1.0952341556549072 6183
1771368384938 0.41266804933547974 6184
1771368385067 0.47467347979545593 6185
1771368385276 0.6615439653396606 6186
1771368385399 0.3362743854522705 6187
1771368385521 0.7773348093032837 6188
1771368385706 0.8782680034637451 6189
1771368385825 0.5258533954620361 6190
1771368385953 1.1179524660110474 6191
1771368386138 0.5916290283203125 6192
1771368386293 0.5441813468933105 6193
1771368386476 0.43480750918388367 6194
1771368386592 1.0869256258010864 6195
1771368386707 0.7772151827812195 6196
1771368386889 0.30293962359428406 6197
1771368387009 0.5425055623054504 6198
1771368387196 0.5589768290519714 6199
1771368387387 0.19772082567214966 6200
1771368387505 1.194856882095337 6201
1771368387688 0.7416750192642212 6202
1771368387805 0.557029128074646 6203
1771368387919 0.7859873175621033 6204
1771368388104 0.7875994443893433 6205
1771368388219 0.9870601296424866 6206
1771368388335 0.8638368248939514 6207
1771368388512 0.1392454355955124 6208
1771368388633 0.5818171501159668 6209
1771368388747 0.4176536202430725 6210
1771368388930 0.5912994742393494 6211
1771368389043 0.9351940155029297 6212
1771368389221 0.5714638829231262 6213
1771368389337 0.7286561131477356 6214
1771368389449 0.5896888375282288 6215
1771368389627 0.7965744733810425 6216
1771368389741 0.35375624895095825 6217
1771368389854 0.5438304543495178 6218
1771368390034 0.24702201783657074 6219
1771368390158 0.26615604758262634 6220
1771368390274 0.6145845055580139 6221
1771368390455 0.9012147784233093 6222
1771368390577 0.5609122514724731 6223
1771368390690 0.28486812114715576 6224
1771368390872 0.6609692573547363 6225
1771368390990 0.6821041107177734 6226
1771368391170 0.40054088830947876 6227
1771368391499 0.6842160820960999 6228
1771368391622 0.2887685298919678 6229
1771368391811 0.6048402190208435 6230
1771368391925 0.734551727771759 6231
1771368392046 0.36649060249328613 6232
1771368392237 0.674741268157959 6233
1771368392355 0.8279926180839539 6234
1771368392544 0.2121487408876419 6235
1771368392664 0.8032777905464172 6236
1771368392782 0.5361983180046082 6237
1771368392965 0.6516461372375488 6238
1771368393085 0.1158442422747612 6239
1771368393203 0.5136419534683228 6240
1771368393387 0.6536710858345032 6241
1771368393503 0.2150869369506836 6242
1771368393621 0.896399199962616 6243
1771368393802 0.9927574992179871 6244
1771368393921 0.3670825660228729 6245
1771368394102 1.1523687839508057 6246
1771368394219 0.5705863237380981 6247
1771368394343 0.6419731378555298 6248
1771368394527 0.637199878692627 6249
1771368394647 0.8277296423912048 6250
1771368394764 0.4851938784122467 6251
1771368394943 1.045799970626831 6252
1771368395061 0.8484328389167786 6253
1771368395162 2.174846887588501 6254
1771368395540 0.9764821529388428 6255
1771368395735 0.5007712841033936 6256
1771368395851 0.62534099817276 6257
1771368396034 0.3294721245765686 6258
1771368396155 0.5773981809616089 6259
1771368396275 0.5754367709159851 6260
1771368396476 0.7477859854698181 6261
1771368396596 0.21505595743656158 6262
1771368396714 0.1843147724866867 6263
1771368396895 0.5813256502151489 6264
1771368397017 0.709203839302063 6265
1771368397193 0.7918658256530762 6266
1771368397309 0.8757554888725281 6267
1771368397423 0.2986490726470947 6268
1771368397597 0.39451149106025696 6269
1771368397712 0.4948132634162903 6270
1771368397829 0.17556354403495789 6271
1771368398009 0.47351258993148804 6272
1771368398125 0.36484646797180176 6273
1771368398244 0.3717213571071625 6274
1771368398426 0.22863391041755676 6275
1771368398547 0.5933708548545837 6276
1771368398726 0.6846412420272827 6277
1771368398841 0.6405534148216248 6278
1771368398953 0.39981943368911743 6279
1771368399128 0.7352985143661499 6280
1771368399246 0.6874420046806335 6281
1771368399359 0.41075462102890015 6282
1771368399534 0.5075345039367676 6283
1771368399649 0.41072842478752136 6284
1771368399762 0.3942200839519501 6285
1771368399939 0.5468809008598328 6286
1771368400054 0.7738553881645203 6287
1771368400169 0.5060591101646423 6288
1771368400346 0.5137805342674255 6289
1771368400460 0.6478835940361023 6290
1771368400645 0.4038938283920288 6291
1771368400760 0.32011035084724426 6292
1771368400874 0.20826229453086853 6293
1771368401055 0.6960981488227844 6294
1771368401172 0.5613681077957153 6295
1771368401289 0.11244572699069977 6296
1771368401470 0.5154688358306885 6297
1771368401584 0.9779056906700134 6298
1771368401760 0.12464733421802521 6299
1771368401876 0.8186005353927612 6300
1771368401996 0.3145284056663513 6301
1771368402177 0.13479258120059967 6302
1771368402294 0.32976192235946655 6303
1771368402409 0.6219738125801086 6304
1771368402590 0.4261185824871063 6305
1771368402710 0.36676689982414246 6306
1771368402825 0.3183448910713196 6307
1771368403011 0.4435582756996155 6308
1771368403130 0.5393624901771545 6309
1771368403315 0.6491183638572693 6310
1771368403437 0.2298961877822876 6311
1771368403553 0.5623818635940552 6312
1771368403728 0.6689015626907349 6313
1771368403846 0.345701664686203 6314
1771368403962 0.34475934505462646 6315
1771368404146 0.26836639642715454 6316
1771368404261 0.6447108387947083 6317
1771368404381 0.8687977194786072 6318
1771368404558 0.7813205122947693 6319
1771368404678 0.5783159136772156 6320
1771368404798 0.665383517742157 6321
1771368404979 0.6611266732215881 6322
1771368405094 0.86777263879776 6323
1771368405269 0.4144274592399597 6324
1771368405387 0.23845605552196503 6325
1771368405506 0.8917755484580994 6326
1771368405685 0.5328254103660583 6327
1771368405799 0.688926637172699 6328
1771368405914 0.36306121945381165 6329
1771368406093 0.09661201387643814 6330
1771368406209 0.8128619194030762 6331
1771368406388 0.7397030591964722 6332
1771368406510 0.3868892192840576 6333
1771368406627 0.8263097405433655 6334
1771368406814 0.7508782744407654 6335
1771368406933 0.8214793801307678 6336
1771368407051 0.41628047823905945 6337
1771368407229 0.6458212733268738 6338
1771368407343 0.2661554217338562 6339
1771368407457 0.6749927401542664 6340
1771368407633 0.7643566727638245 6341
1771368407749 0.4205586314201355 6342
1771368407927 0.5409805774688721 6343
1771368408045 0.6814500093460083 6344
1771368408162 0.20249725878238678 6345
1771368408337 0.5032460689544678 6346
1771368408455 0.8306896686553955 6347
1771368408575 0.44214457273483276 6348
1771368408751 0.7671287655830383 6349
1771368408875 0.3241403102874756 6350
1771368408993 0.6213507652282715 6351
1771368409176 0.3066360652446747 6352
1771368409294 0.29484155774116516 6353
1771368409411 0.36637696623802185 6354
1771368409592 0.8039118647575378 6355
1771368409707 0.6058784127235413 6356
1771368409884 0.5148980021476746 6357
1771368410000 0.8205732703208923 6358
1771368410116 0.1708964854478836 6359
1771368410295 0.6207745671272278 6360
1771368410414 0.19128428399562836 6361
1771368410532 0.6327207088470459 6362
1771368410711 0.5680567026138306 6363
1771368410828 0.2939378619194031 6364
1771368411015 0.4277982711791992 6365
1771368411135 0.7572887539863586 6366
1771368411253 0.2321787327528 6367
1771368411431 0.6060544848442078 6368
1771368411549 0.2521223723888397 6369
1771368411669 1.0695991516113281 6370
1771368411846 0.6760604381561279 6371
1771368411963 0.2258070856332779 6372
1771368412139 0.3918739855289459 6373
1771368412257 0.6785635352134705 6374
1771368412373 0.40632641315460205 6375
1771368412550 0.3760915994644165 6376
1771368412666 0.39639636874198914 6377
1771368412781 0.6747938394546509 6378
1771368412959 0.4933679699897766 6379
1771368413082 0.3306215703487396 6380
1771368413199 0.7861855626106262 6381
1771368413381 0.48689183592796326 6382
1771368413500 0.44881671667099 6383
1771368413679 0.6443209052085876 6384
1771368413797 0.6720983386039734 6385
1771368413913 0.29157668352127075 6386
1771368414095 0.25848865509033203 6387
1771368414208 0.6603522300720215 6388
1771368414384 0.6105080842971802 6389
1771368414507 0.5138220191001892 6390
1771368414624 0.46940508484840393 6391
1771368414805 0.8533496260643005 6392
1771368414921 0.6068888306617737 6393
1771368415036 0.46319156885147095 6394
1771368415226 0.17044435441493988 6395
1771368415345 0.8506429195404053 6396
1771368415528 0.5884711742401123 6397
1771368415646 0.6033410429954529 6398
1771368415763 0.5306422710418701 6399
1771368415959 0.3266189992427826 6400
1771368416081 0.7918395400047302 6401
1771368416198 0.5771960020065308 6402
1771368416383 0.7747381329536438 6403
1771368416505 0.6858811378479004 6404
1771368416624 0.3822413384914398 6405
1771368416807 0.8972977995872498 6406
1771368416927 0.5982133150100708 6407
1771368417107 0.2835528254508972 6408
1771368417233 0.6695196032524109 6409
1771368417356 0.5827834606170654 6410
1771368417541 0.1573098748922348 6411
1771368417657 0.35980406403541565 6412
1771368417838 0.26935306191444397 6413
1771368417953 0.8752044439315796 6414
1771368418070 0.5661848783493042 6415
1771368418250 0.3606519103050232 6416
1771368418368 0.7634095549583435 6417
1771368418487 0.7574870586395264 6418
1771368418668 0.659821629524231 6419
1771368418789 0.4459233582019806 6420
1771368418909 0.6383039951324463 6421
1771368419093 0.6944035887718201 6422
1771368419212 0.45545148849487305 6423
1771368419404 0.9347118735313416 6424
1771368419528 0.3695928156375885 6425
1771368419648 0.39062172174453735 6426
1771368419829 0.5328893065452576 6427
1771368419946 0.5808757543563843 6428
1771368420065 0.2811722755432129 6429
1771368420247 0.38912689685821533 6430
1771368420366 0.13789395987987518 6431
1771368420547 0.3069080412387848 6432
1771368420666 0.49371692538261414 6433
1771368420782 0.6619543433189392 6434
1771368420964 0.6390883326530457 6435
1771368421085 0.8063732981681824 6436
1771368421203 0.4723447263240814 6437
1771368421391 0.763952910900116 6438
1771368421512 0.7237269282341003 6439
1771368421697 0.7079623937606812 6440
1771368421820 0.8091800212860107 6441
1771368421939 0.5078762173652649 6442
1771368422120 0.521918773651123 6443
1771368422237 0.3323653042316437 6444
1771368422356 0.5493562817573547 6445
1771368422541 0.5367425680160522 6446
1771368422657 1.091191291809082 6447
1771368422772 0.2944667339324951 6448
1771368422953 0.27698826789855957 6449
1771368423072 0.8076372742652893 6450
1771368423251 0.18885838985443115 6451
1771368423373 0.6924463510513306 6452
1771368423497 0.49522560834884644 6453
1771368423678 0.40608730912208557 6454
1771368423794 0.42051321268081665 6455
1771368423982 0.426606684923172 6456
1771368424101 0.8662439584732056 6457
1771368424221 0.7378181219100952 6458
1771368424408 0.3257386386394501 6459
1771368424528 0.6649223566055298 6460
1771368424648 1.0244439840316772 6461
1771368424833 0.783845841884613 6462
1771368424953 0.5804492831230164 6463
1771368425139 0.5142061710357666 6464
1771368425260 0.6848288178443909 6465
1771368425381 0.3790386915206909 6466
1771368425576 0.30328935384750366 6467
1771368425696 0.11351725459098816 6468
1771368425812 0.5949262976646423 6469
1771368425993 1.125260353088379 6470
1771368426115 0.25531163811683655 6471
1771368426296 0.19882594048976898 6472
1771368426416 0.9583216309547424 6473
1771368426538 0.24154961109161377 6474
1771368426729 0.29527145624160767 6475
1771368426848 0.13047382235527039 6476
1771368426966 0.6050560474395752 6477
1771368427156 0.54572993516922 6478
1771368427276 0.5369647145271301 6479
1771368427394 0.582551896572113 6480
1771368427579 1.0733225345611572 6481
1771368427702 0.4710855484008789 6482
1771368427885 0.4192459285259247 6483
1771368428003 0.4733729958534241 6484
1771368428121 0.3365277051925659 6485
1771368428307 0.8570725321769714 6486
1771368428424 0.557714581489563 6487
1771368428606 0.5243676900863647 6488
1771368428724 0.431819349527359 6489
1771368428842 0.524225652217865 6490
1771368429025 0.22691580653190613 6491
1771368429145 0.08580350875854492 6492
1771368429264 0.6566551923751831 6493
1771368429447 0.7301734089851379 6494
1771368429566 0.6389040350914001 6495
1771368429759 1.010714054107666 6496
1771368429878 0.5239768028259277 6497
1771368429996 0.3928473889827728 6498
1771368430178 1.164624810218811 6499
1771368430297 0.9898377656936646 6500
1771368430415 0.6506228446960449 6501
1771368430601 0.4158477485179901 6502
1771368430718 0.7782801985740662 6503
1771368430901 0.5500366687774658 6504
1771368431024 0.358088880777359 6505
1771368431147 0.41907384991645813 6506
1771368431334 0.6566463112831116 6507
1771368431454 0.25719743967056274 6508
1771368431578 0.8689817190170288 6509
1771368431795 1.1032135486602783 6510
1771368431917 0.6912518739700317 6511
1771368432041 0.9926252961158752 6512
1771368432234 0.5011004209518433 6513
1771368432353 0.33093753457069397 6514
1771368432538 0.6847418546676636 6515
1771368432661 0.18408183753490448 6516
1771368432782 0.7610061764717102 6517
1771368432969 0.6704496145248413 6518
1771368433091 0.6875290274620056 6519
1771368433274 0.945196807384491 6520
1771368433402 0.8060609102249146 6521
1771368433523 0.3354727029800415 6522
1771368433706 0.17579157650470734 6523
1771368433831 0.49736568331718445 6524
1771368433953 0.5459397435188293 6525
1771368434141 0.4693942666053772 6526
1771368434261 0.5293904542922974 6527
1771368434450 0.7727153897285461 6528
1771368434571 0.7491778135299683 6529
1771368434692 1.0801106691360474 6530
1771368434876 0.6533461809158325 6531
1771368434997 0.4871505796909332 6532
1771368435119 0.5742527842521667 6533
1771368435308 0.7675731778144836 6534
1771368435436 0.6461189389228821 6535
1771368435622 0.5538881421089172 6536
1771368435746 0.186598539352417 6537
1771368435868 0.5236151814460754 6538
1771368436062 0.7704215049743652 6539
1771368436185 0.7372241020202637 6540
1771368436308 0.20364397764205933 6541
1771368436497 0.48775914311408997 6542
1771368436621 1.4110723733901978 6543
1771368436743 0.6587591171264648 6544
1771368436931 0.8671849370002747 6545
1771368437053 0.45173460245132446 6546
1771368437240 0.891340970993042 6547
1771368437364 0.40575796365737915 6548
1771368437486 0.2932291030883789 6549
1771368437672 0.7127089500427246 6550
1771368437791 0.761168360710144 6551
1771368437979 1.0588057041168213 6552
1771368438103 0.6278908848762512 6553
1771368438222 0.6674438118934631 6554
1771368438404 0.3863881826400757 6555
1771368438521 0.6396514177322388 6556
1771368438635 0.453792005777359 6557
1771368438819 0.28067561984062195 6558
1771368438933 0.462781697511673 6559
1771368439112 0.3075050413608551 6560
1771368439231 0.46284598112106323 6561
1771368439347 0.37484538555145264 6562
1771368439525 0.4584527909755707 6563
1771368439643 0.3542332947254181 6564
1771368439758 0.5491049289703369 6565
1771368439939 0.30886927247047424 6566
1771368440059 0.8447086215019226 6567
1771368440246 0.3256589472293854 6568
1771368440364 0.2441149652004242 6569
1771368440480 0.6058174967765808 6570
1771368440660 0.448822557926178 6571
1771368440778 1.0807278156280518 6572
1771368440897 0.6168857216835022 6573
1771368441082 0.47178009152412415 6574
1771368441200 0.603243350982666 6575
1771368441317 1.0354927778244019 6576
1771368441498 0.9095360040664673 6577
1771368441619 0.9587732553482056 6578
1771368441795 1.0933558940887451 6579
1771368441910 0.6831732988357544 6580
1771368442025 0.6544874310493469 6581
1771368442211 0.5906614065170288 6582
1771368442327 0.6095287203788757 6583
1771368442505 0.5757390260696411 6584
1771368442627 1.3151775598526 6585
1771368442749 0.34807059168815613 6586
1771368442933 0.6459553241729736 6587
1771368443052 0.2603756785392761 6588
1771368443171 0.18735817074775696 6589
1771368443352 0.7864987850189209 6590
1771368443467 0.3941853940486908 6591
1771368443645 0.4307383894920349 6592
1771368443764 0.8194189071655273 6593
1771368443878 0.9789168834686279 6594
1771368444053 0.4328267574310303 6595
1771368444173 0.2182742953300476 6596
1771368444293 0.34118154644966125 6597
1771368444480 0.3997576832771301 6598
1771368444596 0.40550681948661804 6599
1771368444771 0.47416743636131287 6600
1771368444888 0.1736713945865631 6601
1771368445003 0.6275267601013184 6602
1771368445179 0.6646144986152649 6603
1771368445296 0.649490237236023 6604
1771368445415 0.4860861599445343 6605
1771368445594 1.0459948778152466 6606
1771368445712 0.5706214904785156 6607
1771368445829 0.18530181050300598 6608
1771368446006 0.371010959148407 6609
1771368446122 0.8401673436164856 6610
1771368446303 0.2733249068260193 6611
1771368446426 0.14579272270202637 6612
1771368446542 0.5989670157432556 6613
1771368446723 0.7172607183456421 6614
1771368446839 0.6218076944351196 6615
1771368447018 0.2853432893753052 6616
1771368447138 0.2932529151439667 6617
1771368447255 0.3637949824333191 6618
1771368447434 0.9840508103370667 6619
1771368447553 0.3578048348426819 6620
1771368447672 0.916671633720398 6621
1771368447850 0.7174941301345825 6622
1771368447966 0.35422855615615845 6623
1771368448145 0.6818188428878784 6624
1771368448266 0.4539104998111725 6625
1771368448384 0.94270920753479 6626
1771368448569 0.36442404985427856 6627
1771368448690 0.42051342129707336 6628
1771368448806 0.8530229926109314 6629
1771368448987 0.28543621301651 6630
1771368449106 0.5970702767372131 6631
1771368449286 0.907876193523407 6632
1771368449407 0.7041007876396179 6633
1771368449527 0.26582247018814087 6634
1771368449705 0.6101165413856506 6635
1771368449824 0.6337341070175171 6636
1771368449943 0.24023745954036713 6637
1771368450124 0.19806385040283203 6638
1771368450246 0.3995114862918854 6639
1771368450364 0.7576350569725037 6640
1771368450561 0.23457640409469604 6641
1771368450679 0.26018843054771423 6642
1771368450860 0.6578933000564575 6643
1771368450977 0.19572053849697113 6644
1771368451095 0.4234025180339813 6645
1771368451276 0.8008753061294556 6646
1771368451395 0.24599440395832062 6647
1771368451573 1.240740418434143 6648
1771368451692 0.4766700267791748 6649
1771368451809 1.0579200983047485 6650
1771368451986 0.22427332401275635 6651
1771368452105 0.9450969099998474 6652
1771368452223 0.36637428402900696 6653
1771368452404 0.6832978129386902 6654
1771368452523 1.5978050231933594 6655
1771368452710 1.002928614616394 6656
1771368452830 0.7146492600440979 6657
1771368452947 0.5808772444725037 6658
1771368453127 0.460241436958313 6659
1771368453249 0.5188109278678894 6660
1771368453373 0.9053289294242859 6661
1771368453561 0.36968371272087097 6662
1771368453682 0.15009336173534393 6663
1771368453866 0.407306969165802 6664
1771368453988 0.5243480801582336 6665
1771368454109 0.8938106894493103 6666
1771368454291 0.5259319543838501 6667
1771368454416 0.20928838849067688 6668
1771368454533 0.40649354457855225 6669
1771368454720 0.28256675601005554 6670
1771368454819 7.89979362487793 6671
1771368455192 8.422876358032227 6672
1771368455386 4.993258476257324 6673
1771368455504 0.8583602905273438 6674
1771368455621 0.5901674032211304 6675
1771368455802 0.8718319535255432 6676
1771368455927 0.46884748339653015 6677
1771368456110 1.0829497575759888 6678
1771368456230 0.2699567973613739 6679
1771368456351 0.7029194831848145 6680
1771368456549 0.8091185688972473 6681
1771368456671 0.7139620184898376 6682
1771368456791 0.6870940923690796 6683
1771368456977 0.5688310265541077 6684
1771368457097 0.7547154426574707 6685
1771368457279 0.7026239037513733 6686
1771368457399 0.22862452268600464 6687
1771368457516 0.8672692179679871 6688
1771368457707 0.5865588188171387 6689
1771368457828 1.3957892656326294 6690
1771368457944 0.6137286424636841 6691
1771368458129 0.4780650734901428 6692
1771368458248 0.4811221957206726 6693
1771368458431 0.23953330516815186 6694
1771368458548 0.34082671999931335 6695
1771368458664 0.4176492989063263 6696
1771368458846 0.14619307219982147 6697
1771368458965 0.6572067141532898 6698
1771368459084 0.32944995164871216 6699
1771368459266 0.4652222990989685 6700
1771368459384 0.32120123505592346 6701
1771368459502 0.29181987047195435 6702
1771368459680 0.5729444622993469 6703
1771368459796 0.4661230444908142 6704
1771368459974 0.31770092248916626 6705
1771368460095 0.33157697319984436 6706
1771368460216 0.713560938835144 6707
1771368460402 0.4206012785434723 6708
1771368460522 0.30310383439064026 6709
1771368460643 0.2285189926624298 6710
1771368460825 0.7604310512542725 6711
1771368460950 0.6400787234306335 6712
1771368461130 1.0773497819900513 6713
1771368461254 0.6479907035827637 6714
1771368461372 0.5753611922264099 6715
1771368461552 0.7487618923187256 6716
1771368461675 0.1771998107433319 6717
1771368461795 0.5657660365104675 6718
1771368461976 0.31961408257484436 6719
1771368462098 0.7428372502326965 6720
1771368462279 0.44737932085990906 6721
1771368462401 0.5318116545677185 6722
1771368462522 0.2988293468952179 6723
1771368462702 0.3065516948699951 6724
1771368462824 0.7330548763275146 6725
1771368462946 0.8359673619270325 6726
1771368463130 0.2470388263463974 6727
1771368463252 0.407057523727417 6728
1771368463439 0.2234107404947281 6729
1771368463562 1.1672766208648682 6730
1771368463679 0.8906741738319397 6731
1771368463856 0.8697398900985718 6732
1771368463976 0.5465612411499023 6733
1771368464094 0.2962905764579773 6734
1771368464279 0.7878768444061279 6735
1771368464405 0.5058459043502808 6736
1771368464585 0.4684906601905823 6737
1771368464706 0.6289734244346619 6738
1771368464825 0.9610594511032104 6739
1771368465007 0.8584017157554626 6740
1771368465130 0.49089697003364563 6741
1771368465249 0.7923768758773804 6742
1771368465432 0.7471070289611816 6743
1771368465551 0.46394410729408264 6744
1771368465730 0.4294128119945526 6745
1771368465853 1.0046831369400024 6746
1771368465971 0.4558875262737274 6747
1771368466150 0.622005045413971 6748
1771368466269 0.20651283860206604 6749
1771368466387 0.24751992523670197 6750
1771368466573 0.5683256983757019 6751
1771368466692 0.5216590166091919 6752
1771368466876 0.3498522937297821 6753
1771368466998 0.26198700070381165 6754
1771368467121 0.5538024306297302 6755
1771368467306 0.4594765603542328 6756
1771368467430 1.0058352947235107 6757
1771368467551 0.8804550766944885 6758
1771368467738 0.9981399774551392 6759
1771368467859 0.3892924189567566 6760
1771368468043 0.34301891922950745 6761
1771368468165 0.5005623698234558 6762
1771368468288 0.6752827763557434 6763
1771368468475 0.3567119538784027 6764
1771368468598 0.4012877345085144 6765
1771368468719 0.49792036414146423 6766
1771368468901 1.1096951961517334 6767
1771368469020 0.5337157249450684 6768
1771368469203 0.6982271075248718 6769
1771368469323 0.19671328365802765 6770
1771368469442 0.7117092609405518 6771
1771368469623 0.42437314987182617 6772
1771368469743 0.48997050523757935 6773
1771368469861 0.6558462977409363 6774
1771368470043 0.5092123746871948 6775
1771368470162 0.21851427853107452 6776
1771368470347 1.0030182600021362 6777
1771368470467 0.5349493026733398 6778
1771368470587 0.5356281995773315 6779
1771368470772 0.534750759601593 6780
1771368470890 0.41948044300079346 6781
1771368471010 0.8983666300773621 6782
1771368471195 0.5250663757324219 6783
1771368471318 0.9014555215835571 6784
1771368471501 0.48358795046806335 6785
1771368471624 0.7093680500984192 6786
1771368471745 0.2042914628982544 6787
1771368471929 0.6238622665405273 6788
1771368472048 0.721006453037262 6789
1771368472229 0.9151886105537415 6790
1771368472348 0.8636979460716248 6791
1771368472464 0.5959779024124146 6792
1771368472648 0.8603218197822571 6793
1771368472766 0.4183714985847473 6794
1771368472948 0.9594393372535706 6795
1771368473068 0.6212274432182312 6796
1771368473185 0.8841022849082947 6797
1771368473370 0.2945901155471802 6798
1771368473494 0.7564877867698669 6799
1771368473614 0.4402026832103729 6800
1771368473798 0.39558929204940796 6801
1771368473914 0.6191306114196777 6802
1771368474093 0.5130193829536438 6803
1771368474211 0.4538622200489044 6804
1771368474331 0.23859545588493347 6805
1771368474525 0.7064508199691772 6806
1771368474645 0.6023339033126831 6807
1771368474829 0.5547134280204773 6808
1771368474950 0.606491208076477 6809
1771368475069 0.3156881034374237 6810
1771368475255 0.30808863043785095 6811
1771368475376 0.4599406123161316 6812
1771368475503 0.8179367780685425 6813
1771368475689 0.9625151753425598 6814
1771368475811 0.5031922459602356 6815
1771368475995 0.24025790393352509 6816
1771368476117 0.5446603298187256 6817
1771368476240 0.7197383046150208 6818
1771368476426 0.9747064113616943 6819
1771368476550 0.6269271969795227 6820
1771368476672 0.39711835980415344 6821
1771368476859 0.4917915463447571 6822
1771368476978 0.30190348625183105 6823
1771368477164 0.7701231837272644 6824
1771368477286 0.13280194997787476 6825
1771368477409 0.13105948269367218 6826
1771368477599 0.7992203831672668 6827
1771368477719 0.6186651587486267 6828
1771368477903 0.33721354603767395 6829
1771368478033 0.8891972899436951 6830
1771368478154 0.7637376189231873 6831
1771368478359 1.1671024560928345 6832
1771368478479 0.4417024850845337 6833
1771368478596 0.7520735859870911 6834
1771368478779 0.4404217004776001 6835
1771368478898 0.13863417506217957 6836
1771368479081 0.13773204386234283 6837
1771368479201 0.37096771597862244 6838
1771368479320 0.7442824840545654 6839
1771368479502 0.4317702353000641 6840
1771368479627 0.8646411895751953 6841
1771368479812 0.3664059042930603 6842
1771368479931 0.486550509929657 6843
1771368480049 0.21726800501346588 6844
1771368480233 0.4965101182460785 6845
1771368480353 0.46902191638946533 6846
1771368480537 0.25126850605010986 6847
1771368480662 0.24419084191322327 6848
1771368480783 0.2147854119539261 6849
1771368480965 0.33079805970191956 6850
1771368481089 0.649194598197937 6851
1771368481211 0.7452718019485474 6852
1771368481399 0.3248592019081116 6853
1771368481520 0.3236275017261505 6854
1771368481710 0.3090503215789795 6855
1771368481834 0.5076739192008972 6856
1771368481953 0.3139714002609253 6857
1771368482138 0.2585770785808563 6858
1771368482260 0.8300167918205261 6859
1771368482446 0.4475703835487366 6860
1771368482572 0.3334300220012665 6861
1771368482693 0.5795164704322815 6862
1771368482880 0.44241461157798767 6863
1771368483002 0.33922579884529114 6864
1771368483122 0.5248257517814636 6865
1771368483306 0.3352256119251251 6866
1771368483429 0.2988117039203644 6867
1771368483615 0.44044217467308044 6868
1771368483744 0.2610064148902893 6869
1771368483866 0.39737850427627563 6870
1771368484053 0.2197543978691101 6871
1771368484171 0.39271774888038635 6872
1771368484290 0.1593785136938095 6873
1771368484480 0.7130369544029236 6874
1771368484601 0.4174101948738098 6875
1771368484783 0.7008934617042542 6876
1771368484902 0.46958768367767334 6877
1771368485021 0.465727835893631 6878
1771368485203 0.3361407518386841 6879
1771368485320 0.29321226477622986 6880
1771368485507 0.56232088804245 6881
1771368485631 0.5369662046432495 6882
1771368485750 0.45882973074913025 6883
1771368485944 0.4571874141693115 6884
1771368486062 0.5613768100738525 6885
1771368486180 1.083951711654663 6886
1771368486362 1.1916660070419312 6887
1771368486486 0.3556675314903259 6888
1771368486665 0.3294532299041748 6889
1771368486788 0.59696364402771 6890
1771368486907 0.2266804575920105 6891
1771368487091 0.0997428223490715 6892
1771368487213 0.5773200392723083 6893
1771368487398 0.43024852871894836 6894
1771368487518 0.6326581835746765 6895
1771368487639 0.4713054597377777 6896
1771368487820 0.4948388934135437 6897
1771368487946 0.5406057834625244 6898
1771368488132 0.5104551315307617 6899
1771368488252 0.4641109108924866 6900
1771368488373 0.2339194118976593 6901
1771368488553 0.577881395816803 6902
1771368488674 0.48151135444641113 6903
1771368488796 1.4354865550994873 6904
1771368488988 0.44766131043434143 6905
1771368489111 0.41775479912757874 6906
1771368489296 0.9898172616958618 6907
1771368489421 0.6348665952682495 6908
1771368489543 0.44107726216316223 6909
1771368489731 0.6195557713508606 6910
1771368489852 0.2823561429977417 6911
1771368490048 0.39468446373939514 6912
1771368490169 0.6088883876800537 6913
1771368490290 0.9836490154266357 6914
1771368490475 1.0461031198501587 6915
1771368490595 0.3207077383995056 6916
1771368490716 0.5647709965705872 6917
1771368490899 0.7848958969116211 6918
1771368491023 0.8659108281135559 6919
1771368491208 0.4234715402126312 6920
1771368491330 0.29232561588287354 6921
1771368491449 0.49778562784194946 6922
1771368491634 0.2956351935863495 6923
1771368491752 0.2478337436914444 6924
1771368491870 0.36220696568489075 6925
1771368492064 0.4508081078529358 6926
1771368492186 0.72396320104599 6927
1771368492372 0.7469387650489807 6928
1771368492492 0.2815622091293335 6929
1771368492614 0.5088880062103271 6930
1771368492802 0.3006986081600189 6931
1771368492922 0.36190104484558105 6932
1771368493104 0.41562458872795105 6933
1771368493226 0.4953053295612335 6934
1771368493348 0.6764553189277649 6935
1771368493533 0.5130318999290466 6936
1771368493658 0.18828028440475464 6937
1771368493779 0.2564437687397003 6938
1771368493966 0.29884445667266846 6939
1771368494090 0.6683178544044495 6940
1771368494285 0.34778183698654175 6941
1771368494411 0.6486446857452393 6942
1771368494529 0.9324163198471069 6943
1771368494714 0.32186567783355713 6944
1771368494832 0.19763480126857758 6945
1771368495012 0.5621669888496399 6946
1771368495132 0.36370646953582764 6947
1771368495250 0.6056938767433167 6948
1771368495442 0.3647167682647705 6949
1771368495560 0.20708167552947998 6950
1771368495739 0.5261615514755249 6951
1771368495859 0.577547013759613 6952
1771368495978 0.7733131647109985 6953
1771368496157 1.0488587617874146 6954
1771368496286 0.17254607379436493 6955
1771368496411 1.147828221321106 6956
1771368496605 0.7708482146263123 6957
1771368496724 0.8578721284866333 6958
1771368496905 0.943330705165863 6959
1771368497026 0.8157635927200317 6960
1771368497147 0.8450532555580139 6961
1771368497331 0.7510704398155212 6962
1771368497452 1.0424444675445557 6963
1771368497633 0.5664139986038208 6964
1771368497755 0.5649828314781189 6965
1771368497873 0.9173871278762817 6966
1771368498057 0.3783520758152008 6967
1771368498210 0.4726662337779999 6968
1771368498409 0.8945811986923218 6969
1771368498599 0.7952667474746704 6970
1771368498716 0.3906160295009613 6971
1771368498901 0.5406748056411743 6972
1771368499017 0.6131432056427002 6973
1771368499138 0.8370558619499207 6974
1771368499333 0.6346337795257568 6975
1771368499481 0.14859925210475922 6976
1771368499626 0.5718414187431335 6977
1771368499843 0.3775985836982727 6978
1771368499989 0.31110990047454834 6979
1771368500212 1.0262336730957031 6980
1771368500332 0.338085412979126 6981
1771368500467 0.5133939385414124 6982
1771368500692 0.26465535163879395 6983
1771368500811 0.5343934297561646 6984
1771368501008 1.255499243736267 6985
1771368501130 0.257759153842926 6986
1771368501248 1.2737199068069458 6987
1771368501439 0.5378364324569702 6988
1771368501557 0.5358834266662598 6989
1771368501674 0.44098126888275146 6990
1771368501865 0.5739970803260803 6991
1771368501983 0.7876389622688293 6992
1771368502175 0.23901839554309845 6993
1771368502297 0.6185917854309082 6994
1771368502420 0.8125147819519043 6995
1771368502636 0.22494283318519592 6996
1771368502758 0.3945974111557007 6997
1771368502950 0.4893457591533661 6998
1771368503071 0.5893776416778564 6999
1771368503191 0.5813502073287964 7000
1771368503400 0.2143407166004181 7001
1771368503524 0.4259192645549774 7002
1771368503722 0.4678487777709961 7003
1771368503850 0.33187150955200195 7004
1771368503977 0.9433844685554504 7005
1771368504206 1.0669838190078735 7006
1771368504358 0.6482448577880859 7007
1771368504503 0.8425390124320984 7008
1771368504717 0.8695545792579651 7009
1771368504854 0.6193819046020508 7010
1771368505082 0.4044150710105896 7011
1771368505218 0.6910070776939392 7012
1771368505350 0.5398010611534119 7013
1771368505586 0.3915165960788727 7014
1771368505707 0.22494712471961975 7015
1771368505895 0.33792808651924133 7016
1771368506017 0.3407996594905853 7017
1771368506137 0.6786714196205139 7018
1771368506323 0.7271542549133301 7019
1771368506447 0.4766775071620941 7020
1771368506568 0.767894446849823 7021
1771368506781 0.1989237368106842 7022
1771368506900 0.5501123070716858 7023
1771368507089 0.5839062333106995 7024
1771368507209 0.5340490341186523 7025
1771368507329 1.1102045774459839 7026
1771368507517 0.42103812098503113 7027
1771368507638 0.3025686740875244 7028
1771368507759 0.15840941667556763 7029
1771368507944 0.46816810965538025 7030
1771368508066 0.9550566673278809 7031
1771368508249 0.8818292617797852 7032
1771368508371 0.5198102593421936 7033
1771368508492 0.2578798830509186 7034
1771368508674 0.5901405215263367 7035
1771368508802 1.0858705043792725 7036
1771368508990 0.8952339887619019 7037
1771368509112 0.5681281089782715 7038
1771368509233 0.7250194549560547 7039
1771368509420 0.5531357526779175 7040
1771368509542 0.7049100399017334 7041
1771368509661 0.21640630066394806 7042
1771368509844 0.5744412541389465 7043
1771368509962 0.2609535753726959 7044
1771368510145 0.28303056955337524 7045
1771368510267 0.5678632259368896 7046
1771368510389 0.3467159867286682 7047
1771368510575 0.6962410807609558 7048
1771368510695 0.9234462380409241 7049
1771368510882 0.6553364992141724 7050
1771368511002 0.5844900012016296 7051
1771368511121 0.20147311687469482 7052
1771368511305 0.6928125023841858 7053
1771368511423 0.5252084136009216 7054
1771368511541 0.6341646909713745 7055
1771368511726 0.8513509035110474 7056
1771368511845 0.6640636920928955 7057
1771368512029 0.5687491297721863 7058
1771368512150 0.5690885186195374 7059
1771368512269 0.7349346280097961 7060
1771368512454 0.4506199061870575 7061
1771368512574 0.7361006140708923 7062
1771368512759 0.6484661102294922 7063
1771368512882 0.456063449382782 7064
1771368513007 0.5290520787239075 7065
1771368513192 0.6335938572883606 7066
1771368513313 0.3473328948020935 7067
1771368513435 0.6750478148460388 7068
1771368513620 0.42154037952423096 7069
1771368513738 0.877644956111908 7070
1771368513920 1.0907073020935059 7071
1771368514042 0.718441903591156 7072
1771368514162 0.7823221683502197 7073
1771368514344 0.9806125164031982 7074
1771368514468 0.5557767748832703 7075
1771368514652 0.4479221999645233 7076
1771368514774 0.8392590284347534 7077
1771368514894 0.10571599751710892 7078
1771368515079 0.3260369598865509 7079
1771368515202 0.18336834013462067 7080
1771368515389 0.8604534864425659 7081
1771368515519 0.3985011577606201 7082
1771368515641 0.3020334541797638 7083
1771368515826 0.659404456615448 7084
1771368515947 0.678283154964447 7085
1771368516067 0.5456400513648987 7086
1771368516251 0.3397376537322998 7087
1771368516356 2.2488350868225098 7088
1771368516746 1.0087716579437256 7089
1771368516938 0.5302818417549133 7090
1771368517065 0.4451808035373688 7091
1771368517187 0.6821208000183105 7092
1771368517375 0.4567207396030426 7093
1771368517498 0.9854016304016113 7094
1771368517681 0.212654709815979 7095
1771368517803 0.39912694692611694 7096
1771368517922 0.3235529959201813 7097
1771368518105 0.64569491147995 7098
1771368518227 0.5115267038345337 7099
1771368518411 0.5199728012084961 7100
1771368518535 0.5695423483848572 7101
1771368518656 0.2126152217388153 7102
1771368518841 0.46975743770599365 7103
1771368518962 0.7267274856567383 7104
1771368519083 0.4455576241016388 7105
1771368519271 0.13926611840724945 7106
1771368519392 0.10603950172662735 7107
1771368519580 0.11548925936222076 7108
1771368519703 0.2922455072402954 7109
1771368519823 0.6762367486953735 7110
1771368520006 0.3767240643501282 7111
1771368520126 0.187434121966362 7112
1771368520310 0.3073764741420746 7113
1771368520432 0.2408922016620636 7114
1771368520552 0.6442522406578064 7115
1771368520739 0.5884409546852112 7116
1771368520859 0.6836367845535278 7117
1771368520981 0.8569052219390869 7118
1771368521166 0.4040378928184509 7119
1771368521291 0.7264527678489685 7120
1771368521477 0.6507729887962341 7121
1771368521598 0.45962420105934143 7122
1771368521721 0.6178534626960754 7123
1771368521905 0.25997161865234375 7124
1771368522027 0.23654410243034363 7125
1771368522209 0.5095078349113464 7126
1771368522332 0.5149216055870056 7127
1771368522461 0.7885788083076477 7128
1771368522651 0.22809278964996338 7129
1771368522770 0.41274383664131165 7130
1771368522954 0.26422029733657837 7131
1771368523080 1.0530672073364258 7132
1771368523201 0.5820253491401672 7133
1771368523392 0.13369785249233246 7134
1771368523514 0.4141272306442261 7135
1771368523700 0.8057849407196045 7136
1771368523822 0.39024022221565247 7137
1771368523941 0.5102208852767944 7138
1771368524155 0.8166548609733582 7139
1771368524277 0.2866098880767822 7140
1771368524463 0.16116441786289215 7141
1771368524584 0.7849235534667969 7142
1771368524704 0.6542025804519653 7143
1771368524889 0.2336144745349884 7144
1771368525010 0.20930573344230652 7145
1771368525193 0.16683822870254517 7146
1771368525313 0.23715539276599884 7147
1771368525442 0.3702322244644165 7148
1771368525628 0.8192291259765625 7149
1771368525748 0.7187303900718689 7150
1771368525931 0.8826911449432373 7151
1771368526053 0.7351994514465332 7152
1771368526173 0.5860440731048584 7153
1771368526357 0.6299409866333008 7154
1771368526480 0.4578211009502411 7155
1771368526663 0.5443857312202454 7156
1771368526783 0.47537583112716675 7157
1771368526902 0.8357507586479187 7158
1771368527085 0.3929760158061981 7159
1771368527204 0.6399393677711487 7160
1771368527388 0.7248421311378479 7161
1771368527512 0.8361635208129883 7162
1771368527631 0.47324976325035095 7163
1771368527816 0.4584349989891052 7164
1771368527934 0.2999338209629059 7165
1771368528118 0.41119328141212463 7166
1771368528239 0.38035669922828674 7167
1771368528358 0.2024601399898529 7168
1771368528545 0.5720363259315491 7169
1771368528666 0.5327910780906677 7170
1771368528850 0.3874719738960266 7171
1771368528971 0.4068053066730499 7172
1771368529092 0.3076072037220001 7173
1771368529281 0.5141181349754333 7174
1771368529408 0.23279494047164917 7175
1771368529607 0.437093585729599 7176
1771368529728 0.42014768719673157 7177
1771368529848 0.4845706522464752 7178
1771368530032 0.33167940378189087 7179
1771368530152 0.9590026140213013 7180
1771368530334 0.383759081363678 7181
1771368530456 0.46844717860221863 7182
1771368530576 0.22729440033435822 7183
1771368530761 0.42916497588157654 7184
1771368530881 0.7114613652229309 7185
1771368531064 0.7399709224700928 7186
1771368531186 0.28997641801834106 7187
1771368531307 0.35165250301361084 7188
1771368531492 0.5354282855987549 7189
1771368531615 0.5400663018226624 7190
1771368531804 0.7640587687492371 7191
1771368531925 0.6355236768722534 7192
1771368532046 0.43213874101638794 7193
1771368532231 0.901840329170227 7194
1771368532352 0.36167243123054504 7195
1771368532541 0.9522988200187683 7196
1771368532669 0.8869790434837341 7197
1771368532792 0.607315719127655 7198
1771368532983 0.18444664776325226 7199
1771368533105 0.12347372621297836 7200
1771368533294 0.3925161063671112 7201
1771368533422 0.46463072299957275 7202
1771368533545 0.38002341985702515 7203
1771368533735 0.47988492250442505 7204
1771368533860 0.237222820520401 7205
1771368534048 0.6177806854248047 7206
1771368534173 0.41907569766044617 7207
1771368534296 0.49903902411460876 7208
1771368534495 0.8448362350463867 7209
1771368534620 1.4868099689483643 7210
1771368534808 0.8653966784477234 7211
1771368534933 0.33641165494918823 7212
1771368535058 0.6751351952552795 7213
1771368535246 1.053417444229126 7214
1771368535367 0.4952952563762665 7215
1771368535560 0.6958310008049011 7216
1771368535685 0.7356902956962585 7217
1771368535808 0.6877422332763672 7218
1771368535996 0.7413367629051208 7219
1771368536117 0.20896005630493164 7220
1771368536302 0.6163492798805237 7221
1771368536426 0.7610213756561279 7222
1771368536548 0.8000965714454651 7223
1771368536734 0.43092021346092224 7224
1771368536854 0.379794180393219 7225
1771368537038 0.41471877694129944 7226
1771368537159 0.3541928827762604 7227
1771368537279 0.42624157667160034 7228
1771368537465 0.36114734411239624 7229
1771368537585 0.3539963960647583 7230
1771368537770 0.3908258378505707 7231
1771368537895 0.4430069029331207 7232
1771368538015 0.5743639469146729 7233
1771368538199 0.4067133367061615 7234
1771368538320 0.4263998866081238 7235
1771368538506 0.7780957221984863 7236
1771368538631 0.23638273775577545 7237
1771368538754 0.27970612049102783 7238
1771368538940 0.3093092441558838 7239
1771368539061 0.4618469774723053 7240
1771368539246 0.39866435527801514 7241
1771368539371 0.6537678241729736 7242
1771368539496 0.6638098955154419 7243
1771368539681 0.30680546164512634 7244
1771368539801 0.6395192742347717 7245
1771368539998 0.5670231580734253 7246
1771368540126 0.5833883881568909 7247
1771368540255 0.4792810082435608 7248
1771368540450 0.2780771553516388 7249
1771368540576 0.19462360441684723 7250
1771368540762 0.3499378263950348 7251
1771368540887 0.35666874051094055 7252
1771368541008 0.5821576118469238 7253
1771368541195 0.6606207489967346 7254
1771368541320 0.3257676661014557 7255
1771368541507 0.28684788942337036 7256
1771368541632 0.5773457288742065 7257
1771368541755 0.2656004726886749 7258
1771368541941 0.5270299911499023 7259
1771368542064 0.5525698065757751 7260
1771368542247 0.7829770445823669 7261
1771368542371 0.256282776594162 7262
1771368542494 0.8798829913139343 7263
1771368542692 0.8798712491989136 7264
1771368542814 0.607627809047699 7265
1771368543003 0.9201724529266357 7266
1771368543127 0.2890426218509674 7267
1771368543250 0.36270830035209656 7268
1771368543439 0.3003879487514496 7269
1771368543561 0.6453855633735657 7270
1771368543747 0.40373700857162476 7271
1771368543870 0.7373951077461243 7272
1771368543991 0.270981103181839 7273
1771368544178 0.32056429982185364 7274
1771368544301 0.22737053036689758 7275
1771368544491 0.9515287280082703 7276
1771368544616 0.22008433938026428 7277
1771368544739 0.6200786232948303 7278
1771368544928 0.251455157995224 7279
1771368545050 0.7180536985397339 7280
1771368545238 0.5228150486946106 7281
1771368545364 0.1097629964351654 7282
1771368545492 0.4663340151309967 7283
1771368545680 0.5459176898002625 7284
1771368545803 0.35584548115730286 7285
1771368545987 0.4046655297279358 7286
1771368546108 0.8146489262580872 7287
1771368546234 0.5686231255531311 7288
1771368546420 0.22017034888267517 7289
1771368546549 1.0339750051498413 7290
1771368546737 0.49488458037376404 7291
1771368546861 0.5520778894424438 7292
1771368546983 0.6341248750686646 7293
1771368547172 0.33228227496147156 7294
1771368547296 0.2545168101787567 7295
1771368547483 0.37070566415786743 7296
1771368547612 0.4753660261631012 7297
1771368547737 1.0289456844329834 7298
1771368547928 0.6764304041862488 7299
1771368548053 0.2522174119949341 7300
1771368548242 0.36501216888427734 7301
1771368548370 0.3209529221057892 7302
1771368548491 0.1712966114282608 7303
1771368548680 0.18411345779895782 7304
1771368548804 0.23512904345989227 7305
1771368548991 0.3478781282901764 7306
1771368549118 0.8424521684646606 7307
1771368549240 0.24246305227279663 7308
1771368549427 0.2936543822288513 7309
1771368549551 0.5586878657341003 7310
1771368549736 0.45531901717185974 7311
1771368549858 0.35206565260887146 7312
1771368549980 0.380171000957489 7313
1771368550169 0.4805999994277954 7314
1771368550289 0.37098440527915955 7315
1771368550477 0.43878254294395447 7316
1771368550601 0.7843794822692871 7317
1771368550722 0.8194030523300171 7318
1771368550907 0.2080024629831314 7319
1771368551028 0.13762955367565155 7320
1771368551213 0.6212241053581238 7321
1771368551338 0.7180209159851074 7322
1771368551461 0.982406735420227 7323
1771368551651 0.9353293776512146 7324
1771368551776 0.3293907046318054 7325
1771368551963 0.3814007043838501 7326
1771368552091 0.8137081265449524 7327
1771368552214 0.743503987789154 7328
1771368552403 0.6538059115409851 7329
1771368552531 0.24967235326766968 7330
1771368552735 0.3907904028892517 7331
1771368552866 0.620783805847168 7332
1771368552993 0.5296065211296082 7333
1771368553186 0.7439753413200378 7334
1771368553313 0.30269286036491394 7335
1771368553508 0.4350230097770691 7336
1771368553639 0.5006763339042664 7337
1771368553767 0.6688661575317383 7338
1771368553960 1.4233732223510742 7339
1771368554089 1.1159075498580933 7340
1771368554281 0.20988190174102783 7341
1771368554415 0.4674083888530731 7342
1771368554542 0.38350194692611694 7343
1771368554737 1.1513861417770386 7344
1771368554861 1.1089528799057007 7345
1771368555055 0.5267845392227173 7346
1771368555179 0.8299469947814941 7347
1771368555301 1.0912176370620728 7348
1771368555498 0.1791139543056488 7349
1771368555620 0.1853138953447342 7350
1771368555805 0.15651321411132812 7351
1771368555927 0.19243276119232178 7352
1771368556051 0.2651543915271759 7353
1771368556237 0.33610931038856506 7354
1771368556361 0.54535311460495 7355
1771368556550 0.4564852714538574 7356
1771368556680 0.46718716621398926 7357
1771368556806 0.7289748787879944 7358
1771368556997 0.6067453026771545 7359
1771368557121 0.3610231578350067 7360
1771368557308 0.8772357106208801 7361
1771368557431 0.5383754968643188 7362
1771368557555 0.3048766851425171 7363
1771368557740 0.6728562116622925 7364
1771368557861 0.7492820024490356 7365
1771368558048 0.938642680644989 7366
1771368558170 0.17909187078475952 7367
1771368558289 0.3677811324596405 7368
1771368558474 1.081341028213501 7369
1771368558600 0.2327672392129898 7370
1771368558788 0.4855009913444519 7371
1771368558912 0.5320752859115601 7372
1771368559034 0.8019993305206299 7373
1771368559219 0.10989275574684143 7374
1771368559341 0.7479629516601562 7375
1771368559529 0.47086912393569946 7376
1771368559654 0.5353293418884277 7377
1771368559775 0.5457881689071655 7378
1771368559963 0.17840348184108734 7379
1771368560086 0.49238595366477966 7380
1771368560277 0.7946516871452332 7381
1771368560407 0.3690151572227478 7382
1771368560536 0.6151173114776611 7383
1771368560733 0.6113431453704834 7384
1771368560861 0.5751367211341858 7385
1771368561055 0.5028989315032959 7386
1771368561180 0.3701139986515045 7387
1771368561303 0.4068538546562195 7388
1771368561495 0.47307518124580383 7389
1771368561618 0.8057193160057068 7390
1771368561809 0.29511913657188416 7391
1771368561933 0.48925483226776123 7392
1771368562054 0.5537485480308533 7393
1771368562245 0.6495522260665894 7394
1771368562368 0.765192449092865 7395
1771368562558 0.8360990285873413 7396
1771368562682 0.4542047679424286 7397
1771368562803 0.19827505946159363 7398
1771368563002 0.4490547776222229 7399
1771368563125 0.8024847507476807 7400
1771368563320 0.6466364860534668 7401
1771368563447 0.5094379782676697 7402
1771368563576 0.6682831048965454 7403
1771368563765 0.7889705300331116 7404
1771368563889 0.6132678389549255 7405
1771368564083 0.25721660256385803 7406
1771368564206 0.8170990347862244 7407
1771368564326 1.3196065425872803 7408
1771368564522 0.5164199471473694 7409
1771368564646 0.5403931736946106 7410
1771368564769 0.5839424729347229 7411
1771368564966 0.5749156475067139 7412
1771368565091 0.5169529914855957 7413
1771368565280 0.22916091978549957 7414
1771368565402 0.375826895236969 7415
1771368565525 0.39232754707336426 7416
1771368565712 0.4550192654132843 7417
1771368565833 0.4666259288787842 7418
1771368566023 0.6456048488616943 7419
1771368566146 0.6001462340354919 7420
1771368566271 0.3745221495628357 7421
1771368566487 0.257650226354599 7422
1771368566614 0.5395685434341431 7423
1771368566742 0.3343295156955719 7424
1771368566939 0.8835371732711792 7425
1771368567072 0.6595569849014282 7426
1771368567274 0.42287933826446533 7427
1771368567408 0.1884348839521408 7428
1771368567537 0.5297991633415222 7429
1771368567732 0.5155312418937683 7430
1771368567862 0.5331648588180542 7431
1771368568053 0.45312777161598206 7432
1771368568187 0.7292643785476685 7433
1771368568317 0.4011130630970001 7434
1771368568510 0.6545557379722595 7435
1771368568642 0.32091963291168213 7436
1771368568834 0.6561920642852783 7437
1771368568965 0.9769281148910522 7438
1771368569103 0.8459894061088562 7439
1771368569300 0.572687566280365 7440
1771368569430 1.0926380157470703 7441
1771368569560 0.3778064250946045 7442
1771368569752 1.0248725414276123 7443
1771368569879 1.0030220746994019 7444
1771368570077 0.8767085671424866 7445
1771368570208 0.9137638211250305 7446
1771368570336 0.3124367296695709 7447
1771368570563 0.9081404209136963 7448
1771368570692 0.8537787795066833 7449
1771368570888 0.21098873019218445 7450
1771368571018 0.6705664396286011 7451
1771368571151 0.7538332939147949 7452
1771368571354 0.49345511198043823 7453
1771368571481 0.48693791031837463 7454
1771368571672 0.5025312900543213 7455
1771368571801 0.270892858505249 7456
1771368571933 0.6721879243850708 7457
1771368572129 0.9056693911552429 7458
1771368572257 0.3771916925907135 7459
1771368572384 0.8679909110069275 7460
1771368572581 0.7531853318214417 7461
1771368572715 0.3494742512702942 7462
1771368572916 0.30993834137916565 7463
1771368573045 0.7085099220275879 7464
1771368573175 0.2873252332210541 7465
1771368573380 0.5272566676139832 7466
1771368573510 0.898566484451294 7467
1771368573709 0.3604952394962311 7468
1771368573840 0.3068005442619324 7469
1771368573971 0.8744655847549438 7470
1771368574168 0.3801101744174957 7471
1771368574298 0.3893783688545227 7472
1771368574431 0.1338082253932953 7473
1771368574628 0.15230512619018555 7474
1771368574755 0.5453867316246033 7475
1771368574957 0.5787960886955261 7476
1771368575081 0.35551920533180237 7477
1771368575270 0.7376924157142639 7478
1771368575399 0.4155522584915161 7479
1771368575527 0.9981653094291687 7480
1771368575723 0.3391490876674652 7481
1771368575843 0.567940890789032 7482
1771368576034 0.45378559827804565 7483
1771368576157 0.7437586784362793 7484
1771368576343 0.1999802440404892 7485
1771368576467 0.48441973328590393 7486
1771368576596 1.0086753368377686 7487
1771368576794 0.7075964212417603 7488
1771368576924 0.5964409708976746 7489
1771368577055 1.2668107748031616 7490
1771368577252 0.5569851994514465 7491
1771368577377 0.8426424860954285 7492
1771368577579 0.8413498401641846 7493
1771368577705 0.7627087831497192 7494
1771368577831 0.8231150507926941 7495
1771368578029 0.31982913613319397 7496
1771368578156 0.4701251983642578 7497
1771368578283 0.5002616047859192 7498
1771368578479 0.39897188544273376 7499
1771368578605 1.179476261138916 7500
1771368578799 0.5875670909881592 7501
1771368578923 0.18498755991458893 7502
1771368579049 0.5133026242256165 7503
1771368579246 0.3858399987220764 7504
1771368579353 8.0192289352417 7505
1771368579763 7.906710147857666 7506
1771368579959 5.319636344909668 7507
1771368580083 1.2373000383377075 7508
1771368580274 0.9114152193069458 7509
1771368580399 0.31878745555877686 7510
1771368580593 0.6504024267196655 7511
1771368580723 1.5264918804168701 7512
1771368580914 0.8209123015403748 7513
1771368581041 0.2572091221809387 7514
1771368581168 1.177574872970581 7515
1771368581360 0.8214389681816101 7516
1771368581482 0.35197368264198303 7517
1771368581611 1.189127802848816 7518
1771368581808 0.5201601386070251 7519
1771368581935 1.973388910293579 7520
1771368582126 0.5583345890045166 7521
1771368582249 0.5301640629768372 7522
1771368582374 0.1288037747144699 7523
1771368582564 0.770422637462616 7524
1771368582697 0.07996925711631775 7525
1771368582828 0.7626059651374817 7526
1771368583023 0.45864129066467285 7527
1771368583144 0.526454746723175 7528
1771368583333 0.343661367893219 7529
1771368583461 0.08876559138298035 7530
1771368583585 0.41572049260139465 7531
1771368583785 0.44482657313346863 7532
1771368583908 0.6064262986183167 7533
1771368584100 0.40469416975975037 7534
1771368584224 0.6819650530815125 7535
1771368584349 0.5429447293281555 7536
1771368584543 0.782574474811554 7537
1771368584668 0.4784975051879883 7538
1771368584858 0.4216165244579315 7539
1771368584983 0.2390783429145813 7540
1771368585176 0.3342650532722473 7541
1771368585302 0.4333018660545349 7542
1771368585500 0.5869254469871521 7543
1771368585627 0.4309232532978058 7544
1771368585757 0.2433708757162094 7545
1771368585955 0.38401082158088684 7546
1771368586079 0.5106673836708069 7547
1771368586204 0.4625759422779083 7548
1771368586393 0.6246657371520996 7549
1771368586520 0.2977675795555115 7550
1771368586707 0.8426103591918945 7551
1771368586830 0.2689894735813141 7552
1771368586952 0.19541767239570618 7553
1771368587141 0.8252844214439392 7554
1771368587265 0.9843730330467224 7555
1771368587387 0.9059680700302124 7556
1771368587576 0.38890814781188965 7557
1771368587702 0.13278718292713165 7558
1771368587899 0.45180922746658325 7559
1771368588022 0.5387685298919678 7560
1771368588147 0.4146170914173126 7561
1771368588337 0.5355432033538818 7562
1771368588458 0.2231782078742981 7563
1771368588658 0.2531317174434662 7564
1771368588783 0.8044077157974243 7565
1771368588905 0.5570077896118164 7566
1771368589093 0.5278742909431458 7567
1771368589214 0.3381635248661041 7568
1771368589405 1.0030704736709595 7569
1771368589529 0.5849059224128723 7570
1771368589720 0.19325095415115356 7571
1771368589847 0.13267949223518372 7572
1771368590046 0.3137834668159485 7573
1771368590171 0.5425002574920654 7574
1771368590294 0.4232232868671417 7575
1771368590484 0.851514458656311 7576
1771368590606 0.41862693428993225 7577
1771368590728 0.5649556517601013 7578
1771368590917 0.7225843071937561 7579
1771368591038 0.9468730092048645 7580
1771368591224 0.41303586959838867 7581
1771368591346 0.24071554839611053 7582
1771368591468 0.3592398762702942 7583
1771368591659 0.5313642024993896 7584
1771368591781 1.2104521989822388 7585
1771368591904 0.9560697078704834 7586
1771368592102 0.3052576780319214 7587
1771368592225 0.22518199682235718 7588
1771368592414 0.8400129079818726 7589
1771368592540 0.5405629277229309 7590
1771368592662 0.9588642120361328 7591
1771368592851 0.30862221121788025 7592
1771368592975 0.3099757432937622 7593
1771368593164 0.7097512483596802 7594
1771368593287 0.17813727259635925 7595
1771368593412 0.5513953566551208 7596
1771368593599 0.2948441803455353 7597
1771368593726 0.33566752076148987 7598
1771368593917 0.10847343504428864 7599
1771368594041 0.27718985080718994 7600
1771368594236 0.33459341526031494 7601
1771368594358 0.2420397847890854 7602
1771368594547 0.8488500714302063 7603
1771368594675 0.7308153510093689 7604
1771368594800 0.6894516348838806 7605
1771368594989 0.8333959579467773 7606
1771368595108 0.7364424467086792 7607
1771368595230 0.38608741760253906 7608
1771368595420 0.24145174026489258 7609
1771368595553 0.458021342754364 7610
1771368595742 0.470944344997406 7611
1771368595879 0.5047862529754639 7612
1771368596007 0.30597445368766785 7613
1771368596215 0.5171212553977966 7614
1771368596345 0.6387587785720825 7615
1771368596476 0.2377685159444809 7616
1771368596676 0.5701892375946045 7617
1771368596804 0.2993164360523224 7618
1771368597002 0.864018976688385 7619
1771368597129 0.6637291312217712 7620
1771368597257 0.7437124252319336 7621
1771368597450 0.7242215275764465 7622
1771368597578 0.5300880670547485 7623
1771368597770 0.3013404607772827 7624
1771368597898 0.686107337474823 7625
1771368598026 0.5897947549819946 7626
1771368598224 0.7939788699150085 7627
1771368598355 0.6589819192886353 7628
1771368598552 1.2811607122421265 7629
1771368598680 0.48865050077438354 7630
1771368598877 0.23137132823467255 7631
1771368599007 0.2859165668487549 7632
1771368599204 0.962556004524231 7633
1771368599336 0.9930131435394287 7634
1771368599467 0.8181020617485046 7635
1771368599673 1.1530510187149048 7636
1771368599803 0.8298445343971252 7637
1771368599933 0.6568722724914551 7638
1771368600131 0.47434255480766296 7639
1771368600261 0.33318644762039185 7640
1771368600465 0.2996508777141571 7641
1771368600596 0.1493503898382187 7642
1771368600728 0.3365129828453064 7643
1771368600926 0.7239163517951965 7644
1771368601057 0.39777809381484985 7645
1771368601186 0.4275662302970886 7646
1771368601382 0.4475686848163605 7647
1771368601512 0.40612438321113586 7648
1771368601706 0.3703656792640686 7649
1771368601836 0.8887810111045837 7650
1771368601961 0.4033520817756653 7651
1771368602156 0.4293646216392517 7652
1771368602282 0.844890296459198 7653
1771368602485 0.2546096742153168 7654
1771368602620 0.6153813600540161 7655
1771368602750 1.0997494459152222 7656
1771368602946 0.9948267936706543 7657
1771368603074 0.4631776213645935 7658
1771368603270 0.44430285692214966 7659
1771368603400 0.5136847496032715 7660
1771368603591 0.39112332463264465 7661
1771368603719 0.2534029185771942 7662
1771368603911 0.5774731040000916 7663
1771368604042 0.6502676010131836 7664
1771368604170 0.5724860429763794 7665
1771368604363 0.6088716983795166 7666
1771368604499 0.6366980075836182 7667
1771368604628 0.25135329365730286 7668
1771368604827 0.5495170950889587 7669
1771368604956 0.5653771758079529 7670
1771368605149 0.7917810082435608 7671
1771368605279 0.6505849957466125 7672
1771368605407 0.6488252878189087 7673
1771368605610 0.2765321433544159 7674
1771368605746 0.5952247381210327 7675
1771368605875 0.14545781910419464 7676
1771368606074 0.513729453086853 7677
1771368606204 0.17915529012680054 7678
1771368606401 0.5389053821563721 7679
1771368606538 0.42253586649894714 7680
1771368606674 0.2794930338859558 7681
1771368606881 0.3084588944911957 7682
1771368607011 0.35701021552085876 7683
1771368607206 0.7381664514541626 7684
1771368607333 0.6483820676803589 7685
1771368607460 0.5573593974113464 7686
1771368607657 0.331022173166275 7687
1771368607788 0.878593921661377 7688
1771368607987 0.5102177858352661 7689
1771368608116 0.32352742552757263 7690
1771368608312 0.787041962146759 7691
1771368608443 0.38292375206947327 7692
1771368608644 0.46215492486953735 7693
1771368608777 0.2920479476451874 7694
1771368608906 0.561326801776886 7695
1771368609102 1.0971415042877197 7696
1771368609229 0.7162871360778809 7697
1771368609358 0.8542906641960144 7698
1771368609555 0.2737749516963959 7699
1771368609684 0.7431942820549011 7700
1771368609880 0.3306165337562561 7701
1771368610011 0.8890901803970337 7702
1771368610140 1.8850890398025513 7703
1771368610338 1.6830326318740845 7704
1771368610467 0.36374759674072266 7705
1771368610598 0.3470798134803772 7706
1771368610800 0.32561206817626953 7707
1771368610937 0.5049865245819092 7708
1771368611136 0.44784441590309143 7709
1771368611266 0.4793778955936432 7710
1771368611399 0.5671887993812561 7711
1771368611594 0.23558790981769562 7712
1771368611723 0.5655442476272583 7713
1771368611913 0.7540842890739441 7714
1771368612038 0.7580589652061462 7715
1771368612199 0.3390595614910126 7716
1771368612395 0.36419811844825745 7717
1771368612517 0.3359532952308655 7718
1771368612722 0.5294693112373352 7719
1771368612858 0.4580424726009369 7720
1771368613060 0.47068774700164795 7721
1771368613193 0.16365253925323486 7722
1771368613386 0.7044785618782043 7723
1771368613513 0.8888383507728577 7724
1771368613637 0.7317749261856079 7725
1771368613834 0.19909973442554474 7726
1771368613959 0.8263274431228638 7727
1771368614084 0.7155245542526245 7728
1771368614276 0.18741047382354736 7729
1771368614400 0.9426375031471252 7730
1771368614591 0.7004808783531189 7731
1771368614714 0.5791327357292175 7732
1771368614835 0.1811467707157135 7733
1771368615036 0.4658285081386566 7734
1771368615159 0.5415793061256409 7735
1771368615283 0.38252437114715576 7736
1771368615476 0.275055468082428 7737
1771368615600 0.4237617254257202 7738
1771368615789 0.567853569984436 7739
1771368615913 0.5983020067214966 7740
1771368616036 0.6455642580986023 7741
1771368616231 0.3649834394454956 7742
1771368616355 0.27822086215019226 7743
1771368616571 0.7240700125694275 7744
1771368616696 0.3755544424057007 7745
1771368616825 0.7298296093940735 7746
1771368617024 0.5248758792877197 7747
1771368617157 0.6436004638671875 7748
1771368617354 0.7491636276245117 7749
1771368617481 0.5788668990135193 7750
1771368617669 0.7489851713180542 7751
1771368617797 1.0474636554718018 7752
1771368617985 0.5093379020690918 7753
1771368618110 0.5232359766960144 7754
1771368618231 0.4295698404312134 7755
1771368618420 0.5362200140953064 7756
1771368618542 0.4073896110057831 7757
1771368618733 0.6973046660423279 7758
1771368618858 0.5282198190689087 7759
1771368618981 0.44012966752052307 7760
1771368619183 0.12110813707113266 7761
1771368619308 0.2503429055213928 7762
1771368619431 0.6803011894226074 7763
1771368619619 0.7941210269927979 7764
1771368619741 0.4780559241771698 7765
1771368619930 0.2954791486263275 7766
1771368620056 0.7462812066078186 7767
1771368620183 0.8178924322128296 7768
1771368620369 0.4464185833930969 7769
1771368620499 0.6478226780891418 7770
1771368620624 0.6895440816879272 7771
1771368620815 0.8227408528327942 7772
1771368620942 0.2157248556613922 7773
1771368621066 0.4506140947341919 7774
1771368621267 0.7875115871429443 7775
1771368621389 0.23337078094482422 7776
1771368621511 0.3613675832748413 7777
1771368621698 0.7137707471847534 7778
1771368621820 0.27626141905784607 7779
1771368621943 0.5793182253837585 7780
1771368622134 0.8436700701713562 7781
1771368622259 0.37753424048423767 7782
1771368622445 0.39473509788513184 7783
1771368622570 0.7456215023994446 7784
1771368622692 0.6378910541534424 7785
1771368622881 0.44121262431144714 7786
1771368623005 0.2069838047027588 7787
1771368623131 0.6611580848693848 7788
1771368623329 0.70866858959198 7789
1771368623459 0.5326656699180603 7790
1771368623584 0.25085216760635376 7791
1771368623777 0.478132426738739 7792
1771368623899 0.3274820148944855 7793
1771368624022 0.5072112083435059 7794
1771368624211 0.5477036833763123 7795
1771368624334 0.612696647644043 7796
1771368624460 0.5164076685905457 7797
1771368624651 0.21598730981349945 7798
1771368624780 0.4105149209499359 7799
1771368624968 0.4010375142097473 7800
1771368625092 0.11724623292684555 7801
1771368625217 0.2150178998708725 7802
1771368625419 0.31031516194343567 7803
1771368625548 0.5316174626350403 7804
1771368625670 1.34177827835083 7805
1771368625858 0.844429612159729 7806
1771368625982 1.0707452297210693 7807
1771368626107 0.5309221148490906 7808
1771368626297 0.6033274531364441 7809
1771368626420 0.4178979992866516 7810
1771368626547 0.18956924974918365 7811
1771368626737 0.6556495428085327 7812
1771368626861 0.29846444725990295 7813
1771368626985 0.3528655767440796 7814
1771368627173 0.376874715089798 7815
1771368627298 0.7303757667541504 7816
1771368627496 0.3462454378604889 7817
1771368627620 0.4028991758823395 7818
1771368627743 0.915529191493988 7819
1771368627935 1.3858686685562134 7820
1771368628060 0.43225038051605225 7821
1771368628247 0.5865742564201355 7822
1771368628371 0.6657135486602783 7823
1771368628558 0.39589694142341614 7824
1771368628683 0.30381500720977783 7825
1771368628812 1.0350223779678345 7826
1771368629005 0.921572744846344 7827
1771368629130 0.8944689035415649 7828
1771368629256 0.5215244293212891 7829
1771368629448 0.9924382567405701 7830
1771368629580 0.5660365223884583 7831
1771368629776 0.46909043192863464 7832
1771368629902 0.34429123997688293 7833
1771368630091 0.24286948144435883 7834
1771368630218 0.4334172010421753 7835
1771368630344 0.4342626929283142 7836
1771368630538 0.4518662989139557 7837
1771368630665 0.6940787434577942 7838
1771368630861 0.8768441081047058 7839
1771368630986 1.4150925874710083 7840
1771368631112 0.1129763200879097 7841
1771368631303 0.43837055563926697 7842
1771368631431 0.2582330107688904 7843
1771368631629 0.7777921557426453 7844
1771368631756 0.3368125259876251 7845
1771368631881 0.36909356713294983 7846
1771368632070 0.9060842990875244 7847
1771368632194 0.48713821172714233 7848
1771368632386 0.4289819598197937 7849
1771368632512 0.7892029285430908 7850
1771368632636 0.780219554901123 7851
1771368632830 0.4465157985687256 7852
1771368632954 0.33796679973602295 7853
1771368633148 0.23875847458839417 7854
1771368633272 0.3464691936969757 7855
1771368633466 0.8438766598701477 7856
1771368633590 0.28897199034690857 7857
1771368633722 0.5470911264419556 7858
1771368633916 0.3014235496520996 7859
1771368634043 0.1899850070476532 7860
1771368634233 0.29400938749313354 7861
1771368634363 0.14150066673755646 7862
1771368634485 0.21146291494369507 7863
1771368634687 0.6240999102592468 7864
1771368634810 0.786975622177124 7865
1771368634934 0.537718653678894 7866
1771368635127 0.7653243541717529 7867
1771368635250 0.6497350931167603 7868
1771368635445 0.5471494197845459 7869
1771368635569 0.9543936252593994 7870
1771368635766 0.5308884978294373 7871
1771368635898 0.4591033458709717 7872
1771368636022 0.8536461591720581 7873
1771368636218 0.7241155505180359 7874
1771368636343 0.8714302778244019 7875
1771368636541 0.1740906536579132 7876
1771368636668 0.43450242280960083 7877
1771368636795 0.11233790963888168 7878
1771368637003 0.3736708164215088 7879
1771368637134 0.2990983724594116 7880
1771368637259 0.6385403275489807 7881
1771368637454 0.3272932767868042 7882
1771368637579 0.49603763222694397 7883
1771368637770 0.1906503289937973 7884
1771368637902 0.23197031021118164 7885
1771368638096 0.523493766784668 7886
1771368638223 0.6739227771759033 7887
1771368638349 0.207785964012146 7888
1771368638540 0.4096185266971588 7889
1771368638664 0.24574550986289978 7890
1771368638856 0.5216493606567383 7891
1771368638983 0.8862423896789551 7892
1771368639110 0.3819519579410553 7893
1771368639302 0.32681804895401 7894
1771368639430 0.664184033870697 7895
1771368639556 0.7569680213928223 7896
1771368639751 0.22415030002593994 7897
1771368639875 0.5626034736633301 7898
1771368640083 0.9193454384803772 7899
1771368640209 0.4693368971347809 7900
1771368640401 0.3869461715221405 7901
1771368640525 0.5784148573875427 7902
1771368640646 0.6651293635368347 7903
1771368640836 0.11629549413919449 7904
1771368640962 0.2459537237882614 7905
1771368641150 1.0804665088653564 7906
1771368641277 0.8893327713012695 7907
1771368641401 0.8155993819236755 7908
1771368641595 0.7130521535873413 7909
1771368641720 0.47504231333732605 7910
1771368641847 0.518474817276001 7911
1771368642045 0.685530960559845 7912
1771368642175 0.8661121726036072 7913
1771368642369 0.3279329836368561 7914
1771368642492 0.1789449155330658 7915
1771368642685 0.6688827872276306 7916
1771368642811 0.6842166185379028 7917
1771368642937 0.3610979914665222 7918
1771368643128 0.4420183002948761 7919
1771368643253 0.367702841758728 7920
1771368643448 0.17327487468719482 7921
1771368643553 1.6331713199615479 7922
1771368643948 0.5951790809631348 7923
1771368644077 0.9494020938873291 7924
1771368644278 0.7404574155807495 7925
1771368644405 0.734161913394928 7926
1771368644598 0.9315284490585327 7927
1771368644727 0.3247790038585663 7928
1771368644917 0.7252984642982483 7929
1771368645047 0.3543493449687958 7930
1771368645173 0.5548897981643677 7931
1771368645366 0.20163702964782715 7932
1771368645499 0.32329779863357544 7933
1771368645692 0.48639944195747375 7934
1771368645820 0.385955274105072 7935
1771368645948 0.5189956426620483 7936
1771368646149 0.3878025710582733 7937
1771368646293 0.18710874021053314 7938
1771368646431 0.6086616516113281 7939
1771368646631 0.24557378888130188 7940
1771368646755 0.612998366355896 7941
1771368646951 0.6446535587310791 7942
1771368647075 0.24584773182868958 7943
1771368647267 0.6482354402542114 7944
1771368647394 0.3338349461555481 7945
1771368647518 0.291399747133255 7946
1771368647709 0.743180513381958 7947
1771368647852 1.0158195495605469 7948
1771368648084 0.6189683675765991 7949
1771368648220 0.35271379351615906 7950
1771368648375 0.45169344544410706 7951
1771368648604 0.4878121316432953 7952
1771368648741 0.3183031976222992 7953
1771368648879 0.3787713050842285 7954
1771368649094 0.7058928608894348 7955
1771368649222 0.20399484038352966 7956
1771368649434 0.26863834261894226 7957
1771368649565 0.5222598910331726 7958
1771368649766 0.26177534461021423 7959
1771368649892 0.5584631562232971 7960
1771368650016 0.42726290225982666 7961
1771368650205 0.4932197630405426 7962
1771368650333 0.338166743516922 7963
1771368650532 0.8275563716888428 7964
1771368650659 0.5596214532852173 7965
1771368650786 0.3101026713848114 7966
1771368650979 0.30696800351142883 7967
1771368651102 0.5807285904884338 7968
1771368651226 0.47809848189353943 7969
1771368651419 0.5332415699958801 7970
1771368651549 0.3565993905067444 7971
1771368651741 0.6405333876609802 7972
1771368651868 0.675662636756897 7973
1771368652061 0.26420047879219055 7974
1771368652191 0.3945264518260956 7975
1771368652317 0.5543452501296997 7976
1771368652518 0.4725002348423004 7977
1771368652644 0.4500330686569214 7978
1771368652837 0.4515766501426697 7979
1771368652966 0.20402519404888153 7980
1771368653092 0.1409587413072586 7981
1771368653287 0.8337921500205994 7982
1771368653413 0.5661857724189758 7983
1771368653538 0.5540288090705872 7984
1771368653730 1.1307369470596313 7985
1771368653858 0.4484401345252991 7986
1771368654053 0.4571363925933838 7987
1771368654178 0.27892759442329407 7988
1771368654371 1.2068760395050049 7989
1771368654502 0.41181617975234985 7990
1771368654633 1.4980555772781372 7991
1771368654830 1.017494559288025 7992
1771368654965 0.7281071543693542 7993
1771368655161 0.6957907676696777 7994
1771368655292 0.17852801084518433 7995
1771368655423 0.44582438468933105 7996
1771368655616 0.5450583696365356 7997
1771368655741 0.22152984142303467 7998
1771368655867 0.2850395143032074 7999
1771368656058 0.48417848348617554 8000
1771368656186 0.3247797191143036 8001
1771368656382 0.6368616223335266 8002
1771368656514 0.3406757414340973 8003
1771368656714 0.5052073001861572 8004
1771368656840 0.42282164096832275 8005
1771368656966 0.18536047637462616 8006
1771368657157 0.7359023094177246 8007
1771368657284 0.35716524720191956 8008
1771368657475 0.2969043254852295 8009
1771368657605 1.0378024578094482 8010
1771368657734 0.33683279156684875 8011
1771368657928 0.2231989949941635 8012
1771368658055 0.4723407030105591 8013
1771368658180 0.564570963382721 8014
1771368658373 0.34703773260116577 8015
1771368658499 0.357017457485199 8016
1771368658699 0.9418886303901672 8017
1771368658827 0.1870625913143158 8018
1771368659022 1.112624168395996 8019
1771368659148 0.46185460686683655 8020
1771368659276 0.3752691447734833 8021
1771368659470 0.7066612243652344 8022
1771368659598 1.0268805027008057 8023
1771368659794 0.4047093987464905 8024
1771368659925 0.5677133202552795 8025
1771368660051 0.6425980925559998 8026
1771368660248 0.5154646635055542 8027
1771368660375 0.26306092739105225 8028
1771368660499 0.15665729343891144 8029
1771368660691 0.4678262770175934 8030
1771368660823 0.27230602502822876 8031
1771368661022 0.2467975616455078 8032
1771368661146 0.473830908536911 8033
1771368661350 0.35898467898368835 8034
1771368661475 0.7278820276260376 8035
1771368661603 0.3090137541294098 8036
1771368661817 0.22063416242599487 8037
1771368661943 0.07225615531206131 8038
1771368662146 0.3723796010017395 8039
1771368662281 1.5007593631744385 8040
1771368662409 0.7991812825202942 8041
1771368662638 0.3958551585674286 8042
1771368662764 0.289741188287735 8043
1771368662896 0.232805997133255 8044
1771368663102 0.3761591613292694 8045
1771368663247 0.6026167869567871 8046
1771368663455 0.18765804171562195 8047
1771368663580 0.33893120288848877 8048
1771368663783 0.47430044412612915 8049
1771368663910 0.22311745584011078 8050
1771368664036 0.4792892038822174 8051
1771368664236 0.3607039749622345 8052
1771368664362 0.37585654854774475 8053
1771368664570 0.07970190048217773 8054
1771368664700 0.2641748785972595 8055
1771368664825 0.16582269966602325 8056
1771368665037 0.662887454032898 8057
1771368665168 0.5477075576782227 8058
1771368665297 0.14534161984920502 8059
1771368665503 0.3781815767288208 8060
1771368665629 0.476811945438385 8061
1771368665836 0.7239899635314941 8062
1771368665966 0.665420651435852 8063
1771368666168 0.37274467945098877 8064
1771368666296 0.453043133020401 8065
1771368666425 0.748131275177002 8066
1771368666632 0.6281078457832336 8067
1771368666762 0.5932438373565674 8068
1771368666965 0.39783811569213867 8069
1771368667103 0.46718427538871765 8070
1771368667232 1.13692307472229 8071
1771368667444 0.5955698490142822 8072
1771368667576 0.7905778884887695 8073
1771368667708 0.6342414021492004 8074
1771368667915 0.3277026116847992 8075
1771368668057 0.2511778175830841 8076
1771368668292 0.4077855348587036 8077
1771368668433 0.4280349910259247 8078
1771368668639 0.5810596942901611 8079
1771368668766 0.20295307040214539 8080
1771368668892 0.20481343567371368 8081
1771368669115 0.7171380519866943 8082
1771368669246 0.36309850215911865 8083
1771368669470 0.43630605936050415 8084
1771368669663 1.0219402313232422 8085
1771368669826 0.8959534764289856 8086
1771368670089 0.15028320252895355 8087
1771368670223 0.7243871092796326 8088
1771368670352 0.7484188675880432 8089
1771368670559 0.8443052768707275 8090
1771368670685 0.3282431364059448 8091
1771368670897 0.7229309678077698 8092
1771368671023 0.8385445475578308 8093
1771368671233 0.47000837326049805 8094
1771368671364 0.6305585503578186 8095
1771368671490 0.5731339454650879 8096
1771368671691 0.5713064670562744 8097
1771368671818 0.36764833331108093 8098
1771368672022 0.4973915219306946 8099
1771368672148 0.7369155883789062 8100
1771368672274 0.5819557309150696 8101
1771368672476 0.5029255151748657 8102
1771368672611 0.35809725522994995 8103
1771368672747 0.7415657043457031 8104
1771368672981 0.8614037036895752 8105
1771368673113 0.16910968720912933 8106
1771368673326 0.8227705955505371 8107
1771368673462 0.49690037965774536 8108
1771368673665 0.7796962261199951 8109
1771368673797 0.17217855155467987 8110
1771368673926 0.5618322491645813 8111
1771368674131 0.7458439469337463 8112
1771368674262 0.7774651646614075 8113
1771368674495 0.25956031680107117 8114
1771368674645 0.1844475120306015 8115
1771368674798 0.6604469418525696 8116
1771368675022 0.42676520347595215 8117
1771368675171 1.0741431713104248 8118
1771368675431 0.19559834897518158 8119
1771368675579 0.5517945289611816 8120
1771368675834 1.0917165279388428 8121
1771368675983 0.3281555473804474 8122
1771368676134 0.33182579278945923 8123
1771368676392 0.7728895545005798 8124
1771368676554 0.839631974697113 8125
1771368676816 0.5749742984771729 8126
1771368676981 0.4694937765598297 8127
1771368677140 0.9803911447525024 8128
1771368677394 0.6167871952056885 8129
1771368677553 0.5168155431747437 8130
1771368677800 0.4293581247329712 8131
1771368677954 0.7709235548973083 8132
1771368678208 0.1589251160621643 8133
1771368678358 0.7254620790481567 8134
1771368678511 0.4994294345378876 8135
1771368678767 0.7474229335784912 8136
1771368678918 0.7319369316101074 8137
1771368679153 0.5608978867530823 8138
1771368679298 0.23140105605125427 8139
1771368679452 0.1947469413280487 8140
1771368679705 0.2403523027896881 8141
1771368679849 0.47501033544540405 8142
1771368680090 0.4520159661769867 8143
1771368680237 0.3607269823551178 8144
1771368680503 0.3357236683368683 8145
1771368680654 0.3209666907787323 8146
1771368680803 0.5648318529129028 8147
1771368681058 0.4410383105278015 8148
1771368681216 0.29699674248695374 8149
1771368681466 0.39782825112342834 8150
1771368681630 0.4594304859638214 8151
1771368681798 0.407608300447464 8152
1771368682047 0.47745582461357117 8153
1771368682208 0.6256624460220337 8154
1771368682488 0.8052407503128052 8155
1771368682646 0.45774078369140625 8156
1771368682889 0.651614785194397 8157
1771368683042 0.7851011157035828 8158
1771368683256 0.7686637043952942 8159
1771368683509 0.9372220635414124 8160
1771368683661 0.5789280533790588 8161
1771368683922 0.24179954826831818 8162
1771368684078 0.10860652476549149 8163
1771368684231 0.2353210151195526 8164
1771368684492 0.22064459323883057 8165
1771368684644 0.3269570469856262 8166
1771368684892 0.18255983293056488 8167
1771368685048 0.24902132153511047 8168
1771368685307 0.23566016554832458 8169
1771368685462 0.30352336168289185 8170
1771368685614 0.6328972578048706 8171
1771368685870 0.7974090576171875 8172
1771368686027 0.3609030544757843 8173
1771368686291 0.2726390063762665 8174
1771368686450 0.799375057220459 8175
1771368686611 0.681376576423645 8176
1771368686870 0.2860449552536011 8177
1771368687026 0.2567176818847656 8178
1771368687265 0.5821317434310913 8179
1771368687412 0.6421797275543213 8180
1771368687557 0.45480406284332275 8181
1771368687801 0.35344037413597107 8182
1771368687954 0.5811094641685486 8183
1771368688207 0.24322575330734253 8184
1771368688359 0.31929898262023926 8185
1771368688588 0.5130906105041504 8186
1771368688742 0.6196611523628235 8187
1771368688893 0.6684478521347046 8188
1771368689145 0.20874716341495514 8189
1771368689292 0.5757843255996704 8190
1771368689545 0.18090149760246277 8191
1771368689696 0.44595858454704285 8192
1771368689927 0.5827447772026062 8193
1771368690078 0.43443650007247925 8194
1771368690227 0.5977115631103516 8195
1771368690470 0.4050886332988739 8196
1771368690612 1.0367019176483154 8197
1771368690859 1.0236866474151611 8198
1771368691006 0.308675616979599 8199
1771368691236 0.2520464360713959 8200
1771368691381 0.27278590202331543 8201
1771368691532 0.24139536917209625 8202
1771368691748 0.2634740173816681 8203
1771368691892 0.7626848220825195 8204
1771368692147 0.3958667516708374 8205
1771368692286 0.4815770387649536 8206
1771368692423 0.4764394164085388 8207
1771368692685 0.2216019183397293 8208
1771368692825 0.8525068163871765 8209
1771368693059 0.789654552936554 8210
1771368693209 0.44415321946144104 8211
1771368693433 0.5388332605361938 8212
1771368693571 0.7129886746406555 8213
1771368693714 0.49320563673973083 8214
1771368693944 0.3010227680206299 8215
1771368694097 0.44777926802635193 8216
1771368694328 0.42396673560142517 8217
1771368694478 0.4095499515533447 8218
1771368694703 0.4102013111114502 8219
1771368694842 0.513172447681427 8220
1771368694988 0.5447896122932434 8221
1771368695239 0.6708564758300781 8222
1771368695379 0.8132075667381287 8223
1771368695622 0.5613082051277161 8224
1771368695771 0.15036872029304504 8225
1771368695914 0.18627841770648956 8226
1771368696144 0.3236561417579651 8227
1771368696298 0.767244279384613 8228
1771368696522 1.1620618104934692 8229
1771368696658 0.08887633681297302 8230
1771368696802 0.6145657896995544 8231
1771368697020 0.425674170255661 8232
1771368697155 0.5318997502326965 8233
1771368697352 0.4752303957939148 8234
1771368697476 0.6203052997589111 8235
1771368697667 0.28981533646583557 8236
1771368697794 0.3987577557563782 8237
1771368698015 0.09251978248357773 8238
1771368698151 1.17559015750885 8239
1771368698319 0.4332498013973236 8240
1771368698571 0.4875871539115906 8241
1771368698715 0.17594014108181 8242
1771368698953 0.2784762382507324 8243
1771368699103 0.20132872462272644 8244
1771368699261 0.4564610719680786 8245
1771368699521 0.23975598812103271 8246
1771368699672 0.6400163769721985 8247
1771368699910 0.49840107560157776 8248
1771368700062 0.5539817810058594 8249
1771368700299 0.716086745262146 8250
1771368700455 0.17977307736873627 8251
1771368700609 0.15277615189552307 8252
1771368700867 0.5986285209655762 8253
1771368701019 0.9886468648910522 8254
1771368701274 0.9217427968978882 8255
1771368701428 0.5289305448532104 8256
1771368701688 0.7531752586364746 8257
1771368701845 0.556505024433136 8258
1771368702000 0.6796771883964539 8259
1771368702246 0.34530505537986755 8260
1771368702404 0.4989392161369324 8261
1771368702642 0.7246935367584229 8262
1771368702788 0.6592753529548645 8263
1771368702940 0.3463764786720276 8264
1771368703178 0.6038834452629089 8265
1771368703314 0.397978276014328 8266
1771368703554 0.5961958169937134 8267
1771368703695 0.28739818930625916 8268
1771368703895 0.17138655483722687 8269
1771368704025 0.46966588497161865 8270
1771368704155 0.3044581115245819 8271
1771368704364 0.17226462066173553 8272
1771368704511 0.13609200716018677 8273
1771368704744 0.47387200593948364 8274
1771368704891 1.0912836790084839 8275
1771368705130 0.6120112538337708 8276
1771368705277 0.5693389177322388 8277
1771368705420 0.32375210523605347 8278
1771368705683 0.6617180109024048 8279
1771368705839 1.2815414667129517 8280
1771368706089 0.4414554536342621 8281
1771368706254 0.2512330114841461 8282
1771368706412 0.9036479592323303 8283
1771368706662 0.2095310389995575 8284
1771368706822 0.8355125188827515 8285
1771368707059 0.143922358751297 8286
1771368707209 0.5372796654701233 8287
1771368707367 0.7224570512771606 8288
1771368707630 0.6200938820838928 8289
1771368707772 0.3608904480934143 8290
1771368708045 0.45853516459465027 8291
1771368708194 0.8147728443145752 8292
1771368708442 0.822507917881012 8293
1771368708593 0.8945876359939575 8294
1771368708837 0.40578126907348633 8295
1771368708978 0.29237741231918335 8296
1771368709135 0.1898050308227539 8297
1771368709373 0.35747361183166504 8298
1771368709529 0.5269908308982849 8299
1771368709783 0.3536701798439026 8300
1771368709931 0.3613201379776001 8301
1771368710086 0.5758941173553467 8302
1771368710345 1.1090162992477417 8303
1771368710495 0.41869351267814636 8304
1771368710749 0.5151128172874451 8305
1771368710902 0.21473632752895355 8306
1771368711135 0.25187450647354126 8307
1771368711287 0.33499762415885925 8308
1771368711439 0.6948225498199463 8309
1771368711663 0.5902617573738098 8310
1771368711817 0.44691145420074463 8311
1771368712067 0.6404150128364563 8312
1771368712214 0.7084495425224304 8313
1771368712470 0.8409842848777771 8314
1771368712629 0.6754109263420105 8315
1771368712783 0.16878730058670044 8316
1771368713035 0.6665821075439453 8317
1771368713193 0.6160216331481934 8318
1771368713424 1.395862102508545 8319
1771368713580 1.4246162176132202 8320
1771368713738 0.5797578692436218 8321
1771368713995 0.7360394597053528 8322
1771368714153 0.8045430779457092 8323
1771368714414 0.4507260322570801 8324
1771368714571 0.4062347710132599 8325
1771368714825 1.0487560033798218 8326
1771368714986 0.26597175002098083 8327
1771368715140 0.6135088801383972 8328
1771368715399 0.9499342441558838 8329
1771368715555 0.39973679184913635 8330
1771368715800 0.5766584873199463 8331
1771368715959 0.6620069146156311 8332
1771368716194 0.6382541060447693 8333
1771368716346 0.6668260097503662 8334
1771368716499 0.6419368982315063 8335
1771368716737 0.7150835394859314 8336
1771368716889 0.3669109046459198 8337
1771368717142 0.5207063555717468 8338
1771368717271 3.7218635082244873 8339
